id,time,valume,price
1,0.000000,400.000000,9.37000
2,0.000000,500.000000,9.37000
3,0.000000,2200.000000,9.37000
4,0.030000,100.000000,9.37000
5,0.030000,100.000000,9.37000
6,0.050000,600.000000,9.37000
7,0.050000,1900.000000,9.37000
8,0.070000,300.000000,9.37000
9,0.070000,700.000000,9.37000
10,0.080000,100.000000,9.37000
11,0.080000,1300.000000,9.37000
12,0.080000,1100.000000,9.37000
13,0.080000,500.000000,9.37000
14,0.080000,900.000000,9.37000
15,0.080000,400.000000,9.37000
16,0.080000,200.000000,9.37000
17,0.080000,200.000000,9.37000
18,0.080000,1400.000000,9.37000
19,0.080000,900.000000,9.37000
20,0.080000,900.000000,9.37000
21,0.080000,1200.000000,9.37000
22,0.080000,1200.000000,9.37000
23,0.080000,600.000000,9.37000
24,0.080000,500.000000,9.37000
25,0.080000,400.000000,9.37000
26,0.080000,800.000000,9.37000
27,0.080000,700.000000,9.37000
28,0.080000,500.000000,9.37000
29,0.080000,1300.000000,9.37000
30,0.120000,100.000000,9.37000
31,0.120000,700.000000,9.37000
32,0.120000,400.000000,9.37000
33,0.120000,900.000000,9.37000
34,0.120000,800.000000,9.37000
35,0.120000,800.000000,9.37000
36,0.120000,500.000000,9.37000
37,0.130000,400.000000,9.37000
38,0.130000,1900.000000,9.37000
39,0.140000,300.000000,9.37000
40,0.150000,2500.000000,9.37000
41,0.170000,2800.000000,9.37000
42,0.170000,600.000000,9.37000
43,0.170000,500.000000,9.37000
44,0.170000,500.000000,9.37000
45,0.170000,400.000000,9.37000
46,0.170000,200.000000,9.39000
47,0.170000,100.000000,9.39000
48,0.200000,900.000000,9.39000
49,0.200000,3500.000000,9.39000
50,0.200000,1400.000000,9.39000
51,0.200000,3000.000000,9.40000
52,0.200000,2000.000000,9.40000
53,0.200000,800.000000,9.40000
54,0.210000,2700.000000,9.41000
55,0.320000,8000.000000,9.41000
56,0.350000,800.000000,9.41000
57,0.490000,1300.000000,9.41000
58,0.550000,400.000000,9.41000
59,0.670000,1000.000000,9.42000
60,0.750000,2000.000000,9.42000
61,0.940000,700.000000,9.43000
62,0.940000,500.000000,9.43000
63,0.970000,3600.000000,9.42000
64,1.210000,1000.000000,9.43000
65,1.550000,1100.000000,9.42000
66,1.570000,2300.000000,9.42000
67,1.570000,1900.000000,9.41000
68,1.840000,300.000000,9.41000
69,1.870000,10100.000000,9.41000
70,1.870000,1500.000000,9.41000
71,1.930000,8200.000000,9.41000
72,1.930000,1100.000000,9.41000
73,1.930000,500.000000,9.41000
74,1.930000,200.000000,9.40000
75,2.060000,100.000000,9.40000
76,2.610000,900.000000,9.40000
77,2.870000,5000.000000,9.40000
78,3.570000,3800.000000,9.40000
79,3.570000,3000.000000,9.40000
80,3.570000,4200.000000,9.40000
81,3.570000,400.000000,9.40000
82,3.570000,3000.000000,9.40000
83,3.570000,500.000000,9.40000
84,3.570000,600.000000,9.40000
85,3.570000,1200.000000,9.40000
86,3.570000,1000.000000,9.40000
87,3.570000,1000.000000,9.40000
88,3.570000,1300.000000,9.40000
89,3.830000,2700.000000,9.41000
90,3.830000,200.000000,9.40000
91,3.830000,500.000000,9.40000
92,3.830000,1500.000000,9.40000
93,3.830000,100.000000,9.40000
94,4.490000,2000.000000,9.41000
95,4.490000,300.000000,9.40000
96,4.490000,800.000000,9.40000
97,4.490000,2800.000000,9.40000
98,4.490000,2600.000000,9.40000
99,4.490000,500.000000,9.40000
100,5.050000,100.000000,9.40000
101,5.300000,600.000000,9.41000
102,5.450000,200.000000,9.41000
103,5.980000,1200.000000,9.41000
104,5.980000,400.000000,9.40000
105,6.000000,400.000000,9.40000
106,6.000000,1300.000000,9.40000
107,6.650000,300.000000,9.40000
108,7.480000,600.000000,9.40000
109,7.480000,1500.000000,9.40000
110,7.560000,100.000000,9.40000
111,10.570000,2500.000000,9.42000
112,12.130000,2100.000000,9.42000
113,12.130000,100.000000,9.42000
114,12.130000,2300.000000,9.41000
115,12.130000,1000.000000,9.41000
116,12.500000,200.000000,9.41000
117,13.040000,100.000000,9.41000
118,13.040000,100.000000,9.41000
119,13.040000,100.000000,9.41000
120,13.040000,200.000000,9.41000
121,13.040000,200.000000,9.41000
122,13.040000,800.000000,9.41000
123,13.040000,3000.000000,9.41000
124,13.040000,100.000000,9.41000
125,13.040000,100.000000,9.41000
126,13.040000,3000.000000,9.41000
127,13.040000,2000.000000,9.41000
128,14.290000,3000.000000,9.41000
129,14.290000,800.000000,9.41000
130,14.880000,400.000000,9.40000
131,14.880000,3700.000000,9.40000
132,15.130000,1500.000000,9.41000
133,16.150000,500.000000,9.41000
134,16.480000,1300.000000,9.40000
135,16.480000,400.000000,9.40000
136,17.150000,600.000000,9.40000
137,17.150000,200.000000,9.40000
138,17.150000,800.000000,9.40000
139,17.160000,100.000000,9.40000
140,17.160000,300.000000,9.40000
141,17.160000,1200.000000,9.40000
142,17.650000,300.000000,9.40000
143,17.650000,1000.000000,9.40000
144,17.650000,200.000000,9.40000
145,17.650000,1000.000000,9.40000
146,18.880000,1500.000000,9.40000
147,18.880000,100.000000,9.40000
148,19.130000,7400.000000,9.41000
149,19.130000,200.000000,9.41000
150,19.130000,4000.000000,9.41000
151,20.260000,300.000000,9.41000
152,20.580000,800.000000,9.41000
153,20.720000,1000.000000,9.41000
154,21.110000,100.000000,9.40000
155,22.120000,800.000000,9.40000
156,22.120000,700.000000,9.40000
157,22.120000,100.000000,9.40000
158,22.120000,100.000000,9.40000
159,22.280000,5200.000000,9.40000
160,22.280000,2000.000000,9.40000
161,22.280000,2700.000000,9.40000
162,22.280000,1000.000000,9.40000
163,22.280000,2100.000000,9.40000
164,22.280000,2900.000000,9.40000
165,22.280000,500.000000,9.40000
166,22.280000,2800.000000,9.40000
167,22.280000,5000.000000,9.40000
168,22.280000,500.000000,9.40000
169,22.280000,100.000000,9.40000
170,22.280000,4800.000000,9.40000
171,22.280000,1000.000000,9.40000
172,22.280000,9000.000000,9.40000
173,22.280000,400.000000,9.40000
174,22.280000,200.000000,9.40000
175,22.280000,200.000000,9.40000
176,22.280000,6300.000000,9.40000
177,22.280000,5300.000000,9.40000
178,22.280000,2000.000000,9.40000
179,22.280000,11800.000000,9.40000
180,22.280000,2000.000000,9.40000
181,22.280000,74500.000000,9.40000
182,22.280000,2000.000000,9.40000
183,22.280000,900.000000,9.40000
184,22.280000,300.000000,9.40000
185,22.280000,300.000000,9.40000
186,22.280000,5000.000000,9.40000
187,22.280000,20000.000000,9.40000
188,22.280000,3000.000000,9.40000
189,22.280000,1000.000000,9.40000
190,22.280000,400.000000,9.40000
191,22.280000,13000.000000,9.40000
192,22.280000,300.000000,9.40000
193,22.280000,2900.000000,9.40000
194,22.280000,1200.000000,9.40000
195,22.280000,500.000000,9.40000
196,22.280000,3400.000000,9.40000
197,22.280000,2000.000000,9.40000
198,22.280000,200.000000,9.40000
199,22.280000,200.000000,9.40000
200,22.280000,22200.000000,9.40000
201,22.280000,500.000000,9.40000
202,22.280000,8100.000000,9.40000
203,22.280000,6100.000000,9.40000
204,22.280000,1000.000000,9.40000
205,22.280000,400.000000,9.40000
206,22.280000,800.000000,9.40000
207,22.280000,100.000000,9.40000
208,22.280000,300.000000,9.40000
209,22.280000,600.000000,9.40000
210,22.280000,100.000000,9.40000
211,22.280000,100.000000,9.40000
212,22.280000,500.000000,9.40000
213,22.280000,700.000000,9.40000
214,22.280000,500.000000,9.40000
215,22.280000,100.000000,9.40000
216,22.280000,100.000000,9.40000
217,22.280000,100.000000,9.40000
218,22.280000,100.000000,9.40000
219,22.280000,11500.000000,9.40000
220,22.280000,500.000000,9.40000
221,22.280000,800.000000,9.40000
222,22.280000,100.000000,9.40000
223,22.280000,11500.000000,9.40000
224,22.280000,100.000000,9.40000
225,22.280000,2000.000000,9.40000
226,22.280000,3000.000000,9.40000
227,22.280000,300.000000,9.40000
228,22.280000,7800.000000,9.40000
229,22.850000,16400.000000,9.40000
230,23.110000,100.000000,9.40000
231,23.260000,200.000000,9.41000
232,23.570000,200.000000,9.40000
233,25.300000,100.000000,9.40000
234,25.630000,700.000000,9.40000
235,25.630000,400.000000,9.40000
236,25.630000,300.000000,9.40000
237,25.630000,1500.000000,9.40000
238,25.630000,200.000000,9.39000
239,25.630000,4000.000000,9.39000
240,25.630000,3200.000000,9.39000
241,25.630000,2500.000000,9.39000
242,26.260000,3200.000000,9.40000
243,28.270000,700.000000,9.39000
244,28.270000,1400.000000,9.39000
245,28.290000,600.000000,9.39000
246,28.290000,2000.000000,9.39000
247,28.290000,100.000000,9.39000
248,28.290000,100.000000,9.39000
249,28.290000,800.000000,9.39000
250,28.290000,2000.000000,9.39000
251,28.290000,4400.000000,9.39000
252,29.730000,1500.000000,9.40000
253,30.180000,200.000000,9.40000
254,30.270000,2000.000000,9.39000
255,30.270000,400.000000,9.39000
256,30.270000,100.000000,9.39000
257,30.270000,100.000000,9.39000
258,30.270000,1100.000000,9.39000
259,30.270000,500.000000,9.39000
260,30.270000,1000.000000,9.39000
261,30.270000,2800.000000,9.39000
262,30.270000,200.000000,9.39000
263,30.270000,800.000000,9.39000
264,30.270000,3400.000000,9.39000
265,30.270000,2400.000000,9.39000
266,30.270000,500.000000,9.39000
267,30.270000,2500.000000,9.39000
268,30.270000,2600.000000,9.39000
269,30.270000,3000.000000,9.39000
270,30.270000,500.000000,9.39000
271,30.270000,200.000000,9.39000
272,30.270000,600.000000,9.39000
273,30.270000,1000.000000,9.39000
274,30.270000,2000.000000,9.39000
275,30.270000,3300.000000,9.39000
276,30.270000,700.000000,9.39000
277,30.270000,1000.000000,9.39000
278,30.270000,39000.000000,9.39000
279,30.270000,700.000000,9.39000
280,30.550000,5100.000000,9.40000
281,31.430000,1000.000000,9.39000
282,33.830000,100.000000,9.39000
283,34.470000,900.000000,9.39000
284,34.470000,800.000000,9.39000
285,34.590000,200.000000,9.39000
286,34.940000,100.000000,9.39000
287,34.940000,400.000000,9.39000
288,36.090000,600.000000,9.39000
289,36.090000,1000.000000,9.39000
290,36.090000,100.000000,9.39000
291,36.360000,2800.000000,9.39000
292,36.360000,300.000000,9.39000
293,36.360000,2200.000000,9.39000
294,36.360000,4700.000000,9.39000
295,36.810000,4100.000000,9.39000
296,37.400000,500.000000,9.40000
297,38.050000,1200.000000,9.39000
298,38.050000,800.000000,9.39000
299,38.050000,600.000000,9.39000
300,38.050000,1000.000000,9.39000
301,38.050000,200.000000,9.39000
302,38.050000,100.000000,9.39000
303,38.050000,100.000000,9.39000
304,38.050000,1000.000000,9.39000
305,38.050000,300.000000,9.39000
306,38.050000,100.000000,9.39000
307,38.050000,2800.000000,9.39000
308,38.650000,800.000000,9.40000
309,39.470000,600.000000,9.40000
310,40.910000,200.000000,9.39000
311,40.910000,2100.000000,9.39000
312,41.310000,300.000000,9.40000
313,41.620000,700.000000,9.40000
314,41.620000,1100.000000,9.40000
315,41.620000,2303.000000,9.40000
316,41.620000,100.000000,9.40000
317,41.620000,8300.000000,9.40000
318,41.620000,100.000000,9.40000
319,41.620000,400.000000,9.40000
320,41.620000,1100.000000,9.40000
321,41.980000,2000.000000,9.40000
322,42.250000,8300.000000,9.40000
323,42.920000,10000.000000,9.40000
324,43.070000,1000.000000,9.40000
325,43.170000,1700.000000,9.40000
326,43.230000,1097.000000,9.40000
327,43.230000,2000.000000,9.40000
328,43.230000,900.000000,9.39000
329,43.230000,1000.000000,9.39000
330,43.230000,1000.000000,9.39000
331,43.230000,200.000000,9.39000
332,43.230000,2800.000000,9.39000
333,43.230000,700.000000,9.39000
334,43.230000,800.000000,9.39000
335,43.230000,1000.000000,9.39000
336,43.230000,1000.000000,9.39000
337,43.230000,1000.000000,9.39000
338,43.230000,200.000000,9.39000
339,43.230000,300.000000,9.39000
340,43.230000,500.000000,9.39000
341,43.230000,1000.000000,9.39000
342,43.230000,1000.000000,9.39000
343,43.340000,600.000000,9.39000
344,44.250000,500.000000,9.38000
345,44.250000,200.000000,9.38000
346,44.250000,3000.000000,9.38000
347,44.250000,200.000000,9.38000
348,44.250000,1000.000000,9.38000
349,44.250000,1100.000000,9.38000
350,44.250000,400.000000,9.38000
351,44.250000,2000.000000,9.38000
352,44.250000,1600.000000,9.37000
353,44.470000,4700.000000,9.39000
354,45.300000,1000.000000,9.39000
355,46.400000,200.000000,9.38000
356,46.400000,8000.000000,9.39000
357,46.490000,400.000000,9.39000
358,47.050000,500.000000,9.39000
359,47.350000,1000.000000,9.39000
360,47.920000,3000.000000,9.39000
361,48.170000,2000.000000,9.39000
362,50.640000,1000.000000,9.39000
363,52.030000,1703.000000,9.39000
364,52.030000,200.000000,9.39000
365,52.030000,97.000000,9.39000
366,52.210000,403.000000,9.39000
367,52.210000,897.000000,9.39000
368,53.440000,1700.000000,9.37000
369,53.500000,103.000000,9.39000
370,53.500000,3000.000000,9.39000
371,53.500000,1897.000000,9.39000
372,53.560000,700.000000,9.37000
373,53.560000,1000.000000,9.37000
374,53.560000,5000.000000,9.37000
375,53.560000,3300.000000,9.37000
376,53.940000,1000.000000,9.38000
377,55.760000,700.000000,9.38000
378,55.760000,100.000000,9.39000
379,55.980000,303.000000,9.39000
380,55.980000,1000.000000,9.39000
381,55.980000,3397.000000,9.39000
382,56.230000,1603.000000,9.39000
383,56.230000,8197.000000,9.40000
384,56.510000,100.000000,9.38000
385,57.550000,100.000000,9.39000
386,58.180000,100.000000,9.39000
387,58.940000,10000.000000,9.39000
388,59.200000,200.000000,9.39000
389,59.860000,500.000000,9.39000
390,60.080000,897.000000,9.39000
391,61.050000,200.000000,9.40000
392,61.800000,200.000000,9.39000
393,66.610000,303.000000,9.39000
394,66.610000,500.000000,9.39000
395,66.610000,800.000000,9.39000
396,66.610000,200.000000,9.39000
397,66.610000,197.000000,9.39000
398,67.430000,200.000000,9.39000
399,67.510000,4903.000000,9.39000
400,67.510000,300.000000,9.39000
401,67.510000,1100.000000,9.39000
402,67.510000,900.000000,9.38000
403,67.510000,900.000000,9.38000
404,67.510000,600.000000,9.38000
405,67.510000,1297.000000,9.37000
406,68.030000,3603.000000,9.40000
407,68.030000,5497.000000,9.40000
408,69.030000,1203.000000,9.40000
409,69.030000,1100.000000,9.40000
410,69.030000,1400.000000,9.40000
411,69.030000,500.000000,9.40000
412,69.030000,10700.000000,9.40000
413,69.030000,15000.000000,9.40000
414,71.480000,4897.000000,9.40000
415,71.480000,1400.000000,9.39000
416,71.480000,900.000000,9.39000
417,73.790000,5000.000000,9.39000
418,73.790000,100.000000,9.39000
419,74.240000,2000.000000,9.39000
420,75.160000,500.000000,9.39000
421,75.220000,4000.000000,9.39000
422,75.290000,600.000000,9.39000
423,76.120000,3800.000000,9.38000
424,76.120000,500.000000,9.38000
425,76.120000,2000.000000,9.38000
426,76.120000,2600.000000,9.38000
427,76.120000,1100.000000,9.38000
428,77.500000,100.000000,9.39000
429,78.180000,503.000000,9.39000
430,78.180000,797.000000,9.39000
431,78.220000,200.000000,9.39000
432,78.370000,2000.000000,9.39000
433,78.520000,200.000000,9.38000
434,78.680000,3200.000000,9.39000
435,79.050000,1700.000000,9.38000
436,79.050000,3403.000000,9.37000
437,79.050000,1000.000000,9.37000
438,79.050000,500.000000,9.37000
439,79.050000,3000.000000,9.37000
440,79.050000,1000.000000,9.36000
441,79.050000,5797.000000,9.36000
442,80.340000,1000.000000,9.38000
443,80.940000,500.000000,9.38000
444,80.940000,1200.000000,9.39000
445,81.930000,500.000000,9.39000
446,81.930000,4303.000000,9.39000
447,81.930000,2100.000000,9.39000
448,81.930000,100.000000,9.39000
449,81.930000,13497.000000,9.39000
450,83.210000,503.000000,9.39000
451,83.780000,100.000000,9.39000
452,84.590000,2397.000000,9.39000
453,84.590000,5000.000000,9.39000
454,84.590000,703.000000,9.37000
455,87.150000,1000.000000,9.39000
456,87.910000,300.000000,9.38000
457,90.020000,1200.000000,9.38000
458,90.230000,700.000000,9.38000
459,90.590000,1800.000000,9.38000
460,91.310000,300.000000,9.38000
461,91.940000,297.000000,9.37000
462,91.940000,9703.000000,9.36000
463,92.220000,2200.000000,9.38000
464,93.750000,1000.000000,9.38000
465,96.860000,100.000000,9.38000
466,97.050000,500.000000,9.38000
467,97.050000,200.000000,9.38000
468,97.050000,1300.000000,9.38000
469,97.860000,300.000000,9.40000
470,98.700000,100.000000,9.38000
471,99.270000,1000.000000,9.38000
472,99.340000,2000.000000,9.38000
473,99.340000,500.000000,9.38000
474,99.340000,500.000000,9.38000
475,99.340000,1000.000000,9.38000
476,99.340000,2500.000000,9.36000
477,100.100000,1100.000000,9.37000
478,100.520000,100.000000,9.37000
479,101.450000,400.000000,9.37000
480,101.450000,200.000000,9.37000
481,102.160000,100.000000,9.38000
482,102.190000,100.000000,9.39000
483,102.690000,100.000000,9.37000
484,104.430000,1000.000000,9.38000
485,104.430000,1400.000000,9.37000
486,104.430000,14000.000000,9.36000
487,105.440000,3500.000000,9.39000
488,105.440000,1800.000000,9.39000
489,105.440000,4000.000000,9.39000
490,105.440000,17200.000000,9.39000
491,105.440000,1700.000000,9.40000
492,105.440000,1000.000000,9.40000
493,105.440000,500.000000,9.40000
494,105.440000,100.000000,9.40000
495,105.440000,5200.000000,9.40000
496,105.440000,1800.000000,9.40000
497,105.440000,1800.000000,9.40000
498,105.440000,200.000000,9.40000
499,105.440000,100.000000,9.40000
500,105.440000,200.000000,9.40000
501,105.440000,1800.000000,9.40000
502,105.440000,1000.000000,9.40000
503,105.440000,1800.000000,9.40000
504,105.440000,100.000000,9.40000
505,105.440000,200.000000,9.40000
506,105.440000,200.000000,9.40000
507,105.440000,10800.000000,9.40000
508,106.340000,5000.000000,9.38000
509,106.570000,100.000000,9.38000
510,106.570000,1700.000000,9.38000
511,106.780000,100.000000,9.40000
512,107.150000,800.000000,9.38000
513,107.150000,200.000000,9.38000
514,107.430000,300.000000,9.38000
515,107.430000,200.000000,9.37000
516,107.430000,2800.000000,9.36000
517,111.660000,200.000000,9.38000
518,113.340000,800.000000,9.38000
519,113.340000,100.000000,9.38000
520,113.340000,3200.000000,9.37000
521,114.380000,1800.000000,9.37000
522,114.380000,1900.000000,9.37000
523,115.870000,900.000000,9.37000
524,115.870000,200.000000,9.38000
525,116.950000,1300.000000,9.39000
526,122.010000,1100.000000,9.38000
527,122.010000,1200.000000,9.38000
528,122.360000,14400.000000,9.39000
529,122.590000,100.000000,9.38000
530,122.940000,500.000000,9.39000
531,125.110000,12400.000000,9.38000
532,125.110000,400.000000,9.38000
533,125.110000,1200.000000,9.38000
534,125.110000,200.000000,9.37000
535,125.110000,2200.000000,9.37000
536,125.410000,1500.000000,9.39000
537,125.910000,5000.000000,9.39000
538,129.150000,600.000000,9.38000
539,130.740000,100.000000,9.38000
540,131.920000,1600.000000,9.38000
541,132.430000,400.000000,9.38000
542,132.430000,4600.000000,9.38000
543,133.320000,100.000000,9.38000
544,133.540000,200.000000,9.38000
545,136.900000,7800.000000,9.38000
546,140.410000,10000.000000,9.38000
547,140.910000,12300.000000,9.38000
548,142.870000,1000.000000,9.39000
549,144.520000,200.000000,9.38000
550,146.320000,500.000000,9.38000
551,148.400000,7000.000000,9.38000
552,148.620000,800.000000,9.39000
553,150.710000,100.000000,9.39000
554,152.710000,2000.000000,9.39000
555,153.700000,2600.000000,9.38000
556,154.020000,13600.000000,9.39000
557,154.350000,300.000000,9.39000
558,155.530000,200.000000,9.38000
559,155.650000,8200.000000,9.38000
560,156.090000,1100.000000,9.38000
561,156.310000,100.000000,9.39000
562,156.690000,2500.000000,9.38000
563,160.090000,9700.000000,9.39000
564,160.090000,9700.000000,9.39000
565,160.090000,600.000000,9.39000
566,162.280000,1700.000000,9.38000
567,162.680000,2400.000000,9.39000
568,165.880000,500.000000,9.39000
569,165.880000,1000.000000,9.39000
570,166.550000,200.000000,9.38000
571,166.850000,9300.000000,9.38000
572,170.050000,100.000000,9.39000
573,172.680000,1600.000000,9.39000
574,173.110000,10000.000000,9.38000
575,173.270000,300.000000,9.38000
576,174.800000,100.000000,9.38000
577,175.510000,1800.000000,9.38000
578,176.330000,500.000000,9.39000
579,177.390000,200.000000,9.38000
580,178.020000,2200.000000,9.39000
581,178.080000,1600.000000,9.39000
582,178.080000,700.000000,9.39000
583,178.080000,200.000000,9.39000
584,178.080000,200.000000,9.39000
585,178.700000,200.000000,9.39000
586,179.730000,1900.000000,9.39000
587,180.390000,4300.000000,9.38000
588,180.460000,300.000000,9.39000
589,183.570000,400.000000,9.39000
590,185.060000,100.000000,9.39000
591,186.530000,400.000000,9.38000
592,188.430000,200.000000,9.38000
593,188.460000,3500.000000,9.38000
594,188.570000,1900.000000,9.39000
595,190.050000,2000.000000,9.39000
596,190.050000,8000.000000,9.39000
597,191.260000,300.000000,9.39000
598,191.400000,1100.000000,9.38000
599,191.610000,1000.000000,9.38000
600,192.190000,1000.000000,9.38000
601,192.670000,400.000000,9.39000
602,192.670000,2600.000000,9.39000
603,193.330000,100.000000,9.39000
604,193.330000,200.000000,9.39000
605,193.330000,800.000000,9.39000
606,193.330000,3000.000000,9.39000
607,193.330000,2200.000000,9.39000
608,193.330000,1500.000000,9.39000
609,195.550000,1500.000000,9.39000
610,195.550000,2500.000000,9.39000
611,196.080000,300.000000,9.39000
612,196.310000,2000.000000,9.38000
613,196.420000,1000.000000,9.39000
614,199.490000,100.000000,9.38000
615,202.330000,1000.000000,9.39000
616,203.450000,800.000000,9.38000
617,205.520000,2100.000000,9.38000
618,205.640000,2600.000000,9.38000
619,205.640000,100.000000,9.38000
620,205.640000,100.000000,9.38000
621,205.640000,600.000000,9.38000
622,205.640000,100.000000,9.38000
623,205.640000,500.000000,9.38000
624,205.640000,3200.000000,9.38000
625,207.720000,4700.000000,9.38000
626,207.720000,3200.000000,9.38000
627,207.720000,300.000000,9.38000
628,209.130000,800.000000,9.38000
629,209.230000,200.000000,9.38000
630,209.230000,300.000000,9.38000
631,209.400000,500.000000,9.39000
632,209.830000,700.000000,9.38000
633,209.830000,200.000000,9.38000
634,209.830000,200.000000,9.38000
635,209.850000,300.000000,9.38000
636,209.850000,100.000000,9.38000
637,209.850000,200.000000,9.38000
638,209.850000,100.000000,9.38000
639,209.850000,800.000000,9.38000
640,209.850000,100.000000,9.38000
641,209.850000,500.000000,9.38000
642,209.850000,1000.000000,9.38000
643,209.850000,400.000000,9.38000
644,209.850000,3300.000000,9.38000
645,210.120000,1300.000000,9.38000
646,210.200000,600.000000,9.38000
647,210.280000,1100.000000,9.38000
648,210.420000,1200.000000,9.38000
649,210.480000,600.000000,9.38000
650,210.540000,200.000000,9.38000
651,210.590000,1000.000000,9.38000
652,210.610000,600.000000,9.38000
653,210.630000,100.000000,9.38000
654,210.630000,500.000000,9.38000
655,210.630000,400.000000,9.38000
656,210.820000,400.000000,9.38000
657,210.910000,2900.000000,9.38000
658,210.910000,700.000000,9.38000
659,211.330000,200.000000,9.38000
660,211.370000,1100.000000,9.38000
661,211.370000,1500.000000,9.38000
662,212.340000,900.000000,9.39000
663,212.480000,4200.000000,9.38000
664,212.570000,4200.000000,9.38000
665,212.990000,100.000000,9.38000
666,212.990000,2000.000000,9.38000
667,212.990000,1000.000000,9.38000
668,212.990000,100.000000,9.38000
669,212.990000,400.000000,9.38000
670,213.410000,100.000000,9.38000
671,213.410000,400.000000,9.38000
672,213.450000,600.000000,9.38000
673,213.940000,500.000000,9.38000
674,213.960000,1300.000000,9.38000
675,213.960000,300.000000,9.38000
676,213.960000,300.000000,9.38000
677,214.370000,300.000000,9.38000
678,214.370000,200.000000,9.38000
679,214.370000,700.000000,9.38000
680,214.370000,1000.000000,9.38000
681,214.370000,3700.000000,9.38000
682,214.370000,400.000000,9.38000
683,214.520000,700.000000,9.38000
684,214.530000,500.000000,9.38000
685,214.540000,800.000000,9.38000
686,214.600000,7600.000000,9.38000
687,214.600000,3000.000000,9.38000
688,215.270000,100.000000,9.38000
689,215.910000,500.000000,9.38000
690,216.010000,300.000000,9.38000
691,216.130000,2700.000000,9.37000
692,216.140000,2200.000000,9.37000
693,216.140000,400.000000,9.37000
694,216.250000,2500.000000,9.37000
695,216.250000,4300.000000,9.37000
696,216.260000,5700.000000,9.37000
697,216.260000,200.000000,9.37000
698,216.470000,800.000000,9.37000
699,216.470000,300.000000,9.37000
700,216.470000,1000.000000,9.37000
701,216.470000,200.000000,9.37000
702,216.470000,1000.000000,9.37000
703,216.470000,200.000000,9.37000
704,216.470000,1600.000000,9.37000
705,216.470000,800.000000,9.37000
706,216.520000,1300.000000,9.37000
707,216.520000,800.000000,9.37000
708,216.960000,200.000000,9.37000
709,216.960000,500.000000,9.37000
710,217.990000,900.000000,9.37000
711,217.990000,100.000000,9.37000
712,219.130000,9000.000000,9.36000
713,219.160000,6700.000000,9.36000
714,219.180000,7700.000000,9.36000
715,219.200000,15400.000000,9.36000
716,219.270000,14600.000000,9.36000
717,219.560000,1000.000000,9.36000
718,219.650000,2100.000000,9.36000
719,220.140000,100.000000,9.36000
720,220.150000,1600.000000,9.36000
721,220.360000,400.000000,9.37000
722,220.430000,10000.000000,9.36000
723,220.450000,8000.000000,9.36000
724,220.450000,900.000000,9.36000
725,220.520000,600.000000,9.37000
726,220.520000,300.000000,9.37000
727,220.560000,600.000000,9.36000
728,220.870000,2100.000000,9.36000
729,221.280000,4100.000000,9.37000
730,221.350000,100.000000,9.37000
731,221.490000,2400.000000,9.36000
732,221.630000,200.000000,9.36000
733,221.750000,16600.000000,9.36000
734,221.860000,200.000000,9.37000
735,221.860000,200.000000,9.37000
736,222.310000,1600.000000,9.36000
737,222.420000,2600.000000,9.36000
738,222.440000,12000.000000,9.36000
739,222.440000,1500.000000,9.36000
740,222.440000,2400.000000,9.36000
741,222.440000,4600.000000,9.36000
742,222.580000,300.000000,9.37000
743,222.580000,1200.000000,9.36000
744,222.950000,4200.000000,9.36000
745,222.950000,100.000000,9.36000
746,223.060000,100.000000,9.36000
747,223.060000,500.000000,9.36000
748,223.060000,1000.000000,9.36000
749,223.060000,200.000000,9.36000
750,223.060000,5000.000000,9.36000
751,223.060000,10000.000000,9.36000
752,223.060000,500.000000,9.36000
753,223.060000,4900.000000,9.36000
754,223.220000,500.000000,9.37000
755,223.410000,100.000000,9.36000
756,223.410000,800.000000,9.36000
757,223.680000,200.000000,9.36000
758,223.680000,700.000000,9.36000
759,224.640000,100.000000,9.36000
760,224.900000,200.000000,9.36000
761,225.180000,900.000000,9.36000
762,225.330000,1100.000000,9.36000
763,225.330000,1400.000000,9.36000
764,225.330000,200.000000,9.36000
765,225.330000,12200.000000,9.36000
766,225.330000,3700.000000,9.35000
767,226.070000,16300.000000,9.35000
768,226.070000,500.000000,9.35000
769,226.070000,10000.000000,9.35000
770,226.070000,500.000000,9.35000
771,226.070000,2000.000000,9.35000
772,226.070000,800.000000,9.35000
773,226.070000,900.000000,9.35000
774,226.070000,1000.000000,9.35000
775,226.070000,1000.000000,9.35000
776,226.070000,2000.000000,9.35000
777,226.070000,4000.000000,9.35000
778,226.070000,3000.000000,9.35000
779,226.070000,50000.000000,9.35000
780,226.070000,500.000000,9.35000
781,226.070000,2600.000000,9.35000
782,226.070000,600.000000,9.35000
783,226.070000,3000.000000,9.35000
784,226.070000,500.000000,9.35000
785,226.070000,200.000000,9.35000
786,226.070000,3400.000000,9.35000
787,226.070000,500.000000,9.35000
788,226.070000,500.000000,9.35000
789,226.070000,400.000000,9.35000
790,226.070000,1000.000000,9.35000
791,226.070000,3400.000000,9.35000
792,226.070000,1000.000000,9.35000
793,226.070000,500.000000,9.35000
794,226.070000,2000.000000,9.35000
795,226.070000,1000.000000,9.35000
796,226.070000,100.000000,9.35000
797,226.070000,400.000000,9.35000
798,226.070000,1600.000000,9.35000
799,226.070000,500.000000,9.35000
800,226.070000,500.000000,9.35000
801,226.070000,500.000000,9.35000
802,226.070000,10000.000000,9.35000
803,226.070000,300.000000,9.35000
804,226.070000,1000.000000,9.35000
805,226.070000,500.000000,9.35000
806,226.070000,1000.000000,9.35000
807,226.160000,1000.000000,9.34000
808,226.160000,1000.000000,9.34000
809,226.160000,3000.000000,9.34000
810,226.160000,400.000000,9.34000
811,227.860000,2300.000000,9.35000
812,228.370000,2600.000000,9.34000
813,228.370000,7400.000000,9.34000
814,228.390000,9200.000000,9.34000
815,228.390000,2900.000000,9.34000
816,228.390000,10000.000000,9.34000
817,228.390000,5600.000000,9.34000
818,228.390000,1000.000000,9.34000
819,228.390000,1000.000000,9.34000
820,228.390000,3000.000000,9.34000
821,228.390000,1000.000000,9.34000
822,228.390000,2200.000000,9.34000
823,228.390000,100.000000,9.34000
824,228.390000,3300.000000,9.34000
825,228.390000,5000.000000,9.34000
826,229.390000,100.000000,9.34000
827,229.500000,900.000000,9.34000
828,229.500000,2100.000000,9.34000
829,229.500000,2300.000000,9.34000
830,229.530000,700.000000,9.33000
831,229.530000,4300.000000,9.33000
832,229.530000,1000.000000,9.33000
833,229.530000,5200.000000,9.33000
834,229.750000,3100.000000,9.34000
835,229.750000,200.000000,9.34000
836,229.750000,5700.000000,9.34000
837,229.750000,1300.000000,9.34000
838,229.750000,60700.000000,9.35000
839,230.470000,400.000000,9.33000
840,230.470000,500.000000,9.33000
841,231.490000,1600.000000,9.33000
842,231.510000,700.000000,9.33000
843,231.730000,1500.000000,9.33000
844,231.800000,600.000000,9.33000
845,232.650000,200.000000,9.33000
846,234.510000,700.000000,9.33000
847,234.530000,2000.000000,9.33000
848,234.760000,500.000000,9.33000
849,234.820000,600.000000,9.33000
850,235.020000,500.000000,9.34000
851,235.310000,200.000000,9.34000
852,235.310000,1400.000000,9.35000
853,235.500000,300.000000,9.33000
854,235.540000,200.000000,9.33000
855,236.050000,300.000000,9.33000
856,237.080000,1800.000000,9.34000
857,237.140000,3200.000000,9.34000
858,237.140000,300.000000,9.33000
859,237.140000,400.000000,9.33000
860,237.140000,2600.000000,9.33000
861,237.850000,500.000000,9.33000
862,238.800000,3000.000000,9.34000
863,238.990000,2100.000000,9.33000
864,239.740000,200.000000,9.33000
865,239.740000,1000.000000,9.33000
866,239.740000,200.000000,9.33000
867,240.080000,300.000000,9.34000
868,240.450000,300.000000,9.33000
869,240.450000,100.000000,9.33000
870,240.450000,500.000000,9.33000
871,242.280000,1100.000000,9.33000
872,242.470000,5800.000000,9.33000
873,242.470000,100.000000,9.33000
874,242.670000,100.000000,9.34000
875,243.470000,400.000000,9.33000
876,244.450000,100.000000,9.33000
877,244.850000,900.000000,9.33000
878,244.870000,5000.000000,9.33000
879,245.260000,400.000000,9.34000
880,246.280000,600.000000,9.34000
881,246.950000,500.000000,9.33000
882,247.370000,600.000000,9.34000
883,247.370000,200.000000,9.34000
884,248.300000,4800.000000,9.34000
885,248.300000,400.000000,9.34000
886,248.300000,4800.000000,9.34000
887,250.040000,200.000000,9.34000
888,250.040000,400.000000,9.34000
889,250.040000,400.000000,9.34000
890,250.040000,400.000000,9.34000
891,250.160000,300.000000,9.34000
892,250.600000,500.000000,9.35000
893,250.600000,1700.000000,9.34000
894,252.500000,3000.000000,9.35000
895,254.880000,3000.000000,9.35000
896,255.310000,1600.000000,9.34000
897,255.530000,200.000000,9.34000
898,255.980000,1100.000000,9.34000
899,257.870000,47700.000000,9.35000
900,259.140000,1000.000000,9.35000
901,259.940000,2000.000000,9.35000
902,261.150000,3000.000000,9.34000
903,263.530000,3000.000000,9.35000
904,263.890000,4600.000000,9.35000
905,263.970000,1000.000000,9.34000
906,264.310000,700.000000,9.34000
907,264.490000,200.000000,9.34000
908,264.490000,100.000000,9.34000
909,265.720000,800.000000,9.34000
910,266.140000,1000.000000,9.35000
911,266.260000,3000.000000,9.35000
912,266.450000,200.000000,9.34000
913,266.460000,2000.000000,9.35000
914,266.560000,300.000000,9.35000
915,267.660000,600.000000,9.35000
916,269.380000,3000.000000,9.35000
917,269.710000,47600.000000,9.35000
918,270.470000,500.000000,9.35000
919,270.610000,500.000000,9.35000
920,272.280000,3000.000000,9.35000
921,276.440000,2000.000000,9.35000
922,277.420000,100.000000,9.35000
923,278.320000,1000.000000,9.35000
924,278.420000,7300.000000,9.35000
925,278.420000,12100.000000,9.35000
926,278.960000,10000.000000,9.35000
927,278.980000,600.000000,9.35000
928,280.710000,400.000000,9.35000
929,281.350000,800.000000,9.35000
930,281.470000,300.000000,9.34000
931,281.760000,400.000000,9.35000
932,282.890000,100.000000,9.34000
933,282.890000,900.000000,9.34000
934,283.560000,47600.000000,9.35000
935,285.290000,9900.000000,9.35000
936,285.410000,400.000000,9.35000
937,285.800000,4000.000000,9.35000
938,285.990000,1000.000000,9.35000
939,286.290000,1000.000000,9.35000
940,287.380000,800.000000,9.35000
941,287.470000,800.000000,9.35000
942,288.030000,1000.000000,9.35000
943,288.340000,9900.000000,9.35000
944,288.530000,1200.000000,9.35000
945,290.510000,10300.000000,9.35000
946,292.020000,17500.000000,9.35000
947,293.180000,100.000000,9.34000
948,293.180000,700.000000,9.34000
949,293.720000,300.000000,9.35000
950,294.260000,2300.000000,9.34000
951,294.260000,2600.000000,9.34000
952,296.840000,200.000000,9.35000
953,298.060000,200.000000,9.34000
954,298.690000,6100.000000,9.34000
955,299.380000,200.000000,9.34000
956,300.000000,1000.000000,9.35000
957,300.100000,800.000000,9.35000
958,300.160000,800.000000,9.34000
959,300.310000,1000.000000,9.35000
960,300.380000,4000.000000,9.34000
961,300.620000,1800.000000,9.34000
962,301.160000,300.000000,9.35000
963,301.680000,5400.000000,9.34000
964,301.730000,1900.000000,9.34000
965,301.730000,400.000000,9.34000
966,301.730000,1000.000000,9.34000
967,301.730000,3000.000000,9.34000
968,301.730000,3600.000000,9.34000
969,302.780000,100.000000,9.35000
970,303.070000,100.000000,9.35000
971,303.360000,400.000000,9.35000
972,303.960000,5000.000000,9.35000
973,304.730000,4000.000000,9.34000
974,304.930000,200.000000,9.34000
975,306.190000,2200.000000,9.34000
976,306.190000,200.000000,9.34000
977,307.560000,2900.000000,9.34000
978,307.670000,900.000000,9.34000
979,307.810000,2500.000000,9.35000
980,307.840000,1000.000000,9.35000
981,307.840000,1000.000000,9.34000
982,308.110000,700.000000,9.34000
983,308.270000,300.000000,9.34000
984,308.400000,1100.000000,9.35000
985,308.900000,400.000000,9.35000
986,309.060000,4000.000000,9.34000
987,309.060000,800.000000,9.34000
988,309.060000,1500.000000,9.34000
989,310.090000,300.000000,9.34000
990,310.090000,7300.000000,9.34000
991,310.120000,300.000000,9.34000
992,310.420000,5000.000000,9.35000
993,310.460000,200.000000,9.34000
994,310.580000,1000.000000,9.34000
995,310.780000,400.000000,9.34000
996,311.650000,1500.000000,9.34000
997,312.150000,1500.000000,9.35000
998,312.230000,1000.000000,9.35000
999,312.310000,300.000000,9.34000
1000,313.800000,600.000000,9.35000
1001,313.930000,4900.000000,9.34000
1002,315.780000,1100.000000,9.35000
1003,316.210000,1600.000000,9.34000
1004,317.180000,100.000000,9.35000
1005,317.690000,400.000000,9.35000
1006,319.050000,700.000000,9.35000
1007,320.200000,800.000000,9.34000
1008,321.170000,1200.000000,9.34000
1009,321.350000,100.000000,9.34000
1010,321.520000,100.000000,9.34000
1011,322.250000,1000.000000,9.35000
1012,322.410000,4400.000000,9.34000
1013,322.410000,100.000000,9.34000
1014,322.410000,3000.000000,9.34000
1015,322.410000,100.000000,9.34000
1016,322.410000,1400.000000,9.34000
1017,322.890000,400.000000,9.34000
1018,322.890000,1600.000000,9.34000
1019,322.970000,300.000000,9.35000
1020,324.610000,100.000000,9.35000
1021,324.850000,500.000000,9.35000
1022,324.970000,1000.000000,9.34000
1023,325.360000,500.000000,9.34000
1024,325.470000,200.000000,9.34000
1025,326.470000,1000.000000,9.34000
1026,326.510000,1100.000000,9.34000
1027,326.740000,1000.000000,9.34000
1028,326.740000,700.000000,9.35000
1029,326.840000,1700.000000,9.34000
1030,330.840000,2000.000000,9.34000
1031,332.480000,200.000000,9.34000
1032,332.570000,5800.000000,9.35000
1033,334.510000,13800.000000,9.34000
1034,334.510000,1200.000000,9.34000
1035,335.020000,1000.000000,9.35000
1036,336.490000,2200.000000,9.35000
1037,336.590000,1000.000000,9.35000
1038,338.800000,1000.000000,9.35000
1039,339.310000,800.000000,9.34000
1040,339.310000,2000.000000,9.34000
1041,339.560000,1500.000000,9.35000
1042,339.560000,500.000000,9.35000
1043,339.780000,600.000000,9.35000
1044,340.290000,400.000000,9.34000
1045,340.290000,300.000000,9.34000
1046,340.290000,300.000000,9.34000
1047,342.350000,1000.000000,9.35000
1048,342.590000,22100.000000,9.35000
1049,342.590000,24200.000000,9.35000
1050,342.590000,9500.000000,9.35000
1051,343.480000,200.000000,9.34000
1052,344.630000,400.000000,9.34000
1053,344.630000,1000.000000,9.34000
1054,344.630000,200.000000,9.34000
1055,345.280000,12400.000000,9.35000
1056,345.410000,200.000000,9.35000
1057,347.650000,400.000000,9.34000
1058,347.650000,100.000000,9.34000
1059,347.870000,1000.000000,9.35000
1060,351.150000,400.000000,9.34000
1061,351.150000,700.000000,9.34000
1062,353.710000,1600.000000,9.35000
1063,353.910000,500.000000,9.35000
1064,354.620000,200.000000,9.34000
1065,354.780000,800.000000,9.35000
1066,354.900000,600.000000,9.34000
1067,354.900000,900.000000,9.34000
1068,357.370000,1000.000000,9.35000
1069,357.460000,100.000000,9.35000
1070,357.550000,800.000000,9.35000
1071,359.010000,15000.000000,9.35000
1072,359.240000,1000.000000,9.35000
1073,360.340000,1600.000000,9.35000
1074,362.410000,2100.000000,9.35000
1075,362.630000,300.000000,9.35000
1076,365.140000,21200.000000,9.35000
1077,365.430000,100.000000,9.34000
1078,366.840000,1600.000000,9.34000
1079,370.040000,100.000000,9.34000
1080,370.620000,2000.000000,9.35000
1081,371.910000,500.000000,9.35000
1082,372.200000,100.000000,9.35000
1083,372.280000,900.000000,9.35000
1084,372.710000,100.000000,9.34000
1085,372.710000,3000.000000,9.34000
1086,372.710000,300.000000,9.34000
1087,372.710000,1200.000000,9.34000
1088,372.710000,21400.000000,9.34000
1089,374.040000,300.000000,9.35000
1090,374.400000,100.000000,9.35000
1091,375.810000,5000.000000,9.35000
1092,376.280000,600.000000,9.35000
1093,376.460000,200.000000,9.34000
1094,377.420000,1000.000000,9.35000
1095,381.180000,20000.000000,9.34000
1096,381.650000,2900.000000,9.34000
1097,381.930000,200.000000,9.35000
1098,383.890000,200.000000,9.35000
1099,384.400000,400.000000,9.35000
1100,384.780000,2300.000000,9.35000
1101,384.840000,800.000000,9.35000
1102,387.540000,200.000000,9.34000
1103,387.860000,5300.000000,9.34000
1104,387.860000,800.000000,9.34000
1105,387.860000,200.000000,9.34000
1106,387.960000,100.000000,9.34000
1107,387.960000,300.000000,9.34000
1108,387.960000,500.000000,9.34000
1109,387.960000,1000.000000,9.34000
1110,387.960000,700.000000,9.34000
1111,387.960000,1000.000000,9.34000
1112,387.960000,400.000000,9.34000
1113,388.230000,11600.000000,9.35000
1114,389.990000,4600.000000,9.34000
1115,389.990000,2700.000000,9.34000
1116,389.990000,100.000000,9.34000
1117,389.990000,1000.000000,9.34000
1118,389.990000,1000.000000,9.34000
1119,389.990000,500.000000,9.34000
1120,389.990000,500.000000,9.34000
1121,389.990000,500.000000,9.34000
1122,389.990000,2000.000000,9.34000
1123,389.990000,3300.000000,9.34000
1124,390.390000,2800.000000,9.35000
1125,390.430000,1700.000000,9.34000
1126,390.430000,800.000000,9.34000
1127,391.050000,53300.000000,9.35000
1128,391.320000,500.000000,9.35000
1129,392.330000,10000.000000,9.35000
1130,392.380000,100000.000000,9.35000
1131,393.280000,3600.000000,9.35000
1132,394.330000,100.000000,9.35000
1133,394.730000,3200.000000,9.35000
1134,394.860000,5000.000000,9.35000
1135,395.440000,800.000000,9.35000
1136,395.590000,1600.000000,9.35000
1137,398.260000,4700.000000,9.35000
1138,399.780000,200.000000,9.34000
1139,401.420000,1000.000000,9.34000
1140,402.530000,32800.000000,9.35000
1141,402.530000,7500.000000,9.35000
1142,402.530000,200.000000,9.35000
1143,402.530000,200.000000,9.35000
1144,402.530000,200.000000,9.35000
1145,402.530000,100.000000,9.35000
1146,404.420000,100.000000,9.35000
1147,404.420000,200.000000,9.35000
1148,404.420000,200.000000,9.35000
1149,404.420000,1000.000000,9.35000
1150,404.420000,1000.000000,9.35000
1151,404.420000,4300.000000,9.35000
1152,404.420000,4200.000000,9.35000
1153,404.420000,400.000000,9.35000
1154,404.420000,9800.000000,9.35000
1155,404.420000,500.000000,9.35000
1156,404.420000,300.000000,9.35000
1157,404.420000,400.000000,9.35000
1158,404.420000,100.000000,9.35000
1159,404.420000,200.000000,9.35000
1160,404.420000,25100.000000,9.35000
1161,404.420000,400.000000,9.35000
1162,404.420000,300.000000,9.35000
1163,404.420000,200.000000,9.35000
1164,404.420000,600.000000,9.35000
1165,404.420000,300.000000,9.35000
1166,404.420000,1200.000000,9.35000
1167,404.420000,500.000000,9.35000
1168,404.420000,5700.000000,9.35000
1169,404.420000,6900.000000,9.35000
1170,404.420000,100.000000,9.35000
1171,404.420000,6700.000000,9.35000
1172,404.420000,200.000000,9.35000
1173,404.420000,4400.000000,9.35000
1174,404.420000,1100.000000,9.35000
1175,404.420000,4900.000000,9.35000
1176,404.420000,3300.000000,9.35000
1177,404.420000,500.000000,9.35000
1178,404.420000,3200.000000,9.35000
1179,404.420000,10000.000000,9.35000
1180,404.420000,400.000000,9.35000
1181,404.420000,5500.000000,9.35000
1182,404.420000,1700.000000,9.35000
1183,404.770000,200.000000,9.35000
1184,405.380000,1100.000000,9.35000
1185,405.380000,100.000000,9.35000
1186,405.380000,2200.000000,9.35000
1187,405.380000,100.000000,9.35000
1188,405.380000,500.000000,9.35000
1189,405.550000,200.000000,9.35000
1190,407.390000,800.000000,9.35000
1191,407.470000,800.000000,9.35000
1192,407.600000,2500.000000,9.35000
1193,407.600000,800.000000,9.35000
1194,407.600000,5200.000000,9.35000
1195,407.600000,1500.000000,9.35000
1196,410.670000,100.000000,9.35000
1197,411.320000,500.000000,9.35000
1198,412.390000,1300.000000,9.35000
1199,412.590000,4700.000000,9.35000
1200,412.870000,100.000000,9.35000
1201,414.440000,2100.000000,9.35000
1202,414.720000,800.000000,9.35000
1203,416.900000,1000.000000,9.35000
1204,419.560000,1800.000000,9.35000
1205,419.560000,8200.000000,9.35000
1206,419.830000,600.000000,9.35000
1207,420.940000,1200.000000,9.35000
1208,420.940000,400.000000,9.35000
1209,420.940000,1400.000000,9.35000
1210,422.050000,200.000000,9.35000
1211,422.480000,100.000000,9.35000
1212,422.770000,100.000000,9.35000
1213,423.230000,200.000000,9.35000
1214,423.670000,100.000000,9.35000
1215,423.670000,400.000000,9.35000
1216,424.870000,100.000000,9.35000
1217,425.550000,1300.000000,9.35000
1218,425.550000,600.000000,9.35000
1219,425.550000,600.000000,9.35000
1220,425.550000,600.000000,9.35000
1221,425.550000,1900.000000,9.35000
1222,429.800000,100.000000,9.35000
1223,431.020000,400.000000,9.35000
1224,431.020000,1300.000000,9.35000
1225,431.020000,1300.000000,9.35000
1226,431.020000,3600.000000,9.35000
1227,431.180000,400.000000,9.35000
1228,431.180000,100.000000,9.35000
1229,431.350000,4700.000000,9.35000
1230,431.950000,100.000000,9.35000
1231,432.540000,1000.000000,9.35000
1232,435.140000,100.000000,9.35000
1233,435.310000,100.000000,9.35000
1234,435.450000,1000.000000,9.35000
1235,435.670000,1800.000000,9.35000
1236,436.720000,200.000000,9.35000
1237,436.760000,500.000000,9.35000
1238,437.400000,1000.000000,9.35000
1239,437.480000,500.000000,9.35000
1240,437.780000,700.000000,9.35000
1241,439.500000,500.000000,9.35000
1242,441.090000,1000.000000,9.34000
1243,441.590000,100.000000,9.35000
1244,444.760000,800.000000,9.35000
1245,446.380000,1500.000000,9.35000
1246,446.630000,1800.000000,9.35000
1247,446.680000,1700.000000,9.35000
1248,446.730000,100.000000,9.35000
1249,447.120000,700.000000,9.35000
1250,447.670000,1000.000000,9.35000
1251,447.670000,500.000000,9.35000
1252,447.670000,200.000000,9.35000
1253,448.500000,1000.000000,9.35000
1254,448.550000,200.000000,9.35000
1255,449.660000,1100.000000,9.35000
1256,449.720000,1500.000000,9.35000
1257,453.030000,2100.000000,9.35000
1258,453.080000,100.000000,9.35000
1259,453.220000,300.000000,9.35000
1260,454.550000,2000.000000,9.35000
1261,455.210000,10000.000000,9.35000
1262,456.610000,1000.000000,9.35000
1263,457.170000,500.000000,9.35000
1264,459.110000,300.000000,9.35000
1265,461.710000,1800.000000,9.35000
1266,461.710000,300.000000,9.35000
1267,461.710000,1000.000000,9.35000
1268,461.710000,200.000000,9.35000
1269,461.710000,500.000000,9.35000
1270,461.710000,200.000000,9.35000
1271,461.710000,100.000000,9.35000
1272,462.790000,400.000000,9.35000
1273,462.790000,800.000000,9.35000
1274,462.790000,400.000000,9.35000
1275,464.610000,100.000000,9.35000
1276,465.020000,500.000000,9.35000
1277,466.320000,500.000000,9.35000
1278,466.500000,100.000000,9.35000
1279,466.500000,1900.000000,9.35000
1280,468.390000,1100.000000,9.35000
1281,468.730000,10000.000000,9.35000
1282,470.260000,800.000000,9.35000
1283,470.670000,2000.000000,9.35000
1284,471.680000,500.000000,9.35000
1285,473.190000,300.000000,9.35000
1286,473.190000,3700.000000,9.35000
1287,474.260000,100.000000,9.35000
1288,474.870000,700.000000,9.35000
1289,476.170000,600.000000,9.35000
1290,479.220000,1200.000000,9.35000
1291,479.370000,700.000000,9.35000
1292,479.370000,1000.000000,9.35000
1293,479.370000,500.000000,9.35000
1294,479.370000,200.000000,9.35000
1295,479.370000,500.000000,9.35000
1296,479.370000,300.000000,9.35000
1297,479.370000,200.000000,9.35000
1298,479.370000,500.000000,9.35000
1299,479.370000,100.000000,9.35000
1300,480.130000,100.000000,9.35000
1301,480.710000,300.000000,9.35000
1302,480.710000,100.000000,9.35000
1303,481.110000,100.000000,9.35000
1304,481.110000,200.000000,9.35000
1305,481.110000,400.000000,9.35000
1306,481.110000,300.000000,9.35000
1307,481.110000,1000.000000,9.35000
1308,481.110000,100.000000,9.35000
1309,481.500000,1000.000000,9.35000
1310,483.500000,500.000000,9.35000
1311,483.500000,2700.000000,9.35000
1312,483.500000,300.000000,9.35000
1313,484.390000,1000.000000,9.35000
1314,485.420000,300.000000,9.35000
1315,485.430000,5600.000000,9.35000
1316,485.430000,300.000000,9.35000
1317,485.430000,1100.000000,9.35000
1318,485.430000,1000.000000,9.35000
1319,485.430000,2800.000000,9.35000
1320,485.430000,10000.000000,9.35000
1321,485.430000,100.000000,9.35000
1322,485.430000,5900.000000,9.35000
1323,485.430000,200.000000,9.35000
1324,485.430000,1700.000000,9.35000
1325,485.430000,200.000000,9.35000
1326,485.430000,2100.000000,9.35000
1327,485.430000,200.000000,9.35000
1328,485.430000,100.000000,9.35000
1329,485.430000,1000.000000,9.35000
1330,485.430000,200.000000,9.35000
1331,485.430000,200.000000,9.35000
1332,485.430000,1600.000000,9.35000
1333,485.430000,35700.000000,9.36000
1334,486.240000,100.000000,9.35000
1335,486.240000,1000.000000,9.36000
1336,488.000000,200.000000,9.35000
1337,488.000000,5900.000000,9.36000
1338,488.630000,100.000000,9.36000
1339,489.340000,100.000000,9.36000
1340,490.440000,400.000000,9.36000
1341,490.710000,12200.000000,9.36000
1342,491.290000,500.000000,9.36000
1343,493.310000,500.000000,9.34000
1344,493.600000,1400.000000,9.36000
1345,494.330000,100.000000,9.36000
1346,494.620000,100.000000,9.36000
1347,497.060000,2900.000000,9.36000
1348,502.640000,100.000000,9.35000
1349,502.640000,400.000000,9.36000
1350,504.910000,15000.000000,9.36000
1351,504.920000,800.000000,9.36000
1352,505.840000,200.000000,9.36000
1353,506.960000,18900.000000,9.36000
1354,506.960000,1100.000000,9.36000
1355,507.080000,100.000000,9.36000
1356,507.170000,100.000000,9.36000
1357,507.870000,300.000000,9.36000
1358,507.870000,200.000000,9.36000
1359,508.670000,200.000000,9.35000
1360,508.670000,1900.000000,9.36000
1361,508.830000,4000.000000,9.36000
1362,508.830000,1000.000000,9.36000
1363,512.210000,2900.000000,9.36000
1364,514.600000,600.000000,9.36000
1365,514.600000,400.000000,9.36000
1366,515.030000,1900.000000,9.36000
1367,515.030000,6800.000000,9.36000
1368,517.150000,100.000000,9.36000
1369,517.320000,3000.000000,9.36000
1370,518.380000,800.000000,9.36000
1371,518.730000,2700.000000,9.36000
1372,519.450000,200.000000,9.35000
1373,520.090000,300.000000,9.36000
1374,520.090000,1100.000000,9.36000
1375,520.090000,600.000000,9.36000
1376,520.090000,6100.000000,9.36000
1377,520.090000,4500.000000,9.36000
1378,520.090000,1100.000000,9.36000
1379,520.090000,2300.000000,9.36000
1380,520.090000,900.000000,9.36000
1381,520.090000,8100.000000,9.36000
1382,520.690000,1600.000000,9.36000
1383,520.820000,3800.000000,9.35000
1384,520.820000,400.000000,9.35000
1385,522.530000,4000.000000,9.36000
1386,522.530000,900.000000,9.36000
1387,522.530000,100.000000,9.36000
1388,522.680000,100.000000,9.35000
1389,522.680000,500.000000,9.35000
1390,522.680000,500.000000,9.35000
1391,522.810000,1400.000000,9.35000
1392,522.810000,2000.000000,9.36000
1393,522.810000,2300.000000,9.36000
1394,524.960000,700.000000,9.36000
1395,524.960000,2900.000000,9.36000
1396,524.960000,3100.000000,9.36000
1397,524.960000,3000.000000,9.36000
1398,524.960000,100.000000,9.36000
1399,524.960000,2000.000000,9.36000
1400,524.960000,20100.000000,9.36000
1401,524.960000,500.000000,9.36000
1402,524.960000,200.000000,9.36000
1403,524.960000,500.000000,9.36000
1404,524.960000,100.000000,9.36000
1405,524.960000,100.000000,9.36000
1406,524.960000,5000.000000,9.36000
1407,524.960000,200.000000,9.36000
1408,524.960000,500.000000,9.36000
1409,524.960000,5800.000000,9.36000
1410,524.960000,10600.000000,9.36000
1411,525.530000,5000.000000,9.36000
1412,529.890000,200.000000,9.35000
1413,529.890000,1800.000000,9.35000
1414,530.790000,100.000000,9.35000
1415,531.080000,100.000000,9.35000
1416,531.800000,400.000000,9.35000
1417,532.100000,100.000000,9.35000
1418,532.100000,100.000000,9.35000
1419,532.250000,100.000000,9.35000
1420,532.250000,2800.000000,9.36000
1421,532.250000,3000.000000,9.36000
1422,532.250000,200.000000,9.36000
1423,533.500000,2100.000000,9.34000
1424,533.660000,1100.000000,9.34000
1425,533.660000,1000.000000,9.34000
1426,534.700000,1000.000000,9.34000
1427,534.700000,1000.000000,9.34000
1428,534.700000,1000.000000,9.34000
1429,534.700000,300.000000,9.34000
1430,534.700000,900.000000,9.34000
1431,534.800000,800.000000,9.35000
1432,534.900000,400.000000,9.35000
1433,535.580000,1300.000000,9.35000
1434,535.580000,3700.000000,9.36000
1435,535.630000,1000.000000,9.36000
1436,535.880000,100.000000,9.36000
1437,535.880000,100.000000,9.36000
1438,538.960000,1100.000000,9.36000
1439,539.140000,4000.000000,9.36000
1440,539.140000,1000.000000,9.36000
1441,540.490000,100.000000,9.36000
1442,541.230000,900.000000,9.35000
1443,541.230000,300.000000,9.35000
1444,541.230000,900.000000,9.34000
1445,541.670000,200.000000,9.35000
1446,541.670000,200.000000,9.36000
1447,542.160000,2100.000000,9.34000
1448,550.160000,100.000000,9.35000
1449,551.570000,1600.000000,9.35000
1450,551.570000,9900.000000,9.36000
1451,551.570000,5200.000000,9.36000
1452,551.570000,1300.000000,9.36000
1453,551.570000,5000.000000,9.36000
1454,551.570000,200.000000,9.36000
1455,551.570000,10000.000000,9.36000
1456,551.570000,1000.000000,9.36000
1457,551.570000,500.000000,9.36000
1458,551.570000,8500.000000,9.36000
1459,551.570000,1000.000000,9.36000
1460,551.570000,500.000000,9.36000
1461,551.570000,3300.000000,9.36000
1462,552.430000,100.000000,9.35000
1463,553.440000,5200.000000,9.36000
1464,553.440000,5000.000000,9.36000
1465,553.440000,9800.000000,9.36000
1466,554.140000,200.000000,9.36000
1467,554.140000,600.000000,9.36000
1468,554.230000,400.000000,9.36000
1469,554.230000,400.000000,9.36000
1470,556.130000,2000.000000,9.36000
1471,556.690000,300.000000,9.35000
1472,556.690000,1000.000000,9.35000
1473,558.550000,800.000000,9.35000
1474,558.550000,2800.000000,9.36000
1475,560.770000,500.000000,9.36000
1476,563.090000,2000.000000,9.36000
1477,563.430000,200.000000,9.35000
1478,563.580000,3000.000000,9.36000
1479,563.910000,1900.000000,9.35000
1480,563.910000,2300.000000,9.34000
1481,564.190000,1000.000000,9.36000
1482,564.810000,800.000000,9.36000
1483,564.870000,1100.000000,9.36000
1484,567.060000,400.000000,9.36000
1485,567.740000,600.000000,9.36000
1486,572.390000,1400.000000,9.36000
1487,572.850000,300.000000,9.36000
1488,573.290000,1100.000000,9.36000
1489,573.730000,1000.000000,9.36000
1490,574.710000,200.000000,9.35000
1491,575.020000,1000.000000,9.36000
1492,576.860000,3500.000000,9.36000
1493,576.890000,700.000000,9.36000
1494,577.300000,3000.000000,9.36000
1495,583.170000,300.000000,9.36000
1496,585.040000,3000.000000,9.35000
1497,585.040000,200.000000,9.35000
1498,585.040000,3000.000000,9.35000
1499,585.040000,1000.000000,9.35000
1500,588.210000,3800.000000,9.34000
1501,588.210000,200.000000,9.34000
1502,588.210000,1000.000000,9.34000
1503,588.210000,500.000000,9.34000
1504,588.210000,1000.000000,9.34000
1505,588.210000,1900.000000,9.34000
1506,588.210000,200.000000,9.34000
1507,588.210000,1000.000000,9.34000
1508,588.210000,5000.000000,9.34000
1509,588.210000,1000.000000,9.34000
1510,588.210000,200.000000,9.34000
1511,588.210000,1000.000000,9.34000
1512,588.210000,700.000000,9.34000
1513,588.730000,1100.000000,9.35000
1514,589.920000,300.000000,9.34000
1515,589.920000,5000.000000,9.34000
1516,589.920000,5000.000000,9.34000
1517,589.920000,2000.000000,9.34000
1518,589.920000,4000.000000,9.34000
1519,591.390000,5900.000000,9.34000
1520,591.720000,100.000000,9.34000
1521,591.720000,2900.000000,9.34000
1522,593.210000,1000.000000,9.35000
1523,593.320000,1700.000000,9.34000
1524,594.450000,200.000000,9.35000
1525,594.450000,4600.000000,9.34000
1526,594.490000,200.000000,9.34000
1527,594.510000,2000.000000,9.35000
1528,596.700000,200.000000,9.34000
1529,597.170000,2200.000000,9.34000
1530,597.220000,1500.000000,9.34000
1531,600.350000,700.000000,9.34000
1532,601.750000,1000.000000,9.34000
1533,602.590000,900.000000,9.34000
1534,602.820000,16100.000000,9.34000
1535,603.300000,200.000000,9.34000
1536,603.330000,200.000000,9.35000
1537,603.820000,200.000000,9.34000
1538,604.030000,500.000000,9.34000
1539,604.660000,1600.000000,9.35000
1540,607.390000,200.000000,9.34000
1541,607.930000,800.000000,9.34000
1542,608.590000,7500.000000,9.35000
1543,609.910000,3000.000000,9.34000
1544,611.230000,1000.000000,9.34000
1545,612.080000,300.000000,9.34000
1546,612.720000,5000.000000,9.34000
1547,614.730000,500.000000,9.35000
1548,615.290000,1500.000000,9.35000
1549,616.630000,900.000000,9.34000
1550,616.720000,100.000000,9.35000
1551,618.370000,200.000000,9.34000
1552,620.170000,2200.000000,9.35000
1553,620.340000,1500.000000,9.34000
1554,620.860000,4600.000000,9.34000
1555,621.210000,1000.000000,9.34000
1556,621.340000,200.000000,9.34000
1557,621.440000,2200.000000,9.34000
1558,621.760000,1900.000000,9.34000
1559,621.910000,4000.000000,9.35000
1560,622.570000,1500.000000,9.34000
1561,622.930000,200.000000,9.35000
1562,626.370000,400.000000,9.34000
1563,627.500000,1300.000000,9.34000
1564,629.320000,3000.000000,9.35000
1565,629.490000,200.000000,9.34000
1566,631.170000,2400.000000,9.35000
1567,631.890000,2000.000000,9.35000
1568,632.920000,10000.000000,9.34000
1569,633.960000,100.000000,9.34000
1570,634.120000,100.000000,9.34000
1571,634.600000,500.000000,9.35000
1572,636.040000,700.000000,9.34000
1573,636.040000,500.000000,9.34000
1574,636.040000,500.000000,9.34000
1575,636.850000,500.000000,9.34000
1576,639.550000,3700.000000,9.34000
1577,640.540000,200.000000,9.34000
1578,640.660000,100.000000,9.35000
1579,642.960000,500.000000,9.35000
1580,643.400000,2000.000000,9.35000
1581,644.220000,1000.000000,9.35000
1582,644.320000,200.000000,9.35000
1583,645.870000,5100.000000,9.34000
1584,645.870000,700.000000,9.34000
1585,645.870000,800.000000,9.34000
1586,645.870000,800.000000,9.34000
1587,645.870000,2300.000000,9.34000
1588,645.870000,100.000000,9.34000
1589,645.870000,6200.000000,9.34000
1590,648.450000,2800.000000,9.34000
1591,651.630000,100.000000,9.34000
1592,652.580000,900.000000,9.34000
1593,652.580000,100.000000,9.34000
1594,653.650000,400.000000,9.34000
1595,653.790000,500.000000,9.34000
1596,654.790000,2200.000000,9.34000
1597,654.790000,200.000000,9.34000
1598,654.890000,500.000000,9.35000
1599,655.550000,100.000000,9.34000
1600,656.200000,1000.000000,9.34000
1601,656.200000,700.000000,9.34000
1602,657.560000,800.000000,9.35000
1603,657.970000,2000.000000,9.35000
1604,658.900000,1300.000000,9.34000
1605,658.900000,3700.000000,9.34000
1606,659.090000,200.000000,9.34000
1607,660.870000,1100.000000,9.34000
1608,660.870000,500.000000,9.34000
1609,660.870000,4400.000000,9.34000
1610,661.300000,700.000000,9.34000
1611,662.380000,1000.000000,9.35000
1612,663.640000,200.000000,9.34000
1613,665.060000,900.000000,9.34000
1614,666.960000,500.000000,9.35000
1615,667.630000,5500.000000,9.34000
1616,668.610000,100.000000,9.34000
1617,671.560000,4000.000000,9.34000
1618,672.220000,25200.000000,9.34000
1619,672.220000,1000.000000,9.34000
1620,672.220000,1000.000000,9.34000
1621,672.220000,200.000000,9.34000
1622,672.220000,2000.000000,9.34000
1623,672.220000,3500.000000,9.34000
1624,672.540000,9800.000000,9.34000
1625,673.220000,3000.000000,9.35000
1626,674.640000,200.000000,9.34000
1627,677.100000,100.000000,9.35000
1628,678.230000,5000.000000,9.35000
1629,680.860000,800.000000,9.34000
1630,682.070000,800.000000,9.35000
1631,683.480000,1000.000000,9.35000
1632,684.050000,1000.000000,9.35000
1633,685.470000,200.000000,9.34000
1634,686.430000,400.000000,9.35000
1635,687.280000,5000.000000,9.35000
1636,687.890000,10000.000000,9.35000
1637,689.720000,3600.000000,9.34000
1638,689.900000,600.000000,9.35000
1639,691.630000,800.000000,9.34000
1640,692.340000,13100.000000,9.34000
1641,692.870000,28000.000000,9.34000
1642,694.010000,200.000000,9.34000
1643,694.100000,200.000000,9.35000
1644,694.230000,2600.000000,9.34000
1645,694.400000,47000.000000,9.35000
1646,695.830000,2000.000000,9.35000
1647,696.570000,200.000000,9.34000
1648,697.330000,1500.000000,9.35000
1649,699.590000,500.000000,9.34000
1650,700.260000,600.000000,9.34000
1651,704.090000,400.000000,9.35000
1652,704.940000,2500.000000,9.34000
1653,705.330000,600.000000,9.35000
1654,706.290000,1400.000000,9.34000
1655,707.900000,200.000000,9.34000
1656,708.280000,300.000000,9.35000
1657,708.970000,1800.000000,9.34000
1658,708.970000,500.000000,9.34000
1659,708.970000,300.000000,9.34000
1660,708.970000,100.000000,9.34000
1661,708.970000,100.000000,9.34000
1662,709.820000,2200.000000,9.35000
1663,712.800000,200.000000,9.34000
1664,714.680000,3900.000000,9.34000
1665,715.240000,400.000000,9.34000
1666,715.810000,100.000000,9.34000
1667,716.090000,1100.000000,9.34000
1668,717.430000,500.000000,9.34000
1669,718.600000,100.000000,9.34000
1670,719.920000,100.000000,9.34000
1671,719.920000,100.000000,9.34000
1672,719.920000,100.000000,9.34000
1673,719.920000,600.000000,9.34000
1674,719.920000,1100.000000,9.34000
1675,721.890000,800.000000,9.34000
1676,721.890000,400.000000,9.34000
1677,724.060000,9600.000000,9.35000
1678,725.310000,1600.000000,9.34000
1679,725.310000,2600.000000,9.34000
1680,725.660000,200.000000,9.34000
1681,725.660000,100.000000,9.34000
1682,726.180000,400.000000,9.35000
1683,729.180000,10000.000000,9.35000
1684,729.510000,200.000000,9.34000
1685,730.000000,100.000000,9.35000
1686,730.900000,1400.000000,9.35000
1687,731.720000,600.000000,9.35000
1688,732.080000,100.000000,9.34000
1689,732.190000,1400.000000,9.35000
1690,737.690000,100.000000,9.34000
1691,738.140000,400.000000,9.34000
1692,739.900000,100.000000,9.35000
1693,740.520000,200.000000,9.34000
1694,741.210000,1300.000000,9.35000
1695,741.920000,4000.000000,9.35000
1696,744.110000,1600.000000,9.35000
1697,744.110000,400.000000,9.35000
1698,744.130000,1900.000000,9.35000
1699,746.010000,500.000000,9.35000
1700,746.120000,2000.000000,9.35000
1701,746.180000,100.000000,9.35000
1702,747.120000,4000.000000,9.35000
1703,747.430000,300.000000,9.35000
1704,747.430000,200.000000,9.35000
1705,748.230000,73200.000000,9.35000
1706,748.230000,6700.000000,9.35000
1707,748.230000,8000.000000,9.35000
1708,748.230000,200.000000,9.35000
1709,748.230000,500.000000,9.35000
1710,748.230000,3100.000000,9.35000
1711,748.320000,100.000000,9.34000
1712,749.770000,2200.000000,9.35000
1713,749.770000,1500.000000,9.35000
1714,750.100000,900.000000,9.35000
1715,750.160000,100.000000,9.35000
1716,750.280000,300.000000,9.35000
1717,750.280000,200.000000,9.35000
1718,750.280000,1700.000000,9.35000
1719,750.280000,7800.000000,9.35000
1720,750.320000,100.000000,9.35000
1721,750.410000,100.000000,9.35000
1722,750.870000,7600.000000,9.35000
1723,750.870000,4500.000000,9.35000
1724,750.870000,4000.000000,9.35000
1725,750.870000,6700.000000,9.35000
1726,750.870000,500.000000,9.35000
1727,750.870000,8000.000000,9.35000
1728,750.870000,200.000000,9.35000
1729,750.870000,4500.000000,9.35000
1730,750.870000,5300.000000,9.35000
1731,750.870000,1700.000000,9.35000
1732,750.870000,15600.000000,9.35000
1733,750.870000,2400.000000,9.35000
1734,750.870000,200.000000,9.35000
1735,751.250000,1000.000000,9.35000
1736,751.420000,400.000000,9.35000
1737,751.420000,400.000000,9.35000
1738,751.420000,200.000000,9.35000
1739,751.780000,100.000000,9.34000
1740,751.780000,100.000000,9.34000
1741,751.800000,800.000000,9.35000
1742,751.800000,800.000000,9.35000
1743,751.970000,2000.000000,9.35000
1744,752.300000,3000.000000,9.35000
1745,754.930000,600.000000,9.34000
1746,755.360000,100.000000,9.35000
1747,756.390000,100.000000,9.35000
1748,762.520000,200.000000,9.34000
1749,763.010000,2000.000000,9.35000
1750,763.090000,1400.000000,9.34000
1751,764.170000,100.000000,9.35000
1752,767.770000,14200.000000,9.35000
1753,767.770000,1100.000000,9.35000
1754,767.770000,1700.000000,9.35000
1755,767.770000,800.000000,9.35000
1756,767.770000,1000.000000,9.35000
1757,767.770000,2000.000000,9.35000
1758,767.770000,1200.000000,9.35000
1759,767.770000,500.000000,9.35000
1760,767.770000,200.000000,9.35000
1761,767.770000,2800.000000,9.35000
1762,767.770000,200.000000,9.35000
1763,767.770000,3400.000000,9.35000
1764,767.770000,1100.000000,9.35000
1765,767.770000,500.000000,9.35000
1766,767.770000,3000.000000,9.35000
1767,767.770000,5000.000000,9.35000
1768,767.770000,200.000000,9.35000
1769,767.770000,11100.000000,9.35000
1770,769.380000,200.000000,9.35000
1771,769.380000,1800.000000,9.35000
1772,773.310000,600.000000,9.35000
1773,773.550000,100.000000,9.34000
1774,776.860000,700.000000,9.35000
1775,777.540000,300.000000,9.35000
1776,777.540000,1000.000000,9.35000
1777,777.940000,400.000000,9.35000
1778,778.130000,1600.000000,9.35000
1779,778.130000,200.000000,9.35000
1780,778.130000,400.000000,9.35000
1781,778.130000,100.000000,9.35000
1782,778.130000,500.000000,9.35000
1783,779.270000,200.000000,9.35000
1784,779.400000,74200.000000,9.35000
1785,779.400000,3400.000000,9.35000
1786,779.400000,3000.000000,9.35000
1787,779.400000,5200.000000,9.35000
1788,779.400000,7500.000000,9.35000
1789,779.400000,1000.000000,9.35000
1790,779.400000,4000.000000,9.35000
1791,779.400000,1700.000000,9.35000
1792,780.340000,500.000000,9.35000
1793,782.160000,200.000000,9.34000
1794,783.030000,1000.000000,9.35000
1795,783.170000,100.000000,9.35000
1796,783.710000,500.000000,9.35000
1797,784.050000,100.000000,9.35000
1798,784.340000,200.000000,9.34000
1799,789.910000,1000.000000,9.35000
1800,790.060000,200.000000,9.35000
1801,790.940000,1000.000000,9.35000
1802,790.940000,6800.000000,9.35000
1803,790.940000,2100.000000,9.35000
1804,790.940000,900.000000,9.35000
1805,791.650000,300.000000,9.35000
1806,791.650000,600.000000,9.35000
1807,791.650000,100.000000,9.35000
1808,792.130000,500.000000,9.35000
1809,792.580000,700.000000,9.35000
1810,792.580000,9300.000000,9.35000
1811,792.830000,300.000000,9.35000
1812,794.110000,200.000000,9.34000
1813,794.110000,1500.000000,9.34000
1814,794.960000,1000.000000,9.35000
1815,795.490000,1000.000000,9.35000
1816,795.700000,200.000000,9.34000
1817,796.860000,2200.000000,9.34000
1818,797.420000,1100.000000,9.35000
1819,798.220000,200.000000,9.35000
1820,798.220000,1500.000000,9.35000
1821,798.220000,3200.000000,9.35000
1822,798.220000,1700.000000,9.35000
1823,798.670000,500.000000,9.35000
1824,800.510000,300.000000,9.35000
1825,800.700000,900.000000,9.35000
1826,800.700000,200.000000,9.35000
1827,801.700000,400.000000,9.35000
1828,802.000000,1300.000000,9.35000
1829,802.000000,900.000000,9.35000
1830,802.000000,100.000000,9.35000
1831,802.000000,2500.000000,9.35000
1832,802.000000,15200.000000,9.35000
1833,802.500000,1600.000000,9.35000
1834,803.820000,3000.000000,9.35000
1835,804.340000,1000.000000,9.35000
1836,806.430000,200.000000,9.34000
1837,807.070000,100.000000,9.35000
1838,807.740000,7800.000000,9.35000
1839,809.160000,5000.000000,9.35000
1840,813.880000,4500.000000,9.35000
1841,815.420000,500.000000,9.35000
1842,815.730000,1000.000000,9.35000
1843,817.350000,400.000000,9.35000
1844,817.460000,100.000000,9.34000
1845,817.950000,10000.000000,9.35000
1846,819.860000,1800.000000,9.34000
1847,822.240000,10000.000000,9.35000
1848,823.850000,500.000000,9.35000
1849,824.100000,1000.000000,9.35000
1850,824.150000,1000.000000,9.35000
1851,824.250000,37400.000000,9.35000
1852,824.250000,2100.000000,9.35000
1853,824.250000,2800.000000,9.35000
1854,824.250000,100.000000,9.35000
1855,824.250000,20600.000000,9.35000
1856,826.540000,100.000000,9.35000
1857,827.100000,1000.000000,9.35000
1858,828.680000,200.000000,9.34000
1859,829.060000,3300.000000,9.35000
1860,829.060000,5500.000000,9.35000
1861,829.060000,1200.000000,9.35000
1862,829.490000,700.000000,9.35000
1863,829.490000,2400.000000,9.35000
1864,829.490000,1000.000000,9.35000
1865,829.490000,1700.000000,9.35000
1866,829.490000,2500.000000,9.35000
1867,829.490000,4000.000000,9.35000
1868,829.490000,3200.000000,9.35000
1869,829.490000,100.000000,9.35000
1870,829.490000,3300.000000,9.35000
1871,829.490000,600.000000,9.35000
1872,829.490000,700.000000,9.35000
1873,829.490000,500.000000,9.35000
1874,829.490000,9300.000000,9.35000
1875,832.110000,200.000000,9.35000
1876,832.670000,300.000000,9.35000
1877,834.140000,800.000000,9.34000
1878,834.140000,800.000000,9.34000
1879,834.140000,800.000000,9.34000
1880,834.140000,1100.000000,9.34000
1881,834.140000,600.000000,9.34000
1882,834.140000,300.000000,9.34000
1883,834.140000,600.000000,9.34000
1884,834.140000,3000.000000,9.34000
1885,834.140000,700.000000,9.34000
1886,834.140000,2000.000000,9.34000
1887,834.190000,200.000000,9.35000
1888,834.450000,5300.000000,9.34000
1889,834.460000,700.000000,9.34000
1890,834.460000,800.000000,9.34000
1891,834.460000,2500.000000,9.34000
1892,834.460000,1500.000000,9.34000
1893,834.460000,800.000000,9.34000
1894,834.460000,3300.000000,9.34000
1895,834.460000,200.000000,9.34000
1896,834.460000,5000.000000,9.34000
1897,834.460000,1000.000000,9.34000
1898,834.460000,1800.000000,9.34000
1899,834.500000,1200.000000,9.34000
1900,834.560000,400.000000,9.34000
1901,835.850000,100.000000,9.35000
1902,837.190000,1000.000000,9.34000
1903,837.190000,200.000000,9.34000
1904,837.190000,500.000000,9.34000
1905,837.190000,600.000000,9.34000
1906,837.190000,300.000000,9.34000
1907,837.190000,1100.000000,9.34000
1908,837.190000,700.000000,9.34000
1909,837.190000,100.000000,9.34000
1910,837.190000,1000.000000,9.34000
1911,837.190000,5500.000000,9.34000
1912,838.340000,1300.000000,9.35000
1913,839.820000,3700.000000,9.34000
1914,839.970000,200.000000,9.34000
1915,840.250000,100.000000,9.34000
1916,840.270000,1000.000000,9.35000
1917,840.430000,500.000000,9.34000
1918,840.430000,2000.000000,9.34000
1919,840.430000,1000.000000,9.34000
1920,840.430000,100.000000,9.34000
1921,843.520000,200.000000,9.34000
1922,843.520000,100.000000,9.34000
1923,843.520000,100.000000,9.34000
1924,844.070000,1300.000000,9.34000
1925,844.070000,100.000000,9.34000
1926,844.340000,2500.000000,9.35000
1927,845.370000,1000.000000,9.34000
1928,846.730000,1900.000000,9.34000
1929,846.730000,200.000000,9.34000
1930,847.880000,1200.000000,9.34000
1931,847.880000,1000.000000,9.34000
1932,848.870000,500.000000,9.35000
1933,849.430000,3400.000000,9.34000
1934,849.430000,700.000000,9.34000
1935,849.430000,100.000000,9.34000
1936,849.430000,800.000000,9.34000
1937,849.430000,1000.000000,9.34000
1938,849.430000,100000.000000,9.34000
1939,849.430000,2200.000000,9.34000
1940,849.430000,1000.000000,9.34000
1941,849.430000,12800.000000,9.34000
1942,849.430000,47000.000000,9.34000
1943,849.430000,400.000000,9.34000
1944,849.430000,1000.000000,9.34000
1945,849.430000,500.000000,9.34000
1946,849.430000,3000.000000,9.34000
1947,849.430000,200.000000,9.34000
1948,849.430000,600.000000,9.34000
1949,849.430000,300.000000,9.34000
1950,849.430000,1000.000000,9.34000
1951,849.430000,100.000000,9.34000
1952,849.430000,100.000000,9.34000
1953,849.430000,33000.000000,9.34000
1954,849.810000,100.000000,9.34000
1955,849.900000,1000.000000,9.35000
1956,850.120000,5800.000000,9.35000
1957,850.120000,3800.000000,9.35000
1958,850.120000,500.000000,9.35000
1959,850.120000,1100.000000,9.35000
1960,850.120000,3800.000000,9.35000
1961,850.120000,2700.000000,9.35000
1962,850.120000,200.000000,9.35000
1963,850.120000,4000.000000,9.35000
1964,850.120000,1400.000000,9.35000
1965,850.120000,8900.000000,9.35000
1966,850.120000,2700.000000,9.35000
1967,850.120000,5700.000000,9.35000
1968,850.120000,900.000000,9.35000
1969,850.120000,300.000000,9.35000
1970,850.120000,2500.000000,9.35000
1971,850.120000,500.000000,9.35000
1972,850.120000,1700.000000,9.35000
1973,850.120000,1000.000000,9.35000
1974,850.120000,1600.000000,9.35000
1975,850.120000,1000.000000,9.35000
1976,850.120000,300.000000,9.35000
1977,850.120000,400.000000,9.35000
1978,850.120000,200.000000,9.35000
1979,850.120000,1200.000000,9.35000
1980,850.120000,1400.000000,9.35000
1981,850.120000,300.000000,9.35000
1982,850.120000,100.000000,9.35000
1983,850.120000,1500.000000,9.35000
1984,850.120000,300.000000,9.35000
1985,850.120000,300.000000,9.35000
1986,850.120000,1700.000000,9.35000
1987,850.120000,2100.000000,9.35000
1988,850.440000,200.000000,9.34000
1989,852.160000,200.000000,9.34000
1990,852.400000,100.000000,9.35000
1991,852.400000,200.000000,9.35000
1992,853.100000,100.000000,9.34000
1993,853.190000,100.000000,9.35000
1994,853.190000,2500.000000,9.35000
1995,853.190000,200.000000,9.35000
1996,853.190000,1000.000000,9.35000
1997,853.190000,1400.000000,9.35000
1998,853.190000,200.000000,9.35000
1999,853.190000,2300.000000,9.35000
2000,853.190000,2300.000000,9.35000
2001,854.560000,100.000000,9.34000
2002,854.970000,5600.000000,9.34000
2003,855.150000,7700.000000,9.34000
2004,855.150000,100.000000,9.34000
2005,855.510000,1900.000000,9.34000
2006,855.510000,1400.000000,9.34000
2007,855.510000,500.000000,9.34000
2008,855.510000,2000.000000,9.34000
2009,855.510000,200.000000,9.34000
2010,855.510000,1000.000000,9.34000
2011,855.510000,5600.000000,9.34000
2012,855.510000,700.000000,9.34000
2013,855.510000,4200.000000,9.34000
2014,857.530000,100.000000,9.35000
2015,857.530000,69900.000000,9.35000
2016,858.010000,100.000000,9.34000
2017,858.080000,300.000000,9.34000
2018,861.070000,100.000000,9.34000
2019,861.070000,2100.000000,9.34000
2020,861.530000,100.000000,9.34000
2021,861.620000,300.000000,9.34000
2022,862.690000,200.000000,9.34000
2023,862.990000,100.000000,9.34000
2024,863.420000,2200.000000,9.34000
2025,863.420000,1000.000000,9.34000
2026,863.420000,1500.000000,9.34000
2027,863.420000,500.000000,9.34000
2028,863.420000,700.000000,9.34000
2029,863.420000,3300.000000,9.34000
2030,865.770000,500.000000,9.34000
2031,865.780000,13800.000000,9.35000
2032,866.080000,100.000000,9.35000
2033,866.740000,1200.000000,9.34000
2034,866.740000,100.000000,9.34000
2035,866.740000,500.000000,9.34000
2036,866.740000,3200.000000,9.34000
2037,868.630000,1600.000000,9.34000
2038,870.110000,2400.000000,9.34000
2039,870.160000,2800.000000,9.34000
2040,870.160000,2100.000000,9.34000
2041,870.160000,100.000000,9.34000
2042,870.160000,4500.000000,9.34000
2043,870.160000,200.000000,9.34000
2044,870.160000,10000.000000,9.34000
2045,870.160000,1000.000000,9.34000
2046,870.160000,2000.000000,9.34000
2047,870.160000,500.000000,9.34000
2048,870.160000,1800.000000,9.34000
2049,870.160000,10000.000000,9.34000
2050,870.160000,2000.000000,9.34000
2051,870.160000,700.000000,9.34000
2052,870.160000,3700.000000,9.34000
2053,870.160000,100.000000,9.34000
2054,870.160000,500.000000,9.34000
2055,870.160000,1600.000000,9.34000
2056,870.160000,500.000000,9.34000
2057,870.160000,1000.000000,9.34000
2058,870.160000,800.000000,9.34000
2059,870.160000,500.000000,9.34000
2060,870.160000,1000.000000,9.34000
2061,870.160000,9000.000000,9.34000
2062,870.540000,3500.000000,9.34000
2063,871.190000,1300.000000,9.34000
2064,871.190000,2800.000000,9.34000
2065,871.190000,400.000000,9.34000
2066,871.880000,1100.000000,9.34000
2067,872.080000,1000.000000,9.34000
2068,872.420000,200.000000,9.34000
2069,872.930000,100.000000,9.34000
2070,873.000000,900.000000,9.34000
2071,873.100000,1000.000000,9.34000
2072,873.120000,900.000000,9.34000
2073,873.120000,1100.000000,9.34000
2074,873.270000,11100.000000,9.34000
2075,873.370000,12200.000000,9.34000
2076,873.370000,1000.000000,9.34000
2077,873.370000,5000.000000,9.34000
2078,873.490000,5000.000000,9.34000
2079,873.490000,4900.000000,9.34000
2080,873.520000,2200.000000,9.34000
2081,873.520000,700.000000,9.34000
2082,873.520000,6500.000000,9.34000
2083,873.520000,200.000000,9.34000
2084,873.520000,5300.000000,9.34000
2085,873.520000,500.000000,9.34000
2086,873.520000,1600.000000,9.34000
2087,873.520000,1000.000000,9.34000
2088,873.520000,200.000000,9.34000
2089,873.520000,1800.000000,9.34000
2090,874.150000,1200.000000,9.34000
2091,874.160000,500.000000,9.34000
2092,876.010000,200.000000,9.35000
2093,876.130000,9600.000000,9.34000
2094,876.130000,400.000000,9.34000
2095,876.130000,1300.000000,9.34000
2096,876.350000,2400.000000,9.34000
2097,876.350000,5000.000000,9.34000
2098,876.350000,1000.000000,9.34000
2099,876.350000,32100.000000,9.34000
2100,877.930000,100.000000,9.34000
2101,877.960000,600.000000,9.35000
2102,878.610000,1400.000000,9.34000
2103,879.140000,22000.000000,9.34000
2104,879.280000,2000.000000,9.34000
2105,879.640000,22400.000000,9.34000
2106,879.640000,1800.000000,9.34000
2107,879.640000,200.000000,9.34000
2108,879.640000,2000.000000,9.34000
2109,879.650000,3000.000000,9.34000
2110,879.650000,1100.000000,9.34000
2111,879.650000,10000.000000,9.34000
2112,879.650000,10000.000000,9.34000
2113,879.650000,100.000000,9.34000
2114,879.650000,1400.000000,9.34000
2115,882.240000,8600.000000,9.34000
2116,882.240000,900.000000,9.34000
2117,882.330000,600.000000,9.34000
2118,882.330000,200.000000,9.34000
2119,882.330000,1000.000000,9.34000
2120,882.330000,3300.000000,9.34000
2121,882.330000,4900.000000,9.34000
2122,882.510000,1700.000000,9.34000
2123,882.830000,500.000000,9.34000
2124,882.860000,100.000000,9.34000
2125,883.020000,5400.000000,9.34000
2126,883.030000,1200.000000,9.34000
2127,883.030000,4700.000000,9.34000
2128,883.030000,200.000000,9.34000
2129,883.030000,1000.000000,9.34000
2130,883.030000,800.000000,9.34000
2131,883.030000,1000.000000,9.34000
2132,883.030000,300.000000,9.34000
2133,883.030000,200.000000,9.34000
2134,883.030000,300.000000,9.34000
2135,883.390000,500.000000,9.34000
2136,883.590000,200.000000,9.34000
2137,883.940000,600.000000,9.34000
2138,883.940000,500.000000,9.34000
2139,883.940000,4500.000000,9.34000
2140,883.940000,1000.000000,9.34000
2141,883.940000,300.000000,9.34000
2142,883.940000,300.000000,9.34000
2143,883.940000,300.000000,9.34000
2144,883.940000,200.000000,9.34000
2145,883.940000,300.000000,9.34000
2146,883.940000,100.000000,9.34000
2147,883.940000,1000.000000,9.34000
2148,883.940000,600.000000,9.34000
2149,883.940000,600.000000,9.34000
2150,883.940000,9300.000000,9.34000
2151,884.330000,2000.000000,9.34000
2152,884.970000,100.000000,9.34000
2153,885.210000,13600.000000,9.34000
2154,885.500000,1300.000000,9.34000
2155,885.650000,3000.000000,9.34000
2156,885.840000,800.000000,9.34000
2157,885.970000,2100.000000,9.34000
2158,886.100000,1700.000000,9.34000
2159,886.240000,10000.000000,9.35000
2160,886.480000,600.000000,9.34000
2161,887.020000,200.000000,9.34000
2162,887.020000,1800.000000,9.34000
2163,887.520000,9400.000000,9.34000
2164,888.060000,4700.000000,9.34000
2165,888.160000,37.000000,9.34000
2166,888.330000,9263.000000,9.34000
2167,888.330000,500.000000,9.34000
2168,888.330000,5000.000000,9.34000
2169,888.330000,400.000000,9.34000
2170,888.330000,2100.000000,9.34000
2171,888.330000,100.000000,9.34000
2172,888.330000,5000.000000,9.34000
2173,888.330000,737.000000,9.34000
2174,888.360000,100.000000,9.34000
2175,888.580000,163.000000,9.34000
2176,888.580000,5100.000000,9.34000
2177,888.580000,3600.000000,9.34000
2178,888.580000,19000.000000,9.34000
2179,888.580000,57200.000000,9.33000
2180,888.580000,1000.000000,9.33000
2181,888.580000,1000.000000,9.33000
2182,888.580000,1000.000000,9.33000
2183,888.580000,100.000000,9.33000
2184,888.580000,2000.000000,9.33000
2185,888.580000,2000.000000,9.33000
2186,888.580000,17500.000000,9.33000
2187,888.580000,5000.000000,9.33000
2188,888.580000,1000.000000,9.33000
2189,888.580000,200.000000,9.33000
2190,888.580000,10000.000000,9.33000
2191,888.580000,1000.000000,9.33000
2192,888.580000,100.000000,9.33000
2193,888.580000,300.000000,9.33000
2194,888.580000,200.000000,9.33000
2195,888.580000,1000.000000,9.33000
2196,888.580000,2000.000000,9.33000
2197,888.580000,300.000000,9.33000
2198,888.580000,1000.000000,9.33000
2199,888.580000,1000.000000,9.33000
2200,888.580000,500.000000,9.33000
2201,888.580000,200.000000,9.33000
2202,888.580000,3000.000000,9.33000
2203,888.580000,100.000000,9.33000
2204,888.580000,17500.000000,9.33000
2205,888.580000,1000.000000,9.33000
2206,888.580000,1000.000000,9.33000
2207,888.580000,2500.000000,9.33000
2208,888.580000,5000.000000,9.33000
2209,888.580000,2737.000000,9.33000
2210,888.610000,700.000000,9.33000
2211,889.430000,1100.000000,9.33000
2212,889.820000,34463.000000,9.33000
2213,889.820000,6100.000000,9.33000
2214,889.820000,1200.000000,9.33000
2215,889.820000,600.000000,9.33000
2216,889.820000,500.000000,9.33000
2217,889.820000,1600.000000,9.33000
2218,889.820000,100.000000,9.33000
2219,889.820000,400.000000,9.33000
2220,889.820000,1337.000000,9.33000
2221,890.500000,1663.000000,9.33000
2222,890.500000,500.000000,9.33000
2223,890.500000,1000.000000,9.33000
2224,890.500000,1000.000000,9.33000
2225,890.500000,500.000000,9.33000
2226,890.500000,300.000000,9.33000
2227,890.500000,200.000000,9.33000
2228,890.500000,1600.000000,9.33000
2229,890.500000,1000.000000,9.33000
2230,890.500000,1000.000000,9.33000
2231,890.500000,1000.000000,9.33000
2232,890.500000,200.000000,9.33000
2233,890.500000,37.000000,9.33000
2234,891.100000,463.000000,9.33000
2235,891.100000,2037.000000,9.33000
2236,891.170000,763.000000,9.33000
2237,891.170000,400.000000,9.33000
2238,891.170000,300.000000,9.33000
2239,891.170000,2000.000000,9.33000
2240,891.170000,8237.000000,9.33000
2241,891.170000,900.000000,9.33000
2242,891.530000,38900.000000,9.33000
2243,891.760000,50000.000000,9.34000
2244,891.760000,6500.000000,9.34000
2245,892.510000,100.000000,9.33000
2246,894.050000,1200.000000,9.33000
2247,894.170000,1300.000000,9.33000
2248,894.260000,1300.000000,9.33000
2249,894.310000,7900.000000,9.33000
2250,894.590000,200.000000,9.33000
2251,895.850000,2500.000000,9.33000
2252,895.970000,200.000000,9.33000
2253,896.280000,2300.000000,9.33000
2254,896.620000,4963.000000,9.33000
2255,896.620000,8437.000000,9.33000
2256,896.760000,300.000000,9.34000
2257,896.860000,1563.000000,9.33000
2258,896.860000,2000.000000,9.33000
2259,896.860000,1000.000000,9.33000
2260,896.860000,400.000000,9.33000
2261,896.860000,100.000000,9.33000
2262,896.860000,1737.000000,9.33000
2263,897.080000,1463.000000,9.33000
2264,897.080000,2437.000000,9.33000
2265,897.140000,1763.000000,9.33000
2266,897.140000,837.000000,9.33000
2267,897.260000,2163.000000,9.33000
2268,897.260000,1000.000000,9.33000
2269,897.260000,2000.000000,9.33000
2270,897.260000,1900.000000,9.33000
2271,897.260000,300.000000,9.33000
2272,897.260000,300.000000,9.33000
2273,897.260000,500.000000,9.33000
2274,897.260000,1500.000000,9.33000
2275,897.260000,337.000000,9.33000
2276,897.290000,1263.000000,9.33000
2277,897.290000,1000.000000,9.33000
2278,897.290000,1000.000000,9.33000
2279,897.290000,500.000000,9.33000
2280,897.290000,1200.000000,9.33000
2281,897.290000,1600.000000,9.33000
2282,897.290000,3000.000000,9.33000
2283,897.290000,1137.000000,9.33000
2284,897.860000,1263.000000,9.33000
2285,897.860000,100.000000,9.33000
2286,897.860000,1637.000000,9.33000
2287,898.450000,8400.000000,9.33000
2288,898.510000,2100.000000,9.33000
2289,899.820000,50000.000000,9.33000
2290,899.860000,200.000000,9.34000
2291,900.310000,9600.000000,9.33000
2292,900.520000,5000.000000,9.33000
2293,901.420000,2900.000000,9.33000
2294,901.560000,6200.000000,9.33000
2295,901.680000,2000.000000,9.33000
2296,902.160000,1800.000000,9.33000
2297,902.470000,10363.000000,9.33000
2298,902.470000,1000.000000,9.33000
2299,902.470000,600.000000,9.33000
2300,902.470000,2000.000000,9.33000
2301,902.470000,1600.000000,9.33000
2302,902.470000,600.000000,9.33000
2303,902.470000,20000.000000,9.33000
2304,902.470000,1000.000000,9.33000
2305,902.470000,4000.000000,9.33000
2306,902.470000,600.000000,9.33000
2307,902.470000,1000.000000,9.33000
2308,902.470000,500.000000,9.33000
2309,902.470000,3337.000000,9.33000
2310,903.080000,32100.000000,9.33000
2311,903.080000,25363.000000,9.33000
2312,903.080000,1000.000000,9.33000
2313,903.080000,6100.000000,9.33000
2314,903.080000,100.000000,9.33000
2315,903.080000,200.000000,9.33000
2316,903.080000,1000.000000,9.33000
2317,903.080000,2000.000000,9.33000
2318,903.080000,1000.000000,9.33000
2319,903.080000,4000.000000,9.33000
2320,903.080000,500.000000,9.33000
2321,903.080000,1900.000000,9.33000
2322,903.080000,37.000000,9.33000
2323,903.160000,163.000000,9.33000
2324,903.160000,3500.000000,9.33000
2325,903.160000,5000.000000,9.33000
2326,903.160000,3000.000000,9.33000
2327,903.160000,500.000000,9.33000
2328,903.160000,400.000000,9.33000
2329,903.160000,3500.000000,9.33000
2330,903.160000,737.000000,9.33000
2331,903.460000,500.000000,9.33000
2332,904.100000,2763.000000,9.33000
2333,904.100000,1000.000000,9.33000
2334,904.100000,600.000000,9.33000
2335,904.100000,1000.000000,9.33000
2336,904.100000,5000.000000,9.33000
2337,904.100000,100.000000,9.33000
2338,904.100000,9537.000000,9.33000
2339,904.200000,4000.000000,9.33000
2340,904.210000,6463.000000,9.33000
2341,904.210000,1000.000000,9.33000
2342,904.210000,200.000000,9.33000
2343,904.210000,1000.000000,9.33000
2344,904.210000,2000.000000,9.33000
2345,904.210000,2000.000000,9.33000
2346,904.210000,1000.000000,9.33000
2347,904.210000,5000.000000,9.33000
2348,904.210000,1000.000000,9.33000
2349,904.210000,200.000000,9.33000
2350,904.210000,10700.000000,9.33000
2351,904.210000,2400.000000,9.33000
2352,904.210000,3200.000000,9.33000
2353,904.210000,2837.000000,9.33000
2354,904.290000,1363.000000,9.33000
2355,904.290000,2000.000000,9.33000
2356,904.290000,837.000000,9.33000
2357,904.730000,1163.000000,9.33000
2358,904.730000,600.000000,9.33000
2359,904.730000,37.000000,9.33000
2360,904.770000,1600.000000,9.33000
2361,904.810000,1563.000000,9.33000
2362,904.810000,1300.000000,9.33000
2363,904.810000,1037.000000,9.33000
2364,905.020000,100.000000,9.33000
2365,905.300000,2300.000000,9.33000
2366,905.410000,200.000000,9.33000
2367,905.420000,200.000000,9.33000
2368,905.490000,1000.000000,9.33000
2369,905.930000,600.000000,9.33000
2370,906.160000,9200.000000,9.33000
2371,906.180000,44863.000000,9.33000
2372,906.180000,500.000000,9.33000
2373,906.180000,2000.000000,9.33000
2374,906.180000,100.000000,9.33000
2375,906.180000,300.000000,9.33000
2376,906.180000,10000.000000,9.33000
2377,906.180000,7000.000000,9.33000
2378,906.180000,3400.000000,9.33000
2379,906.180000,100.000000,9.33000
2380,906.180000,800.000000,9.33000
2381,906.180000,100.000000,9.33000
2382,906.180000,100.000000,9.33000
2383,906.180000,700.000000,9.33000
2384,906.180000,2000.000000,9.33000
2385,906.180000,1100.000000,9.33000
2386,906.180000,100.000000,9.33000
2387,906.180000,1000.000000,9.33000
2388,906.180000,200.000000,9.33000
2389,906.180000,500.000000,9.33000
2390,906.180000,300.000000,9.33000
2391,906.180000,1100.000000,9.33000
2392,906.180000,10000.000000,9.33000
2393,906.180000,200.000000,9.33000
2394,906.180000,1600.000000,9.33000
2395,906.180000,2200.000000,9.33000
2396,906.180000,2300.000000,9.33000
2397,906.180000,37.000000,9.33000
2398,906.310000,963.000000,9.33000
2399,906.310000,300.000000,9.33000
2400,906.310000,1000.000000,9.33000
2401,906.310000,7000.000000,9.33000
2402,906.310000,1600.000000,9.33000
2403,906.310000,500.000000,9.33000
2404,906.310000,1100.000000,9.33000
2405,906.310000,3000.000000,9.33000
2406,906.310000,1100.000000,9.32000
2407,906.310000,500.000000,9.32000
2408,906.310000,1000.000000,9.32000
2409,906.310000,2000.000000,9.32000
2410,906.310000,1900.000000,9.32000
2411,906.310000,200.000000,9.32000
2412,906.310000,4000.000000,9.32000
2413,906.310000,537.000000,9.32000
2414,906.400000,1963.000000,9.32000
2415,906.400000,5600.000000,9.32000
2416,906.400000,10500.000000,9.32000
2417,906.400000,14137.000000,9.32000
2418,906.670000,35863.000000,9.32000
2419,906.670000,200.000000,9.32000
2420,906.670000,5000.000000,9.32000
2421,906.670000,7500.000000,9.32000
2422,906.670000,10500.000000,9.32000
2423,906.670000,2837.000000,9.32000
2424,906.960000,900.000000,9.32000
2425,907.090000,1263.000000,9.32000
2426,907.090000,3200.000000,9.32000
2427,907.090000,500.000000,9.32000
2428,907.090000,1000.000000,9.32000
2429,907.090000,4000.000000,9.32000
2430,907.090000,37.000000,9.32000
2431,907.350000,900.000000,9.32000
2432,907.510000,263.000000,9.32000
2433,907.510000,2000.000000,9.32000
2434,907.510000,4000.000000,9.32000
2435,907.510000,500.000000,9.32000
2436,907.510000,3000.000000,9.32000
2437,907.510000,200.000000,9.32000
2438,907.510000,1000.000000,9.32000
2439,907.510000,1200.000000,9.32000
2440,907.510000,600.000000,9.32000
2441,907.510000,19437.000000,9.32000
2442,907.660000,7100.000000,9.32000
2443,908.130000,32100.000000,9.32000
2444,908.160000,47.000000,9.32000
2445,909.130000,41316.000000,9.32000
2446,909.130000,1884.000000,9.32000
2447,909.300000,5016.000000,9.32000
2448,909.300000,100.000000,9.32000
2449,909.300000,300.000000,9.32000
2450,909.300000,600.000000,9.32000
2451,909.300000,1000.000000,9.32000
2452,909.300000,500.000000,9.32000
2453,909.300000,1000.000000,9.32000
2454,909.300000,3000.000000,9.32000
2455,909.300000,2600.000000,9.32000
2456,909.300000,500.000000,9.32000
2457,909.300000,300.000000,9.32000
2458,909.300000,100.000000,9.32000
2459,909.300000,1000.000000,9.32000
2460,909.300000,1000.000000,9.32000
2461,909.300000,1000.000000,9.32000
2462,909.300000,3584.000000,9.32000
2463,909.480000,5416.000000,9.32000
2464,909.480000,41984.000000,9.32000
2465,909.490000,3600.000000,9.32000
2466,909.520000,3600.000000,9.32000
2467,909.550000,48200.000000,9.32000
2468,909.550000,2616.000000,9.32000
2469,909.550000,1000.000000,9.32000
2470,909.550000,1100.000000,9.32000
2471,909.550000,100.000000,9.32000
2472,909.550000,1500.000000,9.32000
2473,909.550000,200.000000,9.32000
2474,909.550000,10000.000000,9.32000
2475,909.550000,500.000000,9.32000
2476,909.550000,3000.000000,9.32000
2477,909.550000,1000.000000,9.32000
2478,909.550000,500.000000,9.32000
2479,909.550000,500.000000,9.32000
2480,909.550000,2284.000000,9.32000
2481,910.210000,716.000000,9.32000
2482,910.210000,2100.000000,9.32000
2483,910.210000,10000.000000,9.32000
2484,910.210000,500.000000,9.32000
2485,910.210000,200.000000,9.32000
2486,910.210000,2400.000000,9.32000
2487,910.210000,50000.000000,9.32000
2488,910.210000,1000.000000,9.32000
2489,910.210000,3000.000000,9.32000
2490,910.210000,500.000000,9.32000
2491,910.210000,200.000000,9.32000
2492,910.210000,3000.000000,9.32000
2493,910.210000,1500.000000,9.32000
2494,910.210000,1100.000000,9.32000
2495,910.210000,200.000000,9.32000
2496,910.210000,300.000000,9.32000
2497,910.210000,1200.000000,9.32000
2498,910.210000,1000.000000,9.32000
2499,910.210000,7500.000000,9.32000
2500,910.210000,1000.000000,9.32000
2501,910.210000,2700.000000,9.32000
2502,910.210000,200.000000,9.32000
2503,910.210000,200.000000,9.32000
2504,910.210000,1500.000000,9.32000
2505,910.210000,1000.000000,9.32000
2506,910.210000,500.000000,9.32000
2507,910.210000,3000.000000,9.32000
2508,910.210000,3300.000000,9.32000
2509,910.210000,200.000000,9.32000
2510,910.210000,3400.000000,9.32000
2511,910.210000,100.000000,9.32000
2512,910.210000,3000.000000,9.32000
2513,910.210000,1700.000000,9.32000
2514,910.210000,20000.000000,9.31000
2515,910.210000,10000.000000,9.31000
2516,910.210000,2800.000000,9.31000
2517,910.210000,1500.000000,9.31000
2518,910.210000,1000.000000,9.31000
2519,910.210000,1000.000000,9.31000
2520,910.210000,3400.000000,9.31000
2521,910.210000,2000.000000,9.31000
2522,910.210000,1000.000000,9.31000
2523,910.210000,800.000000,9.31000
2524,910.210000,100.000000,9.31000
2525,910.210000,2000.000000,9.31000
2526,910.210000,1700.000000,9.31000
2527,910.210000,1700.000000,9.31000
2528,910.210000,1400.000000,9.31000
2529,910.210000,4000.000000,9.31000
2530,910.210000,1100.000000,9.31000
2531,910.210000,1000.000000,9.31000
2532,910.210000,2000.000000,9.31000
2533,910.210000,1000.000000,9.31000
2534,910.210000,3000.000000,9.31000
2535,910.210000,40600.000000,9.31000
2536,910.210000,600.000000,9.31000
2537,910.210000,800.000000,9.31000
2538,910.210000,8900.000000,9.31000
2539,910.210000,200.000000,9.31000
2540,910.210000,800.000000,9.31000
2541,910.210000,500.000000,9.31000
2542,910.210000,3000.000000,9.31000
2543,910.210000,2000.000000,9.31000
2544,910.210000,1000.000000,9.31000
2545,910.210000,5000.000000,9.31000
2546,910.210000,1400.000000,9.31000
2547,910.210000,2300.000000,9.31000
2548,910.210000,30000.000000,9.31000
2549,910.210000,10000.000000,9.31000
2550,910.210000,2000.000000,9.31000
2551,910.210000,500.000000,9.31000
2552,910.210000,1000.000000,9.31000
2553,910.210000,2000.000000,9.31000
2554,910.210000,8900.000000,9.31000
2555,910.210000,5000.000000,9.31000
2556,910.210000,1000.000000,9.31000
2557,910.210000,3500.000000,9.31000
2558,910.210000,200.000000,9.31000
2559,910.210000,1000.000000,9.31000
2560,910.210000,10000.000000,9.31000
2561,910.210000,500.000000,9.31000
2562,910.210000,10000.000000,9.31000
2563,910.210000,600.000000,9.31000
2564,910.210000,10000.000000,9.31000
2565,910.210000,3000.000000,9.31000
2566,910.210000,2200.000000,9.31000
2567,910.210000,800.000000,9.31000
2568,910.210000,300.000000,9.31000
2569,910.210000,11000.000000,9.31000
2570,910.210000,25000.000000,9.31000
2571,910.210000,2600.000000,9.31000
2572,910.210000,500.000000,9.31000
2573,910.210000,1000.000000,9.31000
2574,910.210000,700.000000,9.31000
2575,910.210000,20000.000000,9.31000
2576,910.210000,2000.000000,9.31000
2577,910.210000,1000.000000,9.31000
2578,910.210000,1000.000000,9.31000
2579,910.210000,1000.000000,9.31000
2580,910.210000,5000.000000,9.31000
2581,910.210000,100.000000,9.30000
2582,910.210000,2000.000000,9.30000
2583,910.210000,400.000000,9.30000
2584,910.210000,3100.000000,9.30000
2585,910.210000,100.000000,9.30000
2586,910.210000,2000.000000,9.30000
2587,910.210000,100.000000,9.30000
2588,910.210000,500.000000,9.30000
2589,910.210000,1000.000000,9.30000
2590,910.210000,200.000000,9.30000
2591,910.210000,1000.000000,9.30000
2592,910.210000,400.000000,9.30000
2593,910.210000,5000.000000,9.30000
2594,910.210000,300.000000,9.30000
2595,910.210000,3000.000000,9.30000
2596,910.210000,1000.000000,9.30000
2597,910.210000,1000.000000,9.30000
2598,910.210000,3000.000000,9.30000
2599,910.210000,2900.000000,9.30000
2600,910.210000,2000.000000,9.30000
2601,910.210000,5000.000000,9.30000
2602,910.210000,600.000000,9.30000
2603,910.210000,3000.000000,9.30000
2604,910.210000,1300.000000,9.30000
2605,910.210000,200.000000,9.30000
2606,910.210000,1000.000000,9.30000
2607,910.210000,100.000000,9.30000
2608,910.210000,200.000000,9.30000
2609,910.210000,3200.000000,9.30000
2610,910.210000,700.000000,9.30000
2611,910.210000,500.000000,9.30000
2612,910.210000,3000.000000,9.30000
2613,910.210000,300.000000,9.30000
2614,910.210000,500.000000,9.30000
2615,910.210000,300.000000,9.30000
2616,910.210000,300.000000,9.30000
2617,910.210000,1300.000000,9.30000
2618,910.210000,1000.000000,9.30000
2619,910.210000,3000.000000,9.30000
2620,910.210000,1000.000000,9.30000
2621,910.210000,3000.000000,9.30000
2622,910.210000,800.000000,9.30000
2623,910.210000,2000.000000,9.30000
2624,910.210000,5000.000000,9.30000
2625,910.210000,1400.000000,9.30000
2626,910.210000,300.000000,9.30000
2627,910.210000,2000.000000,9.30000
2628,910.210000,6000.000000,9.30000
2629,910.210000,2000.000000,9.30000
2630,910.210000,5000.000000,9.30000
2631,910.210000,6000.000000,9.30000
2632,910.210000,1000.000000,9.30000
2633,910.210000,500.000000,9.30000
2634,910.210000,500.000000,9.30000
2635,910.210000,300.000000,9.30000
2636,910.210000,5000.000000,9.30000
2637,910.210000,30000.000000,9.30000
2638,910.210000,2000.000000,9.30000
2639,910.210000,5000.000000,9.30000
2640,910.210000,5000.000000,9.30000
2641,910.210000,600.000000,9.30000
2642,910.210000,1000.000000,9.30000
2643,910.210000,1000.000000,9.30000
2644,910.210000,500.000000,9.30000
2645,910.210000,5000.000000,9.30000
2646,910.210000,100.000000,9.30000
2647,910.210000,500.000000,9.30000
2648,910.210000,300.000000,9.30000
2649,910.210000,1500.000000,9.30000
2650,910.210000,5000.000000,9.30000
2651,910.210000,1000.000000,9.30000
2652,910.210000,1000.000000,9.30000
2653,910.210000,2000.000000,9.30000
2654,910.210000,200.000000,9.30000
2655,910.210000,600.000000,9.30000
2656,910.210000,400.000000,9.30000
2657,910.210000,1000.000000,9.30000
2658,910.210000,33984.000000,9.30000
2659,910.510000,6700.000000,9.30000
2660,910.620000,3100.000000,9.31000
2661,910.920000,500.000000,9.32000
2662,910.990000,2600.000000,9.32000
2663,911.770000,3100.000000,9.32000
2664,911.860000,100.000000,9.32000
2665,912.020000,100.000000,9.32000
2666,912.020000,17400.000000,9.32000
2667,912.020000,14800.000000,9.32000
2668,912.090000,26700.000000,9.32000
2669,912.100000,100.000000,9.32000
2670,912.100000,100.000000,9.32000
2671,912.100000,8100.000000,9.32000
2672,912.180000,6400.000000,9.32000
2673,912.180000,100.000000,9.31000
2674,912.180000,200.000000,9.30000
2675,912.280000,3216.000000,9.30000
2676,912.280000,2000.000000,9.30000
2677,912.280000,2000.000000,9.30000
2678,912.280000,1000.000000,9.30000
2679,912.280000,600.000000,9.30000
2680,912.280000,3200.000000,9.30000
2681,912.280000,200.000000,9.30000
2682,912.280000,1000.000000,9.30000
2683,912.280000,9784.000000,9.30000
2684,912.290000,216.000000,9.30000
2685,912.290000,84.000000,9.30000
2686,912.290000,100.000000,9.30000
2687,912.300000,100.000000,9.30000
2688,912.330000,1900.000000,9.30000
2689,912.460000,2600.000000,9.31000
2690,912.480000,1316.000000,9.30000
2691,912.480000,1100.000000,9.30000
2692,912.480000,10000.000000,9.30000
2693,912.480000,1000.000000,9.30000
2694,912.480000,200.000000,9.30000
2695,912.480000,1000.000000,9.30000
2696,912.480000,200.000000,9.30000
2697,912.480000,300.000000,9.30000
2698,912.480000,1000.000000,9.30000
2699,912.480000,2800.000000,9.30000
2700,912.480000,2684.000000,9.30000
2701,912.500000,800.000000,9.30000
2702,913.120000,6516.000000,9.30000
2703,913.120000,2000.000000,9.30000
2704,913.120000,300.000000,9.30000
2705,913.120000,1000.000000,9.30000
2706,913.120000,184.000000,9.30000
2707,913.190000,400.000000,9.30000
2708,913.580000,616.000000,9.30000
2709,913.580000,2000.000000,9.30000
2710,913.580000,100.000000,9.30000
2711,913.580000,300.000000,9.30000
2712,913.580000,1984.000000,9.30000
2713,913.880000,2800.000000,9.30000
2714,914.010000,216.000000,9.30000
2715,914.010000,84.000000,9.30000
2716,914.350000,916.000000,9.30000
2717,914.350000,1484.000000,9.30000
2718,914.890000,500.000000,9.30000
2719,915.160000,1016.000000,9.30000
2720,915.160000,2200.000000,9.30000
2721,915.160000,200.000000,9.30000
2722,915.160000,1000.000000,9.30000
2723,915.160000,3684.000000,9.30000
2724,915.200000,316.000000,9.30000
2725,915.200000,100.000000,9.30000
2726,915.200000,84.000000,9.30000
2727,915.260000,1916.000000,9.30000
2728,915.260000,1484.000000,9.30000
2729,915.260000,516.000000,9.30000
2730,915.260000,500.000000,9.30000
2731,915.260000,200.000000,9.30000
2732,915.260000,700.000000,9.30000
2733,915.260000,1000.000000,9.30000
2734,915.260000,7500.000000,9.30000
2735,915.260000,5000.000000,9.30000
2736,915.260000,1000.000000,9.30000
2737,915.260000,7400.000000,9.30000
2738,915.260000,2784.000000,9.30000
2739,915.490000,3716.000000,9.30000
2740,915.490000,300.000000,9.30000
2741,915.490000,600.000000,9.30000
2742,915.490000,600.000000,9.30000
2743,915.490000,10000.000000,9.30000
2744,915.490000,1200.000000,9.30000
2745,915.490000,700.000000,9.30000
2746,915.490000,1200.000000,9.30000
2747,915.490000,1300.000000,9.30000
2748,915.490000,500.000000,9.30000
2749,915.490000,1400.000000,9.30000
2750,915.490000,200.000000,9.30000
2751,915.490000,2484.000000,9.30000
2752,916.070000,200.000000,9.30000
2753,916.340000,2316.000000,9.30000
2754,916.340000,3284.000000,9.30000
2755,916.540000,200.000000,9.30000
2756,916.630000,1516.000000,9.30000
2757,916.630000,6500.000000,9.30000
2758,916.630000,2800.000000,9.30000
2759,916.630000,2400.000000,9.30000
2760,916.630000,200.000000,9.30000
2761,916.630000,1000.000000,9.30000
2762,916.630000,200.000000,9.30000
2763,916.630000,1000.000000,9.30000
2764,916.630000,400.000000,9.30000
2765,916.630000,1100.000000,9.30000
2766,916.630000,1000.000000,9.30000
2767,916.630000,800.000000,9.30000
2768,916.630000,2784.000000,9.30000
2769,917.330000,2216.000000,9.30000
2770,917.330000,3084.000000,9.30000
2771,917.350000,100.000000,9.31000
2772,917.350000,100.000000,9.31000
2773,917.490000,9216.000000,9.30000
2774,917.490000,300.000000,9.30000
2775,917.490000,500.000000,9.30000
2776,917.490000,200.000000,9.30000
2777,917.490000,1000.000000,9.30000
2778,917.490000,1300.000000,9.29000
2779,917.490000,700.000000,9.29000
2780,917.490000,500.000000,9.29000
2781,917.490000,900.000000,9.29000
2782,917.490000,200.000000,9.29000
2783,917.490000,2200.000000,9.29000
2784,917.490000,2000.000000,9.29000
2785,917.490000,2684.000000,9.29000
2786,918.040000,300.000000,9.29000
2787,918.050000,16.000000,9.29000
2788,918.050000,600.000000,9.29000
2789,918.050000,284.000000,9.29000
2790,918.390000,2716.000000,9.29000
2791,918.390000,200.000000,9.29000
2792,918.390000,6400.000000,9.29000
2793,918.390000,2084.000000,9.29000
2794,918.400000,4316.000000,9.29000
2795,918.400000,600.000000,9.29000
2796,918.400000,100.000000,9.29000
2797,918.400000,100.000000,9.29000
2798,918.400000,2900.000000,9.29000
2799,918.400000,100.000000,9.29000
2800,918.400000,2000.000000,9.29000
2801,918.400000,500.000000,9.29000
2802,918.400000,1300.000000,9.29000
2803,918.400000,200.000000,9.29000
2804,918.400000,1400.000000,9.29000
2805,918.400000,2000.000000,9.29000
2806,918.400000,500.000000,9.29000
2807,918.400000,200.000000,9.29000
2808,918.400000,1600.000000,9.29000
2809,918.400000,300.000000,9.28000
2810,918.400000,1000.000000,9.28000
2811,918.400000,884.000000,9.28000
2812,918.820000,5400.000000,9.31000
2813,918.850000,100.000000,9.30000
2814,919.950000,1000.000000,9.31000
2815,920.280000,900.000000,9.30000
2816,920.280000,3000.000000,9.29000
2817,920.410000,200.000000,9.29000
2818,920.710000,2116.000000,9.28000
2819,920.710000,1784.000000,9.28000
2820,921.030000,900.000000,9.28000
2821,921.050000,100.000000,9.29000
2822,921.110000,1100.000000,9.28000
2823,921.380000,2116.000000,9.28000
2824,921.380000,6200.000000,9.28000
2825,921.380000,1584.000000,9.28000
2826,921.400000,100.000000,9.29000
2827,921.730000,1116.000000,9.28000
2828,921.730000,1100.000000,9.28000
2829,921.730000,3000.000000,9.28000
2830,921.730000,4784.000000,9.28000
2831,922.020000,216.000000,9.28000
2832,922.020000,100.000000,9.28000
2833,922.020000,84.000000,9.28000
2834,922.060000,100.000000,9.28000
2835,922.090000,2500.000000,9.28000
2836,922.500000,816.000000,9.28000
2837,922.500000,3000.000000,9.28000
2838,922.500000,100.000000,9.28000
2839,922.500000,4000.000000,9.28000
2840,922.500000,3484.000000,9.28000
2841,922.870000,1000.000000,9.28000
2842,922.910000,500.000000,9.28000
2843,922.990000,1300.000000,9.28000
2844,923.340000,3100.000000,9.28000
2845,923.370000,400.000000,9.28000
2846,923.370000,816.000000,9.28000
2847,923.370000,900.000000,9.28000
2848,923.370000,984.000000,9.28000
2849,923.370000,500.000000,9.28000
2850,923.370000,1516.000000,9.28000
2851,923.370000,100.000000,9.28000
2852,923.370000,984.000000,9.28000
2853,923.370000,3100.000000,9.28000
2854,923.510000,916.000000,9.28000
2855,923.510000,1000.000000,9.28000
2856,923.510000,200.000000,9.28000
2857,923.510000,2000.000000,9.28000
2858,923.510000,2484.000000,9.28000
2859,923.780000,1600.000000,9.29000
2860,923.920000,2000.000000,9.28000
2861,924.020000,1100.000000,9.28000
2862,924.140000,500.000000,9.28000
2863,924.230000,3916.000000,9.28000
2864,924.230000,200.000000,9.28000
2865,924.230000,700.000000,9.28000
2866,924.230000,3000.000000,9.28000
2867,924.230000,2984.000000,9.28000
2868,924.700000,300.000000,9.28000
2869,924.820000,100.000000,9.28000
2870,925.300000,1700.000000,9.28000
2871,925.450000,600.000000,9.28000
2872,926.000000,316.000000,9.28000
2873,926.000000,400.000000,9.28000
2874,926.000000,700.000000,9.28000
2875,926.000000,284.000000,9.28000
2876,926.040000,716.000000,9.28000
2877,926.040000,384.000000,9.28000
2878,926.280000,300.000000,9.28000
2879,926.730000,700.000000,9.28000
2880,927.470000,200.000000,9.28000
2881,927.560000,3416.000000,9.28000
2882,927.560000,200.000000,9.28000
2883,927.560000,800.000000,9.28000
2884,927.560000,500.000000,9.28000
2885,927.560000,1200.000000,9.28000
2886,927.560000,500.000000,9.28000
2887,927.560000,100.000000,9.28000
2888,927.560000,284.000000,9.28000
2889,928.180000,1716.000000,9.28000
2890,928.180000,100.000000,9.28000
2891,928.180000,284.000000,9.28000
2892,928.280000,200.000000,9.28000
2893,928.980000,2016.000000,9.28000
2894,928.980000,800.000000,9.28000
2895,928.980000,2100.000000,9.28000
2896,928.980000,1000.000000,9.28000
2897,928.980000,2000.000000,9.28000
2898,928.980000,1200.000000,9.28000
2899,928.980000,884.000000,9.28000
2900,930.100000,4116.000000,9.28000
2901,930.100000,10000.000000,9.28000
2902,930.100000,100.000000,9.28000
2903,930.100000,5000.000000,9.28000
2904,930.100000,4800.000000,9.28000
2905,930.100000,200.000000,9.28000
2906,930.100000,1000.000000,9.28000
2907,930.100000,1284.000000,9.28000
2908,930.130000,300.000000,9.28000
2909,930.240000,100.000000,9.28000
2910,930.380000,316.000000,9.28000
2911,930.380000,684.000000,9.28000
2912,930.510000,316.000000,9.28000
2913,930.510000,500.000000,9.28000
2914,930.510000,984.000000,9.28000
2915,932.830000,16.000000,9.28000
2916,932.830000,500.000000,9.28000
2917,932.830000,184.000000,9.28000
2918,933.190000,816.000000,9.28000
2919,933.190000,484.000000,9.28000
2920,933.240000,2516.000000,9.28000
2921,933.240000,100.000000,9.28000
2922,933.240000,4000.000000,9.28000
2923,933.240000,500.000000,9.28000
2924,933.240000,200.000000,9.27000
2925,933.240000,200.000000,9.27000
2926,933.240000,3000.000000,9.27000
2927,933.240000,600.000000,9.27000
2928,933.240000,100.000000,9.27000
2929,933.240000,184.000000,9.27000
2930,933.290000,16.000000,9.27000
2931,933.290000,384.000000,9.27000
2932,933.790000,500.000000,9.27000
2933,934.200000,116.000000,9.27000
2934,934.200000,500.000000,9.27000
2935,934.200000,100.000000,9.27000
2936,934.200000,284.000000,9.27000
2937,934.330000,1100.000000,9.27000
2938,934.420000,1616.000000,9.27000
2939,934.420000,1000.000000,9.27000
2940,934.420000,1200.000000,9.27000
2941,934.420000,2184.000000,9.27000
2942,935.800000,2816.000000,9.27000
2943,935.800000,184.000000,9.27000
2944,936.270000,1000.000000,9.27000
2945,936.290000,1100.000000,9.27000
2946,936.840000,916.000000,9.27000
2947,936.840000,2584.000000,9.27000
2948,937.540000,1100.000000,9.27000
2949,937.580000,1000.000000,9.29000
2950,937.760000,1316.000000,9.27000
2951,937.760000,1500.000000,9.27000
2952,937.760000,1000.000000,9.27000
2953,937.760000,5000.000000,9.27000
2954,937.760000,200.000000,9.27000
2955,937.760000,200.000000,9.27000
2956,937.760000,100.000000,9.27000
2957,937.760000,684.000000,9.27000
2958,937.890000,2500.000000,9.27000
2959,938.150000,700.000000,9.27000
2960,938.730000,200.000000,9.27000
2961,939.270000,3200.000000,9.27000
2962,939.670000,2200.000000,9.27000
2963,940.210000,516.000000,9.27000
2964,940.210000,1000.000000,9.27000
2965,940.210000,200.000000,9.27000
2966,940.210000,200.000000,9.27000
2967,940.210000,2000.000000,9.27000
2968,940.210000,200.000000,9.27000
2969,940.210000,100.000000,9.27000
2970,940.210000,400.000000,9.26000
2971,940.210000,684.000000,9.26000
2972,940.600000,316.000000,9.26000
2973,940.600000,400.000000,9.26000
2974,940.600000,184.000000,9.26000
2975,940.990000,2816.000000,9.26000
2976,940.990000,3700.000000,9.26000
2977,940.990000,600.000000,9.26000
2978,940.990000,10000.000000,9.26000
2979,940.990000,1000.000000,9.26000
2980,940.990000,2000.000000,9.26000
2981,940.990000,1000.000000,9.26000
2982,940.990000,784.000000,9.26000
2983,941.090000,216.000000,9.26000
2984,941.090000,1000.000000,9.26000
2985,941.090000,884.000000,9.26000
2986,941.130000,500.000000,9.27000
2987,941.320000,116.000000,9.26000
2988,941.320000,10000.000000,9.26000
2989,941.320000,500.000000,9.26000
2990,941.320000,400.000000,9.26000
2991,941.320000,500.000000,9.26000
2992,941.320000,1000.000000,9.26000
2993,941.320000,5000.000000,9.26000
2994,941.320000,1000.000000,9.26000
2995,941.320000,1000.000000,9.26000
2996,941.320000,100.000000,9.26000
2997,941.320000,1000.000000,9.26000
2998,941.320000,2000.000000,9.26000
2999,941.320000,1000.000000,9.26000
3000,941.320000,8000.000000,9.26000
3001,941.320000,384.000000,9.26000
3002,941.530000,2100.000000,9.26000
3003,942.030000,5000.000000,9.26000
3004,942.440000,1600.000000,9.26000
3005,942.980000,400.000000,9.26000
3006,943.300000,100.000000,9.26000
3007,943.500000,200.000000,9.27000
3008,944.000000,400.000000,9.26000
3009,944.350000,1000.000000,9.26000
3010,944.900000,500.000000,9.27000
3011,944.980000,1000.000000,9.26000
3012,945.250000,1900.000000,9.26000
3013,945.590000,10000.000000,9.26000
3014,945.950000,300.000000,9.27000
3015,946.070000,2600.000000,9.26000
3016,946.110000,300.000000,9.27000
3017,948.770000,300.000000,9.27000
3018,948.770000,1700.000000,9.27000
3019,949.510000,100.000000,9.27000
3020,950.710000,200.000000,9.28000
3021,950.980000,300.000000,9.27000
3022,951.340000,500.000000,9.27000
3023,952.260000,400.000000,9.27000
3024,952.390000,500.000000,9.28000
3025,953.480000,200.000000,9.27000
3026,953.480000,900.000000,9.27000
3027,953.580000,200.000000,9.27000
3028,953.750000,6400.000000,9.28000
3029,956.390000,100.000000,9.27000
3030,956.390000,900.000000,9.27000
3031,956.390000,600.000000,9.27000
3032,956.390000,700.000000,9.27000
3033,956.390000,400.000000,9.27000
3034,956.390000,4700.000000,9.27000
3035,956.390000,5800.000000,9.27000
3036,956.390000,800.000000,9.27000
3037,956.390000,1000.000000,9.27000
3038,956.390000,5000.000000,9.27000
3039,956.390000,10700.000000,9.27000
3040,956.390000,11500.000000,9.26000
3041,957.160000,1000.000000,9.27000
3042,957.180000,2900.000000,9.26000
3043,957.290000,200.000000,9.28000
3044,957.390000,19200.000000,9.28000
3045,957.390000,800.000000,9.28000
3046,957.680000,100.000000,9.27000
3047,957.680000,400.000000,9.27000
3048,957.690000,400.000000,9.27000
3049,957.690000,2200.000000,9.26000
3050,957.780000,5000.000000,9.26000
3051,958.180000,1500.000000,9.26000
3052,960.060000,1000.000000,9.27000
3053,960.590000,100.000000,9.27000
3054,960.590000,100.000000,9.27000
3055,961.100000,900.000000,9.27000
3056,961.100000,100.000000,9.27000
3057,961.100000,1000.000000,9.27000
3058,961.100000,600.000000,9.27000
3059,961.100000,1000.000000,9.27000
3060,961.100000,1000.000000,9.27000
3061,961.100000,100.000000,9.27000
3062,961.100000,200.000000,9.27000
3063,961.100000,200.000000,9.27000
3064,961.100000,2416.000000,9.26000
3065,961.100000,300.000000,9.26000
3066,961.100000,2184.000000,9.26000
3067,961.620000,11400.000000,9.26000
3068,962.470000,1000.000000,9.27000
3069,962.470000,800.000000,9.27000
3070,962.470000,16416.000000,9.26000
3071,962.470000,2000.000000,9.26000
3072,962.470000,500.000000,9.26000
3073,962.470000,100.000000,9.26000
3074,962.470000,10700.000000,9.26000
3075,962.470000,300.000000,9.26000
3076,962.470000,5500.000000,9.26000
3077,962.470000,1600.000000,9.26000
3078,962.470000,4300.000000,9.26000
3079,962.470000,1000.000000,9.26000
3080,962.470000,5000.000000,9.26000
3081,962.470000,300.000000,9.26000
3082,962.470000,1100.000000,9.26000
3083,962.470000,5000.000000,9.26000
3084,962.470000,1100.000000,9.26000
3085,962.470000,2000.000000,9.26000
3086,962.470000,10000.000000,9.26000
3087,962.470000,2000.000000,9.26000
3088,962.470000,1500.000000,9.26000
3089,962.470000,10000.000000,9.26000
3090,962.470000,200.000000,9.26000
3091,962.470000,100.000000,9.26000
3092,962.470000,1100.000000,9.26000
3093,962.470000,500.000000,9.26000
3094,962.470000,1000.000000,9.26000
3095,962.470000,500.000000,9.26000
3096,962.470000,500.000000,9.26000
3097,962.470000,4000.000000,9.26000
3098,962.470000,5000.000000,9.26000
3099,962.470000,100.000000,9.26000
3100,962.470000,100.000000,9.25000
3101,962.470000,100.000000,9.25000
3102,962.470000,100.000000,9.25000
3103,962.470000,2000.000000,9.25000
3104,962.470000,1000.000000,9.25000
3105,962.470000,200.000000,9.25000
3106,962.470000,1000.000000,9.25000
3107,962.470000,284.000000,9.25000
3108,962.690000,4100.000000,9.26000
3109,963.160000,500.000000,9.27000
3110,965.290000,600.000000,9.27000
3111,965.290000,1000.000000,9.27000
3112,965.290000,500.000000,9.27000
3113,965.290000,1000.000000,9.27000
3114,965.290000,2900.000000,9.27000
3115,966.160000,400.000000,9.28000
3116,966.170000,100.000000,9.28000
3117,966.170000,500.000000,9.28000
3118,966.180000,400.000000,9.28000
3119,966.200000,100.000000,9.28000
3120,966.330000,500.000000,9.28000
3121,966.420000,100.000000,9.28000
3122,967.280000,100.000000,9.28000
3123,967.280000,9800.000000,9.28000
3124,967.280000,10100.000000,9.28000
3125,968.280000,2200.000000,9.27000
3126,968.780000,1100.000000,9.27000
3127,969.100000,900.000000,9.28000
3128,969.390000,800.000000,9.27000
3129,969.760000,10000.000000,9.27000
3130,970.130000,4600.000000,9.27000
3131,970.730000,400.000000,9.28000
3132,970.730000,100.000000,9.28000
3133,971.150000,2100.000000,9.27000
3134,971.350000,200.000000,9.27000
3135,972.140000,600.000000,9.28000
3136,972.160000,100.000000,9.28000
3137,972.250000,1100.000000,9.27000
3138,972.940000,50000.000000,9.27000
3139,973.090000,400.000000,9.27000
3140,974.640000,100.000000,9.28000
3141,975.140000,200.000000,9.28000
3142,975.140000,2500.000000,9.28000
3143,975.140000,200.000000,9.28000
3144,975.140000,2400.000000,9.28000
3145,975.140000,10000.000000,9.28000
3146,975.330000,3600.000000,9.28000
3147,975.450000,1000.000000,9.28000
3148,976.590000,15100.000000,9.28000
3149,976.590000,600.000000,9.28000
3150,976.590000,1000.000000,9.28000
3151,976.590000,10500.000000,9.27000
3152,978.100000,200.000000,9.28000
3153,978.100000,1000.000000,9.28000
3154,978.100000,1000.000000,9.28000
3155,978.100000,3400.000000,9.27000
3156,978.310000,3100.000000,9.27000
3157,978.570000,1100.000000,9.27000
3158,979.980000,200.000000,9.29000
3159,980.470000,100.000000,9.28000
3160,980.870000,300.000000,9.28000
3161,981.050000,500.000000,9.28000
3162,981.050000,2100.000000,9.27000
3163,981.700000,2600.000000,9.27000
3164,982.460000,200.000000,9.27000
3165,982.850000,100.000000,9.28000
3166,984.650000,200.000000,9.28000
3167,984.970000,100.000000,9.28000
3168,984.970000,1100.000000,9.28000
3169,984.970000,5000.000000,9.28000
3170,984.970000,2000.000000,9.28000
3171,984.970000,1600.000000,9.27000
3172,984.970000,200.000000,9.27000
3173,987.020000,1800.000000,9.28000
3174,987.020000,1800.000000,9.27000
3175,987.020000,100.000000,9.27000
3176,987.020000,1100.000000,9.27000
3177,987.270000,400.000000,9.27000
3178,987.380000,700.000000,9.27000
3179,987.590000,1900.000000,9.27000
3180,987.590000,500.000000,9.27000
3181,987.590000,400.000000,9.27000
3182,987.590000,1000.000000,9.27000
3183,987.590000,100.000000,9.27000
3184,987.590000,2200.000000,9.27000
3185,987.590000,3000.000000,9.27000
3186,987.590000,900.000000,9.27000
3187,987.710000,200.000000,9.27000
3188,987.710000,100.000000,9.27000
3189,987.710000,700.000000,9.27000
3190,988.070000,2900.000000,9.29000
3191,988.070000,900.000000,9.29000
3192,988.070000,400.000000,9.29000
3193,988.070000,5800.000000,9.29000
3194,988.150000,300.000000,9.27000
3195,988.150000,1000.000000,9.27000
3196,989.040000,500.000000,9.28000
3197,989.940000,1600.000000,9.29000
3198,990.220000,2400.000000,9.28000
3199,990.220000,100.000000,9.28000
3200,990.220000,300.000000,9.28000
3201,990.230000,2000.000000,9.28000
3202,990.520000,200.000000,9.28000
3203,990.880000,7400.000000,9.28000
3204,990.880000,1500.000000,9.28000
3205,991.380000,400.000000,9.28000
3206,991.450000,100.000000,9.29000
3207,993.130000,700.000000,9.28000
3208,993.130000,2900.000000,9.28000
3209,993.170000,5000.000000,9.28000
3210,993.660000,200.000000,9.28000
3211,994.000000,10000.000000,9.28000
3212,995.050000,500.000000,9.28000
3213,995.520000,1000.000000,9.29000
3214,995.990000,300.000000,9.28000
3215,996.320000,400.000000,9.28000
3216,996.320000,1000.000000,9.28000
3217,996.320000,3600.000000,9.28000
3218,996.560000,11400.000000,9.28000
3219,996.980000,600.000000,9.28000
3220,997.810000,1100.000000,9.29000
3221,998.650000,600.000000,9.29000
3222,999.270000,3000.000000,9.28000
3223,999.270000,200.000000,9.28000
3224,999.430000,3000.000000,9.29000
3225,999.490000,15200.000000,9.28000
3226,999.520000,46600.000000,9.28000
3227,1000.410000,200.000000,9.29000
3228,1000.790000,400.000000,9.29000
3229,1000.820000,10000.000000,9.28000
3230,1001.320000,1100.000000,9.28000
3231,1001.440000,500.000000,9.29000
3232,1002.100000,2000.000000,9.28000
3233,1002.310000,400.000000,9.28000
3234,1002.370000,5900.000000,9.28000
3235,1002.370000,300.000000,9.28000
3236,1002.370000,500.000000,9.28000
3237,1002.370000,500.000000,9.28000
3238,1002.370000,500.000000,9.28000
3239,1002.370000,500.000000,9.28000
3240,1002.370000,1400.000000,9.28000
3241,1002.370000,4000.000000,9.27000
3242,1002.370000,200.000000,9.27000
3243,1002.490000,2100.000000,9.29000
3244,1003.080000,5000.000000,9.29000
3245,1003.420000,1000.000000,9.29000
3246,1004.580000,200.000000,9.27000
3247,1005.010000,300.000000,9.29000
3248,1005.160000,100.000000,9.28000
3249,1005.250000,2200.000000,9.27000
3250,1005.250000,100.000000,9.27000
3251,1005.640000,500.000000,9.28000
3252,1005.660000,700.000000,9.28000
3253,1005.700000,1300.000000,9.27000
3254,1005.700000,500.000000,9.27000
3255,1005.700000,500.000000,9.27000
3256,1005.700000,2000.000000,9.27000
3257,1005.700000,1100.000000,9.27000
3258,1005.700000,100.000000,9.27000
3259,1005.700000,1500.000000,9.27000
3260,1005.700000,3700.000000,9.27000
3261,1007.530000,500.000000,9.28000
3262,1007.630000,100.000000,9.28000
3263,1008.050000,500.000000,9.28000
3264,1008.130000,3200.000000,9.27000
3265,1008.170000,1300.000000,9.28000
3266,1008.170000,200.000000,9.28000
3267,1008.470000,3100.000000,9.27000
3268,1008.470000,600.000000,9.27000
3269,1008.470000,1000.000000,9.27000
3270,1008.470000,2200.000000,9.27000
3271,1008.470000,1000.000000,9.27000
3272,1008.470000,1000.000000,9.27000
3273,1008.470000,500.000000,9.27000
3274,1008.470000,300.000000,9.27000
3275,1008.470000,2000.000000,9.27000
3276,1008.470000,400.000000,9.27000
3277,1008.470000,200.000000,9.27000
3278,1008.470000,400.000000,9.27000
3279,1008.470000,1600.000000,9.27000
3280,1008.890000,700.000000,9.28000
3281,1009.060000,500.000000,9.27000
3282,1009.060000,100.000000,9.27000
3283,1009.180000,2000.000000,9.28000
3284,1009.630000,9900.000000,9.27000
3285,1009.630000,100.000000,9.27000
3286,1010.050000,500.000000,9.27000
3287,1010.130000,2200.000000,9.27000
3288,1010.450000,800.000000,9.28000
3289,1010.450000,200.000000,9.28000
3290,1011.040000,1100.000000,9.27000
3291,1011.240000,600.000000,9.28000
3292,1011.260000,1400.000000,9.28000
3293,1011.540000,1100.000000,9.27000
3294,1011.540000,100.000000,9.27000
3295,1011.540000,200.000000,9.27000
3296,1011.540000,100.000000,9.27000
3297,1011.540000,2500.000000,9.27000
3298,1011.540000,2000.000000,9.27000
3299,1011.540000,1100.000000,9.27000
3300,1011.540000,2300.000000,9.27000
3301,1011.540000,500.000000,9.27000
3302,1011.540000,100.000000,9.27000
3303,1011.640000,1600.000000,9.27000
3304,1011.640000,5000.000000,9.27000
3305,1011.640000,100.000000,9.27000
3306,1011.640000,1000.000000,9.27000
3307,1011.640000,30000.000000,9.27000
3308,1011.640000,1000.000000,9.27000
3309,1011.640000,2200.000000,9.26000
3310,1011.640000,5000.000000,9.26000
3311,1011.640000,500.000000,9.26000
3312,1011.640000,600.000000,9.26000
3313,1011.640000,200.000000,9.26000
3314,1011.640000,3000.000000,9.26000
3315,1011.640000,400.000000,9.26000
3316,1011.640000,2200.000000,9.26000
3317,1011.640000,5000.000000,9.26000
3318,1011.640000,400.000000,9.26000
3319,1011.640000,46800.000000,9.26000
3320,1011.640000,1100.000000,9.26000
3321,1011.640000,500.000000,9.26000
3322,1011.640000,200.000000,9.26000
3323,1011.640000,1000.000000,9.26000
3324,1011.640000,1000.000000,9.26000
3325,1011.640000,5000.000000,9.26000
3326,1011.640000,1600.000000,9.26000
3327,1011.640000,1500.000000,9.26000
3328,1011.640000,10000.000000,9.26000
3329,1011.640000,1300.000000,9.26000
3330,1011.640000,5000.000000,9.26000
3331,1011.640000,500.000000,9.26000
3332,1011.640000,2300.000000,9.26000
3333,1011.640000,1000.000000,9.26000
3334,1011.640000,1000.000000,9.26000
3335,1011.640000,1300.000000,9.26000
3336,1011.640000,600.000000,9.26000
3337,1011.640000,300.000000,9.26000
3338,1011.640000,1100.000000,9.26000
3339,1011.640000,2000.000000,9.26000
3340,1011.640000,200.000000,9.26000
3341,1011.640000,300.000000,9.26000
3342,1011.640000,10000.000000,9.26000
3343,1011.640000,1000.000000,9.26000
3344,1011.640000,10000.000000,9.26000
3345,1011.640000,1000.000000,9.26000
3346,1011.640000,1900.000000,9.26000
3347,1011.640000,1000.000000,9.26000
3348,1011.640000,1000.000000,9.26000
3349,1011.640000,5300.000000,9.26000
3350,1011.640000,10000.000000,9.26000
3351,1011.640000,2100.000000,9.26000
3352,1011.640000,200.000000,9.26000
3353,1011.640000,1500.000000,9.26000
3354,1011.640000,1000.000000,9.26000
3355,1011.640000,1000.000000,9.26000
3356,1011.640000,1600.000000,9.26000
3357,1011.640000,500.000000,9.26000
3358,1011.640000,100.000000,9.26000
3359,1011.640000,500.000000,9.26000
3360,1011.640000,1500.000000,9.26000
3361,1011.640000,1000.000000,9.26000
3362,1011.640000,2500.000000,9.26000
3363,1011.640000,4000.000000,9.26000
3364,1011.640000,2000.000000,9.26000
3365,1011.640000,500.000000,9.26000
3366,1011.640000,1300.000000,9.26000
3367,1011.640000,2000.000000,9.26000
3368,1011.640000,1000.000000,9.26000
3369,1011.640000,500.000000,9.26000
3370,1011.640000,500.000000,9.26000
3371,1011.640000,1000.000000,9.26000
3372,1011.640000,2000.000000,9.26000
3373,1011.640000,1000.000000,9.26000
3374,1011.640000,1000.000000,9.26000
3375,1011.640000,1000.000000,9.26000
3376,1011.640000,15600.000000,9.26000
3377,1011.650000,100.000000,9.26000
3378,1011.650000,300.000000,9.26000
3379,1011.950000,700.000000,9.26000
3380,1011.980000,1000.000000,9.26000
3381,1012.680000,3000.000000,9.26000
3382,1012.870000,700.000000,9.26000
3383,1013.450000,500.000000,9.26000
3384,1013.790000,300.000000,9.26000
3385,1013.810000,300.000000,9.26000
3386,1014.220000,700.000000,9.26000
3387,1014.240000,2216.000000,9.25000
3388,1014.240000,1000.000000,9.25000
3389,1014.240000,1184.000000,9.25000
3390,1014.910000,500.000000,9.26000
3391,1014.910000,300.000000,9.27000
3392,1014.910000,200.000000,9.28000
3393,1015.210000,100.000000,9.28000
3394,1015.610000,200.000000,9.27000
3395,1015.880000,600.000000,9.28000
3396,1016.050000,200.000000,9.27000
3397,1016.440000,200.000000,9.28000
3398,1016.760000,100.000000,9.27000
3399,1017.200000,1000.000000,9.27000
3400,1017.200000,500.000000,9.27000
3401,1017.200000,400.000000,9.26000
3402,1017.200000,1816.000000,9.25000
3403,1017.200000,500.000000,9.25000
3404,1017.200000,3000.000000,9.25000
3405,1017.200000,2784.000000,9.25000
3406,1017.250000,216.000000,9.25000
3407,1017.250000,400.000000,9.25000
3408,1017.250000,800.000000,9.25000
3409,1017.250000,200.000000,9.25000
3410,1017.250000,1000.000000,9.25000
3411,1017.250000,1784.000000,9.25000
3412,1017.350000,300.000000,9.28000
3413,1017.460000,100.000000,9.27000
3414,1017.990000,216.000000,9.25000
3415,1017.990000,2084.000000,9.25000
3416,1018.770000,500.000000,9.27000
3417,1019.190000,100.000000,9.27000
3418,1019.760000,300.000000,9.27000
3419,1020.270000,200.000000,9.27000
3420,1020.270000,3100.000000,9.26000
3421,1020.650000,200.000000,9.27000
3422,1021.710000,2800.000000,9.28000
3423,1023.220000,1000.000000,9.28000
3424,1023.260000,100.000000,9.27000
3425,1023.610000,300.000000,9.28000
3426,1023.620000,600.000000,9.28000
3427,1023.620000,900.000000,9.28000
3428,1023.630000,100.000000,9.28000
3429,1023.630000,1900.000000,9.28000
3430,1023.710000,200.000000,9.27000
3431,1023.990000,500.000000,9.27000
3432,1023.990000,1400.000000,9.27000
3433,1023.990000,900.000000,9.27000
3434,1023.990000,1100.000000,9.27000
3435,1024.180000,7200.000000,9.27000
3436,1024.770000,10000.000000,9.27000
3437,1025.860000,1000.000000,9.28000
3438,1025.890000,500.000000,9.28000
3439,1025.890000,1500.000000,9.28000
3440,1026.220000,1600.000000,9.27000
3441,1026.500000,2000.000000,9.27000
3442,1026.500000,4600.000000,9.27000
3443,1027.100000,1500.000000,9.28000
3444,1027.130000,200.000000,9.27000
3445,1027.560000,100.000000,9.27000
3446,1028.350000,300.000000,9.27000
3447,1029.420000,11900.000000,9.27000
3448,1029.420000,1700.000000,9.27000
3449,1029.420000,1000.000000,9.27000
3450,1029.420000,2000.000000,9.27000
3451,1029.420000,1000.000000,9.27000
3452,1029.420000,700.000000,9.27000
3453,1029.500000,1100.000000,9.27000
3454,1029.500000,1000.000000,9.26000
3455,1029.500000,300.000000,9.26000
3456,1029.500000,600.000000,9.26000
3457,1029.500000,800.000000,9.26000
3458,1030.290000,5000.000000,9.27000
3459,1030.290000,300.000000,9.27000
3460,1030.290000,300.000000,9.28000
3461,1030.290000,100.000000,9.28000
3462,1030.290000,10000.000000,9.28000
3463,1030.290000,5800.000000,9.28000
3464,1030.290000,100.000000,9.28000
3465,1030.290000,8400.000000,9.28000
3466,1030.910000,200.000000,9.28000
3467,1031.060000,200.000000,9.26000
3468,1031.060000,100.000000,9.26000
3469,1032.240000,1800.000000,9.27000
3470,1032.810000,1200.000000,9.27000
3471,1032.810000,900.000000,9.26000
3472,1032.810000,1000.000000,9.26000
3473,1032.810000,4200.000000,9.26000
3474,1033.040000,200.000000,9.26000
3475,1033.600000,500.000000,9.27000
3476,1035.250000,700.000000,9.27000
3477,1035.480000,800.000000,9.27000
3478,1036.310000,100.000000,9.27000
3479,1036.560000,200.000000,9.27000
3480,1037.060000,200.000000,9.27000
3481,1038.130000,2500.000000,9.27000
3482,1038.130000,800.000000,9.27000
3483,1038.220000,900.000000,9.26000
3484,1038.220000,900.000000,9.26000
3485,1038.430000,200.000000,9.26000
3486,1039.390000,1000.000000,9.26000
3487,1039.700000,3300.000000,9.27000
3488,1039.700000,1700.000000,9.27000
3489,1039.720000,3900.000000,9.27000
3490,1039.720000,6100.000000,9.28000
3491,1039.880000,300.000000,9.26000
3492,1040.280000,100.000000,9.28000
3493,1040.670000,400.000000,9.27000
3494,1040.670000,500.000000,9.27000
3495,1040.740000,3500.000000,9.26000
3496,1040.740000,1100.000000,9.26000
3497,1040.740000,500.000000,9.26000
3498,1040.740000,3000.000000,9.26000
3499,1040.740000,1900.000000,9.26000
3500,1040.920000,100.000000,9.26000
3501,1040.920000,100.000000,9.26000
3502,1041.120000,100.000000,9.26000
3503,1041.480000,1100.000000,9.27000
3504,1041.500000,800.000000,9.26000
3505,1041.500000,100.000000,9.26000
3506,1041.500000,1300.000000,9.26000
3507,1042.260000,100.000000,9.27000
3508,1042.860000,3900.000000,9.27000
3509,1042.860000,2300.000000,9.27000
3510,1042.860000,2100.000000,9.27000
3511,1042.860000,3000.000000,9.27000
3512,1043.170000,1000.000000,9.28000
3513,1043.440000,500.000000,9.28000
3514,1044.550000,700.000000,9.27000
3515,1046.090000,200.000000,9.27000
3516,1046.820000,1000.000000,9.27000
3517,1047.150000,100.000000,9.27000
3518,1047.450000,1000.000000,9.27000
3519,1047.960000,200.000000,9.27000
3520,1048.510000,600.000000,9.27000
3521,1048.940000,4900.000000,9.27000
3522,1048.940000,700.000000,9.27000
3523,1048.940000,200.000000,9.27000
3524,1048.940000,500.000000,9.27000
3525,1048.940000,1300.000000,9.27000
3526,1048.940000,1700.000000,9.26000
3527,1048.940000,700.000000,9.26000
3528,1049.560000,200.000000,9.26000
3529,1050.120000,1000.000000,9.26000
3530,1050.260000,1600.000000,9.26000
3531,1050.260000,600.000000,9.26000
3532,1050.460000,200.000000,9.26000
3533,1050.930000,300.000000,9.26000
3534,1051.460000,1000.000000,9.27000
3535,1051.520000,200.000000,9.26000
3536,1051.900000,500.000000,9.27000
3537,1051.970000,500.000000,9.27000
3538,1052.020000,1000.000000,9.27000
3539,1052.020000,400.000000,9.26000
3540,1052.560000,300.000000,9.26000
3541,1052.560000,100.000000,9.26000
3542,1053.140000,200.000000,9.26000
3543,1053.150000,100.000000,9.26000
3544,1053.520000,600.000000,9.26000
3545,1053.520000,500.000000,9.26000
3546,1053.520000,4200.000000,9.26000
3547,1053.860000,400.000000,9.26000
3548,1054.360000,500.000000,9.28000
3549,1054.440000,500.000000,9.28000
3550,1055.360000,300.000000,9.28000
3551,1055.690000,100.000000,9.28000
3552,1056.170000,300.000000,9.28000
3553,1056.200000,500.000000,9.27000
3554,1056.290000,2800.000000,9.27000
3555,1056.290000,1000.000000,9.27000
3556,1056.290000,100.000000,9.27000
3557,1056.550000,1400.000000,9.26000
3558,1056.550000,1000.000000,9.26000
3559,1056.550000,500.000000,9.26000
3560,1056.550000,400.000000,9.26000
3561,1056.550000,1200.000000,9.26000
3562,1056.550000,2000.000000,9.26000
3563,1056.550000,500.000000,9.26000
3564,1056.550000,7600.000000,9.26000
3565,1056.600000,2200.000000,9.26000
3566,1056.910000,2700.000000,9.26000
3567,1056.910000,1500.000000,9.26000
3568,1057.860000,400.000000,9.27000
3569,1057.860000,400.000000,9.27000
3570,1057.860000,4200.000000,9.27000
3571,1059.150000,1400.000000,9.27000
3572,1059.180000,2000.000000,9.27000
3573,1059.200000,300.000000,9.28000
3574,1059.770000,1700.000000,9.28000
3575,1059.770000,200.000000,9.28000
3576,1059.770000,100.000000,9.28000
3577,1060.030000,200.000000,9.27000
3578,1060.090000,200.000000,9.28000
3579,1060.810000,200.000000,9.27000
3580,1061.530000,1200.000000,9.27000
3581,1061.530000,900.000000,9.27000
3582,1061.530000,2000.000000,9.27000
3583,1061.530000,300.000000,9.27000
3584,1061.760000,500.000000,9.27000
3585,1061.950000,300.000000,9.27000
3586,1061.970000,200.000000,9.26000
3587,1062.030000,500.000000,9.27000
3588,1062.220000,400.000000,9.27000
3589,1062.220000,1000.000000,9.26000
3590,1062.220000,800.000000,9.26000
3591,1062.880000,200.000000,9.27000
3592,1062.960000,1600.000000,9.27000
3593,1063.100000,200.000000,9.27000
3594,1063.150000,1500.000000,9.27000
3595,1063.210000,1500.000000,9.27000
3596,1063.210000,1600.000000,9.27000
3597,1063.310000,100.000000,9.28000
3598,1063.550000,700.000000,9.27000
3599,1064.190000,1000.000000,9.27000
3600,1064.680000,2900.000000,9.27000
3601,1064.790000,10000.000000,9.27000
3602,1064.800000,1600.000000,9.27000
3603,1064.990000,20900.000000,9.27000
3604,1065.130000,11300.000000,9.27000
3605,1065.130000,1000.000000,9.27000
3606,1065.130000,600.000000,9.27000
3607,1065.140000,900.000000,9.26000
3608,1065.460000,4300.000000,9.26000
3609,1065.600000,600.000000,9.27000
3610,1065.770000,600.000000,9.26000
3611,1065.840000,1000.000000,9.27000
3612,1066.040000,1900.000000,9.26000
3613,1066.560000,2300.000000,9.27000
3614,1066.560000,1900.000000,9.26000
3615,1066.860000,400.000000,9.26000
3616,1066.990000,1300.000000,9.26000
3617,1067.570000,400.000000,9.26000
3618,1067.860000,2400.000000,9.27000
3619,1067.860000,1000.000000,9.27000
3620,1068.220000,6900.000000,9.27000
3621,1068.300000,16700.000000,9.27000
3622,1069.850000,400.000000,9.27000
3623,1070.820000,100.000000,9.28000
3624,1071.320000,13300.000000,9.27000
3625,1071.370000,59300.000000,9.27000
3626,1071.370000,2100.000000,9.27000
3627,1071.370000,1300.000000,9.27000
3628,1071.650000,100.000000,9.27000
3629,1071.650000,100.000000,9.27000
3630,1072.400000,1000.000000,9.28000
3631,1072.470000,200.000000,9.27000
3632,1072.750000,6600.000000,9.26000
3633,1072.750000,2000.000000,9.26000
3634,1072.750000,1400.000000,9.26000
3635,1072.880000,800.000000,9.26000
3636,1072.990000,600.000000,9.27000
3637,1072.990000,1400.000000,9.27000
3638,1073.020000,1900.000000,9.26000
3639,1074.130000,1500.000000,9.26000
3640,1074.540000,700.000000,9.26000
3641,1074.540000,1000.000000,9.26000
3642,1074.540000,1000.000000,9.26000
3643,1074.540000,1000.000000,9.26000
3644,1074.540000,1000.000000,9.26000
3645,1074.540000,2000.000000,9.26000
3646,1074.540000,1000.000000,9.26000
3647,1074.540000,500.000000,9.26000
3648,1074.540000,1500.000000,9.26000
3649,1074.540000,100.000000,9.26000
3650,1074.540000,2500.000000,9.26000
3651,1074.540000,1000.000000,9.26000
3652,1074.540000,500.000000,9.26000
3653,1074.540000,1000.000000,9.26000
3654,1074.540000,200.000000,9.26000
3655,1074.540000,4400.000000,9.26000
3656,1075.120000,200.000000,9.27000
3657,1075.120000,500.000000,9.27000
3658,1075.120000,1800.000000,9.27000
3659,1075.550000,400.000000,9.27000
3660,1075.900000,600.000000,9.26000
3661,1075.900000,300.000000,9.26000
3662,1076.110000,3000.000000,9.27000
3663,1076.170000,10000.000000,9.27000
3664,1076.510000,700.000000,9.26000
3665,1076.510000,200.000000,9.26000
3666,1076.510000,800.000000,9.26000
3667,1076.510000,100.000000,9.26000
3668,1077.080000,1100.000000,9.26000
3669,1077.310000,3000.000000,9.26000
3670,1077.360000,5800.000000,9.26000
3671,1077.360000,5000.000000,9.26000
3672,1077.360000,200.000000,9.26000
3673,1077.360000,10000.000000,9.26000
3674,1077.360000,1000.000000,9.26000
3675,1077.360000,500.000000,9.26000
3676,1077.360000,1000.000000,9.26000
3677,1077.360000,2200.000000,9.26000
3678,1077.360000,1300.000000,9.26000
3679,1077.560000,200.000000,9.26000
3680,1077.560000,400.000000,9.26000
3681,1077.630000,500.000000,9.27000
3682,1077.760000,2000.000000,9.27000
3683,1077.950000,200.000000,9.26000
3684,1078.820000,2400.000000,9.26000
3685,1078.820000,100.000000,9.26000
3686,1078.870000,2000.000000,9.27000
3687,1078.990000,1400.000000,9.26000
3688,1078.990000,900.000000,9.26000
3689,1079.300000,100.000000,9.26000
3690,1079.300000,2200.000000,9.26000
3691,1079.300000,600.000000,9.26000
3692,1079.300000,500.000000,9.26000
3693,1079.300000,1000.000000,9.26000
3694,1079.300000,1000.000000,9.26000
3695,1079.300000,500.000000,9.26000
3696,1079.300000,1000.000000,9.26000
3697,1079.300000,2000.000000,9.26000
3698,1079.300000,1000.000000,9.26000
3699,1079.300000,4700.000000,9.26000
3700,1079.300000,17200.000000,9.26000
3701,1079.640000,5500.000000,9.27000
3702,1079.930000,10000.000000,9.26000
3703,1080.040000,1500.000000,9.26000
3704,1080.110000,200.000000,9.26000
3705,1080.170000,22700.000000,9.26000
3706,1080.170000,2000.000000,9.26000
3707,1080.170000,1100.000000,9.26000
3708,1080.170000,1000.000000,9.26000
3709,1080.170000,1000.000000,9.26000
3710,1080.170000,3916.000000,9.25000
3711,1080.170000,284.000000,9.25000
3712,1080.690000,1800.000000,9.26000
3713,1080.690000,500.000000,9.26000
3714,1080.690000,300.000000,9.26000
3715,1080.690000,716.000000,9.25000
3716,1080.690000,100.000000,9.25000
3717,1080.690000,600.000000,9.25000
3718,1080.690000,400.000000,9.25000
3719,1080.690000,200.000000,9.25000
3720,1080.690000,1000.000000,9.25000
3721,1080.690000,300.000000,9.25000
3722,1080.690000,4084.000000,9.25000
3723,1081.490000,400.000000,9.26000
3724,1081.490000,500.000000,9.25000
3725,1082.010000,600.000000,9.26000
3726,1082.020000,10000.000000,9.27000
3727,1082.270000,1000.000000,9.27000
3728,1082.280000,500.000000,9.27000
3729,1082.480000,1000.000000,9.27000
3730,1082.750000,200.000000,9.26000
3731,1083.040000,1000.000000,9.27000
3732,1084.150000,100.000000,9.27000
3733,1084.320000,500.000000,9.26000
3734,1084.320000,200.000000,9.26000
3735,1084.320000,2916.000000,9.25000
3736,1084.320000,500.000000,9.25000
3737,1084.320000,200.000000,9.25000
3738,1084.320000,100.000000,9.25000
3739,1084.320000,1000.000000,9.25000
3740,1084.320000,500.000000,9.25000
3741,1084.320000,500.000000,9.25000
3742,1084.320000,100.000000,9.25000
3743,1084.320000,3000.000000,9.25000
3744,1084.320000,900.000000,9.25000
3745,1084.320000,1700.000000,9.25000
3746,1084.320000,900.000000,9.25000
3747,1084.320000,500.000000,9.25000
3748,1084.320000,500.000000,9.25000
3749,1084.320000,3000.000000,9.25000
3750,1084.320000,3000.000000,9.25000
3751,1084.320000,1000.000000,9.25000
3752,1084.320000,1000.000000,9.25000
3753,1084.320000,700.000000,9.25000
3754,1084.320000,100.000000,9.25000
3755,1084.320000,5500.000000,9.25000
3756,1084.320000,500.000000,9.25000
3757,1084.320000,1000.000000,9.25000
3758,1084.320000,400.000000,9.25000
3759,1084.320000,1000.000000,9.25000
3760,1084.320000,200.000000,9.25000
3761,1084.320000,100.000000,9.25000
3762,1084.320000,1984.000000,9.25000
3763,1084.480000,300.000000,9.25000
3764,1084.610000,200.000000,9.27000
3765,1084.980000,2500.000000,9.26000
3766,1086.070000,2600.000000,9.26000
3767,1086.440000,29600.000000,9.26000
3768,1086.450000,3500.000000,9.26000
3769,1087.050000,5600.000000,9.26000
3770,1087.840000,100.000000,9.27000
3771,1088.940000,6700.000000,9.26000
3772,1088.940000,1000.000000,9.26000
3773,1088.940000,800.000000,9.26000
3774,1088.940000,1500.000000,9.26000
3775,1089.180000,500.000000,9.26000
3776,1089.180000,700.000000,9.26000
3777,1089.280000,400.000000,9.26000
3778,1089.280000,1000.000000,9.26000
3779,1089.280000,1100.000000,9.26000
3780,1089.280000,2000.000000,9.26000
3781,1089.380000,7716.000000,9.25000
3782,1089.380000,500.000000,9.25000
3783,1089.380000,6200.000000,9.25000
3784,1089.380000,1700.000000,9.25000
3785,1089.380000,2000.000000,9.25000
3786,1089.380000,3000.000000,9.25000
3787,1089.380000,13184.000000,9.25000
3788,1089.480000,1000.000000,9.26000
3789,1089.510000,200.000000,9.26000
3790,1089.890000,200.000000,9.26000
3791,1090.220000,900.000000,9.27000
3792,1090.220000,1100.000000,9.27000
3793,1090.570000,600.000000,9.26000
3794,1090.570000,1000.000000,9.26000
3795,1090.570000,2500.000000,9.26000
3796,1090.570000,1400.000000,9.26000
3797,1090.880000,900.000000,9.27000
3798,1090.880000,1000.000000,9.27000
3799,1090.880000,8100.000000,9.27000
3800,1090.930000,900.000000,9.27000
3801,1090.960000,800.000000,9.26000
3802,1091.070000,400.000000,9.26000
3803,1091.540000,200.000000,9.27000
3804,1092.480000,100.000000,9.26000
3805,1092.480000,300.000000,9.26000
3806,1092.480000,100.000000,9.26000
3807,1092.480000,5000.000000,9.26000
3808,1092.480000,4616.000000,9.25000
3809,1092.480000,23084.000000,9.25000
3810,1092.650000,500.000000,9.26000
3811,1093.180000,3400.000000,9.26000
3812,1093.310000,200.000000,9.26000
3813,1093.390000,1000.000000,9.25000
3814,1093.490000,100.000000,9.25000
3815,1093.880000,4716.000000,9.25000
3816,1093.880000,200.000000,9.25000
3817,1093.880000,9084.000000,9.25000
3818,1094.280000,916.000000,9.25000
3819,1094.280000,1484.000000,9.25000
3820,1095.120000,516.000000,9.25000
3821,1095.120000,5000.000000,9.25000
3822,1095.120000,84.000000,9.25000
3823,1095.320000,8216.000000,9.25000
3824,1095.320000,10000.000000,9.25000
3825,1095.320000,1000.000000,9.25000
3826,1095.320000,2584.000000,9.25000
3827,1095.320000,15216.000000,9.25000
3828,1095.320000,400.000000,9.25000
3829,1095.320000,1000.000000,9.25000
3830,1095.320000,3900.000000,9.25000
3831,1095.320000,2000.000000,9.25000
3832,1095.320000,100.000000,9.25000
3833,1095.320000,3984.000000,9.25000
3834,1095.330000,6016.000000,9.25000
3835,1095.330000,784.000000,9.25000
3836,1095.500000,100.000000,9.26000
3837,1095.550000,100.000000,9.26000
3838,1095.570000,1000.000000,9.26000
3839,1096.010000,800.000000,9.25000
3840,1096.120000,1300.000000,9.25000
3841,1096.550000,2100.000000,9.25000
3842,1096.700000,200.000000,9.26000
3843,1096.700000,5500.000000,9.26000
3844,1096.700000,7100.000000,9.27000
3845,1096.700000,600.000000,9.27000
3846,1096.700000,7100.000000,9.27000
3847,1096.700000,7500.000000,9.27000
3848,1096.710000,23100.000000,9.27000
3849,1096.930000,7700.000000,9.27000
3850,1096.930000,16.000000,9.25000
3851,1096.930000,600.000000,9.25000
3852,1096.930000,1000.000000,9.25000
3853,1096.930000,300.000000,9.25000
3854,1096.930000,384.000000,9.25000
3855,1097.980000,2000.000000,9.26000
3856,1097.980000,1616.000000,9.25000
3857,1097.980000,100.000000,9.25000
3858,1097.980000,2500.000000,9.25000
3859,1097.980000,4000.000000,9.25000
3860,1097.980000,1000.000000,9.25000
3861,1097.980000,100.000000,9.25000
3862,1097.980000,684.000000,9.25000
3863,1098.080000,300.000000,9.25000
3864,1098.280000,1100.000000,9.26000
3865,1098.450000,16.000000,9.25000
3866,1098.450000,500.000000,9.25000
3867,1098.450000,600.000000,9.25000
3868,1098.450000,3000.000000,9.25000
3869,1098.450000,500.000000,9.25000
3870,1098.450000,500.000000,9.25000
3871,1098.450000,3000.000000,9.25000
3872,1098.450000,1800.000000,9.25000
3873,1098.450000,5600.000000,9.25000
3874,1098.450000,600.000000,9.25000
3875,1098.450000,11684.000000,9.25000
3876,1098.500000,100.000000,9.25000
3877,1098.520000,7300.000000,9.25000
3878,1098.740000,200.000000,9.25000
3879,1098.950000,800.000000,9.26000
3880,1099.040000,4800.000000,9.26000
3881,1099.040000,9616.000000,9.25000
3882,1099.040000,300.000000,9.25000
3883,1099.040000,1000.000000,9.25000
3884,1099.040000,1000.000000,9.25000
3885,1099.040000,200.000000,9.25000
3886,1099.040000,1000.000000,9.25000
3887,1099.040000,3000.000000,9.25000
3888,1099.040000,500.000000,9.25000
3889,1099.040000,100.000000,9.25000
3890,1099.040000,4000.000000,9.25000
3891,1099.040000,1600.000000,9.25000
3892,1099.040000,600.000000,9.25000
3893,1099.040000,1000.000000,9.25000
3894,1099.040000,900.000000,9.25000
3895,1099.040000,300.000000,9.25000
3896,1099.040000,1000.000000,9.25000
3897,1099.040000,5000.000000,9.25000
3898,1099.040000,3300.000000,9.25000
3899,1099.040000,800.000000,9.25000
3900,1099.040000,500.000000,9.25000
3901,1099.040000,100.000000,9.25000
3902,1099.040000,500.000000,9.25000
3903,1099.040000,1000.000000,9.25000
3904,1099.040000,1500.000000,9.25000
3905,1099.040000,50000.000000,9.25000
3906,1099.040000,500.000000,9.25000
3907,1099.040000,100.000000,9.25000
3908,1099.040000,1000.000000,9.25000
3909,1099.040000,1000.000000,9.25000
3910,1099.040000,10000.000000,9.25000
3911,1099.040000,19100.000000,9.25000
3912,1099.040000,1400.000000,9.25000
3913,1099.040000,1000.000000,9.25000
3914,1099.040000,2000.000000,9.25000
3915,1099.040000,1000.000000,9.25000
3916,1099.040000,2500.000000,9.25000
3917,1099.040000,800.000000,9.25000
3918,1099.040000,1000.000000,9.25000
3919,1099.040000,1000.000000,9.25000
3920,1099.040000,5000.000000,9.25000
3921,1099.040000,300.000000,9.25000
3922,1099.040000,500.000000,9.25000
3923,1099.040000,4000.000000,9.25000
3924,1099.040000,900.000000,9.25000
3925,1099.040000,1000.000000,9.25000
3926,1099.040000,1000.000000,9.25000
3927,1099.040000,2000.000000,9.25000
3928,1099.040000,2500.000000,9.25000
3929,1099.040000,1400.000000,9.25000
3930,1099.040000,2000.000000,9.25000
3931,1099.040000,5000.000000,9.25000
3932,1099.040000,500.000000,9.25000
3933,1099.040000,100.000000,9.25000
3934,1099.040000,10000.000000,9.25000
3935,1099.040000,500.000000,9.25000
3936,1099.040000,5000.000000,9.25000
3937,1099.040000,1200.000000,9.25000
3938,1099.040000,1100.000000,9.25000
3939,1099.040000,1100.000000,9.25000
3940,1099.040000,1000.000000,9.25000
3941,1099.040000,100.000000,9.25000
3942,1099.040000,1000.000000,9.25000
3943,1099.040000,500.000000,9.25000
3944,1099.040000,300.000000,9.25000
3945,1099.040000,800.000000,9.25000
3946,1099.040000,500.000000,9.25000
3947,1099.040000,6000.000000,9.25000
3948,1099.040000,200.000000,9.25000
3949,1099.040000,1000.000000,9.25000
3950,1099.040000,300.000000,9.25000
3951,1099.040000,800.000000,9.25000
3952,1099.040000,2000.000000,9.25000
3953,1099.040000,2800.000000,9.25000
3954,1099.040000,1500.000000,9.25000
3955,1099.040000,1000.000000,9.25000
3956,1099.410000,4100.000000,9.25000
3957,1099.490000,500.000000,9.25000
3958,1099.820000,100.000000,9.25000
3959,1100.870000,10000.000000,9.25000
3960,1101.090000,100.000000,9.25000
3961,1101.190000,8500.000000,9.24000
3962,1101.200000,9800.000000,9.24000
3963,1101.200000,200.000000,9.24000
3964,1101.200000,200.000000,9.24000
3965,1101.200000,600.000000,9.24000
3966,1101.200000,2200.000000,9.24000
3967,1101.200000,5000.000000,9.24000
3968,1101.200000,700.000000,9.24000
3969,1101.200000,5000.000000,9.24000
3970,1101.200000,2500.000000,9.24000
3971,1101.200000,2000.000000,9.24000
3972,1101.200000,1000.000000,9.24000
3973,1101.200000,300.000000,9.24000
3974,1101.200000,2000.000000,9.24000
3975,1101.200000,500.000000,9.24000
3976,1101.200000,3000.000000,9.24000
3977,1101.200000,900.000000,9.24000
3978,1101.200000,200.000000,9.24000
3979,1101.200000,500.000000,9.24000
3980,1101.200000,2200.000000,9.24000
3981,1101.200000,400.000000,9.24000
3982,1101.200000,100.000000,9.24000
3983,1101.200000,1700.000000,9.24000
3984,1101.390000,8300.000000,9.24000
3985,1101.390000,100.000000,9.24000
3986,1101.390000,12900.000000,9.24000
3987,1101.410000,300.000000,9.25000
3988,1101.500000,7100.000000,9.24000
3989,1101.500000,600.000000,9.24000
3990,1101.500000,1000.000000,9.24000
3991,1101.500000,1000.000000,9.24000
3992,1101.500000,1000.000000,9.24000
3993,1101.500000,200.000000,9.24000
3994,1101.500000,100.000000,9.24000
3995,1101.500000,1000.000000,9.24000
3996,1101.500000,10000.000000,9.24000
3997,1101.500000,1000.000000,9.24000
3998,1101.500000,1000.000000,9.24000
3999,1101.500000,1500.000000,9.24000
4000,1101.500000,3000.000000,9.23000
4001,1101.500000,500.000000,9.23000
4002,1101.500000,1000.000000,9.23000
4003,1101.500000,300.000000,9.23000
4004,1101.500000,10100.000000,9.23000
4005,1101.500000,1000.000000,9.23000
4006,1101.500000,1000.000000,9.23000
4007,1101.500000,1000.000000,9.23000
4008,1101.500000,1200.000000,9.23000
4009,1101.500000,2500.000000,9.23000
4010,1101.500000,2000.000000,9.23000
4011,1101.500000,2600.000000,9.23000
4012,1101.500000,5000.000000,9.23000
4013,1101.500000,500.000000,9.23000
4014,1101.500000,2600.000000,9.23000
4015,1101.500000,500.000000,9.23000
4016,1101.500000,7400.000000,9.23000
4017,1101.500000,600.000000,9.23000
4018,1101.500000,800.000000,9.23000
4019,1101.500000,600.000000,9.23000
4020,1101.500000,100.000000,9.23000
4021,1101.500000,500.000000,9.23000
4022,1101.500000,300.000000,9.23000
4023,1101.500000,3000.000000,9.23000
4024,1101.500000,5000.000000,9.23000
4025,1101.500000,15000.000000,9.23000
4026,1101.500000,1000.000000,9.23000
4027,1101.500000,1000.000000,9.23000
4028,1101.500000,2300.000000,9.23000
4029,1101.610000,2700.000000,9.23000
4030,1101.610000,5400.000000,9.23000
4031,1101.780000,10000.000000,9.25000
4032,1101.860000,500.000000,9.23000
4033,1102.990000,400.000000,9.25000
4034,1103.520000,500.000000,9.25000
4035,1103.680000,3584.000000,9.25000
4036,1103.680000,2000.000000,9.25000
4037,1103.680000,5600.000000,9.26000
4038,1103.680000,2200.000000,9.26000
4039,1103.680000,5400.000000,9.26000
4040,1104.120000,400.000000,9.26000
4041,1104.280000,6400.000000,9.26000
4042,1104.290000,32400.000000,9.26000
4043,1104.340000,42016.000000,9.26000
4044,1104.340000,500.000000,9.25000
4045,1104.340000,1000.000000,9.25000
4046,1104.340000,1000.000000,9.25000
4047,1104.340000,584.000000,9.24000
4048,1104.400000,1716.000000,9.24000
4049,1104.400000,800.000000,9.24000
4050,1104.400000,600.000000,9.24000
4051,1104.510000,2600.000000,9.23000
4052,1104.670000,200.000000,9.23000
4053,1104.770000,10000.000000,9.23000
4054,1104.790000,600.000000,9.24000
4055,1104.810000,1000.000000,9.24000
4056,1104.890000,800.000000,9.23000
4057,1104.900000,2000.000000,9.24000
4058,1105.480000,1000.000000,9.24000
4059,1105.870000,1000.000000,9.24000
4060,1105.900000,500.000000,9.23000
4061,1105.900000,1000.000000,9.23000
4062,1105.900000,2900.000000,9.23000
4063,1106.180000,2300.000000,9.23000
4064,1106.730000,1284.000000,9.24000
4065,1106.980000,700.000000,9.26000
4066,1106.980000,1416.000000,9.24000
4067,1106.980000,684.000000,9.23000
4068,1107.310000,300.000000,9.25000
4069,1107.310000,4116.000000,9.23000
4070,1107.310000,1000.000000,9.23000
4071,1107.310000,10000.000000,9.23000
4072,1107.310000,2000.000000,9.23000
4073,1107.310000,300.000000,9.23000
4074,1107.310000,2000.000000,9.23000
4075,1107.310000,584.000000,9.23000
4076,1107.310000,4200.000000,9.23000
4077,1107.310000,5216.000000,9.23000
4078,1107.310000,1000.000000,9.23000
4079,1107.310000,48700.000000,9.23000
4080,1107.310000,1000.000000,9.23000
4081,1107.310000,1000.000000,9.23000
4082,1107.310000,200.000000,9.23000
4083,1107.310000,700.000000,9.23000
4084,1107.310000,3000.000000,9.23000
4085,1107.310000,1000.000000,9.23000
4086,1107.310000,1000.000000,9.23000
4087,1107.310000,200.000000,9.23000
4088,1107.310000,200.000000,9.23000
4089,1107.310000,2284.000000,9.23000
4090,1107.760000,100.000000,9.24000
4091,1108.080000,400.000000,9.25000
4092,1108.090000,4500.000000,9.25000
4093,1108.460000,100.000000,9.24000
4094,1108.690000,3000.000000,9.23000
4095,1108.880000,5000.000000,9.23000
4096,1108.900000,60000.000000,9.23000
4097,1109.040000,8600.000000,9.24000
4098,1109.250000,900.000000,9.24000
4099,1109.970000,2400.000000,9.25000
4100,1110.260000,5400.000000,9.25000
4101,1110.260000,500.000000,9.24000
4102,1110.260000,1500.000000,9.24000
4103,1110.260000,41700.000000,9.23000
4104,1110.260000,8600.000000,9.23000
4105,1110.430000,1000.000000,9.26000
4106,1110.430000,200.000000,9.27000
4107,1110.660000,300.000000,9.26000
4108,1110.660000,2000.000000,9.25000
4109,1110.660000,17000.000000,9.23000
4110,1112.760000,10000.000000,9.24000
4111,1112.840000,2000.000000,9.24000
4112,1113.110000,100.000000,9.24000
4113,1113.230000,24400.000000,9.24000
4114,1113.230000,7800.000000,9.24000
4115,1113.240000,4200.000000,9.24000
4116,1113.240000,25800.000000,9.23000
4117,1113.890000,3000.000000,9.24000
4118,1114.260000,3800.000000,9.23000
4119,1114.420000,6500.000000,9.23000
4120,1114.430000,50000.000000,9.23000
4121,1114.480000,500.000000,9.24000
4122,1114.780000,200.000000,9.24000
4123,1114.900000,1400.000000,9.23000
4124,1115.310000,20000.000000,9.24000
4125,1115.450000,200.000000,9.23000
4126,1116.580000,200.000000,9.24000
4127,1116.610000,4500.000000,9.23000
4128,1116.610000,4100.000000,9.23000
4129,1116.620000,20900.000000,9.23000
4130,1116.700000,300.000000,9.23000
4131,1116.720000,12100.000000,9.23000
4132,1116.730000,16700.000000,9.23000
4133,1117.030000,1000.000000,9.23000
4134,1117.260000,200.000000,9.23000
4135,1117.290000,500.000000,9.24000
4136,1117.580000,100.000000,9.24000
4137,1117.580000,500.000000,9.24000
4138,1117.720000,10000.000000,9.24000
4139,1117.810000,29516.000000,9.23000
4140,1117.810000,100.000000,9.23000
4141,1117.810000,384.000000,9.23000
4142,1117.830000,200.000000,9.24000
4143,1117.910000,6100.000000,9.24000
4144,1117.940000,1816.000000,9.23000
4145,1117.940000,384.000000,9.23000
4146,1118.050000,1000.000000,9.24000
4147,1118.150000,1600.000000,9.24000
4148,1118.210000,300.000000,9.23000
4149,1118.260000,1300.000000,9.24000
4150,1118.460000,800.000000,9.24000
4151,1118.460000,100.000000,9.24000
4152,1118.460000,1300.000000,9.24000
4153,1118.490000,500.000000,9.24000
4154,1118.670000,916.000000,9.23000
4155,1118.670000,4984.000000,9.23000
4156,1119.100000,316.000000,9.23000
4157,1119.100000,200.000000,9.23000
4158,1119.100000,1000.000000,9.23000
4159,1119.100000,1300.000000,9.23000
4160,1119.100000,100.000000,9.23000
4161,1119.100000,500.000000,9.23000
4162,1119.100000,700.000000,9.23000
4163,1119.100000,200.000000,9.23000
4164,1119.100000,2000.000000,9.23000
4165,1119.100000,200.000000,9.23000
4166,1119.100000,2000.000000,9.22000
4167,1119.100000,300.000000,9.22000
4168,1119.100000,500.000000,9.22000
4169,1119.100000,200.000000,9.22000
4170,1119.100000,700.000000,9.22000
4171,1119.100000,10000.000000,9.22000
4172,1119.100000,700.000000,9.22000
4173,1119.100000,2000.000000,9.22000
4174,1119.100000,1000.000000,9.22000
4175,1119.100000,2000.000000,9.22000
4176,1119.100000,2000.000000,9.22000
4177,1119.100000,500.000000,9.22000
4178,1119.100000,400.000000,9.22000
4179,1119.100000,1000.000000,9.22000
4180,1119.100000,8784.000000,9.22000
4181,1119.100000,1216.000000,9.22000
4182,1119.100000,9184.000000,9.22000
4183,1119.230000,816.000000,9.22000
4184,1119.230000,5400.000000,9.22000
4185,1119.230000,300.000000,9.22000
4186,1119.230000,6384.000000,9.22000
4187,1119.230000,3616.000000,9.22000
4188,1119.230000,1400.000000,9.22000
4189,1119.230000,1500.000000,9.22000
4190,1119.230000,100.000000,9.22000
4191,1119.230000,100.000000,9.22000
4192,1119.230000,5000.000000,9.22000
4193,1119.230000,300.000000,9.22000
4194,1119.230000,1000.000000,9.22000
4195,1119.230000,2000.000000,9.22000
4196,1119.230000,3700.000000,9.22000
4197,1119.230000,600.000000,9.22000
4198,1119.230000,100.000000,9.22000
4199,1119.230000,1000.000000,9.22000
4200,1119.230000,1400.000000,9.22000
4201,1119.230000,3684.000000,9.22000
4202,1119.240000,6316.000000,9.22000
4203,1119.240000,3184.000000,9.22000
4204,1119.240000,6816.000000,9.22000
4205,1119.240000,1000.000000,9.22000
4206,1119.240000,500.000000,9.22000
4207,1119.240000,2000.000000,9.22000
4208,1119.240000,800.000000,9.22000
4209,1119.240000,9584.000000,9.22000
4210,1119.250000,416.000000,9.22000
4211,1119.250000,3000.000000,9.22000
4212,1119.250000,2000.000000,9.22000
4213,1119.250000,1900.000000,9.22000
4214,1119.250000,600.000000,9.22000
4215,1119.250000,3000.000000,9.22000
4216,1119.250000,1000.000000,9.22000
4217,1119.250000,5184.000000,9.22000
4218,1119.260000,3500.000000,9.22000
4219,1119.350000,6316.000000,9.22000
4220,1119.350000,1000.000000,9.22000
4221,1119.350000,1000.000000,9.22000
4222,1119.350000,10000.000000,9.22000
4223,1119.350000,1000.000000,9.22000
4224,1119.350000,2784.000000,9.22000
4225,1119.850000,100.000000,9.23000
4226,1119.900000,5000.000000,9.24000
4227,1120.440000,500.000000,9.24000
4228,1120.600000,1000.000000,9.24000
4229,1120.720000,900.000000,9.23000
4230,1120.720000,400.000000,9.23000
4231,1120.720000,200.000000,9.23000
4232,1120.720000,100.000000,9.23000
4233,1120.720000,916.000000,9.22000
4234,1120.720000,484.000000,9.22000
4235,1120.740000,1400.000000,9.24000
4236,1122.230000,2000.000000,9.23000
4237,1122.230000,500.000000,9.23000
4238,1122.230000,1800.000000,9.23000
4239,1122.230000,2100.000000,9.23000
4240,1122.230000,1100.000000,9.23000
4241,1122.230000,16.000000,9.22000
4242,1122.230000,500.000000,9.22000
4243,1122.230000,9184.000000,9.22000
4244,1122.230000,900.000000,9.22000
4245,1122.240000,2500.000000,9.22000
4246,1122.240000,7100.000000,9.22000
4247,1122.250000,4500.000000,9.22000
4248,1122.250000,9000.000000,9.22000
4249,1122.250000,6816.000000,9.22000
4250,1122.250000,1000.000000,9.22000
4251,1122.250000,5284.000000,9.22000
4252,1122.270000,3600.000000,9.22000
4253,1122.400000,5500.000000,9.22000
4254,1122.400000,4600.000000,9.22000
4255,1122.750000,200.000000,9.24000
4256,1123.720000,100.000000,9.23000
4257,1126.460000,200.000000,9.23000
4258,1127.820000,700.000000,9.23000
4259,1127.820000,2300.000000,9.23000
4260,1130.330000,600.000000,9.23000
4261,1130.330000,4800.000000,9.23000
4262,1130.330000,800.000000,9.23000
4263,1130.610000,5700.000000,9.23000
4264,1131.710000,300.000000,9.24000
4265,1132.320000,2200.000000,9.23000
4266,1132.590000,2000.000000,9.24000
4267,1133.200000,500.000000,9.23000
4268,1133.610000,800.000000,9.23000
4269,1133.610000,100.000000,9.23000
4270,1133.610000,900.000000,9.23000
4271,1134.670000,2000.000000,9.23000
4272,1134.830000,100.000000,9.23000
4273,1135.610000,500.000000,9.24000
4274,1136.990000,500.000000,9.24000
4275,1137.560000,100.000000,9.23000
4276,1137.930000,100.000000,9.24000
4277,1138.420000,100.000000,9.23000
4278,1138.980000,800.000000,9.24000
4279,1139.280000,3000.000000,9.23000
4280,1139.640000,4300.000000,9.24000
4281,1139.640000,100.000000,9.24000
4282,1139.640000,600.000000,9.24000
4283,1140.930000,2000.000000,9.23000
4284,1141.080000,2200.000000,9.23000
4285,1141.210000,2600.000000,9.23000
4286,1141.210000,2000.000000,9.23000
4287,1141.210000,400.000000,9.23000
4288,1141.210000,6400.000000,9.23000
4289,1141.210000,1000.000000,9.23000
4290,1141.210000,100.000000,9.23000
4291,1141.210000,1100.000000,9.23000
4292,1141.210000,500.000000,9.23000
4293,1141.210000,1000.000000,9.23000
4294,1141.210000,1000.000000,9.23000
4295,1141.210000,900.000000,9.23000
4296,1141.210000,2000.000000,9.23000
4297,1141.210000,1000.000000,9.23000
4298,1141.780000,3300.000000,9.24000
4299,1141.780000,600.000000,9.24000
4300,1142.880000,1000.000000,9.23000
4301,1143.010000,100.000000,9.24000
4302,1144.420000,300.000000,9.24000
4303,1144.420000,300.000000,9.24000
4304,1145.080000,1500.000000,9.23000
4305,1145.080000,1000.000000,9.23000
4306,1145.080000,1500.000000,9.23000
4307,1145.080000,500.000000,9.23000
4308,1145.080000,3800.000000,9.23000
4309,1145.080000,1600.000000,9.23000
4310,1145.080000,500.000000,9.23000
4311,1145.080000,1000.000000,9.23000
4312,1145.080000,1100.000000,9.23000
4313,1145.080000,3000.000000,9.23000
4314,1145.080000,400.000000,9.23000
4315,1145.080000,500.000000,9.23000
4316,1145.080000,6100.000000,9.23000
4317,1145.080000,1000.000000,9.23000
4318,1145.080000,500.000000,9.23000
4319,1145.080000,18600.000000,9.22000
4320,1145.480000,2100.000000,9.24000
4321,1145.480000,200.000000,9.24000
4322,1145.480000,700.000000,9.24000
4323,1145.480000,200.000000,9.24000
4324,1145.500000,200.000000,9.24000
4325,1145.500000,200.000000,9.24000
4326,1145.810000,100.000000,9.24000
4327,1145.930000,200.000000,9.24000
4328,1145.930000,4900.000000,9.24000
4329,1146.090000,500.000000,9.23000
4330,1146.090000,100.000000,9.23000
4331,1146.090000,2416.000000,9.22000
4332,1146.090000,3200.000000,9.22000
4333,1146.090000,10000.000000,9.22000
4334,1146.090000,100.000000,9.22000
4335,1146.090000,1600.000000,9.22000
4336,1146.090000,100.000000,9.22000
4337,1146.090000,100.000000,9.22000
4338,1146.090000,300.000000,9.22000
4339,1146.090000,300.000000,9.22000
4340,1146.090000,5600.000000,9.22000
4341,1146.090000,3000.000000,9.22000
4342,1146.090000,1000.000000,9.22000
4343,1146.090000,10000.000000,9.22000
4344,1146.090000,1000.000000,9.22000
4345,1146.090000,10000.000000,9.22000
4346,1146.090000,1000.000000,9.22000
4347,1146.090000,2000.000000,9.22000
4348,1146.090000,10300.000000,9.22000
4349,1146.090000,5000.000000,9.22000
4350,1146.090000,1800.000000,9.22000
4351,1146.090000,1000.000000,9.22000
4352,1146.090000,15000.000000,9.22000
4353,1146.090000,4584.000000,9.22000
4354,1146.280000,600.000000,9.23000
4355,1146.870000,500.000000,9.23000
4356,1147.420000,200.000000,9.23000
4357,1148.140000,800.000000,9.23000
4358,1148.430000,200.000000,9.23000
4359,1148.610000,200.000000,9.24000
4360,1148.630000,1000.000000,9.23000
4361,1148.990000,1000.000000,9.23000
4362,1149.280000,6000.000000,9.23000
4363,1149.280000,500.000000,9.23000
4364,1149.320000,1000.000000,9.24000
4365,1149.390000,2000.000000,9.24000
4366,1149.670000,200.000000,9.24000
4367,1149.780000,100.000000,9.23000
4368,1149.780000,300.000000,9.23000
4369,1149.990000,1000.000000,9.23000
4370,1150.780000,1500.000000,9.23000
4371,1150.780000,1000.000000,9.23000
4372,1150.780000,3000.000000,9.23000
4373,1150.790000,4000.000000,9.23000
4374,1151.180000,1700.000000,9.24000
4375,1151.180000,4100.000000,9.24000
4376,1151.180000,3100.000000,9.24000
4377,1151.180000,1000.000000,9.24000
4378,1151.180000,2200.000000,9.24000
4379,1152.150000,500.000000,9.24000
4380,1152.220000,600.000000,9.23000
4381,1153.420000,1000.000000,9.24000
4382,1154.810000,100.000000,9.24000
4383,1154.890000,100.000000,9.24000
4384,1154.910000,1000.000000,9.24000
4385,1155.040000,200.000000,9.23000
4386,1155.040000,100.000000,9.23000
4387,1155.290000,2500.000000,9.24000
4388,1155.750000,700.000000,9.24000
4389,1158.110000,200.000000,9.24000
4390,1158.150000,27500.000000,9.24000
4391,1158.730000,800.000000,9.23000
4392,1158.730000,300.000000,9.23000
4393,1158.730000,300.000000,9.23000
4394,1158.730000,200.000000,9.23000
4395,1158.730000,3000.000000,9.23000
4396,1158.820000,100.000000,9.24000
4397,1158.860000,1000.000000,9.24000
4398,1159.490000,200.000000,9.23000
4399,1159.650000,100.000000,9.24000
4400,1160.950000,1000.000000,9.24000
4401,1161.100000,100.000000,9.24000
4402,1161.320000,800.000000,9.23000
4403,1161.320000,22200.000000,9.23000
4404,1161.940000,900.000000,9.24000
4405,1161.950000,11000.000000,9.24000
4406,1161.950000,400.000000,9.24000
4407,1161.970000,300.000000,9.24000
4408,1162.170000,5600.000000,9.23000
4409,1163.160000,27200.000000,9.23000
4410,1163.690000,200.000000,9.24000
4411,1166.280000,100.000000,9.24000
4412,1166.280000,300.000000,9.24000
4413,1167.020000,30000.000000,9.23000
4414,1167.020000,2000.000000,9.23000
4415,1167.020000,2500.000000,9.23000
4416,1167.020000,1000.000000,9.23000
4417,1167.020000,200.000000,9.23000
4418,1167.020000,100.000000,9.23000
4419,1167.020000,1000.000000,9.23000
4420,1167.020000,400.000000,9.23000
4421,1167.020000,7000.000000,9.23000
4422,1167.020000,2200.000000,9.23000
4423,1167.020000,500.000000,9.23000
4424,1167.020000,5416.000000,9.22000
4425,1167.020000,500.000000,9.22000
4426,1167.020000,1000.000000,9.22000
4427,1167.020000,400.000000,9.22000
4428,1167.020000,5784.000000,9.22000
4429,1167.070000,300.000000,9.24000
4430,1167.090000,100.000000,9.24000
4431,1167.090000,300.000000,9.24000
4432,1167.140000,100.000000,9.24000
4433,1167.140000,200.000000,9.24000
4434,1167.150000,500.000000,9.24000
4435,1167.150000,200.000000,9.24000
4436,1167.150000,300.000000,9.24000
4437,1167.180000,300.000000,9.24000
4438,1167.200000,100.000000,9.24000
4439,1167.270000,100.000000,9.24000
4440,1167.310000,200.000000,9.24000
4441,1167.310000,100.000000,9.24000
4442,1167.320000,100.000000,9.24000
4443,1167.680000,2500.000000,9.24000
4444,1168.880000,1000.000000,9.24000
4445,1169.930000,1100.000000,9.24000
4446,1170.310000,300.000000,9.24000
4447,1170.460000,200.000000,9.23000
4448,1170.600000,3000.000000,9.24000
4449,1171.130000,2000.000000,9.24000
4450,1171.650000,100.000000,9.24000
4451,1172.400000,600.000000,9.24000
4452,1172.530000,500.000000,9.24000
4453,1172.930000,900.000000,9.24000
4454,1172.930000,900.000000,9.24000
4455,1172.930000,1200.000000,9.24000
4456,1173.190000,200.000000,9.24000
4457,1173.190000,800.000000,9.24000
4458,1173.190000,500.000000,9.25000
4459,1173.190000,700.000000,9.25000
4460,1173.190000,800.000000,9.25000
4461,1173.210000,900.000000,9.25000
4462,1174.310000,1200.000000,9.25000
4463,1175.090000,2100.000000,9.25000
4464,1175.600000,4000.000000,9.25000
4465,1175.740000,800.000000,9.24000
4466,1175.740000,100.000000,9.24000
4467,1176.090000,100.000000,9.25000
4468,1176.260000,3200.000000,9.25000
4469,1176.670000,2500.000000,9.25000
4470,1177.540000,1000.000000,9.25000
4471,1178.420000,1600.000000,9.25000
4472,1178.600000,200.000000,9.25000
4473,1178.700000,1000.000000,9.24000
4474,1179.000000,7800.000000,9.25000
4475,1179.000000,1700.000000,9.25000
4476,1179.000000,500.000000,9.25000
4477,1179.000000,11100.000000,9.25000
4478,1179.000000,1900.000000,9.25000
4479,1179.000000,1900.000000,9.25000
4480,1179.000000,1700.000000,9.25000
4481,1179.000000,13400.000000,9.25000
4482,1179.010000,5500.000000,9.25000
4483,1181.160000,6500.000000,9.25000
4484,1181.160000,1900.000000,9.25000
4485,1181.160000,1900.000000,9.25000
4486,1181.160000,2200.000000,9.26000
4487,1181.160000,3100.000000,9.26000
4488,1181.160000,300.000000,9.26000
4489,1181.160000,5600.000000,9.26000
4490,1181.160000,3800.000000,9.26000
4491,1181.490000,200.000000,9.24000
4492,1181.800000,800.000000,9.24000
4493,1182.660000,500.000000,9.25000
4494,1182.660000,100.000000,9.25000
4495,1182.660000,1600.000000,9.24000
4496,1183.510000,500.000000,9.25000
4497,1183.510000,500.000000,9.25000
4498,1183.510000,1000.000000,9.24000
4499,1183.970000,1000.000000,9.26000
4500,1186.070000,500.000000,9.25000
4501,1190.210000,800.000000,9.26000
4502,1190.210000,400.000000,9.26000
4503,1190.990000,600.000000,9.26000
4504,1190.990000,500.000000,9.26000
4505,1191.070000,18900.000000,9.26000
4506,1191.070000,1500.000000,9.25000
4507,1191.070000,300.000000,9.25000
4508,1191.070000,100000.000000,9.25000
4509,1191.070000,600.000000,9.25000
4510,1191.070000,15000.000000,9.25000
4511,1191.070000,700.000000,9.24000
4512,1191.070000,10000.000000,9.24000
4513,1191.070000,13000.000000,9.24000
4514,1191.300000,500.000000,9.26000
4515,1191.820000,3800.000000,9.26000
4516,1192.020000,800.000000,9.26000
4517,1192.470000,100.000000,9.26000
4518,1193.520000,5300.000000,9.27000
4519,1194.260000,300.000000,9.26000
4520,1194.260000,300.000000,9.26000
4521,1194.380000,600.000000,9.26000
4522,1195.180000,1000.000000,9.27000
4523,1197.390000,2100.000000,9.27000
4524,1198.310000,1400.000000,9.26000
4525,1198.780000,600.000000,9.26000
4526,1199.820000,1100.000000,9.26000
4527,1200.110000,200.000000,9.26000
4528,1200.180000,2500.000000,9.27000
4529,1200.690000,300.000000,9.26000
4530,1200.690000,400.000000,9.26000
4531,1200.850000,100.000000,9.26000
4532,1201.640000,100.000000,9.26000
4533,1201.640000,400.000000,9.26000
4534,1201.640000,200.000000,9.26000
4535,1201.800000,1000.000000,9.26000
4536,1202.110000,500.000000,9.25000
4537,1202.110000,300.000000,9.25000
4538,1203.520000,1400.000000,9.25000
4539,1203.520000,400.000000,9.25000
4540,1203.540000,100.000000,9.25000
4541,1203.580000,100.000000,9.25000
4542,1206.370000,2100.000000,9.26000
4543,1206.860000,300.000000,9.26000
4544,1207.150000,500.000000,9.25000
4545,1210.730000,2500.000000,9.25000
4546,1210.730000,2000.000000,9.25000
4547,1211.760000,3500.000000,9.25000
4548,1211.780000,200.000000,9.25000
4549,1212.210000,800.000000,9.24000
4550,1212.930000,8100.000000,9.25000
4551,1212.930000,100.000000,9.25000
4552,1214.020000,1000.000000,9.26000
4553,1214.420000,200.000000,9.25000
4554,1217.120000,100.000000,9.26000
4555,1217.140000,500.000000,9.25000
4556,1217.360000,500.000000,9.26000
4557,1219.490000,12400.000000,9.26000
4558,1219.490000,900.000000,9.26000
4559,1219.490000,200.000000,9.26000
4560,1219.490000,1600.000000,9.26000
4561,1219.490000,6300.000000,9.26000
4562,1219.560000,1100.000000,9.25000
4563,1219.560000,3900.000000,9.25000
4564,1219.580000,3400.000000,9.26000
4565,1220.440000,2000.000000,9.26000
4566,1222.310000,6100.000000,9.25000
4567,1222.310000,600.000000,9.25000
4568,1222.310000,300.000000,9.25000
4569,1222.310000,8500.000000,9.25000
4570,1222.340000,800.000000,9.25000
4571,1222.420000,700.000000,9.25000
4572,1222.420000,12500.000000,9.25000
4573,1223.970000,1000.000000,9.26000
4574,1224.090000,500.000000,9.26000
4575,1224.690000,100.000000,9.26000
4576,1225.030000,4900.000000,9.26000
4577,1225.150000,1000.000000,9.26000
4578,1225.430000,200.000000,9.25000
4579,1226.650000,800.000000,9.26000
4580,1226.680000,4600.000000,9.26000
4581,1226.680000,400.000000,9.26000
4582,1227.160000,100.000000,9.26000
4583,1227.240000,2500.000000,9.25000
4584,1228.010000,1400.000000,9.26000
4585,1228.940000,1000.000000,9.26000
4586,1229.570000,2000.000000,9.25000
4587,1229.730000,2200.000000,9.25000
4588,1230.810000,2000.000000,9.26000
4589,1231.080000,100.000000,9.26000
4590,1232.320000,3000.000000,9.25000
4591,1232.420000,800.000000,9.25000
4592,1232.680000,1500.000000,9.25000
4593,1232.820000,600.000000,9.26000
4594,1233.430000,3400.000000,9.26000
4595,1233.870000,200.000000,9.26000
4596,1234.440000,500.000000,9.26000
4597,1234.640000,100.000000,9.26000
4598,1235.410000,1000.000000,9.25000
4599,1235.520000,100.000000,9.26000
4600,1235.690000,12000.000000,9.25000
4601,1236.060000,1000.000000,9.26000
4602,1236.460000,200.000000,9.25000
4603,1236.940000,400.000000,9.26000
4604,1238.270000,800.000000,9.26000
4605,1238.300000,700.000000,9.26000
4606,1238.430000,2000.000000,9.26000
4607,1238.670000,600.000000,9.26000
4608,1239.520000,62100.000000,9.25000
4609,1239.520000,900.000000,9.25000
4610,1239.520000,2000.000000,9.25000
4611,1239.520000,4100.000000,9.25000
4612,1239.520000,5400.000000,9.25000
4613,1239.520000,300.000000,9.25000
4614,1239.520000,5000.000000,9.25000
4615,1239.520000,1000.000000,9.25000
4616,1239.520000,200.000000,9.25000
4617,1239.520000,3000.000000,9.25000
4618,1239.520000,1000.000000,9.25000
4619,1239.520000,10000.000000,9.25000
4620,1239.520000,1000.000000,9.25000
4621,1239.520000,1200.000000,9.25000
4622,1239.520000,2000.000000,9.25000
4623,1239.520000,800.000000,9.25000
4624,1239.520000,200.000000,9.25000
4625,1239.520000,100.000000,9.25000
4626,1239.520000,600.000000,9.25000
4627,1240.970000,3000.000000,9.26000
4628,1241.070000,600.000000,9.26000
4629,1241.070000,900.000000,9.26000
4630,1241.070000,200.000000,9.26000
4631,1241.070000,18300.000000,9.26000
4632,1242.110000,1200.000000,9.26000
4633,1243.110000,1300.000000,9.26000
4634,1243.800000,300.000000,9.26000
4635,1244.230000,800.000000,9.25000
4636,1244.230000,100.000000,9.25000
4637,1244.230000,900.000000,9.25000
4638,1244.230000,600.000000,9.25000
4639,1245.610000,300.000000,9.26000
4640,1246.380000,1000.000000,9.26000
4641,1247.490000,2200.000000,9.26000
4642,1247.490000,1600.000000,9.26000
4643,1247.490000,6500.000000,9.26000
4644,1247.540000,200.000000,9.25000
4645,1248.700000,300.000000,9.26000
4646,1250.260000,600.000000,9.25000
4647,1250.260000,1900.000000,9.25000
4648,1252.500000,1000.000000,9.26000
4649,1253.520000,2000.000000,9.25000
4650,1253.650000,700.000000,9.25000
4651,1254.360000,1000.000000,9.26000
4652,1255.040000,1200.000000,9.26000
4653,1255.040000,2000.000000,9.26000
4654,1255.040000,20000.000000,9.26000
4655,1255.040000,5600.000000,9.26000
4656,1255.040000,3900.000000,9.26000
4657,1255.040000,7300.000000,9.26000
4658,1255.150000,5400.000000,9.25000
4659,1255.150000,16000.000000,9.25000
4660,1255.150000,2000.000000,9.25000
4661,1255.150000,1000.000000,9.25000
4662,1255.150000,3400.000000,9.25000
4663,1255.150000,3000.000000,9.25000
4664,1255.150000,800.000000,9.25000
4665,1255.150000,100.000000,9.25000
4666,1255.150000,1300.000000,9.25000
4667,1255.150000,200.000000,9.25000
4668,1255.150000,2700.000000,9.25000
4669,1255.150000,5000.000000,9.25000
4670,1255.150000,11200.000000,9.25000
4671,1255.230000,2100.000000,9.26000
4672,1255.700000,600.000000,9.25000
4673,1256.980000,100.000000,9.26000
4674,1257.050000,1000.000000,9.26000
4675,1258.500000,200.000000,9.25000
4676,1261.140000,1300.000000,9.26000
4677,1261.190000,1000.000000,9.26000
4678,1261.230000,2200.000000,9.25000
4679,1261.750000,2600.000000,9.26000
4680,1263.710000,200.000000,9.25000
4681,1263.980000,600.000000,9.26000
4682,1264.620000,2000.000000,9.26000
4683,1264.630000,700.000000,9.26000
4684,1264.650000,900.000000,9.26000
4685,1265.140000,400.000000,9.25000
4686,1265.190000,1000.000000,9.26000
4687,1267.000000,200.000000,9.26000
4688,1267.050000,6200.000000,9.26000
4689,1267.090000,300.000000,9.26000
4690,1267.760000,8600.000000,9.26000
4691,1268.060000,31600.000000,9.25000
4692,1268.270000,3400.000000,9.25000
4693,1268.300000,1000.000000,9.26000
4694,1269.390000,100.000000,9.25000
4695,1270.210000,3700.000000,9.26000
4696,1270.370000,500.000000,9.26000
4697,1270.780000,3200.000000,9.26000
4698,1270.830000,3100.000000,9.26000
4699,1271.280000,700.000000,9.26000
4700,1271.320000,200.000000,9.26000
4701,1271.610000,1700.000000,9.26000
4702,1271.610000,100.000000,9.26000
4703,1271.610000,5000.000000,9.26000
4704,1271.610000,10000.000000,9.26000
4705,1271.610000,12000.000000,9.26000
4706,1271.610000,2000.000000,9.26000
4707,1271.610000,1600.000000,9.26000
4708,1271.610000,17600.000000,9.26000
4709,1273.340000,100.000000,9.26000
4710,1274.650000,1000.000000,9.26000
4711,1275.200000,1200.000000,9.26000
4712,1275.850000,1000.000000,9.26000
4713,1276.410000,1000.000000,9.26000
4714,1277.690000,3000.000000,9.26000
4715,1277.970000,1000.000000,9.26000
4716,1280.160000,6400.000000,9.26000
4717,1280.380000,200.000000,9.26000
4718,1280.420000,200.000000,9.25000
4719,1280.870000,300.000000,9.26000
4720,1281.220000,500.000000,9.26000
4721,1281.340000,400.000000,9.26000
4722,1281.380000,1800.000000,9.26000
4723,1281.380000,500.000000,9.26000
4724,1281.380000,2300.000000,9.26000
4725,1281.380000,2000.000000,9.26000
4726,1281.380000,1600.000000,9.26000
4727,1281.380000,12000.000000,9.26000
4728,1281.380000,4000.000000,9.26000
4729,1281.380000,5000.000000,9.26000
4730,1281.380000,5300.000000,9.26000
4731,1281.380000,200.000000,9.26000
4732,1281.380000,600.000000,9.26000
4733,1281.380000,7000.000000,9.26000
4734,1281.380000,2500.000000,9.26000
4735,1281.380000,1100.000000,9.26000
4736,1281.380000,2100.000000,9.27000
4737,1281.380000,1000.000000,9.27000
4738,1281.380000,13200.000000,9.27000
4739,1281.380000,1000.000000,9.27000
4740,1281.380000,1000.000000,9.27000
4741,1281.380000,55800.000000,9.27000
4742,1282.380000,600.000000,9.27000
4743,1282.380000,500.000000,9.27000
4744,1283.200000,2000.000000,9.27000
4745,1284.220000,100.000000,9.26000
4746,1284.280000,4100.000000,9.26000
4747,1284.280000,100.000000,9.26000
4748,1284.300000,100.000000,9.26000
4749,1287.390000,500.000000,9.26000
4750,1287.740000,1000.000000,9.26000
4751,1288.050000,1000.000000,9.26000
4752,1290.930000,1000.000000,9.26000
4753,1291.050000,100.000000,9.26000
4754,1291.510000,200.000000,9.25000
4755,1291.930000,700.000000,9.26000
4756,1292.660000,100.000000,9.26000
4757,1293.240000,1000.000000,9.26000
4758,1293.690000,3500.000000,9.26000
4759,1294.380000,36300.000000,9.26000
4760,1294.380000,2800.000000,9.26000
4761,1294.380000,300.000000,9.26000
4762,1294.380000,2100.000000,9.26000
4763,1294.380000,900.000000,9.26000
4764,1294.380000,18700.000000,9.26000
4765,1294.850000,1200.000000,9.26000
4766,1295.830000,1000.000000,9.26000
4767,1296.400000,5000.000000,9.26000
4768,1296.700000,200.000000,9.26000
4769,1297.630000,400.000000,9.26000
4770,1297.670000,500.000000,9.26000
4771,1297.820000,5700.000000,9.26000
4772,1297.840000,3000.000000,9.26000
4773,1298.190000,1000.000000,9.26000
4774,1299.470000,2000.000000,9.26000
4775,1299.920000,800.000000,9.26000
4776,1300.480000,21700.000000,9.26000
4777,1300.550000,1000.000000,9.26000
4778,1300.810000,5000.000000,9.26000
4779,1303.000000,10000.000000,9.26000
4780,1304.380000,5000.000000,9.26000
4781,1306.930000,1000.000000,9.26000
4782,1306.970000,500.000000,9.26000
4783,1307.130000,1500.000000,9.26000
4784,1307.500000,500.000000,9.26000
4785,1309.410000,600.000000,9.26000
4786,1310.540000,3400.000000,9.26000
4787,1311.050000,1000.000000,9.26000
4788,1311.910000,9300.000000,9.26000
4789,1311.910000,300.000000,9.26000
4790,1311.910000,1100.000000,9.26000
4791,1311.910000,200.000000,9.26000
4792,1311.910000,400.000000,9.26000
4793,1312.230000,1100.000000,9.26000
4794,1313.220000,700.000000,9.26000
4795,1313.650000,200.000000,9.26000
4796,1314.350000,200.000000,9.27000
4797,1315.540000,9100.000000,9.26000
4798,1315.540000,1100.000000,9.26000
4799,1315.540000,300.000000,9.26000
4800,1315.540000,20600.000000,9.26000
4801,1315.730000,100.000000,9.27000
4802,1315.970000,4000.000000,9.27000
4803,1316.420000,600.000000,9.26000
4804,1316.770000,1000.000000,9.27000
4805,1318.580000,2000.000000,9.27000
4806,1318.620000,14400.000000,9.27000
4807,1318.650000,100.000000,9.26000
4808,1319.200000,3000.000000,9.26000
4809,1319.510000,300.000000,9.26000
4810,1319.510000,1500.000000,9.26000
4811,1319.510000,200.000000,9.26000
4812,1319.510000,2200.000000,9.26000
4813,1319.510000,2700.000000,9.26000
4814,1319.510000,24600.000000,9.26000
4815,1319.970000,16900.000000,9.26000
4816,1320.990000,2200.000000,9.25000
4817,1321.960000,5400.000000,9.26000
4818,1321.960000,6600.000000,9.26000
4819,1321.960000,10000.000000,9.27000
4820,1322.410000,22800.000000,9.25000
4821,1323.310000,2200.000000,9.26000
4822,1323.440000,2200.000000,9.26000
4823,1323.480000,400.000000,9.26000
4824,1324.630000,100.000000,9.26000
4825,1325.720000,1000.000000,9.27000
4826,1326.430000,2900.000000,9.26000
4827,1326.430000,800.000000,9.26000
4828,1326.430000,600.000000,9.26000
4829,1326.430000,100.000000,9.26000
4830,1326.430000,1000.000000,9.26000
4831,1326.430000,3000.000000,9.26000
4832,1326.590000,8200.000000,9.26000
4833,1326.910000,10000.000000,9.26000
4834,1328.190000,3300.000000,9.26000
4835,1328.320000,1600.000000,9.26000
4836,1328.550000,2000.000000,9.25000
4837,1328.550000,500.000000,9.26000
4838,1329.510000,500.000000,9.26000
4839,1330.620000,4900.000000,9.26000
4840,1330.620000,1500.000000,9.26000
4841,1330.620000,500.000000,9.26000
4842,1331.340000,2900.000000,9.26000
4843,1332.110000,100.000000,9.26000
4844,1335.430000,200.000000,9.26000
4845,1336.620000,1000.000000,9.26000
4846,1336.910000,9500.000000,9.26000
4847,1339.550000,13500.000000,9.27000
4848,1340.990000,21100.000000,9.26000
4849,1342.910000,300.000000,9.27000
4850,1343.140000,3500.000000,9.27000
4851,1343.150000,100.000000,9.27000
4852,1345.210000,3500.000000,9.27000
4853,1345.760000,300.000000,9.27000
4854,1345.760000,700.000000,9.27000
4855,1346.430000,200.000000,9.26000
4856,1346.980000,10000.000000,9.27000
4857,1347.070000,200.000000,9.26000
4858,1347.070000,2200.000000,9.27000
4859,1348.330000,2100.000000,9.27000
4860,1348.330000,700.000000,9.27000
4861,1348.330000,200.000000,9.27000
4862,1348.330000,2000.000000,9.27000
4863,1348.420000,500.000000,9.27000
4864,1348.770000,7500.000000,9.27000
4865,1348.770000,7900.000000,9.27000
4866,1349.030000,600.000000,9.27000
4867,1349.310000,2900.000000,9.27000
4868,1349.970000,2600.000000,9.26000
4869,1352.170000,600.000000,9.27000
4870,1353.230000,5000.000000,9.27000
4871,1353.500000,53900.000000,9.26000
4872,1353.500000,100.000000,9.27000
4873,1354.270000,200.000000,9.27000
4874,1356.030000,1400.000000,9.26000
4875,1356.030000,1100.000000,9.26000
4876,1356.030000,200.000000,9.26000
4877,1357.520000,200.000000,9.26000
4878,1357.590000,11700.000000,9.27000
4879,1357.590000,1200.000000,9.27000
4880,1357.590000,15800.000000,9.27000
4881,1357.800000,1000.000000,9.27000
4882,1359.910000,2000.000000,9.27000
4883,1360.670000,400.000000,9.27000
4884,1362.580000,100.000000,9.26000
4885,1362.580000,1000.000000,9.26000
4886,1362.580000,5000.000000,9.26000
4887,1362.580000,500.000000,9.26000
4888,1362.580000,1100.000000,9.26000
4889,1362.580000,11900.000000,9.26000
4890,1365.180000,6000.000000,9.26000
4891,1365.310000,2600.000000,9.27000
4892,1366.830000,3400.000000,9.27000
4893,1366.830000,3000.000000,9.27000
4894,1366.830000,3700.000000,9.27000
4895,1367.920000,100.000000,9.27000
4896,1368.510000,200.000000,9.26000
4897,1369.890000,2200.000000,9.27000
4898,1369.890000,7960.000000,9.27000
4899,1369.890000,1000.000000,9.27000
4900,1369.890000,300.000000,9.27000
4901,1369.890000,10000.000000,9.27000
4902,1369.890000,1000.000000,9.27000
4903,1369.890000,100.000000,9.27000
4904,1369.890000,500.000000,9.27000
4905,1369.890000,500.000000,9.27000
4906,1369.890000,1000.000000,9.27000
4907,1369.890000,25200.000000,9.27000
4908,1369.890000,4240.000000,9.27000
4909,1370.270000,1000.000000,9.27000
4910,1370.720000,500.000000,9.26000
4911,1372.590000,800.000000,9.27000
4912,1372.650000,25000.000000,9.27000
4913,1372.860000,1460.000000,9.27000
4914,1372.860000,640.000000,9.27000
4915,1375.200000,200.000000,9.27000
4916,1375.810000,200.000000,9.27000
4917,1377.100000,100.000000,9.27000
4918,1377.140000,100.000000,9.27000
4919,1377.310000,500.000000,9.27000
4920,1377.620000,200.000000,9.27000
4921,1377.890000,500.000000,9.26000
4922,1378.690000,200.000000,9.27000
4923,1378.700000,960.000000,9.27000
4924,1378.700000,940.000000,9.27000
4925,1379.560000,100.000000,9.26000
4926,1381.420000,460.000000,9.27000
4927,1381.420000,240.000000,9.27000
4928,1383.250000,260.000000,9.27000
4929,1383.250000,500.000000,9.27000
4930,1383.250000,500.000000,9.27000
4931,1383.250000,500.000000,9.27000
4932,1383.250000,400.000000,9.27000
4933,1383.250000,500.000000,9.27000
4934,1383.250000,400.000000,9.27000
4935,1383.250000,500.000000,9.27000
4936,1383.250000,500.000000,9.27000
4937,1383.250000,1000.000000,9.27000
4938,1383.250000,1000.000000,9.27000
4939,1383.250000,400.000000,9.27000
4940,1383.250000,4200.000000,9.27000
4941,1383.250000,9340.000000,9.27000
4942,1385.620000,5000.000000,9.27000
4943,1386.370000,49460.000000,9.27000
4944,1386.370000,800.000000,9.27000
4945,1386.370000,2500.000000,9.27000
4946,1386.370000,30000.000000,9.27000
4947,1386.370000,2000.000000,9.27000
4948,1386.370000,2500.000000,9.27000
4949,1386.370000,2800.000000,9.27000
4950,1386.370000,18900.000000,9.27000
4951,1386.370000,1640.000000,9.27000
4952,1386.460000,500.000000,9.27000
4953,1387.680000,5860.000000,9.27000
4954,1387.680000,6840.000000,9.27000
4955,1388.130000,300.000000,9.27000
4956,1389.420000,860.000000,9.27000
4957,1389.420000,240.000000,9.27000
4958,1389.420000,500.000000,9.27000
4959,1390.600000,200.000000,9.26000
4960,1390.830000,500.000000,9.27000
4961,1390.910000,2060.000000,9.27000
4962,1390.910000,18900.000000,9.27000
4963,1390.910000,200.000000,9.27000
4964,1390.910000,1200.000000,9.27000
4965,1390.910000,2000.000000,9.27000
4966,1390.910000,8000.000000,9.27000
4967,1390.910000,5400.000000,9.27000
4968,1390.910000,2000.000000,9.27000
4969,1390.910000,2000.000000,9.27000
4970,1390.910000,1700.000000,9.27000
4971,1390.910000,300.000000,9.27000
4972,1390.910000,500.000000,9.27000
4973,1390.910000,200.000000,9.27000
4974,1390.910000,23300.000000,9.27000
4975,1390.910000,30000.000000,9.27000
4976,1390.910000,2240.000000,9.27000
4977,1391.210000,17760.000000,9.27000
4978,1391.210000,1100.000000,9.27000
4979,1391.210000,1900.000000,9.27000
4980,1391.210000,40.000000,9.27000
4981,1392.510000,10000.000000,9.27000
4982,1392.890000,1700.000000,9.27000
4983,1392.970000,13200.000000,9.27000
4984,1393.320000,500.000000,9.27000
4985,1395.910000,2000.000000,9.27000
4986,1396.370000,23460.000000,9.27000
4987,1396.370000,3740.000000,9.27000
4988,1396.430000,500.000000,9.27000
4989,1396.430000,800.000000,9.27000
4990,1397.750000,700.000000,9.27000
4991,1398.060000,2000.000000,9.27000
4992,1398.100000,700.000000,9.27000
4993,1398.100000,800.000000,9.27000
4994,1398.120000,100.000000,9.27000
4995,1398.260000,100.000000,9.27000
4996,1398.300000,100.000000,9.27000
4997,1399.820000,560.000000,9.27000
4998,1399.820000,4440.000000,9.27000
4999,1399.990000,1000.000000,9.27000
5000,1400.500000,600.000000,9.27000
5001,1400.900000,1000.000000,9.27000
5002,1401.590000,200.000000,9.26000
5003,1402.380000,1700.000000,9.27000
5004,1402.620000,1000.000000,9.27000
5005,1403.030000,3360.000000,9.27000
5006,1403.030000,2300.000000,9.27000
5007,1403.030000,2400.000000,9.27000
5008,1403.030000,1000.000000,9.27000
5009,1403.030000,2400.000000,9.27000
5010,1403.030000,4840.000000,9.27000
5011,1403.810000,1700.000000,9.27000
5012,1404.830000,1500.000000,9.27000
5013,1406.900000,5000.000000,9.27000
5014,1409.320000,500.000000,9.27000
5015,1409.340000,800.000000,9.27000
5016,1410.660000,4000.000000,9.27000
5017,1410.670000,100.000000,9.27000
5018,1411.090000,100.000000,9.27000
5019,1412.150000,8600.000000,9.27000
5020,1412.680000,200.000000,9.26000
5021,1413.690000,300.000000,9.27000
5022,1414.020000,2000.000000,9.27000
5023,1414.540000,500.000000,9.27000
5024,1416.020000,3000.000000,9.27000
5025,1416.460000,600.000000,9.27000
5026,1416.460000,500.000000,9.27000
5027,1419.160000,1000.000000,9.27000
5028,1419.550000,300.000000,9.27000
5029,1420.290000,1100.000000,9.27000
5030,1420.850000,900.000000,9.27000
5031,1422.590000,12860.000000,9.27000
5032,1422.590000,2000.000000,9.27000
5033,1422.590000,200.000000,9.27000
5034,1422.590000,400.000000,9.27000
5035,1422.590000,100.000000,9.27000
5036,1422.590000,100.000000,9.27000
5037,1422.590000,100.000000,9.28000
5038,1422.590000,4240.000000,9.28000
5039,1422.990000,100.000000,9.28000
5040,1423.680000,200.000000,9.26000
5041,1423.910000,5660.000000,9.28000
5042,1423.910000,500.000000,9.28000
5043,1423.910000,1300.000000,9.28000
5044,1423.910000,1100.000000,9.28000
5045,1423.910000,2040.000000,9.28000
5046,1424.200000,500.000000,9.27000
5047,1424.200000,1500.000000,9.28000
5048,1425.290000,2300.000000,9.26000
5049,1426.640000,60.000000,9.28000
5050,1426.640000,940.000000,9.28000
5051,1427.060000,1000.000000,9.28000
5052,1428.250000,500.000000,9.28000
5053,1428.510000,1000.000000,9.28000
5054,1429.840000,1560.000000,9.28000
5055,1429.840000,1700.000000,9.28000
5056,1429.840000,7340.000000,9.28000
5057,1430.350000,760.000000,9.28000
5058,1430.350000,100.000000,9.28000
5059,1430.350000,5500.000000,9.28000
5060,1430.350000,8100.000000,9.28000
5061,1430.350000,5500.000000,9.28000
5062,1430.350000,1100.000000,9.28000
5063,1430.350000,20000.000000,9.28000
5064,1430.350000,7700.000000,9.28000
5065,1430.350000,1240.000000,9.28000
5066,1432.610000,20000.000000,9.28000
5067,1432.790000,1000.000000,9.28000
5068,1434.310000,1000.000000,9.28000
5069,1434.730000,100.000000,9.27000
5070,1435.130000,5000.000000,9.28000
5071,1435.360000,21760.000000,9.28000
5072,1435.360000,800.000000,9.28000
5073,1435.360000,9040.000000,9.28000
5074,1436.320000,8000.000000,9.28000
5075,1436.800000,100.000000,9.27000
5076,1437.170000,100.000000,9.27000
5077,1437.250000,600.000000,9.28000
5078,1437.540000,200.000000,9.27000
5079,1437.540000,100.000000,9.27000
5080,1438.270000,5000.000000,9.28000
5081,1438.410000,9900.000000,9.27000
5082,1438.410000,10000.000000,9.27000
5083,1438.410000,800.000000,9.27000
5084,1438.410000,300.000000,9.27000
5085,1438.410000,800.000000,9.27000
5086,1438.410000,700.000000,9.27000
5087,1438.410000,600.000000,9.27000
5088,1438.910000,400.000000,9.27000
5089,1438.940000,2660.000000,9.28000
5090,1438.940000,15540.000000,9.28000
5091,1438.960000,9860.000000,9.28000
5092,1438.960000,100.000000,9.28000
5093,1438.960000,48640.000000,9.28000
5094,1440.860000,900.000000,9.28000
5095,1441.290000,460.000000,9.28000
5096,1441.290000,240.000000,9.28000
5097,1441.820000,9760.000000,9.28000
5098,1441.820000,1100.000000,9.28000
5099,1441.820000,800.000000,9.28000
5100,1441.820000,1500.000000,9.28000
5101,1441.820000,800.000000,9.28000
5102,1441.820000,7500.000000,9.28000
5103,1441.820000,5000.000000,9.28000
5104,1441.820000,5040.000000,9.28000
5105,1443.760000,5300.000000,9.28000
5106,1444.170000,2200.000000,9.28000
5107,1445.280000,1500.000000,9.28000
5108,1445.730000,200.000000,9.27000
5109,1448.120000,5960.000000,9.28000
5110,1448.120000,1300.000000,9.28000
5111,1448.120000,100.000000,9.28000
5112,1448.120000,2900.000000,9.28000
5113,1448.120000,7500.000000,9.28000
5114,1448.120000,1500.000000,9.28000
5115,1448.120000,25400.000000,9.28000
5116,1448.120000,25300.000000,9.28000
5117,1448.120000,1000.000000,9.28000
5118,1448.120000,29040.000000,9.28000
5119,1448.360000,1000.000000,9.28000
5120,1448.910000,700.000000,9.28000
5121,1449.310000,1000.000000,9.28000
5122,1451.190000,600.000000,9.28000
5123,1452.140000,4500.000000,9.28000
5124,1452.400000,1300.000000,9.28000
5125,1453.350000,1000.000000,9.28000
5126,1453.750000,40860.000000,9.28000
5127,1453.750000,3000.000000,9.28000
5128,1453.750000,340.000000,9.28000
5129,1454.240000,100.000000,9.27000
5130,1454.790000,2000.000000,9.28000
5131,1455.040000,300.000000,9.27000
5132,1455.040000,700.000000,9.27000
5133,1455.040000,800.000000,9.27000
5134,1455.040000,500.000000,9.27000
5135,1455.520000,100.000000,9.27000
5136,1455.520000,500.000000,9.27000
5137,1455.520000,800.000000,9.27000
5138,1455.520000,500.000000,9.27000
5139,1455.520000,5000.000000,9.27000
5140,1455.520000,500.000000,9.27000
5141,1455.520000,900.000000,9.27000
5142,1455.520000,800.000000,9.27000
5143,1455.520000,500.000000,9.27000
5144,1455.520000,500.000000,9.27000
5145,1455.520000,6000.000000,9.27000
5146,1455.520000,200.000000,9.27000
5147,1455.520000,500.000000,9.27000
5148,1455.590000,5000.000000,9.27000
5149,1455.990000,2200.000000,9.27000
5150,1457.520000,100.000000,9.27000
5151,1457.580000,200.000000,9.26000
5152,1457.590000,500.000000,9.27000
5153,1457.670000,3400.000000,9.27000
5154,1458.730000,500.000000,9.27000
5155,1459.030000,900.000000,9.27000
5156,1460.200000,63700.000000,9.27000
5157,1460.290000,900.000000,9.27000
5158,1460.380000,400.000000,9.27000
5159,1461.850000,800.000000,9.27000
5160,1462.340000,1000.000000,9.27000
5161,1463.600000,300.000000,9.27000
5162,1463.990000,9900.000000,9.27000
5163,1465.930000,4500.000000,9.27000
5164,1465.990000,200.000000,9.27000
5165,1466.380000,300.000000,9.27000
5166,1466.890000,600.000000,9.27000
5167,1467.900000,500.000000,9.27000
5168,1468.110000,500.000000,9.27000
5169,1468.590000,200.000000,9.26000
5170,1468.600000,9700.000000,9.27000
5171,1468.950000,13600.000000,9.27000
5172,1469.820000,100.000000,9.27000
5173,1470.440000,100.000000,9.26000
5174,1470.560000,1200.000000,9.27000
5175,1472.460000,1800.000000,9.27000
5176,1472.460000,2500.000000,9.27000
5177,1472.460000,14600.000000,9.27000
5178,1472.460000,900.000000,9.27000
5179,1472.460000,900.000000,9.27000
5180,1472.460000,2400.000000,9.27000
5181,1472.460000,9900.000000,9.27000
5182,1472.460000,27000.000000,9.27000
5183,1472.960000,200.000000,9.27000
5184,1473.310000,500.000000,9.27000
5185,1473.320000,400.000000,9.27000
5186,1474.310000,300.000000,9.27000
5187,1475.520000,2300.000000,9.26000
5188,1477.280000,2900.000000,9.27000
5189,1477.790000,1500.000000,9.26000
5190,1478.530000,400.000000,9.27000
5191,1479.220000,4100.000000,9.27000
5192,1479.670000,100.000000,9.26000
5193,1480.810000,1700.000000,9.27000
5194,1480.810000,300.000000,9.27000
5195,1480.990000,100.000000,9.26000
5196,1480.990000,400.000000,9.26000
5197,1480.990000,1000.000000,9.26000
5198,1480.990000,10500.000000,9.26000
5199,1481.550000,1100.000000,9.27000
5200,1481.550000,1300.000000,9.27000
5201,1481.550000,7900.000000,9.27000
5202,1481.670000,500.000000,9.27000
5203,1482.380000,200.000000,9.27000
5204,1482.660000,700.000000,9.27000
5205,1482.790000,300.000000,9.27000
5206,1483.230000,100.000000,9.27000
5207,1483.940000,22100.000000,9.27000
5208,1485.160000,9800.000000,9.27000
5209,1485.520000,16100.000000,9.26000
5210,1485.520000,20800.000000,9.26000
5211,1485.520000,500.000000,9.26000
5212,1485.520000,3000.000000,9.26000
5213,1485.520000,2000.000000,9.26000
5214,1485.520000,1000.000000,9.26000
5215,1485.520000,4000.000000,9.26000
5216,1485.520000,14100.000000,9.26000
5217,1486.470000,2000.000000,9.27000
5218,1488.890000,2000.000000,9.27000
5219,1488.890000,100.000000,9.27000
5220,1488.890000,400.000000,9.27000
5221,1488.890000,400.000000,9.27000
5222,1488.890000,400.000000,9.27000
5223,1488.890000,400.000000,9.27000
5224,1488.890000,400.000000,9.27000
5225,1488.890000,400.000000,9.27000
5226,1488.890000,5600.000000,9.27000
5227,1488.890000,600.000000,9.27000
5228,1489.470000,100.000000,9.26000
5229,1489.590000,1000.000000,9.27000
5230,1489.940000,29100.000000,9.27000
5231,1490.680000,200.000000,9.26000
5232,1493.540000,300.000000,9.27000
5233,1494.130000,6400.000000,9.26000
5234,1494.130000,2000.000000,9.26000
5235,1494.130000,2200.000000,9.26000
5236,1494.130000,10000.000000,9.26000
5237,1494.130000,1000.000000,9.26000
5238,1494.130000,1700.000000,9.26000
5239,1494.130000,2000.000000,9.26000
5240,1494.130000,100000.000000,9.26000
5241,1494.130000,12000.000000,9.26000
5242,1494.130000,1700.000000,9.26000
5243,1494.130000,10000.000000,9.26000
5244,1494.130000,400.000000,9.26000
5245,1494.130000,2200.000000,9.26000
5246,1494.130000,3000.000000,9.26000
5247,1494.130000,10000.000000,9.26000
5248,1494.130000,1000.000000,9.26000
5249,1494.130000,1100.000000,9.26000
5250,1494.130000,10000.000000,9.26000
5251,1494.130000,200.000000,9.26000
5252,1494.130000,200.000000,9.26000
5253,1494.130000,1000.000000,9.26000
5254,1494.130000,500.000000,9.26000
5255,1494.130000,2000.000000,9.26000
5256,1494.130000,700.000000,9.26000
5257,1494.130000,7200.000000,9.26000
5258,1494.130000,500.000000,9.26000
5259,1494.130000,11000.000000,9.26000
5260,1494.850000,500.000000,9.27000
5261,1495.250000,500.000000,9.27000
5262,1497.620000,1000.000000,9.27000
5263,1498.300000,1100.000000,9.27000
5264,1498.340000,1700.000000,9.26000
5265,1498.860000,100.000000,9.26000
5266,1498.930000,15900.000000,9.27000
5267,1498.930000,1000.000000,9.27000
5268,1498.930000,300.000000,9.27000
5269,1498.930000,300.000000,9.27000
5270,1498.930000,300.000000,9.27000
5271,1498.930000,6500.000000,9.27000
5272,1498.930000,7800.000000,9.27000
5273,1498.930000,5900.000000,9.27000
5274,1499.330000,500.000000,9.26000
5275,1499.410000,500.000000,9.26000
5276,1499.420000,2000.000000,9.27000
5277,1499.490000,200.000000,9.26000
5278,1500.330000,40000.000000,9.26000
5279,1500.330000,200.000000,9.26000
5280,1500.330000,800.000000,9.26000
5281,1500.330000,10000.000000,9.26000
5282,1500.330000,700.000000,9.26000
5283,1501.710000,200.000000,9.26000
5284,1503.300000,800.000000,9.26000
5285,1503.300000,1700.000000,9.26000
5286,1503.300000,100.000000,9.26000
5287,1503.300000,500.000000,9.26000
5288,1503.300000,500.000000,9.26000
5289,1503.300000,500.000000,9.26000
5290,1503.300000,12000.000000,9.26000
5291,1503.300000,300.000000,9.26000
5292,1503.300000,200.000000,9.26000
5293,1503.300000,1100.000000,9.26000
5294,1503.300000,200.000000,9.26000
5295,1503.300000,200.000000,9.26000
5296,1503.300000,1500.000000,9.26000
5297,1503.300000,5100.000000,9.26000
5298,1503.300000,2000.000000,9.26000
5299,1503.300000,200.000000,9.26000
5300,1503.300000,800.000000,9.26000
5301,1503.300000,1000.000000,9.26000
5302,1503.300000,2000.000000,9.26000
5303,1503.300000,1000.000000,9.26000
5304,1503.300000,3000.000000,9.26000
5305,1503.300000,15400.000000,9.26000
5306,1503.300000,500.000000,9.26000
5307,1503.300000,4300.000000,9.26000
5308,1503.300000,200.000000,9.26000
5309,1503.300000,100000.000000,9.26000
5310,1503.300000,1400.000000,9.26000
5311,1503.300000,10000.000000,9.26000
5312,1503.300000,800.000000,9.26000
5313,1503.300000,1100.000000,9.26000
5314,1503.300000,1300.000000,9.26000
5315,1503.300000,1000.000000,9.26000
5316,1503.300000,200.000000,9.26000
5317,1503.300000,200.000000,9.26000
5318,1503.300000,1000.000000,9.26000
5319,1503.300000,400.000000,9.26000
5320,1503.300000,200.000000,9.26000
5321,1503.300000,500.000000,9.26000
5322,1503.300000,500.000000,9.26000
5323,1503.300000,400.000000,9.26000
5324,1503.300000,100.000000,9.26000
5325,1503.300000,1500.000000,9.26000
5326,1503.300000,5000.000000,9.26000
5327,1503.300000,500.000000,9.26000
5328,1503.300000,1200.000000,9.26000
5329,1503.300000,500.000000,9.26000
5330,1503.300000,1100.000000,9.26000
5331,1503.300000,700.000000,9.26000
5332,1503.300000,200.000000,9.26000
5333,1503.300000,500.000000,9.26000
5334,1503.300000,22700.000000,9.25000
5335,1503.300000,500.000000,9.25000
5336,1503.770000,900.000000,9.26000
5337,1503.770000,700.000000,9.25000
5338,1503.770000,1000.000000,9.25000
5339,1503.770000,900.000000,9.25000
5340,1504.330000,100.000000,9.25000
5341,1504.330000,300.000000,9.25000
5342,1504.330000,1000.000000,9.25000
5343,1504.330000,200.000000,9.25000
5344,1504.330000,1500.000000,9.25000
5345,1504.330000,500.000000,9.25000
5346,1504.330000,600.000000,9.25000
5347,1504.330000,400.000000,9.25000
5348,1504.330000,500.000000,9.25000
5349,1504.330000,500.000000,9.25000
5350,1504.330000,8000.000000,9.25000
5351,1504.330000,1500.000000,9.25000
5352,1505.150000,5000.000000,9.25000
5353,1505.150000,1400.000000,9.25000
5354,1505.200000,400.000000,9.25000
5355,1505.200000,1000.000000,9.25000
5356,1505.200000,300.000000,9.25000
5357,1505.290000,200.000000,9.25000
5358,1505.290000,1100.000000,9.25000
5359,1505.290000,100.000000,9.25000
5360,1506.040000,1700.000000,9.25000
5361,1506.150000,1000.000000,9.25000
5362,1506.360000,200.000000,9.25000
5363,1506.750000,2000.000000,9.25000
5364,1506.750000,2100.000000,9.25000
5365,1507.250000,1600.000000,9.25000
5366,1507.580000,100.000000,9.25000
5367,1507.580000,500.000000,9.25000
5368,1507.580000,400.000000,9.25000
5369,1507.650000,3400.000000,9.26000
5370,1507.650000,1500.000000,9.26000
5371,1507.650000,19900.000000,9.27000
5372,1507.650000,10000.000000,9.27000
5373,1507.650000,3000.000000,9.27000
5374,1507.650000,2000.000000,9.27000
5375,1507.650000,700.000000,9.27000
5376,1507.650000,5360.000000,9.28000
5377,1507.650000,2000.000000,9.28000
5378,1507.650000,10000.000000,9.28000
5379,1507.650000,25400.000000,9.28000
5380,1507.650000,3740.000000,9.28000
5381,1507.830000,100.000000,9.26000
5382,1507.830000,1000.000000,9.25000
5383,1507.830000,100.000000,9.25000
5384,1507.830000,100.000000,9.25000
5385,1507.830000,1000.000000,9.25000
5386,1507.830000,1000.000000,9.25000
5387,1507.830000,5000.000000,9.25000
5388,1507.830000,100.000000,9.25000
5389,1507.830000,1000.000000,9.25000
5390,1507.830000,400.000000,9.25000
5391,1507.830000,300.000000,9.25000
5392,1507.830000,200.000000,9.25000
5393,1507.830000,500.000000,9.25000
5394,1507.830000,1500.000000,9.25000
5395,1507.830000,7700.000000,9.25000
5396,1508.240000,200.000000,9.25000
5397,1508.240000,200.000000,9.25000
5398,1508.290000,7600.000000,9.25000
5399,1508.660000,4300.000000,9.25000
5400,1508.660000,1500.000000,9.25000
5401,1508.660000,1000.000000,9.25000
5402,1508.660000,3200.000000,9.25000
5403,1508.970000,1100.000000,9.25000
5404,1508.970000,500.000000,9.25000
5405,1508.970000,5600.000000,9.25000
5406,1508.970000,10000.000000,9.25000
5407,1508.970000,1000.000000,9.25000
5408,1508.970000,500.000000,9.25000
5409,1508.970000,1000.000000,9.25000
5410,1508.970000,300.000000,9.25000
5411,1509.460000,1900.000000,9.25000
5412,1509.460000,100.000000,9.25000
5413,1509.460000,100.000000,9.25000
5414,1509.460000,800.000000,9.25000
5415,1509.460000,2000.000000,9.25000
5416,1509.460000,500.000000,9.25000
5417,1509.460000,1900.000000,9.25000
5418,1509.460000,600.000000,9.25000
5419,1509.460000,600.000000,9.25000
5420,1509.460000,100.000000,9.25000
5421,1509.460000,600.000000,9.25000
5422,1509.460000,1000.000000,9.25000
5423,1509.460000,200.000000,9.25000
5424,1509.460000,2000.000000,9.25000
5425,1509.460000,1000.000000,9.25000
5426,1509.460000,15000.000000,9.25000
5427,1510.380000,5000.000000,9.25000
5428,1510.380000,4300.000000,9.25000
5429,1510.380000,100.000000,9.25000
5430,1510.380000,9600.000000,9.25000
5431,1510.380000,1000.000000,9.25000
5432,1510.770000,300.000000,9.25000
5433,1510.770000,1000.000000,9.25000
5434,1510.770000,200.000000,9.25000
5435,1510.770000,1000.000000,9.25000
5436,1510.770000,2200.000000,9.25000
5437,1510.770000,1100.000000,9.25000
5438,1510.770000,1000.000000,9.25000
5439,1510.770000,1000.000000,9.25000
5440,1510.770000,2900.000000,9.25000
5441,1510.770000,500.000000,9.25000
5442,1510.770000,600.000000,9.25000
5443,1510.770000,8200.000000,9.25000
5444,1511.690000,21660.000000,9.28000
5445,1511.690000,140.000000,9.28000
5446,1511.720000,4700.000000,9.25000
5447,1511.850000,300.000000,9.25000
5448,1511.960000,33600.000000,9.25000
5449,1512.400000,2300.000000,9.25000
5450,1512.550000,200.000000,9.25000
5451,1512.580000,100.000000,9.25000
5452,1513.030000,4700.000000,9.25000
5453,1513.280000,4100.000000,9.25000
5454,1513.280000,100.000000,9.25000
5455,1513.280000,4000.000000,9.25000
5456,1513.280000,1400.000000,9.25000
5457,1513.310000,8600.000000,9.25000
5458,1513.310000,6500.000000,9.25000
5459,1513.310000,300.000000,9.25000
5460,1513.470000,10000.000000,9.27000
5461,1513.470000,7400.000000,9.28000
5462,1513.620000,500.000000,9.26000
5463,1513.680000,2000.000000,9.26000
5464,1513.760000,500.000000,9.26000
5465,1513.760000,1200.000000,9.25000
5466,1513.980000,1500.000000,9.25000
5467,1513.980000,58200.000000,9.25000
5468,1513.980000,200.000000,9.25000
5469,1513.980000,20100.000000,9.25000
5470,1514.450000,100.000000,9.25000
5471,1514.860000,8600.000000,9.25000
5472,1515.100000,1000.000000,9.27000
5473,1515.100000,8600.000000,9.25000
5474,1515.340000,3500.000000,9.25000
5475,1515.490000,1200.000000,9.26000
5476,1515.490000,9100.000000,9.25000
5477,1515.490000,500.000000,9.25000
5478,1515.490000,9200.000000,9.25000
5479,1515.550000,800.000000,9.25000
5480,1515.550000,2000.000000,9.25000
5481,1515.550000,200.000000,9.25000
5482,1515.550000,2700.000000,9.25000
5483,1515.550000,1200.000000,9.25000
5484,1515.550000,1100.000000,9.25000
5485,1515.550000,1000.000000,9.25000
5486,1515.550000,1800.000000,9.25000
5487,1515.550000,2000.000000,9.25000
5488,1515.550000,20800.000000,9.25000
5489,1515.550000,1200.000000,9.25000
5490,1515.550000,1000.000000,9.25000
5491,1515.550000,500.000000,9.25000
5492,1515.550000,500.000000,9.25000
5493,1515.550000,200.000000,9.25000
5494,1515.550000,500.000000,9.25000
5495,1515.550000,2400.000000,9.25000
5496,1515.550000,1900.000000,9.25000
5497,1515.550000,1000.000000,9.25000
5498,1515.550000,3000.000000,9.25000
5499,1515.550000,800.000000,9.25000
5500,1516.690000,1300.000000,9.25000
5501,1517.070000,17860.000000,9.28000
5502,1517.070000,25400.000000,9.28000
5503,1517.070000,2000.000000,9.28000
5504,1517.070000,1100.000000,9.28000
5505,1517.070000,300.000000,9.28000
5506,1517.070000,1100.000000,9.28000
5507,1517.070000,2740.000000,9.28000
5508,1517.350000,18700.000000,9.25000
5509,1517.350000,1100.000000,9.25000
5510,1517.350000,200.000000,9.25000
5511,1517.880000,900.000000,9.25000
5512,1517.880000,1700.000000,9.25000
5513,1517.880000,2200.000000,9.25000
5514,1517.880000,400.000000,9.25000
5515,1517.880000,900.000000,9.25000
5516,1517.880000,2900.000000,9.25000
5517,1517.880000,400.000000,9.25000
5518,1517.880000,300.000000,9.25000
5519,1517.880000,1700.000000,9.25000
5520,1517.880000,400.000000,9.25000
5521,1517.970000,600.000000,9.25000
5522,1517.970000,1200.000000,9.25000
5523,1518.210000,4200.000000,9.25000
5524,1518.210000,1000.000000,9.25000
5525,1518.210000,300.000000,9.25000
5526,1518.210000,100.000000,9.25000
5527,1518.210000,3800.000000,9.25000
5528,1518.210000,500.000000,9.25000
5529,1518.210000,100.000000,9.25000
5530,1518.210000,4000.000000,9.25000
5531,1518.210000,500.000000,9.25000
5532,1518.210000,500.000000,9.25000
5533,1518.210000,1200.000000,9.25000
5534,1518.210000,1000.000000,9.25000
5535,1518.210000,900.000000,9.25000
5536,1518.210000,600.000000,9.25000
5537,1518.210000,500.000000,9.25000
5538,1518.210000,400.000000,9.25000
5539,1518.210000,400.000000,9.25000
5540,1518.850000,7600.000000,9.25000
5541,1518.850000,500.000000,9.25000
5542,1518.850000,1000.000000,9.25000
5543,1518.850000,34900.000000,9.25000
5544,1519.920000,1940.000000,9.25000
5545,1519.920000,200.000000,9.25000
5546,1519.920000,800.000000,9.25000
5547,1519.920000,1600.000000,9.25000
5548,1519.920000,3000.000000,9.25000
5549,1519.920000,600.000000,9.25000
5550,1519.920000,1800.000000,9.25000
5551,1519.920000,300.000000,9.25000
5552,1519.920000,1200.000000,9.25000
5553,1519.920000,300.000000,9.25000
5554,1519.920000,500.000000,9.25000
5555,1519.920000,2000.000000,9.25000
5556,1519.920000,1600.000000,9.25000
5557,1519.920000,500.000000,9.25000
5558,1519.920000,9600.000000,9.25000
5559,1519.920000,500.000000,9.25000
5560,1519.920000,100.000000,9.25000
5561,1519.920000,100.000000,9.25000
5562,1519.920000,100.000000,9.25000
5563,1519.920000,1000.000000,9.25000
5564,1519.920000,200.000000,9.25000
5565,1519.920000,6500.000000,9.25000
5566,1519.920000,1100.000000,9.25000
5567,1519.920000,600.000000,9.25000
5568,1519.920000,1300.000000,9.25000
5569,1519.920000,100.000000,9.25000
5570,1519.920000,600.000000,9.25000
5571,1519.920000,1000.000000,9.25000
5572,1519.920000,500.000000,9.25000
5573,1519.920000,200.000000,9.25000
5574,1519.920000,9100.000000,9.25000
5575,1519.920000,6200.000000,9.24000
5576,1519.920000,10000.000000,9.24000
5577,1519.920000,2000.000000,9.24000
5578,1519.920000,2000.000000,9.24000
5579,1519.920000,300.000000,9.24000
5580,1519.920000,500.000000,9.24000
5581,1519.920000,1000.000000,9.24000
5582,1519.920000,9060.000000,9.24000
5583,1520.760000,1000.000000,9.25000
5584,1521.130000,400.000000,9.25000
5585,1521.140000,600.000000,9.25000
5586,1521.140000,940.000000,9.24000
5587,1521.140000,1000.000000,9.24000
5588,1521.140000,300.000000,9.24000
5589,1521.140000,560.000000,9.24000
5590,1521.140000,140.000000,9.24000
5591,1521.140000,1500.000000,9.24000
5592,1521.140000,460.000000,9.24000
5593,1521.430000,2540.000000,9.24000
5594,1521.430000,4500.000000,9.24000
5595,1521.430000,500.000000,9.24000
5596,1521.430000,400.000000,9.24000
5597,1521.430000,200.000000,9.24000
5598,1521.430000,1700.000000,9.24000
5599,1521.430000,3000.000000,9.24000
5600,1521.430000,300.000000,9.24000
5601,1521.430000,2000.000000,9.24000
5602,1521.430000,200.000000,9.24000
5603,1521.430000,2000.000000,9.24000
5604,1521.430000,1000.000000,9.24000
5605,1521.430000,400.000000,9.24000
5606,1521.430000,1000.000000,9.24000
5607,1521.430000,200.000000,9.24000
5608,1521.430000,300.000000,9.24000
5609,1521.430000,1300.000000,9.24000
5610,1521.430000,10000.000000,9.24000
5611,1521.430000,1000.000000,9.24000
5612,1521.430000,60.000000,9.24000
5613,1521.530000,940.000000,9.24000
5614,1521.530000,1160.000000,9.24000
5615,1521.750000,3000.000000,9.25000
5616,1521.750000,200.000000,9.26000
5617,1521.890000,840.000000,9.24000
5618,1521.890000,5000.000000,9.24000
5619,1521.890000,4000.000000,9.24000
5620,1521.890000,1000.000000,9.24000
5621,1521.890000,9160.000000,9.24000
5622,1522.370000,500.000000,9.24000
5623,1522.680000,340.000000,9.24000
5624,1522.680000,300.000000,9.24000
5625,1522.680000,1100.000000,9.24000
5626,1522.680000,5000.000000,9.24000
5627,1522.680000,500.000000,9.24000
5628,1522.680000,7760.000000,9.24000
5629,1522.860000,4900.000000,9.24000
5630,1523.240000,17340.000000,9.24000
5631,1523.240000,2660.000000,9.24000
5632,1523.330000,4340.000000,9.24000
5633,1523.330000,3000.000000,9.24000
5634,1523.330000,600.000000,9.24000
5635,1523.330000,400.000000,9.24000
5636,1523.330000,4900.000000,9.24000
5637,1523.330000,1000.000000,9.24000
5638,1523.330000,300.000000,9.24000
5639,1523.330000,460.000000,9.24000
5640,1523.610000,200.000000,9.24000
5641,1523.630000,100.000000,9.24000
5642,1524.780000,240.000000,9.24000
5643,1524.780000,4200.000000,9.24000
5644,1524.780000,100.000000,9.24000
5645,1524.780000,4000.000000,9.24000
5646,1524.780000,1100.000000,9.24000
5647,1524.780000,360.000000,9.24000
5648,1525.690000,200.000000,9.24000
5649,1525.790000,340.000000,9.24000
5650,1525.790000,300.000000,9.24000
5651,1525.790000,500.000000,9.24000
5652,1525.790000,200.000000,9.24000
5653,1525.790000,1000.000000,9.24000
5654,1525.790000,2000.000000,9.24000
5655,1525.790000,3960.000000,9.24000
5656,1527.620000,800.000000,9.25000
5657,1527.620000,800.000000,9.25000
5658,1527.720000,1200.000000,9.25000
5659,1527.720000,1800.000000,9.24000
5660,1528.700000,1140.000000,9.24000
5661,1528.700000,100.000000,9.24000
5662,1528.700000,100.000000,9.24000
5663,1528.700000,2700.000000,9.24000
5664,1528.700000,4300.000000,9.24000
5665,1528.700000,4900.000000,9.24000
5666,1528.700000,100.000000,9.24000
5667,1528.700000,1400.000000,9.24000
5668,1528.700000,1000.000000,9.24000
5669,1528.700000,1500.000000,9.24000
5670,1528.700000,500.000000,9.24000
5671,1528.700000,100.000000,9.24000
5672,1528.700000,1000.000000,9.24000
5673,1528.700000,1160.000000,9.24000
5674,1528.990000,3840.000000,9.24000
5675,1528.990000,400.000000,9.24000
5676,1528.990000,1100.000000,9.24000
5677,1528.990000,4000.000000,9.24000
5678,1528.990000,3000.000000,9.24000
5679,1528.990000,2100.000000,9.24000
5680,1528.990000,1000.000000,9.24000
5681,1528.990000,500.000000,9.24000
5682,1528.990000,600.000000,9.24000
5683,1528.990000,500.000000,9.24000
5684,1528.990000,2960.000000,9.24000
5685,1529.000000,400.000000,9.24000
5686,1530.170000,4400.000000,9.24000
5687,1530.970000,12240.000000,9.24000
5688,1530.970000,10000.000000,9.24000
5689,1530.970000,500.000000,9.24000
5690,1530.970000,300.000000,9.24000
5691,1530.970000,2100.000000,9.24000
5692,1530.970000,1100.000000,9.24000
5693,1530.970000,500.000000,9.24000
5694,1530.970000,23260.000000,9.24000
5695,1532.690000,3300.000000,9.24000
5696,1533.980000,20000.000000,9.25000
5697,1534.140000,2600.000000,9.24000
5698,1534.910000,200.000000,9.24000
5699,1535.800000,100.000000,9.24000
5700,1535.860000,6400.000000,9.24000
5701,1535.920000,2100.000000,9.25000
5702,1536.500000,1000.000000,9.24000
5703,1536.760000,1500.000000,9.24000
5704,1537.650000,30000.000000,9.24000
5705,1537.670000,2500.000000,9.24000
5706,1537.890000,20000.000000,9.24000
5707,1538.150000,2000.000000,9.24000
5708,1538.890000,500.000000,9.25000
5709,1539.680000,7140.000000,9.24000
5710,1539.680000,300.000000,9.24000
5711,1539.680000,1000.000000,9.24000
5712,1539.680000,10000.000000,9.24000
5713,1539.680000,100.000000,9.24000
5714,1539.680000,10000.000000,9.24000
5715,1539.680000,10000.000000,9.24000
5716,1539.680000,4260.000000,9.24000
5717,1539.750000,1600.000000,9.24000
5718,1541.480000,900.000000,9.25000
5719,1541.480000,2000.000000,9.25000
5720,1542.070000,2000.000000,9.25000
5721,1542.960000,200.000000,9.25000
5722,1544.270000,2300.000000,9.25000
5723,1544.470000,300.000000,9.25000
5724,1544.510000,2300.000000,9.25000
5725,1544.510000,4140.000000,9.24000
5726,1544.510000,1200.000000,9.24000
5727,1544.510000,500.000000,9.24000
5728,1544.510000,60.000000,9.24000
5729,1544.860000,2000.000000,9.26000
5730,1544.860000,2200.000000,9.26000
5731,1544.860000,1500.000000,9.26000
5732,1544.860000,2260.000000,9.28000
5733,1544.860000,6700.000000,9.28000
5734,1544.860000,1100.000000,9.28000
5735,1544.860000,6700.000000,9.28000
5736,1544.860000,19640.000000,9.28000
5737,1545.470000,1640.000000,9.24000
5738,1545.470000,300.000000,9.24000
5739,1545.470000,2500.000000,9.24000
5740,1545.470000,1000.000000,9.24000
5741,1545.470000,300.000000,9.24000
5742,1545.470000,1600.000000,9.24000
5743,1545.470000,1100.000000,9.24000
5744,1545.470000,300.000000,9.24000
5745,1545.470000,760.000000,9.24000
5746,1545.510000,40.000000,9.24000
5747,1545.510000,1000.000000,9.24000
5748,1545.510000,200.000000,9.24000
5749,1545.510000,800.000000,9.24000
5750,1545.510000,5000.000000,9.24000
5751,1545.510000,4360.000000,9.24000
5752,1545.670000,200.000000,9.24000
5753,1546.150000,1200.000000,9.24000
5754,1546.340000,1000.000000,9.24000
5755,1546.660000,10000.000000,9.24000
5756,1549.770000,200.000000,9.24000
5757,1551.500000,6500.000000,9.24000
5758,1551.780000,200.000000,9.24000
5759,1552.420000,900.000000,9.24000
5760,1552.700000,8000.000000,9.24000
5761,1554.020000,9200.000000,9.24000
5762,1554.360000,1000.000000,9.25000
5763,1555.640000,700.000000,9.25000
5764,1555.640000,1000.000000,9.25000
5765,1556.430000,500.000000,9.25000
5766,1556.730000,12800.000000,9.25000
5767,1556.730000,700.000000,9.25000
5768,1556.730000,140.000000,9.24000
5769,1556.730000,1000.000000,9.24000
5770,1556.730000,200.000000,9.24000
5771,1556.730000,1200.000000,9.24000
5772,1556.730000,1100.000000,9.24000
5773,1556.730000,100.000000,9.24000
5774,1556.730000,200.000000,9.24000
5775,1556.730000,100.000000,9.24000
5776,1556.730000,100.000000,9.24000
5777,1556.730000,100.000000,9.24000
5778,1556.730000,700.000000,9.24000
5779,1556.730000,600.000000,9.24000
5780,1556.730000,3000.000000,9.24000
5781,1556.730000,600.000000,9.24000
5782,1556.730000,1000.000000,9.24000
5783,1556.730000,600.000000,9.24000
5784,1556.730000,260.000000,9.24000
5785,1556.810000,200.000000,9.24000
5786,1559.740000,540.000000,9.24000
5787,1559.740000,1600.000000,9.24000
5788,1559.740000,300.000000,9.24000
5789,1559.740000,49260.000000,9.24000
5790,1559.940000,12900.000000,9.24000
5791,1560.290000,500.000000,9.25000
5792,1561.750000,300.000000,9.25000
5793,1561.750000,200.000000,9.25000
5794,1561.750000,3400.000000,9.26000
5795,1561.750000,40800.000000,9.26000
5796,1562.300000,1600.000000,9.25000
5797,1563.060000,200.000000,9.25000
5798,1563.670000,1000.000000,9.25000
5799,1563.670000,900.000000,9.25000
5800,1563.670000,200.000000,9.25000
5801,1563.670000,500.000000,9.25000
5802,1563.670000,100.000000,9.25000
5803,1563.670000,49400.000000,9.24000
5804,1564.310000,20600.000000,9.24000
5805,1566.230000,100.000000,9.25000
5806,1567.870000,100.000000,9.25000
5807,1568.060000,100.000000,9.25000
5808,1568.060000,700.000000,9.25000
5809,1569.090000,6600.000000,9.25000
5810,1569.320000,2700.000000,9.25000
5811,1569.320000,200.000000,9.25000
5812,1569.320000,800.000000,9.25000
5813,1569.860000,11900.000000,9.24000
5814,1571.250000,2000.000000,9.24000
5815,1574.860000,2300.000000,9.24000
5816,1575.030000,2300.000000,9.25000
5817,1575.030000,200.000000,9.25000
5818,1576.520000,1800.000000,9.25000
5819,1576.520000,6400.000000,9.25000
5820,1578.650000,200.000000,9.25000
5821,1579.590000,600.000000,9.25000
5822,1580.770000,10900.000000,9.26000
5823,1580.770000,2200.000000,9.26000
5824,1580.770000,2900.000000,9.26000
5825,1580.770000,11300.000000,9.26000
5826,1581.890000,800.000000,9.26000
5827,1584.080000,500.000000,9.25000
5828,1584.250000,29900.000000,9.25000
5829,1584.250000,100.000000,9.25000
5830,1586.980000,1000.000000,9.25000
5831,1587.630000,3600.000000,9.25000
5832,1587.630000,6500.000000,9.25000
5833,1589.660000,200.000000,9.25000
5834,1591.310000,10100.000000,9.25000
5835,1591.930000,600.000000,9.26000
5836,1593.270000,3000.000000,9.25000
5837,1594.330000,500.000000,9.26000
5838,1595.340000,7500.000000,9.25000
5839,1595.340000,500.000000,9.25000
5840,1595.340000,500.000000,9.25000
5841,1595.340000,5000.000000,9.25000
5842,1595.340000,600.000000,9.25000
5843,1596.410000,800.000000,9.25000
5844,1597.150000,1200.000000,9.26000
5845,1597.970000,800.000000,9.25000
5846,1598.310000,200.000000,9.26000
5847,1598.710000,2000.000000,9.25000
5848,1600.750000,100.000000,9.25000
5849,1602.250000,2100.000000,9.25000
5850,1602.330000,10100.000000,9.25000
5851,1602.410000,3000.000000,9.25000
5852,1605.660000,9700.000000,9.25000
5853,1606.290000,100.000000,9.26000
5854,1607.330000,4400.000000,9.25000
5855,1607.670000,500.000000,9.25000
5856,1608.280000,900.000000,9.26000
5857,1611.840000,200.000000,9.25000
5858,1612.670000,2000.000000,9.25000
5859,1612.960000,3100.000000,9.25000
5860,1612.960000,600.000000,9.25000
5861,1612.960000,500.000000,9.25000
5862,1612.960000,500.000000,9.25000
5863,1612.960000,1500.000000,9.25000
5864,1612.960000,24300.000000,9.25000
5865,1613.360000,10100.000000,9.26000
5866,1613.360000,1100.000000,9.26000
5867,1613.360000,20300.000000,9.26000
5868,1613.480000,10000.000000,9.25000
5869,1613.910000,5000.000000,9.25000
5870,1613.950000,200.000000,9.25000
5871,1613.950000,500.000000,9.25000
5872,1613.950000,31500.000000,9.25000
5873,1613.950000,300.000000,9.25000
5874,1616.090000,200.000000,9.25000
5875,1616.090000,1500.000000,9.25000
5876,1616.400000,2100.000000,9.25000
5877,1618.560000,500.000000,9.25000
5878,1621.680000,39400.000000,9.26000
5879,1622.730000,200.000000,9.25000
5880,1623.810000,5700.000000,9.25000
5881,1623.810000,500.000000,9.25000
5882,1623.810000,1800.000000,9.25000
5883,1624.120000,2300.000000,9.25000
5884,1624.420000,1200.000000,9.25000
5885,1624.810000,4800.000000,9.25000
5886,1625.330000,1100.000000,9.25000
5887,1627.020000,9700.000000,9.25000
5888,1629.530000,11600.000000,9.25000
5889,1629.530000,2200.000000,9.25000
5890,1629.530000,200.000000,9.25000
5891,1630.760000,1200.000000,9.25000
5892,1630.760000,400.000000,9.25000
5893,1630.760000,4600.000000,9.25000
5894,1630.760000,500.000000,9.25000
5895,1630.760000,3100.000000,9.25000
5896,1630.760000,1500.000000,9.25000
5897,1631.320000,200.000000,9.26000
5898,1631.480000,2000.000000,9.25000
5899,1631.480000,600.000000,9.25000
5900,1631.480000,1600.000000,9.24000
5901,1632.900000,100.000000,9.25000
5902,1632.900000,1200.000000,9.25000
5903,1632.930000,40.000000,9.24000
5904,1632.930000,500.000000,9.24000
5905,1632.930000,500.000000,9.24000
5906,1632.930000,1000.000000,9.24000
5907,1632.930000,50400.000000,9.24000
5908,1632.930000,500.000000,9.24000
5909,1632.930000,300.000000,9.24000
5910,1632.930000,1160.000000,9.24000
5911,1632.930000,400.000000,9.25000
5912,1633.410000,2300.000000,9.25000
5913,1633.790000,200.000000,9.25000
5914,1635.310000,1500.000000,9.25000
5915,1636.000000,31900.000000,9.25000
5916,1636.000000,9800.000000,9.25000
5917,1636.000000,1000.000000,9.25000
5918,1636.600000,39400.000000,9.26000
5919,1637.000000,1000.000000,9.25000
5920,1637.110000,500.000000,9.25000
5921,1637.830000,100.000000,9.25000
5922,1638.990000,500.000000,9.25000
5923,1640.130000,900.000000,9.25000
5924,1640.130000,500.000000,9.25000
5925,1640.270000,100.000000,9.25000
5926,1640.400000,300.000000,9.25000
5927,1640.400000,300.000000,9.24000
5928,1641.290000,2000.000000,9.25000
5929,1642.310000,300.000000,9.25000
5930,1642.940000,500.000000,9.24000
5931,1644.340000,3000.000000,9.25000
5932,1644.680000,200.000000,9.24000
5933,1646.850000,1700.000000,9.24000
5934,1647.040000,340.000000,9.24000
5935,1647.040000,60.000000,9.24000
5936,1648.070000,500.000000,9.25000
5937,1651.510000,5000.000000,9.25000
5938,1651.530000,39500.000000,9.25000
5939,1652.630000,1000.000000,9.25000
5940,1653.010000,300.000000,9.25000
5941,1655.710000,100.000000,9.24000
5942,1662.900000,1000.000000,9.24000
5943,1663.650000,400.000000,9.25000
5944,1663.650000,100.000000,9.25000
5945,1664.220000,4800.000000,9.24000
5946,1664.580000,100.000000,9.25000
5947,1665.330000,1100.000000,9.24000
5948,1665.980000,2940.000000,9.24000
5949,1665.980000,6860.000000,9.24000
5950,1666.720000,1600.000000,9.25000
5951,1666.720000,1000.000000,9.25000
5952,1666.720000,300.000000,9.25000
5953,1666.720000,500.000000,9.25000
5954,1666.720000,11200.000000,9.25000
5955,1666.720000,4800.000000,9.25000
5956,1666.740000,200.000000,9.24000
5957,1667.430000,500.000000,9.25000
5958,1672.340000,7940.000000,9.24000
5959,1672.340000,500.000000,9.24000
5960,1672.340000,9800.000000,9.24000
5961,1672.340000,1760.000000,9.24000
5962,1673.120000,2300.000000,9.24000
5963,1673.710000,1000.000000,9.24000
5964,1674.430000,8400.000000,9.24000
5965,1675.850000,3700.000000,9.25000
5966,1675.850000,1300.000000,9.25000
5967,1675.910000,10000.000000,9.25000
5968,1675.910000,100.000000,9.25000
5969,1675.910000,1800.000000,9.25000
5970,1675.910000,400.000000,9.25000
5971,1675.910000,1300.000000,9.25000
5972,1676.890000,200.000000,9.25000
5973,1677.770000,200.000000,9.24000
5974,1678.070000,7500.000000,9.24000
5975,1678.630000,600.000000,9.25000
5976,1680.200000,300.000000,9.25000
5977,1680.200000,700.000000,9.25000
5978,1680.930000,400.000000,9.24000
5979,1683.030000,2040.000000,9.24000
5980,1683.030000,300.000000,9.24000
5981,1683.030000,2000.000000,9.24000
5982,1683.030000,200.000000,9.24000
5983,1683.030000,2200.000000,9.24000
5984,1683.030000,100.000000,9.24000
5985,1683.030000,500.000000,9.24000
5986,1683.030000,15000.000000,9.24000
5987,1683.030000,5000.000000,9.24000
5988,1683.030000,1000.000000,9.24000
5989,1683.030000,1600.000000,9.24000
5990,1683.030000,500.000000,9.24000
5991,1683.030000,800.000000,9.24000
5992,1683.030000,500.000000,9.24000
5993,1683.030000,2000.000000,9.24000
5994,1683.030000,2000.000000,9.24000
5995,1683.030000,1300.000000,9.24000
5996,1683.030000,1500.000000,9.24000
5997,1683.030000,100.000000,9.24000
5998,1683.030000,5660.000000,9.24000
5999,1683.790000,100.000000,9.25000
6000,1684.390000,1300.000000,9.25000
6001,1685.330000,1600.000000,9.24000
6002,1685.510000,4500.000000,9.25000
6003,1685.510000,8300.000000,9.25000
6004,1686.180000,400.000000,9.24000
6005,1687.270000,1000.000000,9.25000
6006,1687.700000,7000.000000,9.25000
6007,1687.700000,11300.000000,9.25000
6008,1687.700000,2300.000000,9.25000
6009,1687.700000,100.000000,9.25000
6010,1687.700000,100.000000,9.25000
6011,1687.700000,1100.000000,9.25000
6012,1687.700000,500.000000,9.25000
6013,1687.700000,700.000000,9.25000
6014,1687.700000,2700.000000,9.25000
6015,1687.700000,1300.000000,9.25000
6016,1687.700000,1000.000000,9.25000
6017,1687.700000,200.000000,9.25000
6018,1687.700000,4100.000000,9.25000
6019,1688.720000,200.000000,9.24000
6020,1689.230000,1.000000,9.24000
6021,1689.450000,300.000000,9.25000
6022,1689.640000,2139.000000,9.24000
6023,1689.640000,161.000000,9.24000
6024,1690.430000,1300.000000,9.25000
6025,1690.940000,600.000000,9.25000
6026,1691.170000,339.000000,9.24000
6027,1691.170000,200.000000,9.24000
6028,1691.170000,1000.000000,9.24000
6029,1691.170000,461.000000,9.24000
6030,1691.860000,539.000000,9.24000
6031,1691.860000,800.000000,9.24000
6032,1691.860000,1000.000000,9.24000
6033,1691.860000,10000.000000,9.24000
6034,1691.860000,700.000000,9.24000
6035,1691.860000,1961.000000,9.24000
6036,1692.400000,500.000000,9.25000
6037,1692.400000,3000.000000,9.24000
6038,1692.550000,1000.000000,9.24000
6039,1692.670000,500.000000,9.25000
6040,1692.960000,2000.000000,9.25000
6041,1697.100000,700.000000,9.25000
6042,1697.100000,2000.000000,9.25000
6043,1697.100000,3900.000000,9.25000
6044,1697.100000,1000.000000,9.25000
6045,1697.100000,6500.000000,9.26000
6046,1698.050000,1600.000000,9.24000
6047,1699.610000,100.000000,9.24000
6048,1704.630000,1100.000000,9.24000
6049,1707.140000,1200.000000,9.25000
6050,1709.190000,100.000000,9.25000
6051,1710.650000,200.000000,9.25000
6052,1710.900000,1500.000000,9.25000
6053,1712.810000,800.000000,9.25000
6054,1713.650000,20000.000000,9.25000
6055,1714.610000,300.000000,9.25000
6056,1715.470000,1500.000000,9.26000
6057,1715.710000,1000.000000,9.25000
6058,1716.330000,100.000000,9.25000
6059,1716.600000,500.000000,9.26000
6060,1717.150000,61800.000000,9.25000
6061,1717.150000,500.000000,9.25000
6062,1717.150000,1500.000000,9.25000
6063,1717.230000,300.000000,9.25000
6064,1717.810000,12400.000000,9.26000
6065,1720.600000,700.000000,9.26000
6066,1720.640000,700.000000,9.25000
6067,1720.640000,1000.000000,9.25000
6068,1720.840000,25900.000000,9.26000
6069,1721.440000,200.000000,9.26000
6070,1721.670000,200.000000,9.25000
6071,1721.950000,500.000000,9.26000
6072,1723.000000,800.000000,9.25000
6073,1723.000000,4000.000000,9.25000
6074,1723.000000,2500.000000,9.25000
6075,1725.770000,300.000000,9.26000
6076,1726.850000,17500.000000,9.25000
6077,1726.850000,500.000000,9.25000
6078,1726.850000,2000.000000,9.25000
6079,1726.850000,100.000000,9.25000
6080,1727.210000,1000.000000,9.24000
6081,1727.290000,800.000000,9.25000
6082,1727.290000,2200.000000,9.24000
6083,1727.560000,2000.000000,9.25000
6084,1729.160000,200.000000,9.25000
6085,1729.620000,14400.000000,9.25000
6086,1730.380000,700.000000,9.25000
6087,1730.530000,1600.000000,9.24000
6088,1731.290000,600.000000,9.24000
6089,1731.940000,100.000000,9.24000
6090,1732.020000,2300.000000,9.25000
6091,1732.700000,200.000000,9.24000
6092,1733.080000,1600.000000,9.24000
6093,1734.580000,100.000000,9.25000
6094,1735.850000,1000.000000,9.25000
6095,1736.030000,500.000000,9.25000
6096,1736.190000,400.000000,9.25000
6097,1738.280000,27900.000000,9.24000
6098,1739.400000,1060.000000,9.24000
6099,1739.630000,900.000000,9.24000
6100,1739.780000,5000.000000,9.25000
6101,1740.320000,500.000000,9.25000
6102,1740.580000,5000.000000,9.25000
6103,1740.920000,3800.000000,9.25000
6104,1741.080000,500.000000,9.25000
6105,1741.930000,13700.000000,9.25000
6106,1741.930000,3400.000000,9.25000
6107,1742.130000,4379.000000,9.24000
6108,1742.130000,1200.000000,9.24000
6109,1742.130000,10100.000000,9.24000
6110,1742.130000,8100.000000,9.24000
6111,1742.130000,500.000000,9.24000
6112,1742.130000,1000.000000,9.24000
6113,1742.130000,200.000000,9.24000
6114,1742.130000,100.000000,9.24000
6115,1742.130000,1200.000000,9.24000
6116,1742.130000,2100.000000,9.24000
6117,1742.130000,500.000000,9.24000
6118,1742.130000,1000.000000,9.24000
6119,1742.130000,300.000000,9.24000
6120,1742.130000,2000.000000,9.24000
6121,1742.130000,1000.000000,9.24000
6122,1742.130000,321.000000,9.24000
6123,1743.730000,100.000000,9.24000
6124,1744.550000,400.000000,9.25000
6125,1744.550000,1400.000000,9.25000
6126,1744.550000,5000.000000,9.25000
6127,1744.550000,3200.000000,9.25000
6128,1744.550000,7100.000000,9.25000
6129,1744.890000,22900.000000,9.25000
6130,1744.890000,200.000000,9.25000
6131,1744.890000,100.000000,9.25000
6132,1745.080000,400.000000,9.25000
6133,1745.100000,200.000000,9.25000
6134,1746.200000,1000.000000,9.25000
6135,1746.270000,7100.000000,9.25000
6136,1746.270000,24700.000000,9.25000
6137,1746.270000,1000.000000,9.25000
6138,1748.200000,79.000000,9.24000
6139,1748.200000,421.000000,9.24000
6140,1749.070000,8100.000000,9.25000
6141,1749.070000,1900.000000,9.25000
6142,1749.320000,3000.000000,9.25000
6143,1749.320000,100.000000,9.25000
6144,1749.430000,79.000000,9.24000
6145,1749.430000,221.000000,9.24000
6146,1750.100000,700.000000,9.25000
6147,1751.000000,5200.000000,9.25000
6148,1751.000000,17400.000000,9.25000
6149,1751.240000,500.000000,9.25000
6150,1751.830000,300.000000,9.24000
6151,1751.920000,479.000000,9.24000
6152,1751.920000,200.000000,9.24000
6153,1751.920000,121.000000,9.24000
6154,1754.760000,200.000000,9.24000
6155,1755.440000,200.000000,9.25000
6156,1758.950000,1000.000000,9.25000
6157,1759.480000,2600.000000,9.25000
6158,1759.480000,700.000000,9.25000
6159,1761.110000,200.000000,9.25000
6160,1762.830000,1000.000000,9.25000
6161,1763.710000,300.000000,9.25000
6162,1765.120000,679.000000,9.24000
6163,1765.120000,300.000000,9.24000
6164,1765.120000,21.000000,9.24000
6165,1765.430000,3000.000000,9.25000
6166,1765.600000,200.000000,9.24000
6167,1766.910000,2100.000000,9.25000
6168,1766.970000,2000.000000,9.24000
6169,1768.380000,11700.000000,9.25000
6170,1768.490000,779.000000,9.24000
6171,1768.490000,1000.000000,9.24000
6172,1768.490000,521.000000,9.24000
6173,1768.540000,3000.000000,9.25000
6174,1768.820000,200.000000,9.25000
6175,1769.600000,4600.000000,9.25000
6176,1770.220000,479.000000,9.24000
6177,1770.220000,100.000000,9.24000
6178,1770.220000,200.000000,9.24000
6179,1770.220000,1221.000000,9.24000
6180,1770.700000,600.000000,9.25000
6181,1771.560000,1700.000000,9.25000
6182,1772.050000,1600.000000,9.25000
6183,1772.050000,8100.000000,9.25000
6184,1772.050000,800.000000,9.25000
6185,1774.520000,1000.000000,9.25000
6186,1775.120000,279.000000,9.24000
6187,1775.120000,500.000000,9.24000
6188,1775.120000,221.000000,9.24000
6189,1775.670000,1100.000000,9.25000
6190,1776.630000,200.000000,9.24000
6191,1777.640000,10900.000000,9.25000
6192,1778.940000,3000.000000,9.25000
6193,1779.010000,579.000000,9.24000
6194,1779.010000,2821.000000,9.24000
6195,1779.320000,1000.000000,9.25000
6196,1780.720000,2700.000000,9.25000
6197,1781.510000,10000.000000,9.25000
6198,1782.990000,2000.000000,9.25000
6199,1783.280000,1100.000000,9.25000
6200,1785.850000,500.000000,9.25000
6201,1786.530000,2000.000000,9.25000
6202,1787.450000,500.000000,9.25000
6203,1787.660000,179.000000,9.24000
6204,1787.660000,21.000000,9.24000
6205,1788.650000,1600.000000,9.25000
6206,1789.680000,10400.000000,9.25000
6207,1790.480000,10000.000000,9.24000
6208,1791.060000,5000.000000,9.25000
6209,1792.420000,500.000000,9.25000
6210,1792.520000,100.000000,9.24000
6211,1793.510000,700.000000,9.25000
6212,1793.570000,1000.000000,9.24000
6213,1794.870000,100.000000,9.24000
6214,1796.820000,21600.000000,9.24000
6215,1797.310000,1000.000000,9.24000
6216,1798.390000,500.000000,9.25000
6217,1798.500000,100.000000,9.24000
6218,1798.630000,2079.000000,9.24000
6219,1798.630000,2000.000000,9.24000
6220,1798.630000,700.000000,9.24000
6221,1798.630000,1800.000000,9.24000
6222,1798.630000,200.000000,9.24000
6223,1798.630000,2000.000000,9.24000
6224,1798.630000,200.000000,9.24000
6225,1798.630000,5000.000000,9.24000
6226,1798.630000,300.000000,9.24000
6227,1798.630000,500.000000,9.24000
6228,1798.630000,900.000000,9.24000
6229,1798.630000,1000.000000,9.24000
6230,1798.630000,2000.000000,9.24000
6231,1798.630000,200.000000,9.24000
6232,1798.630000,21600.000000,9.24000
6233,1798.630000,200.000000,9.24000
6234,1798.630000,10621.000000,9.24000
6235,1798.700000,200.000000,9.24000
6236,1799.070000,15800.000000,9.25000
6237,1799.290000,2300.000000,9.24000
6238,1799.380000,500.000000,9.25000
6239,1800.220000,1900.000000,9.24000
6240,1800.430000,1000.000000,9.25000
6241,1800.950000,2300.000000,9.24000
6242,1801.190000,600.000000,9.25000
6243,1801.650000,200.000000,9.25000
6244,1801.660000,1900.000000,9.25000
6245,1801.700000,6300.000000,9.25000
6246,1801.700000,800.000000,9.25000
6247,1801.700000,14600.000000,9.25000
6248,1802.120000,18679.000000,9.24000
6249,1802.120000,2000.000000,9.24000
6250,1802.120000,1000.000000,9.24000
6251,1802.120000,100.000000,9.24000
6252,1802.120000,2000.000000,9.24000
6253,1802.120000,300.000000,9.24000
6254,1802.120000,1000.000000,9.24000
6255,1802.120000,200.000000,9.24000
6256,1802.120000,1000.000000,9.24000
6257,1802.120000,1000.000000,9.24000
6258,1802.120000,400.000000,9.24000
6259,1802.120000,2000.000000,9.24000
6260,1802.120000,321.000000,9.24000
6261,1803.880000,600.000000,9.25000
6262,1803.990000,100.000000,9.25000
6263,1804.150000,3679.000000,9.24000
6264,1804.150000,821.000000,9.24000
6265,1804.540000,1000.000000,9.24000
6266,1804.670000,1800.000000,9.25000
6267,1804.670000,1000.000000,9.25000
6268,1804.670000,500.000000,9.25000
6269,1804.670000,11400.000000,9.25000
6270,1805.100000,5600.000000,9.25000
6271,1805.250000,300.000000,9.25000
6272,1805.470000,500.000000,9.24000
6273,1805.950000,32700.000000,9.25000
6274,1805.950000,1000.000000,9.25000
6275,1805.950000,51200.000000,9.25000
6276,1805.950000,1000.000000,9.25000
6277,1805.950000,5000.000000,9.25000
6278,1805.950000,1000.000000,9.25000
6279,1805.950000,5000.000000,9.25000
6280,1805.950000,2000.000000,9.25000
6281,1805.950000,2200.000000,9.26000
6282,1805.950000,150000.000000,9.26000
6283,1805.950000,1300.000000,9.26000
6284,1805.950000,400.000000,9.26000
6285,1805.950000,16600.000000,9.26000
6286,1805.950000,400.000000,9.26000
6287,1805.950000,16600.000000,9.26000
6288,1805.950000,3000.000000,9.26000
6289,1805.950000,500.000000,9.26000
6290,1805.950000,10100.000000,9.26000
6291,1807.240000,1000.000000,9.25000
6292,1807.240000,7679.000000,9.24000
6293,1807.240000,300.000000,9.24000
6294,1807.240000,1000.000000,9.24000
6295,1807.240000,21.000000,9.24000
6296,1807.660000,300.000000,9.26000
6297,1807.660000,900.000000,9.26000
6298,1807.660000,1700.000000,9.26000
6299,1807.690000,8700.000000,9.26000
6300,1807.690000,3200.000000,9.26000
6301,1807.690000,500.000000,9.26000
6302,1807.690000,4000.000000,9.26000
6303,1807.690000,11200.000000,9.26000
6304,1807.690000,5000.000000,9.26000
6305,1807.690000,8900.000000,9.26000
6306,1807.690000,80100.000000,9.26000
6307,1808.990000,5000.000000,9.26000
6308,1809.550000,1200.000000,9.26000
6309,1809.720000,100.000000,9.25000
6310,1812.090000,1900.000000,9.26000
6311,1812.100000,500.000000,9.26000
6312,1812.100000,200.000000,9.26000
6313,1812.210000,700.000000,9.25000
6314,1812.210000,300.000000,9.25000
6315,1812.990000,800.000000,9.25000
6316,1812.990000,700.000000,9.25000
6317,1813.420000,1500.000000,9.25000
6318,1813.420000,1100.000000,9.25000
6319,1813.420000,800.000000,9.25000
6320,1813.420000,1000.000000,9.25000
6321,1813.420000,20000.000000,9.25000
6322,1813.420000,1500.000000,9.25000
6323,1813.420000,11000.000000,9.25000
6324,1816.330000,900.000000,9.26000
6325,1816.600000,500.000000,9.26000
6326,1817.500000,100.000000,9.25000
6327,1817.780000,24800.000000,9.26000
6328,1821.160000,7400.000000,9.25000
6329,1821.160000,200.000000,9.25000
6330,1821.160000,6400.000000,9.25000
6331,1821.600000,200.000000,9.25000
6332,1822.520000,1200.000000,9.25000
6333,1824.140000,600.000000,9.26000
6334,1825.990000,700.000000,9.26000
6335,1829.680000,33600.000000,9.26000
6336,1829.680000,4100.000000,9.26000
6337,1829.680000,1800.000000,9.26000
6338,1829.680000,19300.000000,9.26000
6339,1829.680000,1800.000000,9.26000
6340,1829.680000,1200.000000,9.26000
6341,1829.680000,24900.000000,9.26000
6342,1829.680000,13300.000000,9.26000
6343,1831.840000,700.000000,9.26000
6344,1831.840000,200.000000,9.26000
6345,1832.650000,200.000000,9.25000
6346,1833.400000,1100.000000,9.26000
6347,1834.300000,9600.000000,9.26000
6348,1834.300000,19300.000000,9.26000
6349,1834.300000,1200.000000,9.26000
6350,1834.300000,2000.000000,9.26000
6351,1834.300000,8200.000000,9.26000
6352,1835.040000,10000.000000,9.26000
6353,1835.400000,1700.000000,9.26000
6354,1836.750000,600.000000,9.26000
6355,1837.110000,2200.000000,9.25000
6356,1838.830000,1000.000000,9.26000
6357,1839.250000,2600.000000,9.26000
6358,1840.640000,400.000000,9.26000
6359,1841.900000,100.000000,9.25000
6360,1842.080000,100.000000,9.26000
6361,1842.640000,500.000000,9.26000
6362,1843.660000,200.000000,9.25000
6363,1843.860000,3100.000000,9.26000
6364,1843.860000,900.000000,9.26000
6365,1843.860000,7400.000000,9.26000
6366,1847.000000,400.000000,9.26000
6367,1847.000000,700.000000,9.26000
6368,1849.720000,1500.000000,9.26000
6369,1850.370000,600.000000,9.26000
6370,1851.640000,1400.000000,9.26000
6371,1851.860000,400.000000,9.26000
6372,1852.450000,400.000000,9.25000
6373,1853.480000,100.000000,9.25000
6374,1854.270000,24200.000000,9.25000
6375,1854.270000,100.000000,9.25000
6376,1854.270000,1400.000000,9.25000
6377,1854.270000,5000.000000,9.25000
6378,1854.270000,17600.000000,9.25000
6379,1854.710000,100.000000,9.25000
6380,1854.910000,1100.000000,9.25000
6381,1854.910000,400.000000,9.25000
6382,1854.910000,100.000000,9.25000
6383,1855.420000,1000.000000,9.26000
6384,1855.470000,3700.000000,9.26000
6385,1855.600000,100.000000,9.26000
6386,1856.510000,700.000000,9.25000
6387,1856.830000,100.000000,9.25000
6388,1858.100000,600.000000,9.26000
6389,1858.740000,17400.000000,9.26000
6390,1858.740000,1000.000000,9.26000
6391,1858.740000,6700.000000,9.26000
6392,1860.280000,100.000000,9.25000
6393,1861.570000,300.000000,9.26000
6394,1862.430000,100.000000,9.25000
6395,1863.220000,300.000000,9.26000
6396,1863.460000,500.000000,9.26000
6397,1865.770000,100.000000,9.25000
6398,1865.770000,100.000000,9.25000
6399,1867.150000,2100.000000,9.26000
6400,1869.010000,200.000000,9.25000
6401,1869.450000,700.000000,9.25000
6402,1869.450000,2000.000000,9.25000
6403,1869.450000,5000.000000,9.25000
6404,1869.450000,1000.000000,9.25000
6405,1869.450000,10000.000000,9.25000
6406,1869.450000,5800.000000,9.25000
6407,1870.080000,1600.000000,9.25000
6408,1871.710000,100.000000,9.25000
6409,1872.010000,12500.000000,9.25000
6410,1872.010000,2500.000000,9.25000
6411,1872.010000,400.000000,9.25000
6412,1872.010000,5000.000000,9.25000
6413,1872.010000,1600.000000,9.25000
6414,1872.840000,100.000000,9.26000
6415,1874.870000,1100.000000,9.25000
6416,1874.940000,200.000000,9.25000
6417,1874.940000,100.000000,9.25000
6418,1874.940000,1500.000000,9.25000
6419,1875.900000,1700.000000,9.25000
6420,1876.810000,200.000000,9.25000
6421,1877.200000,100.000000,9.25000
6422,1877.360000,12900.000000,9.26000
6423,1878.920000,500.000000,9.25000
6424,1878.920000,800.000000,9.25000
6425,1878.920000,300.000000,9.25000
6426,1881.100000,500.000000,9.25000
6427,1881.100000,100.000000,9.25000
6428,1882.080000,500.000000,9.26000
6429,1882.570000,700.000000,9.25000
6430,1882.570000,100.000000,9.25000
6431,1882.570000,400.000000,9.25000
6432,1882.570000,200.000000,9.25000
6433,1884.280000,600.000000,9.25000
6434,1884.280000,1000.000000,9.25000
6435,1886.120000,200.000000,9.25000
6436,1886.120000,1000.000000,9.25000
6437,1886.120000,1000.000000,9.25000
6438,1886.120000,100.000000,9.25000
6439,1887.250000,900.000000,9.25000
6440,1887.250000,800.000000,9.25000
6441,1887.250000,300.000000,9.25000
6442,1887.250000,800.000000,9.25000
6443,1887.390000,200.000000,9.25000
6444,1887.390000,1000.000000,9.25000
6445,1887.620000,200.000000,9.25000
6446,1888.790000,300.000000,9.25000
6447,1890.330000,5000.000000,9.25000
6448,1890.330000,200.000000,9.25000
6449,1890.330000,100.000000,9.25000
6450,1890.330000,300.000000,9.25000
6451,1890.330000,1900.000000,9.25000
6452,1890.330000,200.000000,9.25000
6453,1890.330000,1000.000000,9.25000
6454,1890.330000,2300.000000,9.25000
6455,1890.330000,500.000000,9.25000
6456,1890.330000,200.000000,9.25000
6457,1890.330000,900.000000,9.25000
6458,1890.330000,2000.000000,9.25000
6459,1890.330000,200.000000,9.25000
6460,1890.330000,300.000000,9.25000
6461,1890.330000,1100.000000,9.25000
6462,1890.330000,300.000000,9.25000
6463,1890.330000,500.000000,9.25000
6464,1890.330000,2500.000000,9.25000
6465,1891.830000,4800.000000,9.26000
6466,1891.830000,2000.000000,9.26000
6467,1891.830000,3600.000000,9.26000
6468,1892.080000,4200.000000,9.26000
6469,1892.080000,800.000000,9.26000
6470,1892.440000,1500.000000,9.25000
6471,1892.590000,1000.000000,9.25000
6472,1892.590000,400.000000,9.25000
6473,1892.590000,600.000000,9.25000
6474,1893.000000,1800.000000,9.25000
6475,1893.000000,3200.000000,9.25000
6476,1894.870000,10400.000000,9.26000
6477,1896.110000,1200.000000,9.25000
6478,1896.310000,100.000000,9.25000
6479,1897.130000,1000.000000,9.25000
6480,1897.320000,2000.000000,9.25000
6481,1898.650000,200.000000,9.25000
6482,1899.130000,1000.000000,9.25000
6483,1904.020000,500.000000,9.26000
6484,1905.230000,100.000000,9.25000
6485,1905.530000,13500.000000,9.25000
6486,1905.530000,400.000000,9.25000
6487,1905.530000,500.000000,9.25000
6488,1905.530000,100.000000,9.25000
6489,1905.530000,100.000000,9.25000
6490,1905.530000,300.000000,9.25000
6491,1905.530000,200.000000,9.25000
6492,1905.530000,1000.000000,9.25000
6493,1905.530000,500.000000,9.25000
6494,1905.530000,1000.000000,9.25000
6495,1905.530000,1000.000000,9.25000
6496,1905.530000,200.000000,9.25000
6497,1905.530000,100.000000,9.25000
6498,1905.530000,400.000000,9.25000
6499,1905.530000,500.000000,9.25000
6500,1905.530000,800.000000,9.25000
6501,1905.530000,300.000000,9.25000
6502,1905.530000,3000.000000,9.25000
6503,1905.530000,6100.000000,9.25000
6504,1906.690000,3100.000000,9.26000
6505,1909.210000,3000.000000,9.25000
6506,1909.690000,15900.000000,9.26000
6507,1909.740000,200.000000,9.25000
6508,1910.210000,5000.000000,9.26000
6509,1910.350000,200.000000,9.26000
6510,1910.680000,200.000000,9.26000
6511,1910.710000,1000.000000,9.25000
6512,1913.190000,3500.000000,9.25000
6513,1915.200000,1000.000000,9.25000
6514,1917.010000,400.000000,9.25000
6515,1917.740000,2500.000000,9.26000
6516,1917.900000,200.000000,9.26000
6517,1920.710000,200.000000,9.25000
6518,1922.940000,500.000000,9.26000
6519,1923.070000,5000.000000,9.26000
6520,1923.740000,100.000000,9.26000
6521,1924.520000,3200.000000,9.26000
6522,1924.740000,2400.000000,9.26000
6523,1927.870000,2200.000000,9.25000
6524,1927.930000,1200.000000,9.26000
6525,1927.930000,9900.000000,9.26000
6526,1929.240000,2100.000000,9.26000
6527,1930.030000,2100.000000,9.26000
6528,1931.710000,100.000000,9.25000
6529,1933.880000,1200.000000,9.25000
6530,1936.970000,5000.000000,9.26000
6531,1937.940000,1000.000000,9.25000
6532,1938.440000,1200.000000,9.26000
6533,1938.440000,1800.000000,9.26000
6534,1942.770000,200.000000,9.25000
6535,1945.030000,200.000000,9.26000
6536,1947.090000,2000.000000,9.25000
6537,1950.390000,1000.000000,9.25000
6538,1950.460000,500.000000,9.26000
6539,1952.130000,1000.000000,9.25000
6540,1953.110000,1400.000000,9.26000
6541,1953.420000,600.000000,9.26000
6542,1953.640000,200.000000,9.25000
6543,1954.170000,2600.000000,9.26000
6544,1955.010000,1300.000000,9.26000
6545,1955.010000,1000.000000,9.26000
6546,1955.010000,2000.000000,9.26000
6547,1955.010000,1000.000000,9.26000
6548,1955.010000,300.000000,9.26000
6549,1955.010000,26000.000000,9.26000
6550,1955.010000,600.000000,9.26000
6551,1955.010000,900.000000,9.26000
6552,1955.010000,20300.000000,9.26000
6553,1955.050000,27400.000000,9.26000
6554,1955.050000,25600.000000,9.26000
6555,1956.040000,200.000000,9.26000
6556,1956.050000,200.000000,9.26000
6557,1956.050000,200.000000,9.26000
6558,1956.060000,200.000000,9.26000
6559,1956.090000,100.000000,9.26000
6560,1956.120000,200.000000,9.26000
6561,1956.120000,500.000000,9.26000
6562,1956.170000,200.000000,9.26000
6563,1956.270000,100.000000,9.26000
6564,1956.310000,100.000000,9.26000
6565,1956.380000,200.000000,9.26000
6566,1957.890000,23400.000000,9.26000
6567,1957.890000,2000.000000,9.26000
6568,1957.890000,1800.000000,9.26000
6569,1957.890000,5000.000000,9.26000
6570,1957.890000,600.000000,9.26000
6571,1957.890000,4500.000000,9.26000
6572,1957.890000,200.000000,9.26000
6573,1957.890000,300.000000,9.26000
6574,1957.890000,13900.000000,9.26000
6575,1958.190000,5000.000000,9.26000
6576,1958.290000,100.000000,9.26000
6577,1959.060000,200.000000,9.26000
6578,1959.310000,100.000000,9.26000
6579,1959.460000,200.000000,9.26000
6580,1959.480000,1200.000000,9.26000
6581,1960.280000,1300.000000,9.26000
6582,1961.200000,800.000000,9.26000
6583,1961.230000,200.000000,9.26000
6584,1961.230000,800.000000,9.26000
6585,1961.230000,700.000000,9.26000
6586,1961.230000,800.000000,9.26000
6587,1961.230000,300.000000,9.26000
6588,1961.230000,300.000000,9.26000
6589,1961.230000,300.000000,9.26000
6590,1961.230000,200.000000,9.26000
6591,1961.230000,300.000000,9.26000
6592,1961.230000,1100.000000,9.26000
6593,1961.430000,1700.000000,9.25000
6594,1962.460000,100.000000,9.26000
6595,1962.500000,200.000000,9.26000
6596,1962.500000,800.000000,9.26000
6597,1964.900000,200.000000,9.25000
6598,1965.080000,400.000000,9.26000
6599,1965.440000,200.000000,9.26000
6600,1965.960000,1500.000000,9.26000
6601,1969.130000,1000.000000,9.26000
6602,1969.310000,2100.000000,9.26000
6603,1971.450000,1000.000000,9.26000
6604,1971.470000,5800.000000,9.26000
6605,1972.810000,1000.000000,9.26000
6606,1974.100000,200.000000,9.26000
6607,1974.150000,2000.000000,9.26000
6608,1974.160000,2900.000000,9.26000
6609,1975.860000,200.000000,9.25000
6610,1977.390000,1100.000000,9.26000
6611,1977.680000,5400.000000,9.26000
6612,1979.070000,1800.000000,9.26000
6613,1979.610000,1600.000000,9.26000
6614,1980.070000,1500.000000,9.26000
6615,1980.170000,10000.000000,9.26000
6616,1980.610000,1000.000000,9.26000
6617,1980.810000,200.000000,9.26000
6618,1982.540000,2000.000000,9.26000
6619,1983.160000,800.000000,9.26000
6620,1983.160000,400.000000,9.26000
6621,1983.410000,500.000000,9.26000
6622,1984.130000,1000.000000,9.26000
6623,1984.360000,20000.000000,9.26000
6624,1984.370000,2800.000000,9.26000
6625,1984.520000,200.000000,9.26000
6626,1985.010000,14600.000000,9.26000
6627,1985.750000,700.000000,9.26000
6628,1985.750000,600.000000,9.26000
6629,1985.750000,1700.000000,9.26000
6630,1986.140000,100.000000,9.26000
6631,1986.820000,200.000000,9.25000
6632,1986.820000,2300.000000,9.25000
6633,1988.010000,500.000000,9.26000
6634,1989.050000,1000.000000,9.26000
6635,1989.080000,100.000000,9.26000
6636,1989.120000,300.000000,9.26000
6637,1990.080000,1000.000000,9.26000
6638,1990.100000,1000.000000,9.26000
6639,1990.200000,300.000000,9.26000
6640,1990.490000,8600.000000,9.26000
6641,1990.490000,1400.000000,9.26000
6642,1990.670000,2700.000000,9.26000
6643,1992.280000,500.000000,9.26000
6644,1992.690000,100.000000,9.26000
6645,1992.840000,200.000000,9.26000
6646,1992.840000,400.000000,9.26000
6647,1992.840000,600.000000,9.26000
6648,1992.840000,2400.000000,9.26000
6649,1993.980000,1500.000000,9.26000
6650,1993.980000,100.000000,9.26000
6651,1993.980000,2300.000000,9.26000
6652,1993.980000,200.000000,9.26000
6653,1993.980000,600.000000,9.26000
6654,1993.980000,11100.000000,9.26000
6655,1993.980000,200.000000,9.26000
6656,1993.980000,400.000000,9.26000
6657,1993.980000,1700.000000,9.26000
6658,1993.980000,1300.000000,9.26000
6659,1994.650000,3200.000000,9.26000
6660,1994.650000,3600.000000,9.26000
6661,1994.650000,600.000000,9.26000
6662,1994.650000,2600.000000,9.26000
6663,1994.660000,1600.000000,9.26000
6664,1995.420000,800.000000,9.26000
6665,1997.040000,200.000000,9.26000
6666,1997.640000,2600.000000,9.26000
6667,1997.740000,1000.000000,9.26000
6668,1997.810000,100.000000,9.25000
6669,1998.110000,1000.000000,9.26000
6670,1998.670000,10200.000000,9.26000
6671,1998.670000,2000.000000,9.26000
6672,1998.670000,7800.000000,9.26000
6673,1998.770000,500.000000,9.26000
6674,1998.860000,100.000000,9.26000
6675,2000.300000,300.000000,9.26000
6676,2000.450000,1000.000000,9.26000
6677,2000.950000,300.000000,9.26000
6678,2000.950000,100.000000,9.26000
6679,2000.950000,16600.000000,9.26000
6680,2001.050000,1000.000000,9.26000
6681,2001.090000,500.000000,9.26000
6682,2001.190000,400.000000,9.26000
6683,2001.690000,100.000000,9.26000
6684,2001.920000,900.000000,9.26000
6685,2002.330000,500.000000,9.26000
6686,2002.330000,500.000000,9.26000
6687,2002.340000,1900.000000,9.26000
6688,2002.340000,1100.000000,9.26000
6689,2002.910000,1300.000000,9.26000
6690,2002.910000,5000.000000,9.26000
6691,2002.910000,1400.000000,9.26000
6692,2002.910000,2400.000000,9.26000
6693,2004.240000,100.000000,9.26000
6694,2004.320000,500.000000,9.26000
6695,2004.840000,2300.000000,9.25000
6696,2005.410000,600.000000,9.26000
6697,2005.410000,1000.000000,9.26000
6698,2006.710000,1000.000000,9.26000
6699,2006.830000,1000.000000,9.26000
6700,2007.170000,100.000000,9.26000
6701,2008.590000,200.000000,9.25000
6702,2008.930000,10500.000000,9.26000
6703,2009.540000,4900.000000,9.26000
6704,2009.540000,100.000000,9.26000
6705,2009.940000,800.000000,9.26000
6706,2011.050000,100.000000,9.26000
6707,2011.830000,10000.000000,9.26000
6708,2011.840000,100.000000,9.26000
6709,2012.230000,10000.000000,9.26000
6710,2012.870000,500.000000,9.26000
6711,2013.530000,200.000000,9.26000
6712,2013.640000,500.000000,9.26000
6713,2014.880000,900.000000,9.26000
6714,2014.990000,200.000000,9.26000
6715,2015.640000,2200.000000,9.26000
6716,2016.080000,100.000000,9.26000
6717,2016.190000,100.000000,9.26000
6718,2016.280000,200.000000,9.26000
6719,2016.300000,1000.000000,9.26000
6720,2017.480000,200.000000,9.26000
6721,2017.600000,200.000000,9.26000
6722,2018.830000,500.000000,9.26000
6723,2019.050000,200.000000,9.26000
6724,2019.350000,2000.000000,9.26000
6725,2020.060000,3000.000000,9.26000
6726,2020.620000,100.000000,9.26000
6727,2021.510000,300.000000,9.26000
6728,2021.810000,1000.000000,9.26000
6729,2022.290000,3900.000000,9.26000
6730,2022.420000,1000.000000,9.26000
6731,2022.550000,1100.000000,9.26000
6732,2023.640000,100.000000,9.26000
6733,2023.660000,2000.000000,9.26000
6734,2023.670000,3300.000000,9.26000
6735,2023.670000,700.000000,9.26000
6736,2023.720000,5000.000000,9.26000
6737,2024.980000,4300.000000,9.26000
6738,2024.980000,1500.000000,9.26000
6739,2025.060000,2200.000000,9.26000
6740,2025.060000,400.000000,9.26000
6741,2025.060000,12400.000000,9.26000
6742,2025.590000,5000.000000,9.26000
6743,2026.180000,400.000000,9.26000
6744,2026.800000,400.000000,9.26000
6745,2027.120000,3900.000000,9.26000
6746,2027.190000,600.000000,9.26000
6747,2027.860000,1000.000000,9.26000
6748,2027.980000,5000.000000,9.26000
6749,2028.620000,5000.000000,9.26000
6750,2030.970000,2100.000000,9.26000
6751,2032.470000,900.000000,9.26000
6752,2032.560000,300.000000,9.26000
6753,2032.960000,8300.000000,9.26000
6754,2034.170000,100.000000,9.26000
6755,2034.360000,200.000000,9.26000
6756,2034.370000,300.000000,9.26000
6757,2034.700000,500.000000,9.26000
6758,2034.720000,1000.000000,9.26000
6759,2034.850000,2600.000000,9.26000
6760,2034.850000,2000.000000,9.26000
6761,2034.850000,400.000000,9.26000
6762,2034.920000,100.000000,9.26000
6763,2034.950000,500.000000,9.26000
6764,2034.950000,500.000000,9.26000
6765,2034.950000,200.000000,9.26000
6766,2034.950000,200.000000,9.26000
6767,2035.090000,800.000000,9.26000
6768,2035.090000,300.000000,9.26000
6769,2035.750000,2000.000000,9.26000
6770,2035.750000,100.000000,9.26000
6771,2035.750000,1000.000000,9.26000
6772,2035.750000,500.000000,9.26000
6773,2035.750000,6400.000000,9.26000
6774,2035.790000,1500.000000,9.26000
6775,2036.010000,200.000000,9.26000
6776,2036.310000,1300.000000,9.26000
6777,2036.360000,5000.000000,9.26000
6778,2036.610000,200.000000,9.26000
6779,2036.970000,3000.000000,9.26000
6780,2037.110000,1300.000000,9.26000
6781,2037.210000,2000.000000,9.26000
6782,2037.330000,200.000000,9.26000
6783,2037.610000,500.000000,9.26000
6784,2038.360000,1100.000000,9.26000
6785,2038.530000,100.000000,9.26000
6786,2038.800000,600.000000,9.26000
6787,2039.820000,1000.000000,9.26000
6788,2040.120000,3900.000000,9.26000
6789,2040.120000,1000.000000,9.26000
6790,2040.120000,3100.000000,9.26000
6791,2040.120000,3100.000000,9.26000
6792,2040.120000,2100.000000,9.26000
6793,2040.120000,3000.000000,9.26000
6794,2040.120000,20000.000000,9.26000
6795,2040.120000,300.000000,9.26000
6796,2040.120000,200.000000,9.26000
6797,2040.120000,200.000000,9.26000
6798,2040.120000,1000.000000,9.26000
6799,2041.850000,2000.000000,9.27000
6800,2041.880000,500.000000,9.27000
6801,2043.100000,100.000000,9.27000
6802,2044.200000,1900.000000,9.27000
6803,2046.690000,500.000000,9.27000
6804,2046.690000,400.000000,9.27000
6805,2046.690000,9100.000000,9.27000
6806,2047.630000,800.000000,9.27000
6807,2048.000000,100.000000,9.27000
6808,2048.000000,1600.000000,9.27000
6809,2048.170000,2300.000000,9.27000
6810,2048.390000,1000.000000,9.27000
6811,2048.550000,500.000000,9.27000
6812,2048.660000,100.000000,9.27000
6813,2049.390000,100.000000,9.27000
6814,2050.370000,10000.000000,9.27000
6815,2050.790000,6700.000000,9.27000
6816,2051.230000,23000.000000,9.27000
6817,2052.450000,4500.000000,9.27000
6818,2052.790000,200.000000,9.26000
6819,2053.630000,700.000000,9.27000
6820,2053.830000,1700.000000,9.27000
6821,2054.010000,300.000000,9.27000
6822,2054.180000,13900.000000,9.27000
6823,2055.330000,600.000000,9.27000
6824,2055.540000,100000.000000,9.27000
6825,2057.050000,2100.000000,9.27000
6826,2057.270000,100.000000,9.27000
6827,2058.210000,2800.000000,9.27000
6828,2058.290000,1000.000000,9.27000
6829,2059.580000,39200.000000,9.27000
6830,2061.160000,1100.000000,9.27000
6831,2062.770000,3800.000000,9.27000
6832,2062.770000,1200.000000,9.27000
6833,2063.030000,2200.000000,9.27000
6834,2063.280000,3500.000000,9.27000
6835,2063.450000,2000.000000,9.27000
6836,2063.700000,200.000000,9.26000
6837,2064.640000,100.000000,9.27000
6838,2064.940000,500.000000,9.27000
6839,2065.840000,2000.000000,9.27000
6840,2068.730000,300.000000,9.27000
6841,2069.140000,3900.000000,9.27000
6842,2070.410000,11500.000000,9.27000
6843,2070.410000,27100.000000,9.27000
6844,2070.410000,27200.000000,9.27000
6845,2070.410000,27500.000000,9.27000
6846,2070.410000,2000.000000,9.27000
6847,2070.410000,11400.000000,9.27000
6848,2070.410000,29800.000000,9.27000
6849,2070.410000,300.000000,9.27000
6850,2070.410000,22800.000000,9.27000
6851,2070.410000,300.000000,9.27000
6852,2070.410000,1500.000000,9.27000
6853,2070.410000,5700.000000,9.27000
6854,2070.410000,6900.000000,9.27000
6855,2070.410000,6900.000000,9.27000
6856,2070.410000,1500.000000,9.27000
6857,2070.410000,3000.000000,9.27000
6858,2070.410000,2400.000000,9.27000
6859,2070.410000,12200.000000,9.27000
6860,2070.590000,600.000000,9.27000
6861,2071.420000,2100.000000,9.27000
6862,2073.090000,100.000000,9.27000
6863,2073.810000,400.000000,9.27000
6864,2074.550000,31700.000000,9.27000
6865,2074.550000,10800.000000,9.27000
6866,2074.550000,29900.000000,9.27000
6867,2074.550000,500.000000,9.27000
6868,2074.550000,6000.000000,9.27000
6869,2074.550000,600.000000,9.27000
6870,2074.590000,200.000000,9.26000
6871,2075.480000,600.000000,9.27000
6872,2075.480000,400.000000,9.27000
6873,2075.610000,800.000000,9.27000
6874,2075.610000,200.000000,9.27000
6875,2076.710000,300.000000,9.27000
6876,2077.150000,10300.000000,9.27000
6877,2077.150000,11200.000000,9.27000
6878,2077.240000,400.000000,9.27000
6879,2077.650000,100.000000,9.27000
6880,2078.970000,1000.000000,9.27000
6881,2080.900000,8600.000000,9.27000
6882,2080.970000,400.000000,9.27000
6883,2082.320000,5000.000000,9.27000
6884,2084.120000,700.000000,9.27000
6885,2085.040000,100.000000,9.26000
6886,2085.700000,200.000000,9.26000
6887,2086.580000,300.000000,9.27000
6888,2086.580000,800.000000,9.27000
6889,2089.520000,600.000000,9.27000
6890,2089.580000,100.000000,9.27000
6891,2093.180000,700.000000,9.27000
6892,2094.080000,100.000000,9.27000
6893,2095.030000,1000.000000,9.27000
6894,2095.830000,10300.000000,9.27000
6895,2096.040000,4700.000000,9.27000
6896,2096.660000,100.000000,9.26000
6897,2096.740000,1000.000000,9.27000
6898,2097.720000,1000.000000,9.27000
6899,2097.950000,1500.000000,9.27000
6900,2099.050000,4700.000000,9.27000
6901,2099.470000,200.000000,9.27000
6902,2099.500000,500.000000,9.27000
6903,2099.910000,2200.000000,9.27000
6904,2100.310000,10300.000000,9.27000
6905,2100.500000,6600.000000,9.27000
6906,2101.610000,1800.000000,9.27000
6907,2102.090000,1000.000000,9.27000
6908,2102.260000,2000.000000,9.27000
6909,2105.110000,1000.000000,9.27000
6910,2105.350000,2200.000000,9.27000
6911,2105.910000,100.000000,9.27000
6912,2107.330000,1500.000000,9.27000
6913,2107.340000,1300.000000,9.27000
6914,2107.800000,200.000000,9.26000
6915,2108.050000,600.000000,9.26000
6916,2109.260000,28.000000,9.26000
6917,2114.500000,200.000000,9.27000
6918,2114.800000,2700.000000,9.27000
6919,2117.010000,20000.000000,9.27000
6920,2117.890000,3000.000000,9.27000
6921,2118.880000,200.000000,9.26000
6922,2120.760000,1000.000000,9.27000
6923,2121.270000,1800.000000,9.27000
6924,2121.410000,2500.000000,9.26000
6925,2122.170000,22300.000000,9.27000
6926,2122.170000,2000.000000,9.27000
6927,2122.170000,10000.000000,9.27000
6928,2122.170000,65700.000000,9.27000
6929,2123.240000,900.000000,9.27000
6930,2123.370000,1800.000000,9.26000
6931,2124.720000,500.000000,9.27000
6932,2125.590000,200.000000,9.27000
6933,2127.150000,600.000000,9.27000
6934,2128.170000,1600.000000,9.27000
6935,2129.700000,200.000000,9.26000
6936,2131.970000,700.000000,9.27000
6937,2134.600000,2300.000000,9.27000
6938,2135.130000,3400.000000,9.27000
6939,2135.200000,2000.000000,9.27000
6940,2135.660000,3700.000000,9.27000
6941,2136.010000,500.000000,9.27000
6942,2136.490000,700.000000,9.27000
6943,2136.490000,2800.000000,9.27000
6944,2136.490000,200.000000,9.27000
6945,2137.030000,600.000000,9.26000
6946,2137.790000,1000.000000,9.27000
6947,2138.610000,5000.000000,9.27000
6948,2138.980000,3700.000000,9.27000
6949,2139.760000,2000.000000,9.27000
6950,2140.330000,500.000000,9.27000
6951,2141.760000,1500.000000,9.27000
6952,2141.900000,1100.000000,9.27000
6953,2142.180000,3000.000000,9.27000
6954,2143.390000,800.000000,9.27000
6955,2148.790000,900.000000,9.27000
6956,2150.470000,2000.000000,9.27000
6957,2152.170000,3000.000000,9.27000
6958,2152.330000,100.000000,9.27000
6959,2152.530000,5100.000000,9.27000
6960,2152.530000,300.000000,9.27000
6961,2152.530000,500.000000,9.27000
6962,2152.530000,3800.000000,9.27000
6963,2152.530000,26800.000000,9.27000
6964,2154.330000,600.000000,9.27000
6965,2154.330000,500.000000,9.27000
6966,2154.330000,700.000000,9.27000
6967,2155.160000,300.000000,9.27000
6968,2155.160000,2300.000000,9.27000
6969,2155.710000,5000.000000,9.26000
6970,2155.870000,5000.000000,9.27000
6971,2162.630000,75500.000000,9.27000
6972,2162.630000,500.000000,9.27000
6973,2162.630000,100.000000,9.27000
6974,2162.630000,1100.000000,9.27000
6975,2162.630000,2000.000000,9.27000
6976,2162.630000,3100.000000,9.27000
6977,2162.630000,700.000000,9.27000
6978,2162.630000,500.000000,9.27000
6979,2162.630000,2700.000000,9.27000
6980,2162.630000,2200.000000,9.27000
6981,2162.630000,1000.000000,9.27000
6982,2162.630000,200.000000,9.27000
6983,2162.630000,6100.000000,9.27000
6984,2162.630000,4300.000000,9.27000
6985,2163.140000,300.000000,9.27000
6986,2163.340000,100.000000,9.27000
6987,2164.290000,300.000000,9.27000
6988,2164.290000,500.000000,9.27000
6989,2164.290000,200.000000,9.27000
6990,2167.030000,600.000000,9.26000
6991,2167.360000,1000.000000,9.27000
6992,2167.560000,500.000000,9.27000
6993,2167.560000,100.000000,9.27000
6994,2167.560000,1000.000000,9.27000
6995,2167.560000,200.000000,9.27000
6996,2168.440000,1100.000000,9.27000
6997,2172.310000,100.000000,9.27000
6998,2173.900000,200.000000,9.26000
6999,2174.190000,1700.000000,9.27000
7000,2174.190000,300.000000,9.27000
7001,2176.440000,2800.000000,9.27000
7002,2176.440000,200.000000,9.27000
7003,2181.090000,300.000000,9.27000
7004,2181.090000,1300.000000,9.27000
7005,2183.840000,1000.000000,9.27000
7006,2184.630000,200.000000,9.26000
7007,2185.200000,7700.000000,9.27000
7008,2185.200000,1700.000000,9.27000
7009,2185.200000,100.000000,9.27000
7010,2185.200000,500.000000,9.27000
7011,2185.200000,200.000000,9.27000
7012,2185.200000,100.000000,9.27000
7013,2185.200000,2300.000000,9.27000
7014,2185.200000,200.000000,9.27000
7015,2185.200000,200.000000,9.27000
7016,2185.200000,3100.000000,9.27000
7017,2185.200000,1700.000000,9.27000
7018,2185.200000,1300.000000,9.27000
7019,2185.200000,1200.000000,9.27000
7020,2185.200000,2400.000000,9.27000
7021,2185.200000,2600.000000,9.27000
7022,2185.200000,1100.000000,9.27000
7023,2185.200000,5300.000000,9.27000
7024,2185.280000,500.000000,9.28000
7025,2187.160000,700.000000,9.28000
7026,2191.380000,200.000000,9.28000
7027,2191.920000,1000.000000,9.27000
7028,2192.870000,2400.000000,9.27000
7029,2193.340000,1100.000000,9.27000
7030,2193.430000,200.000000,9.28000
7031,2194.270000,7400.000000,9.28000
7032,2194.330000,10800.000000,9.27000
7033,2195.250000,1300.000000,9.27000
7034,2195.640000,200.000000,9.27000
7035,2197.260000,100.000000,9.27000
7036,2197.440000,1100.000000,9.27000
7037,2197.520000,30000.000000,9.27000
7038,2197.810000,4960.000000,9.28000
7039,2197.810000,1500.000000,9.28000
7040,2197.810000,100.000000,9.28000
7041,2197.810000,5300.000000,9.28000
7042,2197.810000,600.000000,9.28000
7043,2197.810000,500.000000,9.28000
7044,2197.810000,15000.000000,9.28000
7045,2197.810000,50300.000000,9.28000
7046,2197.810000,400.000000,9.28000
7047,2197.810000,100.000000,9.28000
7048,2197.810000,1000.000000,9.28000
7049,2197.810000,1100.000000,9.28000
7050,2197.810000,1800.000000,9.28000
7051,2197.810000,18800.000000,9.28000
7052,2197.810000,20000.000000,9.28000
7053,2197.810000,3000.000000,9.28000
7054,2197.810000,15800.000000,9.28000
7055,2197.810000,2000.000000,9.28000
7056,2197.810000,49900.000000,9.28000
7057,2197.810000,29300.000000,9.28000
7058,2197.810000,9999.000000,9.28000
7059,2197.810000,19800.000000,9.28000
7060,2197.810000,3300.000000,9.28000
7061,2197.810000,800.000000,9.28000
7062,2197.810000,1000.000000,9.28000
7063,2197.810000,900.000000,9.28000
7064,2197.810000,6900.000000,9.28000
7065,2197.810000,7100.000000,9.28000
7066,2197.810000,7100.000000,9.28000
7067,2197.810000,2400.000000,9.28000
7068,2197.810000,6199.000000,9.28000
7069,2197.810000,6500.000000,9.28000
7070,2197.810000,6542.000000,9.28000
7071,2198.310000,100.000000,9.28000
7072,2198.620000,100.000000,9.27000
7073,2199.350000,1458.000000,9.28000
7074,2199.350000,43842.000000,9.28000
7075,2199.570000,500.000000,9.28000
7076,2201.890000,1000.000000,9.28000
7077,2202.090000,1500.000000,9.28000
7078,2202.230000,100.000000,9.28000
7079,2202.380000,1500.000000,9.27000
7080,2202.580000,10700.000000,9.28000
7081,2205.090000,10700.000000,9.28000
7082,2205.240000,26658.000000,9.28000
7083,2205.240000,1000.000000,9.28000
7084,2205.240000,7300.000000,9.28000
7085,2205.240000,7300.000000,9.28000
7086,2205.240000,3042.000000,9.28000
7087,2205.600000,1200.000000,9.28000
7088,2206.710000,200.000000,9.27000
7089,2207.900000,1000.000000,9.28000
7090,2213.140000,100.000000,9.28000
7091,2214.540000,300.000000,9.28000
7092,2217.750000,100.000000,9.27000
7093,2218.910000,100.000000,9.27000
7094,2220.780000,1000.000000,9.28000
7095,2220.990000,658.000000,9.28000
7096,2220.990000,542.000000,9.28000
7097,2222.790000,2600.000000,9.27000
7098,2223.630000,4100.000000,9.28000
7099,2225.960000,2300.000000,9.28000
7100,2228.620000,358.000000,9.28000
7101,2228.620000,442.000000,9.28000
7102,2228.860000,200.000000,9.27000
7103,2231.610000,3658.000000,9.28000
7104,2231.610000,100.000000,9.28000
7105,2231.610000,10000.000000,9.28000
7106,2231.610000,742.000000,9.28000
7107,2237.240000,1000.000000,9.28000
7108,2237.540000,2500.000000,9.27000
7109,2239.730000,200.000000,9.27000
7110,2239.830000,8258.000000,9.28000
7111,2239.830000,3900.000000,9.28000
7112,2239.830000,400.000000,9.28000
7113,2239.830000,7442.000000,9.28000
7114,2243.060000,10700.000000,9.27000
7115,2243.060000,1400.000000,9.27000
7116,2243.060000,100.000000,9.27000
7117,2243.060000,6372.000000,9.27000
7118,2243.060000,1000.000000,9.27000
7119,2243.060000,1800.000000,9.27000
7120,2243.060000,800.000000,9.27000
7121,2243.060000,4828.000000,9.27000
7122,2243.830000,1700.000000,9.28000
7123,2243.840000,858.000000,9.28000
7124,2243.840000,10000.000000,9.28000
7125,2243.840000,2300.000000,9.28000
7126,2243.840000,1342.000000,9.28000
7127,2244.590000,500.000000,9.28000
7128,2249.710000,1000.000000,9.28000
7129,2251.760000,200.000000,9.27000
7130,2252.250000,1858.000000,9.28000
7131,2252.250000,3142.000000,9.28000
7132,2256.600000,500.000000,9.28000
7133,2257.020000,700.000000,9.27000
7134,2257.130000,100.000000,9.28000
7135,2257.300000,700.000000,9.27000
7136,2262.840000,200.000000,9.27000
7137,2263.450000,2058.000000,9.28000
7138,2263.450000,442.000000,9.28000
7139,2265.550000,300.000000,9.27000
7140,2265.790000,100.000000,9.27000
7141,2268.250000,100.000000,9.27000
7142,2268.530000,200.000000,9.27000
7143,2271.890000,3000.000000,9.27000
7144,2272.520000,14558.000000,9.28000
7145,2272.520000,5442.000000,9.28000
7146,2273.240000,4300.000000,9.28000
7147,2273.410000,2300.000000,9.27000
7148,2273.800000,200.000000,9.27000
7149,2277.240000,200.000000,9.27000
7150,2280.630000,100.000000,9.27000
7151,2281.610000,2400.000000,9.27000
7152,2281.780000,800.000000,9.27000
7153,2282.990000,6500.000000,9.28000
7154,2284.370000,5400.000000,9.27000
7155,2284.750000,200.000000,9.27000
7156,2288.900000,9558.000000,9.28000
7157,2288.900000,7800.000000,9.28000
7158,2288.900000,4700.000000,9.28000
7159,2288.900000,7800.000000,9.28000
7160,2288.900000,3000.000000,9.28000
7161,2288.900000,7800.000000,9.28000
7162,2288.900000,7800.000000,9.28000
7163,2288.900000,33600.000000,9.28000
7164,2288.900000,16800.000000,9.28000
7165,2288.900000,4700.000000,9.28000
7166,2288.900000,7800.000000,9.28000
7167,2288.900000,7800.000000,9.28000
7168,2288.900000,2200.000000,9.28000
7169,2288.900000,28642.000000,9.28000
7170,2289.280000,1600.000000,9.28000
7171,2291.330000,1000.000000,9.28000
7172,2291.840000,3372.000000,9.27000
7173,2291.840000,1000.000000,9.27000
7174,2291.840000,1400.000000,9.27000
7175,2291.840000,3900.000000,9.27000
7176,2291.840000,100.000000,9.27000
7177,2291.840000,3900.000000,9.27000
7178,2291.840000,600.000000,9.27000
7179,2291.840000,1000.000000,9.27000
7180,2291.840000,1000.000000,9.27000
7181,2292.040000,900.000000,9.26000
7182,2294.230000,1000.000000,9.27000
7183,2294.690000,300.000000,9.27000
7184,2296.250000,700.000000,9.27000
7185,2305.430000,1300.000000,9.27000
7186,2306.970000,428.000000,9.27000
7187,2306.970000,100.000000,9.27000
7188,2306.970000,200.000000,9.27000
7189,2311.240000,500.000000,9.28000
7190,2311.450000,400.000000,9.28000
7191,2312.300000,2300.000000,9.27000
7192,2313.040000,900.000000,9.27000
7193,2315.390000,1458.000000,9.28000
7194,2315.390000,4700.000000,9.28000
7195,2315.390000,13842.000000,9.28000
7196,2315.430000,200.000000,9.27000
7197,2315.770000,1158.000000,9.28000
7198,2315.770000,1000.000000,9.28000
7199,2315.770000,842.000000,9.28000
7200,2317.790000,200.000000,9.27000
7201,2319.320000,900.000000,9.28000
7202,2321.640000,458.000000,9.28000
7203,2321.640000,1642.000000,9.28000
7204,2324.420000,1000.000000,9.28000
7205,2328.850000,200.000000,9.27000
7206,2331.420000,2400.000000,9.27000
7207,2332.910000,100.000000,9.27000
7208,2333.540000,300.000000,9.28000
7209,2334.610000,400.000000,9.28000
7210,2334.980000,5000.000000,9.28000
7211,2339.730000,200.000000,9.27000
7212,2339.870000,1658.000000,9.28000
7213,2339.870000,16800.000000,9.28000
7214,2339.870000,10242.000000,9.28000
7215,2346.090000,100.000000,9.27000
7216,2346.310000,500.000000,9.28000
7217,2349.650000,1400.000000,9.28000
7218,2350.660000,200.000000,9.28000
7219,2350.760000,100.000000,9.27000
7220,2351.080000,600.000000,9.27000
7221,2352.130000,400.000000,9.28000
7222,2353.850000,2200.000000,9.28000
7223,2354.170000,200.000000,9.28000
7224,2356.340000,100.000000,9.28000
7225,2357.120000,500.000000,9.28000
7226,2359.380000,3620.000000,9.27000
7227,2359.580000,1300.000000,9.27000
7228,2360.330000,2100.000000,9.28000
7229,2361.740000,200.000000,9.27000
7230,2364.420000,3700.000000,9.28000
7231,2364.900000,100.000000,9.27000
7232,2365.360000,3200.000000,9.28000
7233,2367.310000,100.000000,9.28000
7234,2368.000000,958.000000,9.28000
7235,2368.000000,1000.000000,9.28000
7236,2368.000000,1700.000000,9.28000
7237,2368.000000,42.000000,9.28000
7238,2372.630000,200.000000,9.27000
7239,2373.050000,1052.000000,9.27000
7240,2373.050000,5000.000000,9.27000
7241,2373.050000,3400.000000,9.27000
7242,2373.050000,3000.000000,9.27000
7243,2373.050000,1600.000000,9.27000
7244,2373.050000,200.000000,9.27000
7245,2373.050000,4448.000000,9.27000
7246,2373.110000,100.000000,9.28000
7247,2373.210000,500.000000,9.28000
7248,2374.410000,5400.000000,9.27000
7249,2374.540000,2500.000000,9.27000
7250,2376.650000,500.000000,9.27000
7251,2376.720000,300.000000,9.28000
7252,2378.760000,1000.000000,9.27000
7253,2381.270000,2400.000000,9.28000
7254,2383.690000,200.000000,9.27000
7255,2386.960000,452.000000,9.27000
7256,2386.960000,1548.000000,9.27000
7257,2387.070000,3000.000000,9.27000
7258,2387.870000,3100.000000,9.27000
7259,2389.770000,300.000000,9.28000
7260,2390.550000,1358.000000,9.28000
7261,2390.550000,400.000000,9.28000
7262,2390.550000,342.000000,9.28000
7263,2394.810000,200.000000,9.27000
7264,2401.920000,200.000000,9.28000
7265,2402.420000,500.000000,9.27000
7266,2402.740000,3000.000000,9.28000
7267,2404.410000,5400.000000,9.27000
7268,2404.740000,500.000000,9.28000
7269,2405.850000,100.000000,9.27000
7270,2406.260000,200.000000,9.28000
7271,2407.990000,100.000000,9.27000
7272,2409.450000,600.000000,9.27000
7273,2410.030000,5452.000000,9.27000
7274,2410.030000,800.000000,9.27000
7275,2410.030000,14500.000000,9.27000
7276,2410.030000,200.000000,9.27000
7277,2410.030000,4448.000000,9.27000
7278,2411.690000,100.000000,9.27000
7279,2411.720000,15452.000000,9.27000
7280,2411.720000,1000.000000,9.27000
7281,2411.720000,800.000000,9.27000
7282,2411.720000,1000.000000,9.27000
7283,2411.720000,300.000000,9.27000
7284,2411.720000,16448.000000,9.27000
7285,2412.210000,700.000000,9.28000
7286,2412.580000,400.000000,9.27000
7287,2414.160000,58.000000,9.28000
7288,2414.160000,700.000000,9.28000
7289,2414.160000,7142.000000,9.28000
7290,2415.910000,3152.000000,9.27000
7291,2415.910000,1848.000000,9.27000
7292,2416.540000,2858.000000,9.28000
7293,2416.540000,2542.000000,9.28000
7294,2416.790000,200.000000,9.27000
7295,2417.590000,2000.000000,9.27000
7296,2420.960000,2100.000000,9.28000
7297,2421.050000,952.000000,9.27000
7298,2421.050000,14500.000000,9.27000
7299,2421.050000,1500.000000,9.27000
7300,2421.050000,1000.000000,9.27000
7301,2421.050000,500.000000,9.27000
7302,2421.050000,19900.000000,9.27000
7303,2421.050000,10000.000000,9.27000
7304,2421.050000,100.000000,9.27000
7305,2421.050000,500.000000,9.27000
7306,2421.050000,4000.000000,9.27000
7307,2421.050000,100.000000,9.27000
7308,2427.640000,200.000000,9.26000
7309,2429.620000,5400.000000,9.26000
7310,2432.980000,100.000000,9.27000
7311,2434.430000,5400.000000,9.26000
7312,2434.560000,3600.000000,9.26000
7313,2435.320000,200.000000,9.27000
7314,2435.410000,1800.000000,9.27000
7315,2435.520000,1000.000000,9.27000
7316,2438.820000,200.000000,9.26000
7317,2439.740000,1900.000000,9.26000
7318,2439.820000,100.000000,9.27000
7319,2439.840000,2500.000000,9.26000
7320,2439.920000,1000.000000,9.27000
7321,2449.710000,200.000000,9.26000
7322,2450.590000,100.000000,9.27000
7323,2450.890000,100.000000,9.27000
7324,2453.510000,2548.000000,9.27000
7325,2453.510000,2152.000000,9.27000
7326,2454.820000,848.000000,9.27000
7327,2454.820000,200.000000,9.27000
7328,2454.820000,600.000000,9.27000
7329,2454.820000,200.000000,9.27000
7330,2454.820000,1852.000000,9.27000
7331,2459.560000,148.000000,9.27000
7332,2459.560000,2700.000000,9.27000
7333,2459.560000,100.000000,9.27000
7334,2459.560000,752.000000,9.27000
7335,2459.780000,100.000000,9.27000
7336,2460.670000,1848.000000,9.27000
7337,2460.670000,152.000000,9.27000
7338,2460.780000,100.000000,9.26000
7339,2460.840000,100.000000,9.27000
7340,2465.630000,600.000000,9.26000
7341,2466.500000,2400.000000,9.27000
7342,2467.040000,100.000000,9.26000
7343,2470.010000,7348.000000,9.27000
7344,2470.010000,20.000000,9.27000
7345,2470.010000,832.000000,9.27000
7346,2471.800000,200.000000,9.26000
7347,2473.840000,1000.000000,9.26000
7348,2474.810000,1400.000000,9.27000
7349,2475.590000,100.000000,9.26000
7350,2476.240000,400.000000,9.27000
7351,2476.490000,1900.000000,9.27000
7352,2477.540000,2500.000000,9.26000
7353,2477.690000,468.000000,9.27000
7354,2477.690000,500.000000,9.27000
7355,2477.690000,832.000000,9.27000
7356,2478.150000,1000.000000,9.27000
7357,2480.490000,1668.000000,9.27000
7358,2480.490000,532.000000,9.27000
7359,2482.690000,200.000000,9.26000
7360,2482.860000,200.000000,9.26000
7361,2484.120000,10000.000000,9.26000
7362,2485.060000,31600.000000,9.26000
7363,2489.740000,400.000000,9.26000
7364,2489.910000,2600.000000,9.26000
7365,2490.720000,100.000000,9.26000
7366,2491.240000,5000.000000,9.26000
7367,2491.870000,20000.000000,9.26000
7368,2492.490000,20000.000000,9.26000
7369,2493.670000,200.000000,9.26000
7370,2494.090000,100.000000,9.26000
7371,2495.660000,100.000000,9.26000
7372,2495.700000,1000.000000,9.26000
7373,2495.740000,32572.000000,9.26000
7374,2495.740000,10000.000000,9.26000
7375,2495.740000,1400.000000,9.26000
7376,2495.740000,1000.000000,9.26000
7377,2495.740000,28.000000,9.26000
7378,2495.750000,72.000000,9.26000
7379,2495.750000,500.000000,9.26000
7380,2495.750000,200.000000,9.26000
7381,2495.750000,3900.000000,9.26000
7382,2495.750000,1500.000000,9.26000
7383,2495.750000,100.000000,9.26000
7384,2495.750000,2000.000000,9.26000
7385,2495.750000,2000.000000,9.26000
7386,2495.750000,2100.000000,9.26000
7387,2495.750000,21328.000000,9.26000
7388,2496.960000,3400.000000,9.26000
7389,2497.080000,2400.000000,9.26000
7390,2501.390000,10100.000000,9.26000
7391,2501.410000,2400.000000,9.26000
7392,2501.570000,2100.000000,9.26000
7393,2502.190000,400.000000,9.26000
7394,2503.610000,3000.000000,9.26000
7395,2503.890000,300.000000,9.27000
7396,2504.030000,4700.000000,9.26000
7397,2504.700000,100.000000,9.26000
7398,2504.850000,100.000000,9.26000
7399,2505.110000,100.000000,9.26000
7400,2505.150000,15000.000000,9.26000
7401,2505.150000,10000.000000,9.26000
7402,2505.190000,100.000000,9.26000
7403,2505.990000,200.000000,9.26000
7404,2506.650000,1700.000000,9.26000
7405,2507.820000,35800.000000,9.26000
7406,2507.850000,100.000000,9.26000
7407,2507.890000,86972.000000,9.26000
7408,2507.890000,600.000000,9.26000
7409,2507.890000,200.000000,9.26000
7410,2507.890000,2000.000000,9.26000
7411,2507.890000,500.000000,9.26000
7412,2507.890000,2000.000000,9.26000
7413,2507.890000,1000.000000,9.26000
7414,2507.890000,5300.000000,9.26000
7415,2507.890000,1000.000000,9.26000
7416,2507.890000,5000.000000,9.26000
7417,2507.890000,1000.000000,9.26000
7418,2507.890000,20000.000000,9.26000
7419,2507.890000,1000.000000,9.26000
7420,2507.890000,1000.000000,9.26000
7421,2507.890000,2000.000000,9.26000
7422,2507.890000,400.000000,9.26000
7423,2507.890000,44500.000000,9.26000
7424,2507.890000,5000.000000,9.26000
7425,2507.890000,600.000000,9.26000
7426,2507.890000,1100.000000,9.26000
7427,2507.890000,200.000000,9.26000
7428,2507.890000,5000.000000,9.26000
7429,2507.890000,1000.000000,9.26000
7430,2507.890000,1800.000000,9.26000
7431,2507.890000,1000.000000,9.26000
7432,2507.890000,2000.000000,9.26000
7433,2507.890000,1000.000000,9.26000
7434,2507.890000,100.000000,9.26000
7435,2507.890000,17000.000000,9.26000
7436,2507.890000,4000.000000,9.26000
7437,2507.890000,1000.000000,9.26000
7438,2507.890000,19200.000000,9.26000
7439,2507.890000,1000.000000,9.26000
7440,2507.890000,1100.000000,9.26000
7441,2507.890000,900.000000,9.26000
7442,2507.890000,1000.000000,9.26000
7443,2507.890000,1000.000000,9.26000
7444,2507.890000,100.000000,9.26000
7445,2507.890000,5000.000000,9.26000
7446,2507.890000,100.000000,9.26000
7447,2507.890000,1000.000000,9.26000
7448,2507.890000,400.000000,9.26000
7449,2507.890000,1000.000000,9.26000
7450,2507.890000,200.000000,9.26000
7451,2507.890000,1100.000000,9.26000
7452,2507.890000,700.000000,9.26000
7453,2507.890000,500.000000,9.26000
7454,2507.890000,1400.000000,9.26000
7455,2507.890000,200.000000,9.26000
7456,2507.890000,700.000000,9.26000
7457,2507.890000,5800.000000,9.26000
7458,2507.890000,600.000000,9.26000
7459,2507.890000,5000.000000,9.26000
7460,2507.890000,1000.000000,9.26000
7461,2507.890000,2000.000000,9.26000
7462,2507.890000,100.000000,9.26000
7463,2507.890000,1800.000000,9.26000
7464,2507.890000,100.000000,9.26000
7465,2507.890000,18500.000000,9.25000
7466,2507.890000,1000.000000,9.25000
7467,2507.890000,1000.000000,9.25000
7468,2507.890000,4800.000000,9.25000
7469,2507.890000,200.000000,9.25000
7470,2507.890000,1100.000000,9.25000
7471,2507.890000,1100.000000,9.25000
7472,2507.890000,100.000000,9.25000
7473,2507.890000,1100.000000,9.25000
7474,2507.890000,500.000000,9.25000
7475,2507.890000,1000.000000,9.25000
7476,2507.890000,200.000000,9.25000
7477,2507.890000,800.000000,9.25000
7478,2507.890000,200.000000,9.25000
7479,2507.890000,128.000000,9.25000
7480,2508.020000,100.000000,9.25000
7481,2508.230000,100.000000,9.26000
7482,2508.230000,200.000000,9.27000
7483,2508.420000,400.000000,9.26000
7484,2508.430000,100.000000,9.26000
7485,2508.640000,5000.000000,9.26000
7486,2509.000000,1000.000000,9.26000
7487,2511.130000,100.000000,9.26000
7488,2511.250000,400.000000,9.26000
7489,2512.500000,2300.000000,9.26000
7490,2514.250000,100.000000,9.26000
7491,2514.580000,400.000000,9.26000
7492,2514.580000,1900.000000,9.26000
7493,2515.390000,1100.000000,9.26000
7494,2515.740000,200.000000,9.25000
7495,2515.920000,2500.000000,9.25000
7496,2517.400000,200.000000,9.25000
7497,2518.430000,500.000000,9.25000
7498,2521.270000,1372.000000,9.25000
7499,2521.270000,1000.000000,9.25000
7500,2521.270000,1000.000000,9.25000
7501,2521.270000,1900.000000,9.25000
7502,2521.270000,2000.000000,9.25000
7503,2521.270000,1000.000000,9.25000
7504,2521.270000,100.000000,9.25000
7505,2521.270000,1000.000000,9.25000
7506,2521.270000,12500.000000,9.25000
7507,2521.270000,428.000000,9.25000
7508,2526.740000,200.000000,9.25000
7509,2530.190000,2372.000000,9.25000
7510,2530.190000,200.000000,9.25000
7511,2530.190000,300.000000,9.25000
7512,2530.190000,600.000000,9.25000
7513,2530.190000,300.000000,9.25000
7514,2530.190000,5000.000000,9.25000
7515,2530.190000,100.000000,9.25000
7516,2530.190000,600.000000,9.25000
7517,2530.190000,600.000000,9.25000
7518,2530.190000,1700.000000,9.25000
7519,2530.190000,21028.000000,9.25000
7520,2530.300000,900.000000,9.26000
7521,2530.300000,400.000000,9.26000
7522,2533.190000,100.000000,9.26000
7523,2535.330000,4000.000000,9.25000
7524,2535.980000,3000.000000,9.25000
7525,2537.040000,1800.000000,9.25000
7526,2537.740000,200.000000,9.25000
7527,2541.560000,69000.000000,9.25000
7528,2542.490000,200.000000,9.25000
7529,2543.090000,6400.000000,9.25000
7530,2543.360000,200.000000,9.25000
7531,2543.700000,100.000000,9.25000
7532,2544.000000,2300.000000,9.25000
7533,2544.040000,5000.000000,9.25000
7534,2545.790000,100.000000,9.26000
7535,2547.700000,300.000000,9.25000
7536,2548.610000,200.000000,9.25000
7537,2552.330000,100.000000,9.26000
7538,2552.690000,36272.000000,9.25000
7539,2552.690000,1000.000000,9.25000
7540,2552.690000,24600.000000,9.25000
7541,2552.690000,1000.000000,9.25000
7542,2552.690000,2200.000000,9.25000
7543,2552.690000,2400.000000,9.25000
7544,2552.690000,1600.000000,9.25000
7545,2552.690000,10000.000000,9.25000
7546,2552.690000,800.000000,9.25000
7547,2552.690000,5500.000000,9.25000
7548,2552.690000,3900.000000,9.25000
7549,2552.690000,1500.000000,9.25000
7550,2552.690000,100.000000,9.25000
7551,2552.690000,100.000000,9.25000
7552,2552.690000,1000.000000,9.25000
7553,2552.690000,1000.000000,9.25000
7554,2552.690000,400.000000,9.25000
7555,2552.690000,200.000000,9.25000
7556,2552.690000,2100.000000,9.25000
7557,2552.690000,500.000000,9.25000
7558,2552.690000,300.000000,9.25000
7559,2552.690000,1000.000000,9.25000
7560,2552.690000,1600.000000,9.25000
7561,2552.690000,6400.000000,9.25000
7562,2552.690000,900.000000,9.25000
7563,2552.690000,1000.000000,9.25000
7564,2552.690000,1100.000000,9.25000
7565,2552.690000,5000.000000,9.25000
7566,2552.690000,600.000000,9.25000
7567,2552.690000,500.000000,9.25000
7568,2552.690000,3900.000000,9.25000
7569,2552.690000,300.000000,9.25000
7570,2552.690000,10000.000000,9.25000
7571,2552.690000,700.000000,9.25000
7572,2552.690000,800.000000,9.25000
7573,2552.690000,1100.000000,9.25000
7574,2552.690000,1100.000000,9.25000
7575,2552.690000,700.000000,9.25000
7576,2552.690000,500.000000,9.25000
7577,2552.690000,500.000000,9.25000
7578,2552.690000,1000.000000,9.25000
7579,2552.690000,5000.000000,9.25000
7580,2552.690000,100.000000,9.25000
7581,2552.690000,1000.000000,9.25000
7582,2552.690000,24600.000000,9.25000
7583,2552.690000,147628.000000,9.25000
7584,2555.300000,2372.000000,9.25000
7585,2555.300000,100.000000,9.25000
7586,2555.300000,1000.000000,9.25000
7587,2555.300000,200.000000,9.25000
7588,2555.300000,800.000000,9.25000
7589,2555.300000,200.000000,9.25000
7590,2555.300000,1328.000000,9.25000
7591,2557.280000,1400.000000,9.25000
7592,2558.320000,2272.000000,9.25000
7593,2558.320000,2628.000000,9.25000
7594,2558.790000,372.000000,9.25000
7595,2558.790000,2828.000000,9.25000
7596,2559.690000,100.000000,9.25000
7597,2560.550000,2100.000000,9.26000
7598,2560.570000,2500.000000,9.25000
7599,2561.830000,4572.000000,9.25000
7600,2561.830000,1000.000000,9.25000
7601,2561.830000,600.000000,9.25000
7602,2561.830000,600.000000,9.25000
7603,2561.830000,300.000000,9.25000
7604,2561.830000,800.000000,9.25000
7605,2561.830000,1300.000000,9.25000
7606,2561.830000,928.000000,9.25000
7607,2561.950000,72.000000,9.25000
7608,2561.950000,200.000000,9.25000
7609,2561.950000,100.000000,9.25000
7610,2561.950000,500.000000,9.25000
7611,2561.950000,500.000000,9.25000
7612,2561.950000,100.000000,9.25000
7613,2561.950000,200.000000,9.25000
7614,2561.950000,1100.000000,9.25000
7615,2561.950000,528.000000,9.25000
7616,2564.940000,100.000000,9.26000
7617,2566.830000,572.000000,9.25000
7618,2566.830000,2100.000000,9.25000
7619,2566.830000,1000.000000,9.25000
7620,2566.830000,2000.000000,9.25000
7621,2566.830000,328.000000,9.25000
7622,2567.650000,200.000000,9.25000
7623,2569.200000,1072.000000,9.25000
7624,2569.200000,728.000000,9.25000
7625,2570.750000,200.000000,9.25000
7626,2572.960000,9072.000000,9.25000
7627,2572.960000,100.000000,9.25000
7628,2572.960000,15828.000000,9.25000
7629,2574.570000,4200.000000,9.26000
7630,2578.480000,2500.000000,9.25000
7631,2581.700000,200.000000,9.25000
7632,2582.490000,100.000000,9.26000
7633,2583.420000,100.000000,9.26000
7634,2583.660000,400.000000,9.26000
7635,2584.650000,300.000000,9.25000
7636,2587.030000,2000.000000,9.25000
7637,2589.490000,600.000000,9.25000
7638,2592.770000,200.000000,9.25000
7639,2593.260000,900.000000,9.26000
7640,2594.590000,100.000000,9.26000
7641,2596.750000,700.000000,9.25000
7642,2596.950000,1300.000000,9.26000
7643,2596.950000,700.000000,9.26000
7644,2596.950000,1500.000000,9.26000
7645,2596.950000,8200.000000,9.26000
7646,2598.200000,2400.000000,9.25000
7647,2600.770000,1000.000000,9.25000
7648,2600.940000,1500.000000,9.25000
7649,2603.300000,200.000000,9.25000
7650,2603.760000,200.000000,9.25000
7651,2603.860000,1800.000000,9.26000
7652,2603.860000,100.000000,9.26000
7653,2604.830000,100.000000,9.26000
7654,2606.520000,26372.000000,9.25000
7655,2606.520000,600.000000,9.25000
7656,2606.520000,1000.000000,9.25000
7657,2606.520000,3000.000000,9.25000
7658,2606.520000,500.000000,9.25000
7659,2606.520000,300.000000,9.25000
7660,2606.520000,200.000000,9.25000
7661,2606.520000,1600.000000,9.25000
7662,2606.520000,1000.000000,9.25000
7663,2606.520000,800.000000,9.25000
7664,2606.520000,300.000000,9.25000
7665,2606.520000,5000.000000,9.25000
7666,2606.520000,100.000000,9.25000
7667,2606.520000,2600.000000,9.25000
7668,2606.520000,34000.000000,9.25000
7669,2606.520000,100.000000,9.25000
7670,2606.520000,600.000000,9.25000
7671,2606.520000,1000.000000,9.25000
7672,2606.520000,500.000000,9.25000
7673,2606.520000,300.000000,9.25000
7674,2606.520000,4800.000000,9.25000
7675,2606.520000,10000.000000,9.25000
7676,2606.520000,200.000000,9.25000
7677,2606.520000,100.000000,9.25000
7678,2606.520000,200.000000,9.25000
7679,2606.520000,2100.000000,9.25000
7680,2606.520000,200.000000,9.25000
7681,2606.520000,2200.000000,9.25000
7682,2606.520000,1000.000000,9.25000
7683,2606.520000,1800.000000,9.25000
7684,2606.520000,400.000000,9.25000
7685,2606.520000,9300.000000,9.25000
7686,2606.520000,1600.000000,9.25000
7687,2606.520000,200.000000,9.25000
7688,2606.520000,100.000000,9.25000
7689,2606.520000,1100.000000,9.25000
7690,2606.520000,1000.000000,9.25000
7691,2606.520000,1000.000000,9.25000
7692,2606.520000,1000.000000,9.25000
7693,2606.520000,2200.000000,9.25000
7694,2606.520000,100.000000,9.25000
7695,2606.520000,1500.000000,9.25000
7696,2606.520000,100.000000,9.25000
7697,2606.520000,10800.000000,9.25000
7698,2606.520000,2000.000000,9.25000
7699,2606.520000,500.000000,9.25000
7700,2606.520000,400.000000,9.25000
7701,2606.520000,22500.000000,9.25000
7702,2606.520000,5000.000000,9.25000
7703,2606.520000,100.000000,9.25000
7704,2606.520000,200.000000,9.25000
7705,2606.520000,5000.000000,9.25000
7706,2606.520000,1600.000000,9.25000
7707,2606.520000,700.000000,9.25000
7708,2606.520000,1100.000000,9.25000
7709,2606.520000,1000.000000,9.25000
7710,2606.520000,1500.000000,9.25000
7711,2606.520000,800.000000,9.25000
7712,2606.520000,2000.000000,9.25000
7713,2606.520000,7800.000000,9.25000
7714,2606.520000,5000.000000,9.25000
7715,2606.520000,9928.000000,9.25000
7716,2608.110000,18900.000000,9.26000
7717,2608.980000,1300.000000,9.26000
7718,2610.600000,4900.000000,9.25000
7719,2610.730000,2100.000000,9.26000
7720,2611.050000,6200.000000,9.25000
7721,2612.600000,5000.000000,9.26000
7722,2613.170000,100.000000,9.26000
7723,2614.580000,26672.000000,9.25000
7724,2614.580000,600.000000,9.25000
7725,2614.580000,1700.000000,9.25000
7726,2614.580000,100.000000,9.25000
7727,2614.580000,300.000000,9.25000
7728,2614.580000,400.000000,9.25000
7729,2614.580000,4800.000000,9.25000
7730,2614.580000,15000.000000,9.25000
7731,2614.580000,20000.000000,9.25000
7732,2614.580000,1100.000000,9.25000
7733,2614.580000,20300.000000,9.25000
7734,2614.580000,1800.000000,9.25000
7735,2614.580000,400.000000,9.25000
7736,2614.580000,500.000000,9.25000
7737,2614.580000,400.000000,9.25000
7738,2614.580000,900.000000,9.25000
7739,2614.580000,1400.000000,9.25000
7740,2614.580000,200.000000,9.25000
7741,2614.580000,500.000000,9.25000
7742,2614.580000,200.000000,9.25000
7743,2614.580000,100.000000,9.25000
7744,2614.580000,200.000000,9.25000
7745,2614.580000,200.000000,9.25000
7746,2614.580000,5000.000000,9.25000
7747,2614.580000,200.000000,9.25000
7748,2614.580000,100.000000,9.25000
7749,2614.580000,5000.000000,9.25000
7750,2614.580000,25400.000000,9.25000
7751,2614.580000,1800.000000,9.25000
7752,2614.580000,1100.000000,9.25000
7753,2614.580000,1000.000000,9.25000
7754,2614.580000,1800.000000,9.25000
7755,2614.580000,100.000000,9.25000
7756,2614.580000,2000.000000,9.25000
7757,2614.580000,500.000000,9.25000
7758,2614.580000,3000.000000,9.25000
7759,2614.580000,400.000000,9.25000
7760,2614.580000,400.000000,9.25000
7761,2614.580000,100.000000,9.25000
7762,2614.580000,700.000000,9.25000
7763,2614.580000,5000.000000,9.25000
7764,2614.580000,400.000000,9.25000
7765,2614.580000,1800.000000,9.25000
7766,2614.580000,2900.000000,9.25000
7767,2614.580000,800.000000,9.25000
7768,2614.580000,200.000000,9.25000
7769,2614.580000,2479.000000,9.24000
7770,2614.580000,20000.000000,9.24000
7771,2614.580000,800.000000,9.24000
7772,2614.580000,5000.000000,9.24000
7773,2614.580000,1000.000000,9.24000
7774,2614.580000,1000.000000,9.24000
7775,2614.580000,2000.000000,9.24000
7776,2614.580000,1100.000000,9.24000
7777,2614.580000,1000.000000,9.24000
7778,2614.580000,300.000000,9.24000
7779,2614.580000,7849.000000,9.24000
7780,2615.660000,200.000000,9.24000
7781,2616.510000,300.000000,9.25000
7782,2616.670000,100.000000,9.25000
7783,2617.970000,500.000000,9.25000
7784,2617.970000,100.000000,9.25000
7785,2617.970000,1400.000000,9.25000
7786,2619.960000,200.000000,9.25000
7787,2619.960000,200.000000,9.25000
7788,2621.740000,100.000000,9.26000
7789,2622.090000,100.000000,9.25000
7790,2624.580000,1800.000000,9.25000
7791,2626.670000,100.000000,9.24000
7792,2627.810000,8200.000000,9.25000
7793,2627.860000,300.000000,9.25000
7794,2627.860000,400.000000,9.25000
7795,2628.210000,500.000000,9.25000
7796,2629.750000,2200.000000,9.25000
7797,2631.760000,1100.000000,9.25000
7798,2634.150000,21900.000000,9.25000
7799,2637.060000,200.000000,9.25000
7800,2637.200000,41851.000000,9.24000
7801,2637.200000,300.000000,9.24000
7802,2637.200000,500.000000,9.24000
7803,2637.200000,500.000000,9.24000
7804,2637.200000,5000.000000,9.24000
7805,2637.200000,1000.000000,9.24000
7806,2637.200000,5000.000000,9.24000
7807,2637.200000,3200.000000,9.24000
7808,2637.200000,2000.000000,9.24000
7809,2637.200000,100.000000,9.24000
7810,2637.200000,1000.000000,9.24000
7811,2637.200000,1000.000000,9.24000
7812,2637.200000,200.000000,9.24000
7813,2637.200000,500.000000,9.24000
7814,2637.200000,100.000000,9.24000
7815,2637.200000,1000.000000,9.24000
7816,2637.200000,1100.000000,9.24000
7817,2637.200000,500.000000,9.24000
7818,2637.200000,400.000000,9.24000
7819,2637.200000,1000.000000,9.24000
7820,2637.200000,100.000000,9.24000
7821,2637.200000,500.000000,9.24000
7822,2637.200000,500.000000,9.24000
7823,2637.200000,500.000000,9.24000
7824,2637.200000,500.000000,9.24000
7825,2637.200000,1000.000000,9.24000
7826,2637.200000,200.000000,9.24000
7827,2637.200000,800.000000,9.24000
7828,2637.200000,1000.000000,9.24000
7829,2637.200000,2000.000000,9.24000
7830,2637.200000,500.000000,9.24000
7831,2637.200000,5000.000000,9.24000
7832,2637.200000,1200.000000,9.24000
7833,2637.200000,100.000000,9.24000
7834,2637.200000,5000.000000,9.24000
7835,2637.200000,2000.000000,9.24000
7836,2637.200000,800.000000,9.24000
7837,2637.200000,600.000000,9.24000
7838,2637.200000,500.000000,9.24000
7839,2637.200000,1000.000000,9.24000
7840,2637.200000,1000.000000,9.24000
7841,2637.200000,500.000000,9.24000
7842,2637.200000,1000.000000,9.24000
7843,2637.200000,3600.000000,9.24000
7844,2637.200000,5000.000000,9.24000
7845,2637.200000,200.000000,9.24000
7846,2637.200000,100.000000,9.24000
7847,2637.200000,1100.000000,9.24000
7848,2637.200000,18600.000000,9.24000
7849,2637.200000,1000.000000,9.24000
7850,2637.200000,1000.000000,9.24000
7851,2637.200000,7000.000000,9.24000
7852,2637.200000,700.000000,9.24000
7853,2637.200000,1100.000000,9.24000
7854,2637.200000,2500.000000,9.24000
7855,2637.200000,1000.000000,9.24000
7856,2637.200000,9100.000000,9.24000
7857,2637.200000,900.000000,9.24000
7858,2637.200000,3000.000000,9.24000
7859,2637.200000,600.000000,9.24000
7860,2637.200000,7200.000000,9.24000
7861,2637.200000,100.000000,9.24000
7862,2637.200000,200.000000,9.24000
7863,2637.200000,4000.000000,9.24000
7864,2637.200000,300.000000,9.24000
7865,2637.200000,1500.000000,9.24000
7866,2637.200000,100.000000,9.24000
7867,2637.200000,1000.000000,9.24000
7868,2637.200000,100.000000,9.24000
7869,2637.200000,100.000000,9.24000
7870,2637.200000,1100.000000,9.24000
7871,2637.200000,10000.000000,9.24000
7872,2637.200000,5000.000000,9.24000
7873,2637.200000,20249.000000,9.24000
7874,2637.330000,200.000000,9.25000
7875,2637.810000,200.000000,9.24000
7876,2639.830000,200.000000,9.25000
7877,2645.300000,29551.000000,9.24000
7878,2645.300000,1000.000000,9.24000
7879,2645.300000,20000.000000,9.24000
7880,2645.300000,1000.000000,9.24000
7881,2645.300000,3000.000000,9.24000
7882,2645.300000,3300.000000,9.24000
7883,2645.300000,1000.000000,9.24000
7884,2645.300000,3700.000000,9.24000
7885,2645.300000,700.000000,9.24000
7886,2645.300000,700.000000,9.24000
7887,2645.300000,500.000000,9.24000
7888,2645.300000,1000.000000,9.24000
7889,2645.300000,100.000000,9.24000
7890,2645.300000,6500.000000,9.24000
7891,2645.300000,2300.000000,9.24000
7892,2645.300000,100.000000,9.24000
7893,2645.300000,500.000000,9.24000
7894,2645.300000,700.000000,9.24000
7895,2645.300000,2000.000000,9.24000
7896,2645.300000,500.000000,9.24000
7897,2645.300000,100.000000,9.24000
7898,2645.300000,5000.000000,9.24000
7899,2645.300000,1000.000000,9.24000
7900,2645.300000,700.000000,9.24000
7901,2645.300000,3000.000000,9.24000
7902,2645.300000,1200.000000,9.24000
7903,2645.300000,300.000000,9.24000
7904,2645.300000,200.000000,9.24000
7905,2645.300000,1000.000000,9.24000
7906,2645.300000,300.000000,9.24000
7907,2645.300000,500.000000,9.24000
7908,2645.300000,3200.000000,9.24000
7909,2645.300000,100.000000,9.24000
7910,2645.300000,400.000000,9.24000
7911,2645.300000,12000.000000,9.24000
7912,2645.300000,2000.000000,9.24000
7913,2645.300000,500.000000,9.24000
7914,2645.300000,1100.000000,9.24000
7915,2645.300000,5000.000000,9.24000
7916,2645.300000,2200.000000,9.24000
7917,2645.300000,1000.000000,9.24000
7918,2645.300000,3000.000000,9.24000
7919,2645.300000,600.000000,9.24000
7920,2645.300000,300.000000,9.24000
7921,2645.300000,200.000000,9.24000
7922,2645.300000,1000.000000,9.24000
7923,2645.300000,1400.000000,9.24000
7924,2645.300000,10000.000000,9.24000
7925,2645.300000,2000.000000,9.24000
7926,2645.300000,10000.000000,9.24000
7927,2645.300000,5500.000000,9.24000
7928,2645.300000,200.000000,9.24000
7929,2645.300000,10000.000000,9.24000
7930,2645.300000,1200.000000,9.24000
7931,2645.300000,5000.000000,9.24000
7932,2645.300000,1100.000000,9.24000
7933,2645.300000,1100.000000,9.24000
7934,2645.300000,500.000000,9.24000
7935,2645.300000,500.000000,9.24000
7936,2645.300000,13000.000000,9.24000
7937,2645.300000,1000.000000,9.24000
7938,2645.300000,800.000000,9.24000
7939,2645.300000,400.000000,9.24000
7940,2645.300000,1300.000000,9.24000
7941,2645.300000,1400.000000,9.24000
7942,2645.300000,600.000000,9.24000
7943,2645.300000,1000.000000,9.24000
7944,2645.300000,2000.000000,9.24000
7945,2645.300000,700.000000,9.24000
7946,2645.300000,500.000000,9.24000
7947,2645.300000,1400.000000,9.24000
7948,2645.300000,2000.000000,9.24000
7949,2645.300000,400.000000,9.24000
7950,2645.300000,300.000000,9.24000
7951,2645.300000,649.000000,9.24000
7952,2646.630000,100.000000,9.25000
7953,2648.870000,200.000000,9.24000
7954,2650.810000,1000.000000,9.25000
7955,2652.710000,251.000000,9.24000
7956,2652.710000,600.000000,9.24000
7957,2652.710000,1100.000000,9.24000
7958,2652.710000,600.000000,9.24000
7959,2652.710000,7549.000000,9.24000
7960,2654.310000,400.000000,9.24000
7961,2655.530000,100.000000,9.25000
7962,2659.870000,200.000000,9.24000
7963,2661.090000,1000.000000,9.24000
7964,2663.420000,400.000000,9.24000
7965,2663.840000,200.000000,9.24000
7966,2663.920000,100.000000,9.25000
7967,2664.970000,500.000000,9.25000
7968,2666.600000,251.000000,9.24000
7969,2666.600000,2000.000000,9.24000
7970,2666.600000,500.000000,9.24000
7971,2666.600000,3900.000000,9.24000
7972,2666.600000,1000.000000,9.24000
7973,2666.600000,2000.000000,9.24000
7974,2666.600000,400.000000,9.24000
7975,2666.600000,49.000000,9.24000
7976,2666.810000,800.000000,9.24000
7977,2670.710000,200.000000,9.24000
7978,2671.500000,100.000000,9.24000
7979,2673.130000,3851.000000,9.24000
7980,2673.130000,1100.000000,9.24000
7981,2673.130000,500.000000,9.24000
7982,2673.130000,800.000000,9.24000
7983,2673.130000,14400.000000,9.24000
7984,2673.130000,2849.000000,9.24000
7985,2674.000000,800.000000,9.24000
7986,2674.740000,100.000000,9.25000
7987,2674.830000,1500.000000,9.24000
7988,2677.550000,500.000000,9.24000
7989,2678.200000,2100.000000,9.25000
7990,2681.650000,200.000000,9.24000
7991,2682.420000,2000.000000,9.25000
7992,2682.820000,3000.000000,9.24000
7993,2683.520000,100.000000,9.25000
7994,2685.650000,1151.000000,9.24000
7995,2685.650000,1000.000000,9.24000
7996,2685.650000,1000.000000,9.24000
7997,2685.650000,6900.000000,9.24000
7998,2685.650000,49.000000,9.24000
7999,2692.590000,200.000000,9.25000
8000,2692.990000,100.000000,9.24000
8001,2694.810000,2500.000000,9.25000
8002,2698.390000,100.000000,9.25000
8003,2703.770000,200.000000,9.24000
8004,2703.950000,3000.000000,9.24000
8005,2704.920000,100.000000,9.25000
8006,2705.940000,2251.000000,9.24000
8007,2705.940000,300.000000,9.24000
8008,2705.940000,2000.000000,9.24000
8009,2705.940000,349.000000,9.24000
8010,2707.630000,151.000000,9.24000
8011,2707.630000,500.000000,9.24000
8012,2707.630000,1449.000000,9.24000
8013,2710.910000,5200.000000,9.24000
8014,2712.780000,100.000000,9.24000
8015,2713.800000,1000.000000,9.25000
8016,2713.990000,13251.000000,9.24000
8017,2713.990000,500.000000,9.24000
8018,2713.990000,2100.000000,9.24000
8019,2713.990000,400.000000,9.24000
8020,2713.990000,10000.000000,9.24000
8021,2713.990000,1000.000000,9.24000
8022,2713.990000,2000.000000,9.24000
8023,2713.990000,1300.000000,9.24000
8024,2713.990000,100.000000,9.24000
8025,2713.990000,500.000000,9.24000
8026,2713.990000,2000.000000,9.24000
8027,2713.990000,2200.000000,9.24000
8028,2713.990000,5000.000000,9.24000
8029,2713.990000,3449.000000,9.24000
8030,2714.190000,200.000000,9.25000
8031,2714.800000,200.000000,9.24000
8032,2715.730000,100.000000,9.25000
8033,2717.670000,300.000000,9.25000
8034,2718.270000,100.000000,9.25000
8035,2719.760000,1900.000000,9.25000
8036,2723.220000,100.000000,9.24000
8037,2725.210000,1000.000000,9.25000
8038,2725.870000,200.000000,9.24000
8039,2726.850000,100.000000,9.25000
8040,2727.350000,10000.000000,9.24000
8041,2733.950000,100.000000,9.25000
8042,2735.670000,100.000000,9.25000
8043,2735.930000,1600.000000,9.24000
8044,2736.120000,1900.000000,9.24000
8045,2736.330000,100.000000,9.24000
8046,2736.690000,200.000000,9.24000
8047,2740.860000,2251.000000,9.24000
8048,2740.860000,100.000000,9.24000
8049,2740.860000,1100.000000,9.24000
8050,2740.860000,2100.000000,9.24000
8051,2740.860000,2500.000000,9.24000
8052,2740.860000,900.000000,9.24000
8053,2740.860000,600.000000,9.24000
8054,2740.860000,449.000000,9.24000
8055,2742.240000,51.000000,9.24000
8056,2742.240000,1649.000000,9.24000
8057,2743.560000,500.000000,9.24000
8058,2745.060000,17500.000000,9.25000
8059,2747.110000,400.000000,9.25000
8060,2747.680000,100.000000,9.24000
8061,2748.360000,200.000000,9.25000
8062,2749.220000,2800.000000,9.25000
8063,2753.730000,751.000000,9.24000
8064,2753.730000,249.000000,9.24000
8065,2754.250000,100.000000,9.25000
8066,2756.250000,300.000000,9.25000
8067,2757.410000,9400.000000,9.25000
8068,2758.820000,200.000000,9.24000
8069,2759.820000,400.000000,9.25000
8070,2762.590000,100.000000,9.24000
8071,2766.110000,2300.000000,9.24000
8072,2766.470000,100.000000,9.25000
8073,2766.580000,6000.000000,9.24000
8074,2769.830000,200.000000,9.24000
8075,2772.290000,951.000000,9.24000
8076,2772.290000,749.000000,9.24000
8077,2773.410000,2000.000000,9.24000
8078,2778.210000,1000.000000,9.24000
8079,2780.090000,1851.000000,9.24000
8080,2780.090000,900.000000,9.24000
8081,2780.090000,400.000000,9.24000
8082,2780.090000,1100.000000,9.24000
8083,2780.090000,300.000000,9.24000
8084,2780.090000,10000.000000,9.24000
8085,2780.090000,5000.000000,9.24000
8086,2780.090000,449.000000,9.24000
8087,2780.800000,200.000000,9.24000
8088,2782.200000,100.000000,9.25000
8089,2782.480000,1351.000000,9.24000
8090,2782.480000,49.000000,9.24000
8091,2782.650000,1900.000000,9.25000
8092,2784.100000,200.000000,9.24000
8093,2787.880000,500.000000,9.25000
8094,2789.140000,100.000000,9.25000
8095,2789.450000,500.000000,9.24000
8096,2791.710000,200.000000,9.24000
8097,2793.120000,100.000000,9.25000
8098,2800.070000,51.000000,9.24000
8099,2800.070000,149.000000,9.24000
8100,2802.330000,251.000000,9.24000
8101,2802.330000,600.000000,9.24000
8102,2802.330000,849.000000,9.24000
8103,2802.780000,100.000000,9.24000
8104,2802.820000,1800.000000,9.24000
8105,2803.100000,100.000000,9.25000
8106,2805.260000,700.000000,9.25000
8107,2807.610000,1151.000000,9.24000
8108,2807.610000,1049.000000,9.24000
8109,2810.030000,200.000000,9.25000
8110,2810.370000,100.000000,9.25000
8111,2812.300000,2100.000000,9.25000
8112,2812.380000,100.000000,9.25000
8113,2813.830000,200.000000,9.24000
8114,2818.290000,600.000000,9.25000
8115,2819.610000,100.000000,9.25000
8116,2820.020000,1000.000000,9.25000
8117,2820.830000,800.000000,9.25000
8118,2821.440000,3000.000000,9.25000
8119,2822.940000,500.000000,9.25000
8120,2824.760000,200.000000,9.24000
8121,2825.270000,2100.000000,9.25000
8122,2827.740000,751.000000,9.24000
8123,2827.740000,1000.000000,9.24000
8124,2827.740000,1500.000000,9.24000
8125,2827.740000,1000.000000,9.24000
8126,2827.740000,6900.000000,9.24000
8127,2827.740000,1000.000000,9.24000
8128,2827.740000,3000.000000,9.24000
8129,2827.740000,3000.000000,9.24000
8130,2827.740000,8400.000000,9.24000
8131,2827.740000,300.000000,9.24000
8132,2827.740000,300.000000,9.24000
8133,2827.740000,100.000000,9.24000
8134,2827.740000,500.000000,9.24000
8135,2827.740000,2200.000000,9.24000
8136,2827.740000,8149.000000,9.24000
8137,2827.800000,2100.000000,9.25000
8138,2828.670000,1000.000000,9.25000
8139,2829.960000,100.000000,9.25000
8140,2830.960000,1800.000000,9.24000
8141,2830.960000,51.000000,9.24000
8142,2830.960000,1149.000000,9.24000
8143,2830.990000,2100.000000,9.24000
8144,2831.050000,1000.000000,9.24000
8145,2831.610000,100.000000,9.25000
8146,2832.510000,900.000000,9.24000
8147,2832.750000,1800.000000,9.24000
8148,2833.020000,200.000000,9.25000
8149,2833.590000,200.000000,9.24000
8150,2835.180000,300.000000,9.25000
8151,2835.900000,200.000000,9.24000
8152,2839.970000,1700.000000,9.24000
8153,2842.370000,951.000000,9.24000
8154,2842.370000,649.000000,9.24000
8155,2842.460000,200.000000,9.25000
8156,2842.700000,3600.000000,9.24000
8157,2844.350000,100.000000,9.25000
8158,2844.700000,200.000000,9.24000
8159,2846.480000,551.000000,9.24000
8160,2846.480000,749.000000,9.24000
8161,2846.790000,200.000000,9.24000
8162,2846.850000,1100.000000,9.25000
8163,2851.690000,100.000000,9.25000
8164,2852.130000,51.000000,9.24000
8165,2852.130000,500.000000,9.24000
8166,2852.130000,949.000000,9.24000
8167,2854.120000,2000.000000,9.25000
8168,2857.230000,5051.000000,9.24000
8169,2857.230000,300.000000,9.24000
8170,2857.230000,3000.000000,9.24000
8171,2857.230000,1000.000000,9.24000
8172,2857.230000,649.000000,9.24000
8173,2857.670000,600.000000,9.25000
8174,2857.690000,200.000000,9.24000
8175,2858.040000,151.000000,9.24000
8176,2858.040000,249.000000,9.24000
8177,2860.760000,100.000000,9.25000
8178,2862.800000,1700.000000,9.24000
8179,2863.800000,1000.000000,9.25000
8180,2864.470000,200.000000,9.25000
8181,2864.640000,1100.000000,9.25000
8182,2866.430000,51.000000,9.24000
8183,2866.430000,49.000000,9.24000
8184,2868.650000,951.000000,9.24000
8185,2868.650000,1100.000000,9.24000
8186,2868.650000,600.000000,9.24000
8187,2868.650000,349.000000,9.24000
8188,2868.680000,100.000000,9.24000
8189,2870.520000,100.000000,9.24000
8190,2871.780000,1000.000000,9.24000
8191,2874.850000,200.000000,9.25000
8192,2878.160000,500.000000,9.25000
8193,2878.450000,4300.000000,9.25000
8194,2878.580000,1000.000000,9.25000
8195,2879.770000,200.000000,9.24000
8196,2885.440000,400.000000,9.25000
8197,2890.360000,300.000000,9.24000
8198,2890.880000,151.000000,9.24000
8199,2890.880000,49.000000,9.24000
8200,2893.230000,1600.000000,9.24000
8201,2894.070000,300.000000,9.24000
8202,2898.530000,1051.000000,9.24000
8203,2898.530000,900.000000,9.24000
8204,2898.530000,6900.000000,9.24000
8205,2898.530000,500.000000,9.24000
8206,2898.530000,500.000000,9.24000
8207,2898.530000,100.000000,9.24000
8208,2898.530000,49.000000,9.24000
8209,2898.660000,1100.000000,9.25000
8210,2899.280000,800.000000,9.25000
8211,2901.260000,2500.000000,9.25000
8212,2901.810000,200.000000,9.24000
8213,2904.390000,100.000000,9.24000
8214,2905.300000,2100.000000,9.25000
8215,2905.390000,800.000000,9.25000
8216,2908.830000,400.000000,9.25000
8217,2909.510000,1000.000000,9.25000
8218,2909.900000,2000.000000,9.25000
8219,2911.120000,300.000000,9.25000
8220,2912.660000,4600.000000,9.25000
8221,2912.720000,200.000000,9.24000
8222,2913.240000,2200.000000,9.25000
8223,2915.620000,551.000000,9.24000
8224,2915.620000,549.000000,9.24000
8225,2915.820000,1451.000000,9.24000
8226,2915.820000,1649.000000,9.24000
8227,2915.920000,251.000000,9.24000
8228,2915.920000,400.000000,9.24000
8229,2915.920000,549.000000,9.24000
8230,2916.010000,751.000000,9.24000
8231,2916.010000,549.000000,9.24000
8232,2916.560000,451.000000,9.24000
8233,2916.560000,500.000000,9.24000
8234,2916.560000,449.000000,9.24000
8235,2916.950000,500.000000,9.24000
8236,2917.570000,251.000000,9.24000
8237,2917.570000,10000.000000,9.24000
8238,2917.570000,1000.000000,9.24000
8239,2917.570000,400.000000,9.24000
8240,2917.570000,1000.000000,9.24000
8241,2917.570000,1000.000000,9.24000
8242,2917.570000,5500.000000,9.24000
8243,2917.570000,800.000000,9.24000
8244,2917.570000,1100.000000,9.24000
8245,2917.570000,900.000000,9.24000
8246,2917.570000,1000.000000,9.24000
8247,2917.570000,600.000000,9.24000
8248,2917.570000,1000.000000,9.24000
8249,2917.570000,3000.000000,9.24000
8250,2917.570000,4500.000000,9.24000
8251,2917.570000,49.000000,9.24000
8252,2921.110000,451.000000,9.24000
8253,2921.110000,1200.000000,9.24000
8254,2921.110000,200.000000,9.24000
8255,2921.110000,549.000000,9.24000
8256,2922.440000,451.000000,9.24000
8257,2922.440000,300.000000,9.24000
8258,2922.440000,949.000000,9.24000
8259,2923.340000,100.000000,9.24000
8260,2923.540000,451.000000,9.24000
8261,2923.540000,1549.000000,9.24000
8262,2923.580000,951.000000,9.24000
8263,2923.580000,149.000000,9.24000
8264,2923.740000,100.000000,9.24000
8265,2924.540000,600.000000,9.24000
8266,2926.080000,1000.000000,9.25000
8267,2926.450000,151.000000,9.24000
8268,2926.450000,600.000000,9.24000
8269,2926.450000,1000.000000,9.24000
8270,2926.450000,1300.000000,9.24000
8271,2926.450000,500.000000,9.24000
8272,2926.450000,1000.000000,9.24000
8273,2926.450000,500.000000,9.24000
8274,2926.450000,300.000000,9.24000
8275,2926.450000,249.000000,9.24000
8276,2927.730000,100.000000,9.25000
8277,2928.120000,1000.000000,9.25000
8278,2931.420000,200.000000,9.25000
8279,2932.320000,2100.000000,9.25000
8280,2933.790000,251.000000,9.24000
8281,2933.790000,1049.000000,9.24000
8282,2934.820000,200.000000,9.24000
8283,2935.750000,100.000000,9.25000
8284,2935.980000,300.000000,9.25000
8285,2936.890000,100.000000,9.25000
8286,2937.110000,2000.000000,9.25000
8287,2945.850000,200.000000,9.24000
8288,2947.020000,1500.000000,9.25000
8289,2947.790000,1000.000000,9.25000
8290,2949.410000,500.000000,9.25000
8291,2950.520000,800.000000,9.25000
8292,2951.110000,100.000000,9.25000
8293,2951.140000,300.000000,9.25000
8294,2952.470000,551.000000,9.24000
8295,2952.470000,1149.000000,9.24000
8296,2953.390000,1300.000000,9.25000
8297,2954.430000,900.000000,9.25000
8298,2955.680000,2000.000000,9.24000
8299,2956.760000,200.000000,9.24000
8300,2960.030000,3200.000000,9.24000
8301,2960.750000,1400.000000,9.24000
8302,2965.160000,200.000000,9.24000
8303,2967.910000,100.000000,9.24000
8304,2968.370000,100.000000,9.25000
8305,2971.610000,1700.000000,9.25000
8306,2973.490000,500.000000,9.25000
8307,2974.010000,5000.000000,9.25000
8308,2978.730000,600.000000,9.25000
8309,2979.550000,100.000000,9.25000
8310,2979.720000,200.000000,9.24000
8311,2980.670000,5000.000000,9.25000
8312,2980.800000,200.000000,9.25000
8313,2981.420000,2000.000000,9.25000
8314,2982.480000,1800.000000,9.24000
8315,2988.260000,100.000000,9.25000
8316,2989.430000,300.000000,9.25000
8317,2990.730000,200.000000,9.24000
8318,2991.020000,300.000000,9.25000
8319,2994.950000,1000.000000,9.25000
8320,2995.310000,200.000000,9.25000
8321,2998.420000,1000.000000,9.25000
8322,2999.020000,5700.000000,9.25000
8323,3001.790000,200.000000,9.24000
8324,3002.970000,200.000000,9.25000
8325,3004.420000,2300.000000,9.24000
8326,3004.470000,1100.000000,9.24000
8327,3007.400000,200.000000,9.25000
8328,3009.220000,300.000000,9.25000
8329,3009.880000,951.000000,9.24000
8330,3009.880000,500.000000,9.24000
8331,3009.880000,249.000000,9.24000
8332,3010.120000,100.000000,9.25000
8333,3010.330000,2700.000000,9.25000
8334,3011.770000,500.000000,9.25000
8335,3012.840000,200.000000,9.24000
8336,3012.900000,1351.000000,9.24000
8337,3012.900000,349.000000,9.24000
8338,3013.110000,1500.000000,9.25000
8339,3013.380000,651.000000,9.24000
8340,3013.380000,949.000000,9.24000
8341,3013.440000,1000.000000,9.24000
8342,3013.940000,1100.000000,9.25000
8343,3015.820000,1000.000000,9.25000
8344,3015.970000,1000.000000,9.25000
8345,3017.470000,1400.000000,9.24000
8346,3018.850000,2000.000000,9.25000
8347,3019.670000,300.000000,9.25000
8348,3020.870000,1000.000000,9.25000
8349,3021.090000,1700.000000,9.25000
8350,3023.770000,100.000000,9.24000
8351,3024.370000,100.000000,9.25000
8352,3025.350000,29200.000000,9.25000
8353,3025.350000,1600.000000,9.25000
8354,3025.350000,1900.000000,9.25000
8355,3025.350000,1900.000000,9.25000
8356,3025.350000,1900.000000,9.25000
8357,3025.350000,1600.000000,9.25000
8358,3025.350000,1900.000000,9.25000
8359,3025.350000,1000.000000,9.25000
8360,3025.350000,7700.000000,9.25000
8361,3025.350000,10000.000000,9.25000
8362,3025.350000,7700.000000,9.25000
8363,3025.350000,60000.000000,9.25000
8364,3025.350000,2000.000000,9.25000
8365,3025.350000,12700.000000,9.25000
8366,3025.350000,1000.000000,9.25000
8367,3025.350000,200.000000,9.25000
8368,3025.350000,1000.000000,9.25000
8369,3025.350000,2800.000000,9.25000
8370,3025.350000,2800.000000,9.25000
8371,3025.350000,100.000000,9.25000
8372,3025.350000,5700.000000,9.25000
8373,3025.350000,5000.000000,9.25000
8374,3025.350000,5000.000000,9.25000
8375,3025.350000,5700.000000,9.25000
8376,3025.350000,4800.000000,9.25000
8377,3025.350000,200.000000,9.25000
8378,3025.350000,400.000000,9.25000
8379,3025.350000,2000.000000,9.25000
8380,3025.350000,10000.000000,9.25000
8381,3025.350000,500.000000,9.25000
8382,3025.350000,5100.000000,9.25000
8383,3025.350000,500.000000,9.25000
8384,3025.350000,4900.000000,9.25000
8385,3025.350000,600.000000,9.25000
8386,3025.350000,5800.000000,9.25000
8387,3025.350000,7300.000000,9.25000
8388,3025.350000,500.000000,9.25000
8389,3025.350000,22800.000000,9.25000
8390,3025.550000,100.000000,9.25000
8391,3028.950000,1828.000000,9.25000
8392,3029.870000,15000.000000,9.25000
8393,3032.470000,100.000000,9.26000
8394,3032.970000,16300.000000,9.25000
8395,3034.660000,200.000000,9.25000
8396,3034.810000,1200.000000,9.26000
8397,3035.560000,1600.000000,9.25000
8398,3041.800000,2800.000000,9.25000
8399,3042.910000,1600.000000,9.25000
8400,3044.290000,5800.000000,9.25000
8401,3045.420000,500.000000,9.25000
8402,3045.690000,200.000000,9.25000
8403,3047.060000,100.000000,9.25000
8404,3047.710000,100.000000,9.25000
8405,3048.290000,5300.000000,9.26000
8406,3051.080000,3100.000000,9.25000
8407,3051.080000,1000.000000,9.25000
8408,3051.900000,700.000000,9.25000
8409,3056.700000,200.000000,9.25000
8410,3060.600000,200.000000,9.26000
8411,3066.410000,1300.000000,9.26000
8412,3066.410000,800.000000,9.26000
8413,3067.940000,1100.000000,9.26000
8414,3067.950000,200.000000,9.25000
8415,3068.520000,100.000000,9.25000
8416,3068.630000,1700.000000,9.25000
8417,3069.020000,200.000000,9.26000
8418,3069.440000,11072.000000,9.25000
8419,3069.440000,800.000000,9.25000
8420,3069.440000,10000.000000,9.25000
8421,3069.440000,28128.000000,9.25000
8422,3070.580000,500.000000,9.26000
8423,3071.040000,2400.000000,9.26000
8424,3072.650000,5100.000000,9.26000
8425,3072.650000,800.000000,9.26000
8426,3072.650000,100.000000,9.26000
8427,3072.800000,100.000000,9.26000
8428,3073.380000,1700.000000,9.25000
8429,3073.490000,172.000000,9.25000
8430,3073.490000,900.000000,9.25000
8431,3073.490000,3928.000000,9.25000
8432,3073.570000,1300.000000,9.25000
8433,3074.620000,2600.000000,9.25000
8434,3078.810000,200.000000,9.25000
8435,3079.030000,300.000000,9.26000
8436,3083.860000,900.000000,9.25000
8437,3084.990000,200.000000,9.25000
8438,3085.160000,10872.000000,9.25000
8439,3085.160000,1800.000000,9.25000
8440,3085.160000,1000.000000,9.25000
8441,3085.160000,5000.000000,9.25000
8442,3085.160000,3328.000000,9.25000
8443,3089.900000,100.000000,9.25000
8444,3090.110000,872.000000,9.25000
8445,3090.110000,300.000000,9.25000
8446,3090.110000,1400.000000,9.25000
8447,3090.110000,100.000000,9.25000
8448,3090.110000,328.000000,9.25000
8449,3094.040000,200.000000,9.26000
8450,3094.850000,600.000000,9.25000
8451,3098.010000,272.000000,9.25000
8452,3098.010000,928.000000,9.25000
8453,3100.710000,200.000000,9.25000
8454,3102.210000,1700.000000,9.25000
8455,3103.230000,100.000000,9.26000
8456,3106.330000,1300.000000,9.26000
8457,3106.330000,100.000000,9.26000
8458,3106.330000,100.000000,9.26000
8459,3106.330000,3500.000000,9.26000
8460,3107.320000,300.000000,9.25000
8461,3110.070000,100.000000,9.26000
8462,3110.740000,1000.000000,9.25000
8463,3111.900000,200.000000,9.25000
8464,3112.080000,700.000000,9.25000
8465,3112.720000,1300.000000,9.26000
8466,3112.720000,3000.000000,9.26000
8467,3112.720000,400.000000,9.26000
8468,3112.720000,1900.000000,9.26000
8469,3112.720000,1300.000000,9.26000
8470,3112.720000,4900.000000,9.26000
8471,3113.140000,100.000000,9.26000
8472,3113.140000,700.000000,9.26000
8473,3113.140000,1200.000000,9.26000
8474,3114.280000,100.000000,9.25000
8475,3116.580000,500.000000,9.26000
8476,3117.380000,100.000000,9.26000
8477,3118.710000,1000.000000,9.26000
8478,3121.870000,100.000000,9.26000
8479,3122.800000,200.000000,9.25000
8480,3123.460000,500.000000,9.26000
8481,3124.810000,300.000000,9.26000
8482,3124.980000,300.000000,9.25000
8483,3128.940000,1300.000000,9.26000
8484,3128.940000,3300.000000,9.26000
8485,3130.240000,100.000000,9.26000
8486,3130.460000,3000.000000,9.25000
8487,3130.700000,1000.000000,9.26000
8488,3131.240000,100.000000,9.25000
8489,3132.650000,972.000000,9.25000
8490,3132.650000,628.000000,9.25000
8491,3133.460000,300.000000,9.26000
8492,3133.860000,200.000000,9.25000
8493,3136.890000,72.000000,9.25000
8494,3136.890000,28.000000,9.25000
8495,3138.820000,3000.000000,9.25000
8496,3140.450000,100.000000,9.26000
8497,3144.800000,100.000000,9.25000
8498,3145.330000,200.000000,9.25000
8499,3151.150000,100.000000,9.26000
8500,3151.150000,1900.000000,9.26000
8501,3152.730000,300.000000,9.26000
8502,3155.890000,200.000000,9.25000
8503,3158.580000,2000.000000,9.25000
8504,3159.120000,1400.000000,9.25000
8505,3161.930000,300.000000,9.26000
8506,3162.680000,1600.000000,9.25000
8507,3162.960000,200.000000,9.26000
8508,3166.720000,200.000000,9.25000
8509,3167.590000,200.000000,9.26000
8510,3168.900000,1000.000000,9.26000
8511,3169.990000,1000.000000,9.26000
8512,3170.360000,100.000000,9.26000
8513,3172.850000,2100.000000,9.26000
8514,3177.850000,200.000000,9.25000
8515,3180.630000,10000.000000,9.25000
8516,3180.980000,7000.000000,9.26000
8517,3182.710000,1000.000000,9.25000
8518,3183.290000,72.000000,9.25000
8519,3183.290000,428.000000,9.25000
8520,3185.640000,1300.000000,9.25000
8521,3186.790000,72.000000,9.25000
8522,3186.790000,1000.000000,9.25000
8523,3186.790000,5000.000000,9.25000
8524,3186.790000,4928.000000,9.25000
8525,3187.350000,200.000000,9.26000
8526,3187.940000,72.000000,9.25000
8527,3187.940000,1028.000000,9.25000
8528,3188.230000,100.000000,9.26000
8529,3188.770000,6972.000000,9.25000
8530,3188.770000,100.000000,9.25000
8531,3188.770000,300.000000,9.25000
8532,3188.770000,3628.000000,9.25000
8533,3188.870000,200.000000,9.25000
8534,3189.850000,3100.000000,9.26000
8535,3192.500000,2100.000000,9.26000
8536,3192.690000,1172.000000,9.25000
8537,3192.690000,628.000000,9.25000
8538,3194.710000,100.000000,9.26000
8539,3196.820000,100.000000,9.26000
8540,3197.740000,400.000000,9.26000
8541,3198.090000,100.000000,9.25000
8542,3199.760000,100.000000,9.25000
8543,3201.420000,2000.000000,9.25000
8544,3201.810000,100.000000,9.26000
8545,3203.090000,2100.000000,9.26000
8546,3204.310000,100.000000,9.26000
8547,3204.410000,100.000000,9.26000
8548,3204.660000,500.000000,9.26000
8549,3205.890000,1000.000000,9.26000
8550,3206.220000,100.000000,9.25000
8551,3207.580000,2300.000000,9.25000
8552,3210.910000,200.000000,9.25000
8553,3211.780000,1800.000000,9.26000
8554,3214.950000,2100.000000,9.26000
8555,3217.880000,1000.000000,9.26000
8556,3218.430000,600.000000,9.26000
8557,3220.820000,1300.000000,9.25000
8558,3221.470000,400.000000,9.26000
8559,3221.470000,100.000000,9.26000
8560,3222.430000,200.000000,9.25000
8561,3223.110000,1700.000000,9.25000
8562,3223.450000,200.000000,9.26000
8563,3223.450000,1800.000000,9.26000
8564,3224.820000,200.000000,9.26000
8565,3224.970000,1000.000000,9.26000
8566,3228.040000,2272.000000,9.25000
8567,3228.040000,100.000000,9.25000
8568,3228.040000,1000.000000,9.25000
8569,3228.040000,1900.000000,9.25000
8570,3228.040000,3100.000000,9.25000
8571,3228.040000,1800.000000,9.25000
8572,3228.040000,828.000000,9.25000
8573,3229.360000,1000.000000,9.26000
8574,3229.430000,100.000000,9.25000
8575,3229.480000,100.000000,9.26000
8576,3232.750000,200.000000,9.25000
8577,3234.240000,300.000000,9.26000
8578,3234.410000,1100.000000,9.26000
8579,3236.220000,200.000000,9.26000
8580,3236.360000,300.000000,9.26000
8581,3236.740000,872.000000,9.25000
8582,3236.740000,100.000000,9.25000
8583,3236.740000,200.000000,9.25000
8584,3236.740000,828.000000,9.25000
8585,3236.880000,1200.000000,9.25000
8586,3239.770000,400.000000,9.26000
8587,3241.180000,100.000000,9.26000
8588,3241.880000,100.000000,9.25000
8589,3242.570000,3000.000000,9.26000
8590,3243.390000,20000.000000,9.26000
8591,3243.780000,200.000000,9.25000
8592,3249.090000,400.000000,9.26000
8593,3252.330000,1600.000000,9.25000
8594,3253.340000,200.000000,9.25000
8595,3253.410000,1000.000000,9.25000
8596,3254.790000,200.000000,9.25000
8597,3255.860000,1000.000000,9.26000
8598,3257.700000,500.000000,9.26000
8599,3259.480000,200.000000,9.25000
8600,3259.600000,500.000000,9.25000
8601,3263.920000,1400.000000,9.25000
8602,3265.850000,100.000000,9.25000
8603,3266.640000,200.000000,9.25000
8604,3267.690000,1000.000000,9.26000
8605,3271.280000,3072.000000,9.25000
8606,3271.280000,1928.000000,9.25000
8607,3271.660000,1600.000000,9.26000
8608,3271.660000,1600.000000,9.26000
8609,3271.660000,5600.000000,9.26000
8610,3271.660000,200.000000,9.26000
8611,3271.660000,1000.000000,9.26000
8612,3272.300000,100.000000,9.26000
8613,3273.950000,1900.000000,9.26000
8614,3275.170000,700.000000,9.26000
8615,3276.930000,200.000000,9.25000
8616,3279.590000,2000.000000,9.25000
8617,3280.210000,1300.000000,9.26000
8618,3280.210000,4900.000000,9.26000
8619,3280.210000,2300.000000,9.26000
8620,3280.210000,1500.000000,9.26000
8621,3282.370000,872.000000,9.25000
8622,3282.370000,928.000000,9.25000
8623,3282.930000,72.000000,9.25000
8624,3282.930000,1028.000000,9.25000
8625,3283.250000,800.000000,9.25000
8626,3285.140000,100.000000,9.26000
8627,3285.510000,500.000000,9.25000
8628,3288.190000,200.000000,9.25000
8629,3289.450000,3000.000000,9.26000
8630,3289.490000,2000.000000,9.26000
8631,3290.270000,1400.000000,9.26000
8632,3291.120000,10000.000000,9.26000
8633,3294.510000,100.000000,9.26000
8634,3295.170000,2500.000000,9.26000
8635,3297.040000,2100.000000,9.26000
8636,3299.080000,200.000000,9.25000
8637,3300.280000,9200.000000,9.26000
8638,3301.600000,200.000000,9.25000
8639,3303.880000,1000.000000,9.26000
8640,3304.480000,1000.000000,9.26000
8641,3305.460000,372.000000,9.25000
8642,3305.460000,300.000000,9.25000
8643,3305.460000,100.000000,9.25000
8644,3305.460000,628.000000,9.25000
8645,3306.000000,3700.000000,9.25000
8646,3307.680000,200.000000,9.26000
8647,3307.970000,700.000000,9.26000
8648,3307.970000,4700.000000,9.26000
8649,3308.140000,2500.000000,9.26000
8650,3308.900000,1000.000000,9.26000
8651,3309.140000,900.000000,9.26000
8652,3310.130000,100.000000,9.25000
8653,3312.660000,1200.000000,9.25000
8654,3312.850000,1700.000000,9.25000
8655,3315.600000,100.000000,9.26000
8656,3316.080000,800.000000,9.26000
8657,3316.410000,2100.000000,9.26000
8658,3317.220000,900.000000,9.26000
8659,3317.220000,1100.000000,9.26000
8660,3317.640000,2000.000000,9.26000
8661,3320.970000,200.000000,9.25000
8662,3322.250000,1000.000000,9.26000
8663,3322.670000,1000.000000,9.26000
8664,3323.280000,100.000000,9.26000
8665,3325.260000,2172.000000,9.25000
8666,3325.260000,928.000000,9.25000
8667,3325.290000,2000.000000,9.26000
8668,3325.890000,4500.000000,9.26000
8669,3326.000000,8300.000000,9.26000
8670,3326.000000,1000.000000,9.26000
8671,3326.000000,700.000000,9.26000
8672,3326.490000,72.000000,9.25000
8673,3326.490000,528.000000,9.25000
8674,3326.990000,200.000000,9.25000
8675,3327.280000,1000.000000,9.26000
8676,3327.340000,100.000000,9.25000
8677,3327.550000,2300.000000,9.25000
8678,3332.140000,272.000000,9.25000
8679,3332.140000,300.000000,9.25000
8680,3332.140000,200.000000,9.25000
8681,3332.140000,500.000000,9.25000
8682,3332.140000,100.000000,9.25000
8683,3332.140000,100.000000,9.25000
8684,3332.140000,500.000000,9.25000
8685,3332.140000,1128.000000,9.25000
8686,3332.670000,200.000000,9.25000
8687,3332.960000,100.000000,9.26000
8688,3333.220000,3100.000000,9.25000
8689,3334.560000,1000.000000,9.26000
8690,3335.680000,500.000000,9.26000
8691,3336.450000,4572.000000,9.25000
8692,3336.450000,1728.000000,9.25000
8693,3336.740000,100.000000,9.26000
8694,3336.770000,1272.000000,9.25000
8695,3336.770000,328.000000,9.25000
8696,3337.190000,1772.000000,9.25000
8697,3337.190000,2000.000000,9.25000
8698,3337.190000,1100.000000,9.25000
8699,3337.190000,500.000000,9.25000
8700,3337.190000,800.000000,9.25000
8701,3337.190000,128.000000,9.25000
8702,3338.110000,1400.000000,9.25000
8703,3338.940000,2000.000000,9.26000
8704,3339.430000,1700.000000,9.25000
8705,3339.950000,2272.000000,9.25000
8706,3339.950000,328.000000,9.25000
8707,3340.770000,600.000000,9.26000
8708,3340.770000,900.000000,9.26000
8709,3342.870000,572.000000,9.25000
8710,3342.870000,1000.000000,9.25000
8711,3342.870000,228.000000,9.25000
8712,3343.510000,100.000000,9.26000
8713,3343.960000,200.000000,9.25000
8714,3344.780000,100.000000,9.26000
8715,3345.460000,2372.000000,9.25000
8716,3345.460000,1200.000000,9.25000
8717,3345.460000,800.000000,9.25000
8718,3345.460000,100.000000,9.25000
8719,3345.460000,1000.000000,9.25000
8720,3345.460000,300.000000,9.25000
8721,3345.460000,1000.000000,9.25000
8722,3345.460000,1000.000000,9.25000
8723,3345.460000,100.000000,9.25000
8724,3345.460000,1000.000000,9.25000
8725,3345.460000,1400.000000,9.25000
8726,3345.460000,2100.000000,9.25000
8727,3345.460000,1500.000000,9.25000
8728,3345.460000,100.000000,9.25000
8729,3345.460000,700.000000,9.25000
8730,3345.460000,300.000000,9.25000
8731,3345.460000,1000.000000,9.25000
8732,3345.460000,3000.000000,9.25000
8733,3345.460000,2400.000000,9.25000
8734,3345.460000,1200.000000,9.25000
8735,3345.460000,100.000000,9.25000
8736,3345.460000,200.000000,9.25000
8737,3345.460000,200.000000,9.25000
8738,3345.460000,2500.000000,9.25000
8739,3345.460000,100.000000,9.25000
8740,3345.460000,1000.000000,9.25000
8741,3345.460000,500.000000,9.25000
8742,3345.460000,500.000000,9.25000
8743,3345.460000,2000.000000,9.25000
8744,3345.460000,1000.000000,9.25000
8745,3345.460000,5000.000000,9.25000
8746,3345.460000,500.000000,9.25000
8747,3345.460000,6128.000000,9.25000
8748,3345.550000,900.000000,9.26000
8749,3345.550000,6100.000000,9.26000
8750,3347.990000,16600.000000,9.26000
8751,3348.920000,4700.000000,9.26000
8752,3348.920000,500.000000,9.26000
8753,3348.920000,4800.000000,9.26000
8754,3349.160000,200.000000,9.26000
8755,3350.210000,2900.000000,9.26000
8756,3350.380000,800.000000,9.26000
8757,3352.510000,100.000000,9.25000
8758,3355.120000,100.000000,9.25000
8759,3355.880000,500.000000,9.26000
8760,3355.980000,100.000000,9.26000
8761,3356.740000,200.000000,9.26000
8762,3359.650000,2500.000000,9.26000
8763,3360.240000,100.000000,9.25000
8764,3361.340000,1400.000000,9.25000
8765,3361.680000,9000.000000,9.26000
8766,3363.540000,1000.000000,9.25000
8767,3366.130000,200.000000,9.25000
8768,3366.910000,100.000000,9.26000
8769,3369.390000,200.000000,9.26000
8770,3371.810000,1300.000000,9.26000
8771,3372.880000,1600.000000,9.25000
8772,3375.790000,100.000000,9.26000
8773,3375.890000,1000.000000,9.26000
8774,3376.130000,600.000000,9.26000
8775,3376.300000,1300.000000,9.26000
8776,3377.130000,200.000000,9.25000
8777,3378.140000,1000.000000,9.26000
8778,3380.610000,2600.000000,9.25000
8779,3387.320000,2900.000000,9.25000
8780,3387.330000,100.000000,9.25000
8781,3388.220000,200.000000,9.25000
8782,3388.460000,1100.000000,9.26000
8783,3393.120000,1400.000000,9.25000
8784,3397.500000,1000.000000,9.25000
8785,3398.370000,200.000000,9.26000
8786,3399.030000,200.000000,9.25000
8787,3400.950000,22100.000000,9.26000
8788,3400.950000,600.000000,9.26000
8789,3400.950000,300.000000,9.26000
8790,3400.950000,300.000000,9.26000
8791,3400.950000,3800.000000,9.26000
8792,3403.270000,100.000000,9.25000
8793,3403.300000,1700.000000,9.25000
8794,3407.250000,500.000000,9.25000
8795,3410.150000,200.000000,9.25000
8796,3416.660000,3000.000000,9.25000
8797,3418.080000,1600.000000,9.26000
8798,3418.770000,500.000000,9.25000
8799,3419.930000,100.000000,9.26000
8800,3421.180000,200.000000,9.25000
8801,3422.250000,3700.000000,9.25000
8802,3427.290000,2300.000000,9.25000
8803,3430.370000,200.000000,9.26000
8804,3431.730000,100.000000,9.25000
8805,3431.850000,1300.000000,9.25000
8806,3432.060000,1300.000000,9.25000
8807,3432.130000,1800.000000,9.25000
8808,3432.400000,100.000000,9.25000
8809,3432.800000,6000.000000,9.25000
8810,3433.710000,200.000000,9.26000
8811,3433.740000,2000.000000,9.26000
8812,3433.880000,100.000000,9.25000
8813,3437.620000,100.000000,9.25000
8814,3440.260000,100.000000,9.26000
8815,3440.850000,600.000000,9.25000
8816,3441.350000,100.000000,9.26000
8817,3442.700000,1700.000000,9.25000
8818,3443.270000,200.000000,9.25000
8819,3443.370000,3300.000000,9.26000
8820,3443.370000,6700.000000,9.26000
8821,3445.430000,400.000000,9.26000
8822,3445.430000,1600.000000,9.26000
8823,3447.590000,200.000000,9.25000
8824,3447.590000,100.000000,9.26000
8825,3450.060000,700.000000,9.26000
8826,3451.100000,1000.000000,9.25000
8827,3453.410000,1100.000000,9.25000
8828,3454.260000,200.000000,9.25000
8829,3455.970000,1200.000000,9.26000
8830,3456.410000,300.000000,9.25000
8831,3459.060000,1200.000000,9.26000
8832,3461.140000,600.000000,9.26000
8833,3461.140000,200.000000,9.26000
8834,3461.140000,1300.000000,9.26000
8835,3462.550000,1700.000000,9.25000
8836,3463.260000,500.000000,9.26000
8837,3463.350000,772.000000,9.25000
8838,3463.350000,200.000000,9.25000
8839,3463.350000,428.000000,9.25000
8840,3464.980000,5300.000000,9.26000
8841,3464.980000,500.000000,9.26000
8842,3464.980000,7900.000000,9.26000
8843,3464.980000,100.000000,9.26000
8844,3464.980000,200.000000,9.26000
8845,3464.980000,700.000000,9.26000
8846,3464.980000,100.000000,9.26000
8847,3464.980000,2100.000000,9.26000
8848,3464.980000,2000.000000,9.26000
8849,3464.980000,500.000000,9.26000
8850,3464.980000,600.000000,9.26000
8851,3465.130000,100.000000,9.25000
8852,3468.460000,1472.000000,9.25000
8853,3468.460000,1000.000000,9.25000
8854,3468.460000,1000.000000,9.25000
8855,3468.460000,328.000000,9.25000
8856,3470.260000,600.000000,9.26000
8857,3470.260000,1500.000000,9.26000
8858,3470.260000,900.000000,9.26000
8859,3470.430000,100.000000,9.26000
8860,3473.920000,500.000000,9.26000
8861,3473.920000,1500.000000,9.26000
8862,3476.160000,200.000000,9.25000
8863,3477.990000,1000.000000,9.26000
8864,3478.340000,100.000000,9.26000
8865,3483.640000,2400.000000,9.26000
8866,3483.640000,1000.000000,9.26000
8867,3483.640000,1200.000000,9.26000
8868,3483.640000,2000.000000,9.26000
8869,3483.640000,1200.000000,9.26000
8870,3483.640000,3500.000000,9.26000
8871,3483.640000,5000.000000,9.26000
8872,3483.640000,300.000000,9.26000
8873,3483.640000,4000.000000,9.26000
8874,3483.640000,5000.000000,9.26000
8875,3483.640000,400.000000,9.26000
8876,3483.640000,500.000000,9.26000
8877,3483.640000,1800.000000,9.26000
8878,3485.500000,200.000000,9.26000
8879,3486.110000,100.000000,9.26000
8880,3487.510000,200.000000,9.25000
8881,3489.130000,500.000000,9.26000
8882,3489.760000,100.000000,9.26000
8883,3492.560000,272.000000,9.25000
8884,3492.560000,300.000000,9.25000
8885,3492.560000,1000.000000,9.25000
8886,3492.560000,100.000000,9.25000
8887,3492.560000,28.000000,9.25000
8888,3493.480000,400.000000,9.25000
8889,3494.620000,72.000000,9.25000
8890,3494.620000,28.000000,9.25000
8891,3496.800000,972.000000,9.25000
8892,3496.800000,200.000000,9.25000
8893,3496.800000,128.000000,9.25000
8894,3498.120000,200.000000,9.25000
8895,3498.330000,300.000000,9.26000
8896,3498.330000,200.000000,9.26000
8897,3500.730000,100.000000,9.25000
8898,3505.700000,2600.000000,9.26000
8899,3505.700000,100.000000,9.26000
8900,3505.700000,6600.000000,9.26000
8901,3508.310000,100.000000,9.26000
8902,3509.120000,1000.000000,9.26000
8903,3509.120000,1000.000000,9.26000
8904,3509.170000,100.000000,9.25000
8905,3511.840000,200.000000,9.26000
8906,3515.220000,700.000000,9.26000
8907,3516.920000,100.000000,9.26000
8908,3517.680000,100.000000,9.26000
8909,3519.080000,72.000000,9.25000
8910,3519.080000,800.000000,9.25000
8911,3519.080000,600.000000,9.25000
8912,3519.080000,1000.000000,9.25000
8913,3519.080000,28.000000,9.25000
8914,3520.150000,200.000000,9.25000
8915,3520.180000,1400.000000,9.26000
8916,3522.980000,1600.000000,9.25000
8917,3523.770000,200.000000,9.26000
8918,3523.890000,2100.000000,9.26000
8919,3524.050000,200.000000,9.26000
8920,3524.130000,1000.000000,9.26000
8921,3525.100000,200.000000,9.26000
8922,3527.690000,2072.000000,9.25000
8923,3527.690000,700.000000,9.25000
8924,3527.690000,1028.000000,9.25000
8925,3529.170000,100.000000,9.26000
8926,3531.210000,200.000000,9.25000
8927,3532.490000,2200.000000,9.26000
8928,3532.490000,10500.000000,9.26000
8929,3532.490000,200.000000,9.26000
8930,3532.490000,3800.000000,9.26000
8931,3532.490000,100.000000,9.26000
8932,3532.490000,1450.000000,9.26000
8933,3532.490000,400.000000,9.26000
8934,3532.490000,1350.000000,9.26000
8935,3533.970000,4850.000000,9.26000
8936,3533.970000,5500.000000,9.26000
8937,3533.970000,19000.000000,9.26000
8938,3533.970000,6700.000000,9.26000
8939,3533.970000,18000.000000,9.26000
8940,3533.970000,4250.000000,9.26000
8941,3534.150000,200.000000,9.26000
8942,3534.290000,100.000000,9.26000
8943,3534.360000,100.000000,9.26000
8944,3534.390000,100.000000,9.26000
8945,3535.360000,250.000000,9.26000
8946,3535.360000,1000.000000,9.26000
8947,3535.360000,1750.000000,9.26000
8948,3536.120000,1200.000000,9.25000
8949,3538.980000,100.000000,9.26000
8950,3541.350000,300.000000,9.26000
8951,3542.070000,200.000000,9.25000
8952,3544.390000,50.000000,9.26000
8953,3544.390000,150.000000,9.26000
8954,3544.890000,2600.000000,9.26000
8955,3551.460000,900.000000,9.26000
8956,3553.240000,200.000000,9.25000
8957,3555.210000,100.000000,9.26000
8958,3557.990000,600.000000,9.26000
8959,3563.750000,300.000000,9.26000
8960,3564.200000,200.000000,9.25000
8961,3564.310000,100.000000,9.26000
8962,3566.690000,3900.000000,9.26000
8963,3567.480000,800.000000,9.26000
8964,3571.020000,100.000000,9.26000
8965,3572.800000,500.000000,9.26000
8966,3575.190000,200.000000,9.25000
8967,3576.910000,500.000000,9.26000
8968,3578.560000,400.000000,9.26000
8969,3581.250000,10000.000000,9.26000
8970,3586.110000,100.000000,9.25000
8971,3589.660000,100.000000,9.26000
8972,3590.390000,400.000000,9.26000
8973,3593.100000,100.000000,9.25000
8974,3593.180000,2500.000000,9.26000
8975,3597.170000,200.000000,9.25000
8976,3598.520000,372.000000,9.25000
8977,3598.520000,1000.000000,9.25000
8978,3598.520000,100.000000,9.25000
8979,3598.520000,128.000000,9.25000
8980,3601.040000,100.000000,9.26000
8981,3602.440000,1700.000000,9.25000
8982,3606.760000,1500.000000,9.25000
8983,3606.900000,1472.000000,9.25000
8984,3606.900000,100.000000,9.25000
8985,3606.900000,28.000000,9.25000
8986,3607.090000,1600.000000,9.25000
8987,3607.330000,672.000000,9.25000
8988,3607.330000,928.000000,9.25000
8989,3607.560000,300.000000,9.26000
8990,3608.090000,200.000000,9.25000
8991,3611.230000,1700.000000,9.25000
8992,3612.170000,100.000000,9.26000
8993,3612.670000,672.000000,9.25000
8994,3612.670000,928.000000,9.25000
8995,3616.730000,500.000000,9.26000
8996,3617.000000,72.000000,9.25000
8997,3617.000000,1528.000000,9.25000
8998,3617.620000,300.000000,9.26000
8999,3619.160000,200.000000,9.25000
9000,3619.860000,100.000000,9.26000
9001,3626.690000,2000.000000,9.26000
9002,3629.630000,100.000000,9.26000
9003,3629.940000,100.000000,9.26000
9004,3630.310000,200.000000,9.25000
9005,3630.630000,16300.000000,9.26000
9006,3630.890000,500.000000,9.25000
9007,3632.520000,100.000000,9.25000
9008,3633.510000,400.000000,9.26000
9009,3634.580000,1100.000000,9.25000
9010,3635.310000,300.000000,9.25000
9011,3638.330000,1072.000000,9.25000
9012,3638.330000,300.000000,9.25000
9013,3638.330000,200.000000,9.25000
9014,3638.330000,728.000000,9.25000
9015,3638.930000,1372.000000,9.25000
9016,3638.930000,228.000000,9.25000
9017,3639.920000,100.000000,9.26000
9018,3640.980000,872.000000,9.25000
9019,3640.980000,728.000000,9.25000
9020,3641.100000,72.000000,9.25000
9021,3641.100000,100.000000,9.25000
9022,3641.100000,28.000000,9.25000
9023,3642.680000,1700.000000,9.25000
9024,3642.750000,1272.000000,9.25000
9025,3642.750000,1500.000000,9.25000
9026,3642.750000,400.000000,9.25000
9027,3642.750000,1828.000000,9.25000
9028,3650.770000,500.000000,9.25000
9029,3651.910000,100.000000,9.26000
9030,3651.920000,100.000000,9.26000
9031,3652.080000,100.000000,9.25000
9032,3653.510000,1472.000000,9.25000
9033,3653.510000,800.000000,9.25000
9034,3653.510000,6328.000000,9.25000
9035,3655.120000,3100.000000,9.26000
9036,3656.910000,500.000000,9.25000
9037,3658.700000,600.000000,9.25000
9038,3660.280000,200.000000,9.26000
9039,3663.030000,200.000000,9.25000
9040,3666.680000,3200.000000,9.25000
9041,3668.570000,9172.000000,9.25000
9042,3668.570000,828.000000,9.25000
9043,3669.600000,2100.000000,9.26000
9044,3670.920000,100.000000,9.26000
9045,3672.180000,2100.000000,9.25000
9046,3673.100000,1600.000000,9.25000
9047,3673.590000,100.000000,9.26000
9048,3674.120000,200.000000,9.25000
9049,3678.530000,100.000000,9.25000
9050,3678.600000,100.000000,9.26000
9051,3681.190000,100.000000,9.26000
9052,3681.310000,1172.000000,9.25000
9053,3681.310000,228.000000,9.25000
9054,3685.180000,200.000000,9.25000
9055,3692.180000,100.000000,9.25000
9056,3696.180000,100.000000,9.25000
9057,3696.250000,1372.000000,9.25000
9058,3696.250000,328.000000,9.25000
9059,3697.010000,100.000000,9.25000
9060,3700.310000,372.000000,9.25000
9061,3700.310000,200.000000,9.25000
9062,3700.310000,1028.000000,9.25000
9063,3700.370000,8600.000000,9.26000
9064,3701.370000,2000.000000,9.26000
9065,3703.120000,1800.000000,9.25000
9066,3703.330000,1000.000000,9.26000
9067,3704.340000,11000.000000,9.26000
9068,3705.030000,872.000000,9.25000
9069,3705.030000,828.000000,9.25000
9070,3706.940000,200.000000,9.25000
9071,3707.020000,972.000000,9.25000
9072,3707.020000,5000.000000,9.25000
9073,3707.020000,200.000000,9.25000
9074,3707.020000,1000.000000,9.25000
9075,3707.020000,300.000000,9.25000
9076,3707.020000,100.000000,9.25000
9077,3707.020000,500.000000,9.25000
9078,3707.020000,2000.000000,9.25000
9079,3707.020000,10000.000000,9.25000
9080,3707.020000,8000.000000,9.25000
9081,3707.020000,1000.000000,9.25000
9082,3707.020000,200.000000,9.25000
9083,3707.020000,628.000000,9.25000
9084,3707.980000,372.000000,9.25000
9085,3707.980000,1928.000000,9.25000
9086,3713.710000,72.000000,9.25000
9087,3713.710000,600.000000,9.25000
9088,3713.710000,1600.000000,9.25000
9089,3713.710000,200.000000,9.25000
9090,3713.710000,1000.000000,9.25000
9091,3713.710000,1200.000000,9.25000
9092,3713.710000,400.000000,9.25000
9093,3713.710000,5828.000000,9.25000
9094,3714.010000,100.000000,9.25000
9095,3715.170000,200.000000,9.26000
9096,3717.990000,200.000000,9.25000
9097,3718.380000,2600.000000,9.26000
9098,3718.380000,4872.000000,9.25000
9099,3718.380000,300.000000,9.25000
9100,3718.380000,600.000000,9.25000
9101,3718.380000,4228.000000,9.25000
9102,3720.410000,5200.000000,9.25000
9103,3722.340000,20572.000000,9.25000
9104,3722.340000,500.000000,9.25000
9105,3722.340000,1000.000000,9.25000
9106,3722.340000,200.000000,9.25000
9107,3722.340000,100.000000,9.25000
9108,3722.340000,100.000000,9.25000
9109,3722.340000,1500.000000,9.25000
9110,3722.340000,300.000000,9.25000
9111,3722.340000,300.000000,9.25000
9112,3722.340000,1900.000000,9.25000
9113,3722.340000,1200.000000,9.25000
9114,3722.340000,2000.000000,9.25000
9115,3722.340000,300.000000,9.25000
9116,3722.340000,1400.000000,9.25000
9117,3722.340000,2200.000000,9.25000
9118,3722.340000,100.000000,9.25000
9119,3722.340000,1000.000000,9.25000
9120,3722.340000,200.000000,9.25000
9121,3722.340000,1800.000000,9.25000
9122,3722.340000,100.000000,9.25000
9123,3722.340000,2000.000000,9.25000
9124,3722.340000,100.000000,9.25000
9125,3722.340000,400.000000,9.25000
9126,3722.340000,100.000000,9.25000
9127,3722.340000,200.000000,9.25000
9128,3722.340000,3000.000000,9.25000
9129,3722.340000,1000.000000,9.25000
9130,3722.340000,200.000000,9.25000
9131,3722.340000,100.000000,9.25000
9132,3722.340000,1000.000000,9.25000
9133,3722.340000,300.000000,9.25000
9134,3722.340000,5700.000000,9.25000
9135,3722.340000,500.000000,9.25000
9136,3722.340000,800.000000,9.25000
9137,3722.340000,200.000000,9.25000
9138,3722.340000,1400.000000,9.25000
9139,3722.340000,1500.000000,9.25000
9140,3722.340000,1000.000000,9.25000
9141,3722.340000,1000.000000,9.25000
9142,3722.340000,1000.000000,9.25000
9143,3722.340000,1000.000000,9.25000
9144,3722.340000,3000.000000,9.25000
9145,3722.340000,500.000000,9.25000
9146,3722.340000,5700.000000,9.25000
9147,3722.340000,200.000000,9.25000
9148,3722.340000,1900.000000,9.25000
9149,3722.340000,1400.000000,9.25000
9150,3722.340000,200.000000,9.25000
9151,3722.340000,200.000000,9.25000
9152,3722.340000,200.000000,9.25000
9153,3722.340000,1000.000000,9.25000
9154,3722.340000,400.000000,9.25000
9155,3722.340000,3000.000000,9.25000
9156,3722.340000,1000.000000,9.25000
9157,3722.340000,500.000000,9.25000
9158,3722.340000,100.000000,9.25000
9159,3722.340000,100.000000,9.25000
9160,3722.340000,1200.000000,9.25000
9161,3722.340000,1000.000000,9.25000
9162,3722.340000,1800.000000,9.25000
9163,3722.340000,300.000000,9.25000
9164,3722.340000,300.000000,9.25000
9165,3722.340000,100.000000,9.25000
9166,3722.340000,500.000000,9.25000
9167,3722.340000,1000.000000,9.25000
9168,3722.340000,800.000000,9.25000
9169,3722.340000,100.000000,9.25000
9170,3722.340000,20000.000000,9.25000
9171,3722.340000,2300.000000,9.25000
9172,3722.340000,1000.000000,9.25000
9173,3722.340000,2000.000000,9.25000
9174,3722.340000,100.000000,9.25000
9175,3722.340000,500.000000,9.25000
9176,3722.340000,100.000000,9.25000
9177,3722.340000,1000.000000,9.25000
9178,3722.340000,100.000000,9.25000
9179,3722.340000,3100.000000,9.25000
9180,3722.340000,1000.000000,9.25000
9181,3722.340000,1000.000000,9.25000
9182,3722.340000,1000.000000,9.25000
9183,3722.340000,2500.000000,9.25000
9184,3722.340000,1000.000000,9.25000
9185,3722.340000,1200.000000,9.25000
9186,3722.340000,3000.000000,9.25000
9187,3722.340000,2300.000000,9.25000
9188,3722.340000,900.000000,9.25000
9189,3722.340000,5000.000000,9.25000
9190,3722.340000,1000.000000,9.25000
9191,3722.340000,1000.000000,9.25000
9192,3722.340000,372.000000,9.25000
9193,3722.340000,500.000000,9.25000
9194,3722.340000,3000.000000,9.25000
9195,3722.340000,200.000000,9.25000
9196,3722.340000,3000.000000,9.25000
9197,3722.340000,600.000000,9.25000
9198,3722.340000,700.000000,9.25000
9199,3722.340000,100.000000,9.25000
9200,3722.340000,1100.000000,9.25000
9201,3722.340000,1200.000000,9.25000
9202,3722.340000,1000.000000,9.25000
9203,3722.340000,3000.000000,9.25000
9204,3722.340000,1200.000000,9.25000
9205,3722.340000,100.000000,9.25000
9206,3722.340000,300.000000,9.25000
9207,3722.340000,100.000000,9.25000
9208,3722.340000,800.000000,9.25000
9209,3722.340000,1400.000000,9.25000
9210,3722.340000,100.000000,9.25000
9211,3722.340000,100.000000,9.25000
9212,3722.340000,100.000000,9.25000
9213,3722.340000,300.000000,9.25000
9214,3722.340000,100.000000,9.25000
9215,3722.340000,4700.000000,9.25000
9216,3722.340000,200.000000,9.25000
9217,3722.340000,1900.000000,9.25000
9218,3722.340000,900.000000,9.25000
9219,3722.340000,6100.000000,9.25000
9220,3722.340000,200.000000,9.25000
9221,3722.340000,100.000000,9.25000
9222,3722.340000,5000.000000,9.25000
9223,3722.340000,2000.000000,9.25000
9224,3722.340000,100.000000,9.25000
9225,3722.340000,500.000000,9.25000
9226,3722.340000,100.000000,9.25000
9227,3722.340000,1000.000000,9.25000
9228,3722.340000,10000.000000,9.25000
9229,3722.340000,1000.000000,9.25000
9230,3722.340000,1200.000000,9.25000
9231,3722.340000,600.000000,9.25000
9232,3722.340000,200.000000,9.25000
9233,3722.340000,100.000000,9.25000
9234,3722.340000,200.000000,9.25000
9235,3722.340000,100.000000,9.25000
9236,3722.340000,100.000000,9.25000
9237,3722.340000,100.000000,9.25000
9238,3722.340000,3600.000000,9.25000
9239,3722.340000,1000.000000,9.25000
9240,3722.340000,500.000000,9.25000
9241,3722.340000,2000.000000,9.25000
9242,3722.340000,256.000000,9.25000
9243,3722.560000,4250.000000,9.26000
9244,3722.560000,550.000000,9.26000
9245,3724.550000,744.000000,9.25000
9246,3724.550000,1000.000000,9.25000
9247,3724.550000,256.000000,9.25000
9248,3725.250000,200.000000,9.26000
9249,3725.540000,1100.000000,9.25000
9250,3726.150000,100.000000,9.26000
9251,3726.650000,644.000000,9.25000
9252,3726.650000,1000.000000,9.25000
9253,3726.650000,1100.000000,9.25000
9254,3726.650000,1156.000000,9.25000
9255,3726.710000,844.000000,9.25000
9256,3726.710000,1200.000000,9.25000
9257,3726.710000,256.000000,9.25000
9258,3727.020000,100.000000,9.25000
9259,3727.120000,100.000000,9.25000
9260,3728.080000,744.000000,9.25000
9261,3728.080000,256.000000,9.25000
9262,3728.090000,744.000000,9.25000
9263,3728.090000,256.000000,9.25000
9264,3728.410000,544.000000,9.25000
9265,3728.410000,2956.000000,9.25000
9266,3729.190000,44.000000,9.25000
9267,3729.190000,56.000000,9.25000
9268,3732.320000,244.000000,9.25000
9269,3732.320000,600.000000,9.25000
9270,3732.320000,100.000000,9.25000
9271,3732.320000,756.000000,9.25000
9272,3733.840000,200.000000,9.26000
9273,3734.290000,244.000000,9.25000
9274,3734.290000,2000.000000,9.25000
9275,3734.290000,100.000000,9.25000
9276,3734.290000,7656.000000,9.25000
9277,3735.080000,200.000000,9.25000
9278,3735.560000,5500.000000,9.25000
9279,3738.930000,200.000000,9.26000
9280,3740.170000,200.000000,9.25000
9281,3740.720000,2400.000000,9.25000
9282,3742.130000,4044.000000,9.25000
9283,3742.130000,3656.000000,9.25000
9284,3746.230000,900.000000,9.25000
9285,3750.140000,2500.000000,9.25000
9286,3751.160000,200.000000,9.25000
9287,3751.700000,500.000000,9.25000
9288,3752.840000,2000.000000,9.25000
9289,3753.950000,1844.000000,9.25000
9290,3753.950000,656.000000,9.25000
9291,3758.490000,2144.000000,9.25000
9292,3758.490000,500.000000,9.25000
9293,3758.490000,2700.000000,9.25000
9294,3758.490000,500.000000,9.25000
9295,3758.490000,400.000000,9.25000
9296,3758.490000,3756.000000,9.25000
9297,3758.780000,2000.000000,9.25000
9298,3762.310000,200.000000,9.25000
9299,3762.350000,1700.000000,9.25000
9300,3763.650000,1450.000000,9.26000
9301,3763.650000,650.000000,9.26000
9302,3764.220000,800.000000,9.25000
9303,3764.520000,800.000000,9.25000
9304,3764.750000,100.000000,9.25000
9305,3765.670000,100.000000,9.26000
9306,3766.520000,5900.000000,9.25000
9307,3773.950000,35000.000000,9.25000
9308,3774.100000,200.000000,9.25000
9309,3774.610000,1244.000000,9.25000
9310,3774.610000,1000.000000,9.25000
9311,3774.610000,400.000000,9.25000
9312,3774.610000,456.000000,9.25000
9313,3775.230000,500.000000,9.25000
9314,3775.600000,44.000000,9.25000
9315,3775.600000,100.000000,9.25000
9316,3775.600000,456.000000,9.25000
9317,3776.320000,250.000000,9.26000
9318,3776.320000,300.000000,9.26000
9319,3776.320000,100.000000,9.26000
9320,3776.320000,150.000000,9.26000
9321,3777.830000,44.000000,9.25000
9322,3777.830000,156.000000,9.25000
9323,3782.090000,600.000000,9.25000
9324,3782.490000,244.000000,9.25000
9325,3782.490000,56.000000,9.25000
9326,3782.790000,100.000000,9.25000
9327,3782.810000,1944.000000,9.25000
9328,3782.810000,156.000000,9.25000
9329,3785.040000,100.000000,9.25000
9330,3785.830000,1844.000000,9.25000
9331,3785.830000,500.000000,9.25000
9332,3785.830000,556.000000,9.25000
9333,3787.180000,100.000000,9.26000
9334,3787.250000,1000.000000,9.25000
9335,3787.800000,500.000000,9.25000
9336,3788.050000,100.000000,9.26000
9337,3790.060000,1044.000000,9.25000
9338,3790.060000,900.000000,9.25000
9339,3790.060000,2656.000000,9.24000
9340,3792.780000,1700.000000,9.24000
9341,3796.310000,200.000000,9.24000
9342,3796.750000,100.000000,9.25000
9343,3796.750000,400.000000,9.26000
9344,3796.770000,100.000000,9.26000
9345,3798.550000,5800.000000,9.24000
9346,3799.330000,1150.000000,9.26000
9347,3799.330000,150.000000,9.26000
9348,3803.630000,200.000000,9.25000
9349,3803.630000,300.000000,9.25000
9350,3805.640000,100.000000,9.25000
9351,3805.640000,2000.000000,9.24000
9352,3805.640000,1600.000000,9.24000
9353,3806.440000,2595.000000,9.24000
9354,3806.440000,405.000000,9.24000
9355,3807.160000,5000.000000,9.24000
9356,3807.160000,200.000000,9.24000
9357,3807.790000,100.000000,9.26000
9358,3807.950000,400.000000,9.25000
9359,3813.240000,100.000000,9.25000
9360,3814.280000,1500.000000,9.25000
9361,3814.280000,200.000000,9.25000
9362,3814.280000,400.000000,9.24000
9363,3815.590000,100.000000,9.26000
9364,3816.900000,900.000000,9.24000
9365,3817.720000,3095.000000,9.24000
9366,3817.720000,5605.000000,9.24000
9367,3818.190000,200.000000,9.24000
9368,3820.970000,1000.000000,9.24000
9369,3822.230000,3195.000000,9.24000
9370,3822.230000,2605.000000,9.24000
9371,3823.200000,1700.000000,9.24000
9372,3823.860000,100.000000,9.26000
9373,3827.700000,2000.000000,9.25000
9374,3829.110000,200.000000,9.25000
9375,3829.200000,200.000000,9.24000
9376,3830.280000,2600.000000,9.24000
9377,3831.430000,100.000000,9.25000
9378,3831.630000,300.000000,9.25000
9379,3834.720000,400.000000,9.25000
9380,3834.720000,300.000000,9.25000
9381,3834.950000,100.000000,9.26000
9382,3837.440000,300.000000,9.25000
9383,3838.180000,2000.000000,9.24000
9384,3838.560000,100.000000,9.25000
9385,3839.760000,895.000000,9.24000
9386,3839.760000,1405.000000,9.24000
9387,3840.030000,100.000000,9.24000
9388,3840.710000,300.000000,9.24000
9389,3843.550000,500.000000,9.25000
9390,3843.850000,2100.000000,9.24000
9391,3846.020000,1300.000000,9.24000
9392,3848.280000,100.000000,9.25000
9393,3848.390000,4200.000000,9.25000
9394,3848.390000,200.000000,9.25000
9395,3850.950000,3000.000000,9.25000
9396,3851.100000,200.000000,9.25000
9397,3852.410000,1600.000000,9.25000
9398,3854.180000,800.000000,9.25000
9399,3854.180000,100.000000,9.25000
9400,3854.550000,100.000000,9.26000
9401,3854.760000,300.000000,9.25000
9402,3854.760000,900.000000,9.24000
9403,3856.110000,8495.000000,9.24000
9404,3856.110000,505.000000,9.24000
9405,3856.570000,200.000000,9.25000
9406,3856.780000,4495.000000,9.24000
9407,3856.780000,1000.000000,9.24000
9408,3856.780000,13000.000000,9.24000
9409,3856.780000,800.000000,9.24000
9410,3856.780000,500.000000,9.24000
9411,3856.780000,15000.000000,9.24000
9412,3856.780000,2000.000000,9.24000
9413,3856.780000,500.000000,9.24000
9414,3856.780000,14600.000000,9.24000
9415,3856.780000,305.000000,9.24000
9416,3862.140000,200.000000,9.24000
9417,3862.280000,95.000000,9.24000
9418,3862.280000,8400.000000,9.24000
9419,3862.280000,1505.000000,9.24000
9420,3863.590000,800.000000,9.25000
9421,3864.560000,95.000000,9.24000
9422,3864.560000,5.000000,9.24000
9423,3865.780000,100.000000,9.25000
9424,3868.710000,1500.000000,9.24000
9425,3869.350000,400.000000,9.25000
9426,3869.350000,200.000000,9.25000
9427,3870.110000,500.000000,9.25000
9428,3870.110000,395.000000,9.24000
9429,3870.110000,1500.000000,9.24000
9430,3870.110000,905.000000,9.24000
9431,3873.160000,200.000000,9.24000
9432,3873.860000,295.000000,9.24000
9433,3873.860000,100.000000,9.24000
9434,3873.860000,400.000000,9.24000
9435,3873.860000,100.000000,9.24000
9436,3873.860000,705.000000,9.24000
9437,3873.930000,2000.000000,9.24000
9438,3875.380000,100.000000,9.24000
9439,3878.470000,800.000000,9.24000
9440,3878.670000,500.000000,9.25000
9441,3878.670000,100.000000,9.25000
9442,3879.650000,1600.000000,9.24000
9443,3882.420000,1695.000000,9.24000
9444,3882.420000,5.000000,9.24000
9445,3884.180000,200.000000,9.24000
9446,3884.440000,2100.000000,9.24000
9447,3885.200000,100.000000,9.24000
9448,3885.600000,2595.000000,9.24000
9449,3885.600000,1105.000000,9.24000
9450,3886.050000,200.000000,9.25000
9451,3886.290000,800.000000,9.25000
9452,3886.290000,695.000000,9.24000
9453,3886.290000,1000.000000,9.24000
9454,3886.290000,1000.000000,9.24000
9455,3886.290000,1405.000000,9.24000
9456,3887.870000,200.000000,9.25000
9457,3888.430000,500.000000,9.25000
9458,3890.650000,500.000000,9.25000
9459,3892.610000,300.000000,9.24000
9460,3894.090000,4400.000000,9.24000
9461,3894.660000,1100.000000,9.25000
9462,3895.180000,100.000000,9.24000
9463,3901.490000,2900.000000,9.25000
9464,3901.490000,20000.000000,9.25000
9465,3901.490000,5900.000000,9.25000
9466,3901.490000,500.000000,9.25000
9467,3901.490000,5000.000000,9.25000
9468,3901.490000,900.000000,9.25000
9469,3902.270000,1900.000000,9.25000
9470,3902.690000,2900.000000,9.25000
9471,3902.690000,3795.000000,9.24000
9472,3902.690000,1100.000000,9.24000
9473,3902.690000,900.000000,9.24000
9474,3902.690000,1305.000000,9.24000
9475,3906.250000,200.000000,9.24000
9476,3906.910000,1700.000000,9.24000
9477,3910.110000,10000.000000,9.24000
9478,3912.430000,400.000000,9.25000
9479,3912.430000,1300.000000,9.25000
9480,3913.210000,800.000000,9.25000
9481,3915.490000,1100.000000,9.24000
9482,3917.100000,300.000000,9.25000
9483,3917.200000,200.000000,9.24000
9484,3917.950000,4800.000000,9.24000
9485,3918.190000,2000.000000,9.24000
9486,3920.430000,100.000000,9.25000
9487,3920.500000,2100.000000,9.24000
9488,3925.580000,2000.000000,9.25000
9489,3926.010000,1995.000000,9.24000
9490,3926.010000,500.000000,9.24000
9491,3926.010000,705.000000,9.24000
9492,3926.310000,700.000000,9.25000
9493,3926.410000,700.000000,9.25000
9494,3928.260000,200.000000,9.24000
9495,3933.850000,3900.000000,9.24000
9496,3934.050000,2000.000000,9.24000
9497,3935.110000,100.000000,9.25000
9498,3939.240000,100.000000,9.24000
9499,3939.400000,1500.000000,9.24000
9500,3939.540000,2600.000000,9.25000
9501,3942.210000,1900.000000,9.24000
9502,3942.880000,1700.000000,9.24000
9503,3944.730000,100.000000,9.25000
9504,3948.540000,500.000000,9.24000
9505,3948.920000,2400.000000,9.24000
9506,3950.120000,2300.000000,9.24000
9507,3950.180000,200.000000,9.24000
9508,3954.030000,2100.000000,9.24000
9509,3955.140000,100.000000,9.25000
9510,3958.220000,495.000000,9.24000
9511,3958.220000,1105.000000,9.24000
9512,3960.820000,3895.000000,9.24000
9513,3960.820000,305.000000,9.24000
9514,3961.150000,200.000000,9.24000
9515,3962.910000,2500.000000,9.25000
9516,3962.910000,2500.000000,9.25000
9517,3965.790000,400.000000,9.25000
9518,3967.190000,595.000000,9.24000
9519,3967.190000,3000.000000,9.24000
9520,3967.190000,405.000000,9.24000
9521,3971.380000,795.000000,9.24000
9522,3971.380000,1800.000000,9.24000
9523,3971.380000,500.000000,9.24000
9524,3971.380000,500.000000,9.24000
9525,3971.380000,3100.000000,9.24000
9526,3971.380000,1600.000000,9.24000
9527,3971.380000,305.000000,9.24000
9528,3971.600000,200.000000,9.25000
9529,3972.290000,200.000000,9.24000
9530,3972.320000,1500.000000,9.25000
9531,3972.900000,1495.000000,9.24000
9532,3972.900000,305.000000,9.24000
9533,3973.850000,3000.000000,9.25000
9534,3973.960000,200.000000,9.25000
9535,3974.050000,1500.000000,9.25000
9536,3974.720000,200.000000,9.25000
9537,3974.970000,695.000000,9.24000
9538,3974.970000,500.000000,9.24000
9539,3974.970000,2805.000000,9.24000
9540,3979.590000,900.000000,9.24000
9541,3979.720000,500.000000,9.25000
9542,3979.720000,100.000000,9.25000
9543,3982.960000,295.000000,9.24000
9544,3982.960000,500.000000,9.24000
9545,3982.960000,2905.000000,9.24000
9546,3983.460000,200.000000,9.24000
9547,3984.280000,1895.000000,9.24000
9548,3984.280000,15300.000000,9.24000
9549,3984.280000,100.000000,9.24000
9550,3984.280000,10000.000000,9.24000
9551,3984.280000,3000.000000,9.24000
9552,3984.280000,1000.000000,9.24000
9553,3984.280000,2000.000000,9.24000
9554,3984.280000,1000.000000,9.24000
9555,3984.280000,4700.000000,9.24000
9556,3984.280000,53900.000000,9.24000
9557,3984.280000,2900.000000,9.24000
9558,3984.280000,500.000000,9.24000
9559,3984.280000,1000.000000,9.24000
9560,3984.280000,1500.000000,9.24000
9561,3984.280000,30000.000000,9.24000
9562,3984.280000,12100.000000,9.24000
9563,3984.280000,5000.000000,9.24000
9564,3984.280000,200.000000,9.24000
9565,3984.280000,5000.000000,9.24000
9566,3984.280000,5000.000000,9.24000
9567,3984.280000,200.000000,9.24000
9568,3984.280000,100.000000,9.24000
9569,3984.280000,1000.000000,9.24000
9570,3984.280000,5000.000000,9.24000
9571,3984.280000,500.000000,9.24000
9572,3984.280000,3000.000000,9.24000
9573,3984.280000,15605.000000,9.24000
9574,3984.710000,1495.000000,9.24000
9575,3984.710000,1000.000000,9.24000
9576,3984.710000,1400.000000,9.24000
9577,3984.710000,100.000000,9.24000
9578,3984.710000,3000.000000,9.24000
9579,3984.710000,1000.000000,9.24000
9580,3984.710000,1500.000000,9.24000
9581,3984.710000,500.000000,9.24000
9582,3984.710000,7600.000000,9.24000
9583,3984.710000,1000.000000,9.24000
9584,3984.710000,500.000000,9.24000
9585,3984.710000,5000.000000,9.24000
9586,3984.710000,100.000000,9.24000
9587,3984.710000,2200.000000,9.24000
9588,3984.710000,1900.000000,9.24000
9589,3984.710000,1000.000000,9.24000
9590,3984.710000,200.000000,9.24000
9591,3984.710000,200.000000,9.24000
9592,3984.710000,300.000000,9.24000
9593,3984.710000,200.000000,9.24000
9594,3984.710000,1000.000000,9.24000
9595,3984.710000,700.000000,9.24000
9596,3984.710000,9100.000000,9.24000
9597,3984.710000,5000.000000,9.24000
9598,3984.710000,1600.000000,9.24000
9599,3984.710000,300.000000,9.24000
9600,3984.710000,1000.000000,9.24000
9601,3984.710000,100.000000,9.24000
9602,3984.710000,1005.000000,9.24000
9603,3986.150000,4395.000000,9.24000
9604,3986.150000,1605.000000,9.24000
9605,3988.030000,5400.000000,9.25000
9606,3990.590000,400.000000,9.24000
9607,3991.130000,7095.000000,9.24000
9608,3991.130000,300.000000,9.24000
9609,3991.130000,2605.000000,9.24000
9610,3994.350000,100.000000,9.24000
9611,3996.620000,100.000000,9.25000
9612,3999.070000,6700.000000,9.24000
9613,3999.430000,100.000000,9.24000
9614,4000.110000,1100.000000,9.24000
9615,4000.180000,300.000000,9.25000
9616,4000.180000,600.000000,9.25000
9617,4001.270000,1500.000000,9.24000
9618,4002.910000,1700.000000,9.24000
9619,4003.540000,400.000000,9.24000
9620,4005.600000,1895.000000,9.24000
9621,4005.600000,205.000000,9.24000
9622,4006.030000,200.000000,9.24000
9623,4006.510000,95.000000,9.24000
9624,4006.510000,805.000000,9.24000
9625,4007.010000,295.000000,9.24000
9626,4007.010000,3105.000000,9.24000
9627,4008.250000,100.000000,9.24000
9628,4008.950000,2400.000000,9.24000
9629,4010.020000,100.000000,9.25000
9630,4011.360000,100.000000,9.25000
9631,4012.490000,1095.000000,9.24000
9632,4012.490000,500.000000,9.24000
9633,4012.490000,500.000000,9.24000
9634,4012.490000,100.000000,9.24000
9635,4012.490000,200.000000,9.24000
9636,4012.490000,100.000000,9.24000
9637,4012.490000,500.000000,9.24000
9638,4012.490000,200.000000,9.24000
9639,4012.490000,1000.000000,9.24000
9640,4012.490000,5805.000000,9.24000
9641,4015.030000,1700.000000,9.24000
9642,4015.790000,100.000000,9.25000
9643,4016.170000,200.000000,9.24000
9644,4017.430000,9100.000000,9.24000
9645,4017.910000,1300.000000,9.24000
9646,4021.110000,37795.000000,9.24000
9647,4021.110000,5405.000000,9.24000
9648,4023.050000,8600.000000,9.24000
9649,4023.310000,100.000000,9.25000
9650,4025.140000,100.000000,9.24000
9651,4025.370000,2500.000000,9.24000
9652,4026.170000,3200.000000,9.24000
9653,4026.300000,100.000000,9.25000
9654,4027.170000,200.000000,9.24000
9655,4028.470000,500.000000,9.24000
9656,4028.560000,2800.000000,9.24000
9657,4030.980000,4595.000000,9.24000
9658,4030.980000,400.000000,9.24000
9659,4030.980000,800.000000,9.24000
9660,4030.980000,4205.000000,9.24000
9661,4031.930000,9800.000000,9.24000
9662,4032.120000,1600.000000,9.24000
9663,4038.180000,200.000000,9.24000
9664,4039.020000,8500.000000,9.24000
9665,4040.610000,400.000000,9.24000
9666,4041.100000,400.000000,9.24000
9667,4042.460000,8700.000000,9.24000
9668,4042.530000,3200.000000,9.24000
9669,4043.020000,3100.000000,9.24000
9670,4044.880000,200.000000,9.24000
9671,4045.970000,500.000000,9.24000
9672,4046.550000,9100.000000,9.24000
9673,4047.080000,3400.000000,9.24000
9674,4048.290000,200.000000,9.25000
9675,4048.990000,3100.000000,9.24000
9676,4049.180000,200.000000,9.24000
9677,4050.350000,1600.000000,9.24000
9678,4050.660000,1300.000000,9.24000
9679,4050.690000,1800.000000,9.24000
9680,4050.720000,1300.000000,9.24000
9681,4051.420000,2100.000000,9.24000
9682,4054.560000,100.000000,9.24000
9683,4054.940000,4000.000000,9.24000
9684,4059.110000,2000.000000,9.24000
9685,4060.150000,200.000000,9.24000
9686,4061.560000,395.000000,9.24000
9687,4061.560000,1905.000000,9.24000
9688,4061.800000,1095.000000,9.24000
9689,4061.800000,605.000000,9.24000
9690,4061.870000,395.000000,9.24000
9691,4061.870000,200.000000,9.24000
9692,4061.870000,105.000000,9.24000
9693,4062.540000,1595.000000,9.24000
9694,4062.540000,205.000000,9.24000
9695,4063.030000,795.000000,9.24000
9696,4063.030000,500.000000,9.24000
9697,4063.030000,400.000000,9.24000
9698,4063.030000,900.000000,9.24000
9699,4063.030000,100.000000,9.24000
9700,4063.030000,3505.000000,9.24000
9701,4063.530000,1495.000000,9.24000
9702,4063.530000,500.000000,9.24000
9703,4063.530000,1000.000000,9.24000
9704,4063.530000,200.000000,9.24000
9705,4063.530000,5.000000,9.24000
9706,4064.790000,1600.000000,9.24000
9707,4065.090000,700.000000,9.24000
9708,4065.280000,95.000000,9.24000
9709,4065.280000,5.000000,9.24000
9710,4066.810000,100.000000,9.24000
9711,4067.520000,600.000000,9.24000
9712,4068.010000,600.000000,9.24000
9713,4070.970000,100.000000,9.24000
9714,4071.010000,595.000000,9.24000
9715,4071.010000,100.000000,9.24000
9716,4071.010000,1300.000000,9.24000
9717,4071.010000,3000.000000,9.24000
9718,4071.010000,1005.000000,9.24000
9719,4073.980000,600.000000,9.24000
9720,4073.990000,300.000000,9.24000
9721,4074.310000,400.000000,9.24000
9722,4076.350000,7695.000000,9.24000
9723,4076.350000,1405.000000,9.24000
9724,4077.280000,200.000000,9.24000
9725,4077.650000,1595.000000,9.24000
9726,4077.650000,700.000000,9.24000
9727,4077.650000,400.000000,9.24000
9728,4077.650000,200.000000,9.24000
9729,4077.650000,5.000000,9.24000
9730,4079.150000,300.000000,9.24000
9731,4080.250000,295.000000,9.24000
9732,4080.250000,305.000000,9.24000
9733,4080.550000,695.000000,9.24000
9734,4080.550000,105.000000,9.24000
9735,4080.820000,895.000000,9.24000
9736,4080.820000,500.000000,9.24000
9737,4080.820000,305.000000,9.24000
9738,4080.910000,100.000000,9.24000
9739,4082.240000,200.000000,9.24000
9740,4082.550000,700.000000,9.24000
9741,4082.830000,395.000000,9.24000
9742,4082.830000,1205.000000,9.24000
9743,4083.160000,600.000000,9.24000
9744,4083.880000,195.000000,9.24000
9745,4083.880000,2405.000000,9.24000
9746,4084.170000,595.000000,9.24000
9747,4084.170000,1200.000000,9.24000
9748,4084.170000,400.000000,9.24000
9749,4084.170000,1000.000000,9.24000
9750,4084.170000,500.000000,9.24000
9751,4084.170000,1500.000000,9.24000
9752,4084.170000,13800.000000,9.24000
9753,4084.170000,3000.000000,9.24000
9754,4084.170000,5000.000000,9.24000
9755,4084.170000,300.000000,9.24000
9756,4084.170000,500.000000,9.24000
9757,4084.170000,500.000000,9.24000
9758,4084.170000,100.000000,9.24000
9759,4084.170000,300.000000,9.24000
9760,4084.170000,100.000000,9.24000
9761,4084.170000,2500.000000,9.24000
9762,4084.170000,1000.000000,9.24000
9763,4084.170000,200.000000,9.24000
9764,4084.170000,1000.000000,9.24000
9765,4084.170000,1000.000000,9.24000
9766,4084.170000,1000.000000,9.24000
9767,4084.170000,5500.000000,9.24000
9768,4084.170000,500.000000,9.24000
9769,4084.170000,100.000000,9.24000
9770,4084.170000,605.000000,9.24000
9771,4086.210000,495.000000,9.24000
9772,4086.210000,100.000000,9.24000
9773,4086.210000,2405.000000,9.24000
9774,4086.840000,6700.000000,9.24000
9775,4088.810000,1795.000000,9.24000
9776,4088.810000,2100.000000,9.24000
9777,4088.810000,3200.000000,9.24000
9778,4088.810000,200.000000,9.24000
9779,4088.810000,2000.000000,9.24000
9780,4088.810000,2000.000000,9.24000
9781,4088.810000,1000.000000,9.24000
9782,4088.810000,3600.000000,9.24000
9783,4088.810000,3705.000000,9.24000
9784,4088.910000,5895.000000,9.24000
9785,4088.910000,500.000000,9.24000
9786,4088.910000,3900.000000,9.24000
9787,4088.910000,500.000000,9.24000
9788,4088.910000,4200.000000,9.24000
9789,4088.910000,300.000000,9.24000
9790,4088.910000,1000.000000,9.24000
9791,4088.910000,2000.000000,9.24000
9792,4088.910000,1000.000000,9.24000
9793,4088.910000,2000.000000,9.24000
9794,4088.910000,900.000000,9.24000
9795,4088.910000,100.000000,9.24000
9796,4088.910000,200.000000,9.24000
9797,4088.910000,1700.000000,9.24000
9798,4088.910000,1000.000000,9.24000
9799,4088.910000,500.000000,9.24000
9800,4088.910000,100.000000,9.24000
9801,4088.910000,2000.000000,9.24000
9802,4088.910000,13000.000000,9.24000
9803,4088.910000,1000.000000,9.24000
9804,4088.910000,605.000000,9.24000
9805,4089.110000,4095.000000,9.24000
9806,4089.110000,2500.000000,9.24000
9807,4089.110000,1500.000000,9.24000
9808,4089.110000,2000.000000,9.24000
9809,4089.110000,500.000000,9.24000
9810,4089.110000,1000.000000,9.24000
9811,4089.110000,300.000000,9.24000
9812,4089.110000,3000.000000,9.24000
9813,4089.110000,1000.000000,9.24000
9814,4089.110000,1000.000000,9.24000
9815,4089.110000,4200.000000,9.24000
9816,4089.110000,3300.000000,9.24000
9817,4089.110000,1600.000000,9.24000
9818,4089.110000,3100.000000,9.24000
9819,4089.110000,6705.000000,9.24000
9820,4091.400000,5000.000000,9.24000
9821,4091.490000,2000.000000,9.24000
9822,4091.960000,2100.000000,9.24000
9823,4092.580000,1700.000000,9.24000
9824,4093.030000,200.000000,9.24000
9825,4093.340000,1100.000000,9.24000
9826,4094.870000,10000.000000,9.24000
9827,4094.970000,1100.000000,9.24000
9828,4095.990000,1000.000000,9.24000
9829,4096.520000,3000.000000,9.24000
9830,4097.940000,100.000000,9.25000
9831,4100.070000,2095.000000,9.24000
9832,4100.070000,2905.000000,9.24000
9833,4100.700000,1500.000000,9.24000
9834,4102.710000,10595.000000,9.24000
9835,4102.710000,405.000000,9.24000
9836,4102.920000,895.000000,9.24000
9837,4102.920000,1600.000000,9.24000
9838,4102.920000,400.000000,9.24000
9839,4102.920000,1000.000000,9.24000
9840,4102.920000,1000.000000,9.24000
9841,4102.920000,200.000000,9.24000
9842,4102.920000,200.000000,9.24000
9843,4102.920000,1100.000000,9.24000
9844,4102.920000,1000.000000,9.24000
9845,4102.920000,1705.000000,9.24000
9846,4104.090000,200.000000,9.24000
9847,4106.730000,9100.000000,9.24000
9848,4109.090000,3095.000000,9.24000
9849,4109.090000,1005.000000,9.24000
9850,4109.320000,5895.000000,9.24000
9851,4109.320000,5000.000000,9.24000
9852,4109.320000,1000.000000,9.24000
9853,4109.320000,1000.000000,9.24000
9854,4109.320000,500.000000,9.24000
9855,4109.320000,1600.000000,9.24000
9856,4109.320000,105.000000,9.24000
9857,4109.330000,195.000000,9.24000
9858,4109.330000,100.000000,9.24000
9859,4109.330000,1705.000000,9.24000
9860,4109.760000,100.000000,9.25000
9861,4110.900000,3295.000000,9.24000
9862,4110.900000,1900.000000,9.24000
9863,4110.900000,3605.000000,9.24000
9864,4111.220000,4395.000000,9.24000
9865,4111.220000,2105.000000,9.24000
9866,4111.840000,2000.000000,9.24000
9867,4113.440000,895.000000,9.24000
9868,4113.440000,400.000000,9.24000
9869,4113.440000,20000.000000,9.24000
9870,4113.440000,500.000000,9.24000
9871,4113.440000,6000.000000,9.24000
9872,4113.440000,6405.000000,9.24000
9873,4115.230000,200.000000,9.24000
9874,4116.150000,295.000000,9.24000
9875,4116.150000,200.000000,9.24000
9876,4116.150000,300.000000,9.24000
9877,4116.150000,300.000000,9.24000
9878,4116.150000,500.000000,9.24000
9879,4116.150000,2705.000000,9.24000
9880,4118.090000,1195.000000,9.24000
9881,4118.090000,500.000000,9.24000
9882,4118.090000,100.000000,9.24000
9883,4118.090000,1600.000000,9.24000
9884,4118.090000,1200.000000,9.24000
9885,4118.090000,2000.000000,9.24000
9886,4118.090000,300.000000,9.24000
9887,4118.090000,300.000000,9.24000
9888,4118.090000,1000.000000,9.24000
9889,4118.090000,105.000000,9.24000
9890,4119.090000,100.000000,9.25000
9891,4119.440000,1895.000000,9.24000
9892,4119.440000,400.000000,9.24000
9893,4119.440000,3000.000000,9.24000
9894,4119.440000,4300.000000,9.24000
9895,4119.440000,400.000000,9.24000
9896,4119.440000,5.000000,9.24000
9897,4119.530000,300.000000,9.24000
9898,4119.610000,1695.000000,9.24000
9899,4119.610000,5.000000,9.24000
9900,4122.200000,500.000000,9.24000
9901,4122.600000,1700.000000,9.24000
9902,4122.730000,95.000000,9.24000
9903,4122.730000,500.000000,9.24000
9904,4122.730000,3700.000000,9.24000
9905,4122.730000,300.000000,9.24000
9906,4122.730000,405.000000,9.24000
9907,4122.870000,595.000000,9.24000
9908,4122.870000,1000.000000,9.24000
9909,4122.870000,5000.000000,9.24000
9910,4122.870000,3100.000000,9.24000
9911,4122.870000,400.000000,9.24000
9912,4122.870000,400.000000,9.24000
9913,4122.870000,500.000000,9.24000
9914,4122.870000,1200.000000,9.24000
9915,4122.870000,5000.000000,9.24000
9916,4122.870000,20000.000000,9.24000
9917,4122.870000,1600.000000,9.24000
9918,4122.870000,1300.000000,9.24000
9919,4122.870000,400.000000,9.24000
9920,4122.870000,1100.000000,9.24000
9921,4122.870000,1500.000000,9.24000
9922,4122.870000,3600.000000,9.24000
9923,4122.870000,900.000000,9.24000
9924,4122.870000,300.000000,9.24000
9925,4122.870000,1000.000000,9.24000
9926,4122.870000,1000.000000,9.24000
9927,4122.870000,200.000000,9.24000
9928,4122.870000,2105.000000,9.24000
9929,4125.090000,1300.000000,9.24000
9930,4125.630000,600.000000,9.24000
9931,4126.090000,1400.000000,9.24000
9932,4126.340000,200.000000,9.24000
9933,4127.100000,4395.000000,9.24000
9934,4127.100000,100.000000,9.24000
9935,4127.100000,200.000000,9.24000
9936,4127.100000,800.000000,9.24000
9937,4127.100000,200.000000,9.24000
9938,4127.100000,100.000000,9.24000
9939,4127.100000,200.000000,9.24000
9940,4127.100000,1505.000000,9.24000
9941,4130.120000,4495.000000,9.24000
9942,4130.120000,200.000000,9.24000
9943,4130.120000,1000.000000,9.24000
9944,4130.120000,4800.000000,9.24000
9945,4130.120000,1000.000000,9.24000
9946,4130.120000,1400.000000,9.24000
9947,4130.120000,100.000000,9.24000
9948,4130.120000,1000.000000,9.24000
9949,4130.120000,2500.000000,9.24000
9950,4130.120000,1000.000000,9.24000
9951,4130.120000,500.000000,9.24000
9952,4130.120000,600.000000,9.24000
9953,4130.120000,1000.000000,9.24000
9954,4130.120000,2000.000000,9.24000
9955,4130.120000,1000.000000,9.24000
9956,4130.120000,1000.000000,9.24000
9957,4130.120000,2000.000000,9.24000
9958,4130.120000,1000.000000,9.24000
9959,4130.120000,200.000000,9.24000
9960,4130.120000,20000.000000,9.24000
9961,4130.120000,12900.000000,9.24000
9962,4130.120000,23105.000000,9.24000
9963,4130.310000,3000.000000,9.24000
9964,4131.550000,400.000000,9.24000
9965,4131.820000,1000.000000,9.24000
9966,4134.660000,500.000000,9.24000
9967,4134.910000,200.000000,9.24000
9968,4135.090000,2100.000000,9.24000
9969,4137.130000,100.000000,9.24000
9970,4137.330000,2100.000000,9.24000
9971,4137.530000,9100.000000,9.24000
9972,4137.630000,1500.000000,9.24000
9973,4138.130000,100.000000,9.24000
9974,4141.280000,400.000000,9.24000
9975,4141.850000,100.000000,9.24000
9976,4142.850000,6295.000000,9.24000
9977,4142.850000,800.000000,9.24000
9978,4142.850000,1400.000000,9.24000
9979,4142.850000,1405.000000,9.24000
9980,4143.140000,400.000000,9.24000
9981,4146.190000,195.000000,9.24000
9982,4146.190000,100.000000,9.24000
9983,4146.190000,200.000000,9.24000
9984,4146.190000,300.000000,9.24000
9985,4146.190000,205.000000,9.24000
9986,4147.910000,2000.000000,9.24000
9987,4149.110000,1000.000000,9.24000
9988,4149.160000,200.000000,9.24000
9989,4153.010000,1700.000000,9.24000
9990,4156.310000,500.000000,9.24000
9991,4156.520000,100.000000,9.24000
9992,4160.190000,200.000000,9.24000
9993,4162.100000,2100.000000,9.24000
9994,4165.180000,1995.000000,9.24000
9995,4165.180000,505.000000,9.24000
9996,4166.040000,495.000000,9.24000
9997,4166.040000,5.000000,9.24000
9998,4166.520000,3895.000000,9.24000
9999,4166.520000,700.000000,9.24000
10000,4166.520000,405.000000,9.24000
10001,4167.050000,595.000000,9.24000
10002,4167.050000,5000.000000,9.24000
10003,4167.050000,1500.000000,9.24000
10004,4167.050000,1900.000000,9.24000
10005,4167.050000,105.000000,9.24000
10006,4167.550000,1895.000000,9.24000
10007,4167.550000,100.000000,9.24000
10008,4167.550000,105.000000,9.24000
10009,4169.730000,895.000000,9.24000
10010,4169.730000,200.000000,9.24000
10011,4169.730000,400.000000,9.24000
10012,4169.730000,500.000000,9.24000
10013,4169.730000,200.000000,9.24000
10014,4169.730000,2200.000000,9.24000
10015,4169.730000,6605.000000,9.24000
10016,4171.250000,3395.000000,9.24000
10017,4171.250000,500.000000,9.24000
10018,4171.250000,100.000000,9.24000
10019,4171.250000,1500.000000,9.24000
10020,4171.250000,2000.000000,9.24000
10021,4171.250000,1200.000000,9.24000
10022,4171.250000,100.000000,9.24000
10023,4171.250000,1000.000000,9.24000
10024,4171.250000,4000.000000,9.24000
10025,4171.250000,200.000000,9.24000
10026,4171.250000,1000.000000,9.24000
10027,4171.250000,500.000000,9.24000
10028,4171.250000,100.000000,9.24000
10029,4171.250000,100.000000,9.24000
10030,4171.250000,500.000000,9.24000
10031,4171.250000,1000.000000,9.24000
10032,4171.250000,1500.000000,9.24000
10033,4171.250000,200.000000,9.24000
10034,4171.250000,1500.000000,9.24000
10035,4171.250000,705.000000,9.24000
10036,4171.300000,200.000000,9.24000
10037,4173.280000,100.000000,9.25000
10038,4173.790000,1000.000000,9.24000
10039,4173.980000,300.000000,9.24000
10040,4174.570000,300.000000,9.24000
10041,4179.120000,895.000000,9.24000
10042,4179.120000,2000.000000,9.24000
10043,4179.120000,1200.000000,9.24000
10044,4179.120000,5000.000000,9.24000
10045,4179.120000,905.000000,9.24000
10046,4180.930000,500.000000,9.24000
10047,4182.230000,200.000000,9.24000
10048,4183.060000,1600.000000,9.24000
10049,4183.150000,2100.000000,9.24000
10050,4183.270000,695.000000,9.24000
10051,4183.270000,400.000000,9.24000
10052,4183.270000,5.000000,9.24000
10053,4183.430000,995.000000,9.24000
10054,4183.430000,500.000000,9.24000
10055,4183.430000,500.000000,9.24000
10056,4183.430000,5.000000,9.24000
10057,4186.700000,995.000000,9.24000
10058,4186.700000,500.000000,9.24000
10059,4186.700000,500.000000,9.24000
10060,4186.700000,3005.000000,9.24000
10061,4187.270000,695.000000,9.24000
10062,4187.270000,805.000000,9.24000
10063,4187.930000,195.000000,9.24000
10064,4187.930000,500.000000,9.24000
10065,4187.930000,1305.000000,9.24000
10066,4188.510000,100.000000,9.24000
10067,4189.700000,95.000000,9.24000
10068,4189.700000,405.000000,9.24000
10069,4190.350000,95.000000,9.24000
10070,4190.350000,1000.000000,9.24000
10071,4190.350000,1000.000000,9.24000
10072,4190.350000,2400.000000,9.24000
10073,4190.350000,1800.000000,9.24000
10074,4190.350000,9700.000000,9.24000
10075,4190.350000,2000.000000,9.24000
10076,4190.350000,2100.000000,9.24000
10077,4190.350000,1000.000000,9.24000
10078,4190.350000,4500.000000,9.24000
10079,4190.350000,100.000000,9.24000
10080,4190.350000,1000.000000,9.24000
10081,4190.350000,3600.000000,9.24000
10082,4190.350000,1100.000000,9.24000
10083,4190.350000,4000.000000,9.24000
10084,4190.350000,14605.000000,9.24000
10085,4190.630000,12000.000000,9.24000
10086,4193.200000,100.000000,9.24000
10087,4194.600000,27395.000000,9.24000
10088,4194.600000,600.000000,9.24000
10089,4194.600000,800.000000,9.24000
10090,4194.600000,200.000000,9.24000
10091,4194.600000,900.000000,9.24000
10092,4194.600000,9700.000000,9.24000
10093,4194.600000,1000.000000,9.24000
10094,4194.600000,4300.000000,9.24000
10095,4194.600000,2000.000000,9.24000
10096,4194.600000,5000.000000,9.24000
10097,4194.600000,1900.000000,9.24000
10098,4194.600000,2000.000000,9.24000
10099,4194.600000,605.000000,9.24000
10100,4195.850000,1495.000000,9.24000
10101,4195.850000,1000.000000,9.24000
10102,4195.850000,1600.000000,9.24000
10103,4195.850000,10005.000000,9.24000
10104,4196.550000,1500.000000,9.25000
10105,4197.170000,9100.000000,9.24000
10106,4197.310000,900.000000,9.24000
10107,4197.340000,200.000000,9.24000
10108,4197.690000,3000.000000,9.24000
10109,4198.100000,100.000000,9.25000
10110,4199.210000,700.000000,9.24000
10111,4199.500000,500.000000,9.24000
10112,4200.100000,6200.000000,9.24000
10113,4200.620000,9000.000000,9.24000
10114,4200.840000,900.000000,9.24000
10115,4202.860000,1500.000000,9.25000
10116,4202.860000,600.000000,9.25000
10117,4204.050000,1000.000000,9.24000
10118,4204.090000,200.000000,9.24000
10119,4204.210000,2100.000000,9.24000
10120,4204.290000,100.000000,9.24000
10121,4206.400000,5900.000000,9.24000
10122,4208.540000,195.000000,9.24000
10123,4208.540000,505.000000,9.24000
10124,4213.080000,1700.000000,9.24000
10125,4215.180000,200.000000,9.24000
10126,4220.760000,600.000000,9.25000
10127,4221.660000,95.000000,9.24000
10128,4221.660000,500.000000,9.24000
10129,4221.660000,205.000000,9.24000
10130,4222.290000,400.000000,9.25000
10131,4222.290000,900.000000,9.25000
10132,4223.550000,700.000000,9.24000
10133,4223.970000,1495.000000,9.24000
10134,4223.970000,605.000000,9.24000
10135,4226.190000,200.000000,9.24000
10136,4228.170000,2195.000000,9.24000
10137,4228.170000,500.000000,9.24000
10138,4228.170000,1100.000000,9.24000
10139,4228.170000,500.000000,9.24000
10140,4228.170000,2300.000000,9.24000
10141,4228.170000,2000.000000,9.24000
10142,4228.170000,505.000000,9.24000
10143,4229.660000,1495.000000,9.24000
10144,4229.660000,3400.000000,9.24000
10145,4229.660000,1105.000000,9.24000
10146,4230.720000,500.000000,9.24000
10147,4231.310000,3000.000000,9.24000
10148,4235.420000,400.000000,9.24000
10149,4237.350000,200.000000,9.24000
10150,4238.930000,2000.000000,9.24000
10151,4239.540000,2000.000000,9.24000
10152,4242.280000,1800.000000,9.24000
10153,4243.200000,1000.000000,9.24000
10154,4246.150000,895.000000,9.24000
10155,4246.150000,605.000000,9.24000
10156,4246.560000,395.000000,9.24000
10157,4246.560000,500.000000,9.24000
10158,4246.560000,5000.000000,9.24000
10159,4246.560000,1000.000000,9.24000
10160,4246.560000,800.000000,9.24000
10161,4246.560000,400.000000,9.24000
10162,4246.560000,4500.000000,9.24000
10163,4246.560000,1800.000000,9.24000
10164,4246.560000,1500.000000,9.24000
10165,4246.560000,1000.000000,9.24000
10166,4246.560000,100.000000,9.24000
10167,4246.560000,500.000000,9.24000
10168,4246.560000,300.000000,9.24000
10169,4246.560000,200.000000,9.24000
10170,4246.560000,5000.000000,9.24000
10171,4246.560000,100.000000,9.24000
10172,4246.560000,500.000000,9.24000
10173,4246.560000,2500.000000,9.24000
10174,4246.560000,100.000000,9.24000
10175,4246.560000,700.000000,9.24000
10176,4246.560000,1000.000000,9.24000
10177,4246.560000,200.000000,9.24000
10178,4246.560000,2100.000000,9.24000
10179,4246.560000,4800.000000,9.24000
10180,4246.560000,2300.000000,9.24000
10181,4246.560000,6900.000000,9.24000
10182,4246.560000,1100.000000,9.24000
10183,4246.560000,1000.000000,9.24000
10184,4246.560000,1000.000000,9.24000
10185,4246.560000,505.000000,9.24000
10186,4247.940000,1800.000000,9.24000
10187,4248.270000,200.000000,9.24000
10188,4249.450000,495.000000,9.24000
10189,4249.450000,505.000000,9.24000
10190,4251.410000,495.000000,9.24000
10191,4251.410000,5000.000000,9.24000
10192,4251.410000,500.000000,9.24000
10193,4251.410000,105.000000,9.24000
10194,4252.450000,500.000000,9.24000
10195,4255.440000,2200.000000,9.24000
10196,4257.500000,400.000000,9.24000
10197,4257.940000,495.000000,9.24000
10198,4257.940000,1600.000000,9.24000
10199,4257.940000,2000.000000,9.24000
10200,4257.940000,1100.000000,9.24000
10201,4257.940000,3000.000000,9.24000
10202,4257.940000,100.000000,9.24000
10203,4257.940000,600.000000,9.24000
10204,4257.940000,205.000000,9.24000
10205,4259.110000,100.000000,9.24000
10206,4259.150000,195.000000,9.24000
10207,4259.150000,805.000000,9.24000
10208,4267.840000,1295.000000,9.24000
10209,4267.840000,100.000000,9.24000
10210,4267.840000,3605.000000,9.24000
10211,4270.090000,200.000000,9.24000
10212,4272.300000,1700.000000,9.24000
10213,4272.830000,1000.000000,9.24000
10214,4273.400000,3200.000000,9.24000
10215,4274.110000,295.000000,9.24000
10216,4274.110000,705.000000,9.24000
10217,4275.970000,2595.000000,9.24000
10218,4275.970000,1000.000000,9.24000
10219,4275.970000,500.000000,9.24000
10220,4275.970000,1600.000000,9.24000
10221,4275.970000,2000.000000,9.24000
10222,4275.970000,500.000000,9.24000
10223,4275.970000,1000.000000,9.24000
10224,4275.970000,200.000000,9.24000
10225,4275.970000,20000.000000,9.24000
10226,4275.970000,2300.000000,9.24000
10227,4275.970000,1300.000000,9.24000
10228,4275.970000,500.000000,9.24000
10229,4275.970000,2000.000000,9.24000
10230,4275.970000,305.000000,9.24000
10231,4278.200000,100.000000,9.24000
10232,4280.880000,100.000000,9.25000
10233,4281.240000,100.000000,9.24000
10234,4281.410000,195.000000,9.24000
10235,4281.410000,5.000000,9.24000
10236,4281.490000,2300.000000,9.24000
10237,4282.240000,900.000000,9.25000
10238,4282.770000,25000.000000,9.24000
10239,4283.370000,2000.000000,9.24000
10240,4287.870000,9100.000000,9.24000
10241,4292.120000,200.000000,9.24000
10242,4292.270000,100.000000,9.24000
10243,4292.680000,100.000000,9.25000
10244,4295.230000,400.000000,9.25000
10245,4302.720000,1700.000000,9.24000
10246,4302.910000,100.000000,9.25000
10247,4303.380000,200.000000,9.24000
10248,4303.500000,600.000000,9.24000
10249,4308.280000,2000.000000,9.24000
10250,4311.460000,100.000000,9.25000
10251,4314.130000,200.000000,9.24000
10252,4315.190000,17595.000000,9.24000
10253,4315.190000,20000.000000,9.24000
10254,4315.190000,1000.000000,9.24000
10255,4315.190000,5000.000000,9.24000
10256,4315.190000,6405.000000,9.24000
10257,4315.530000,9095.000000,9.24000
10258,4315.530000,4105.000000,9.24000
10259,4316.970000,995.000000,9.24000
10260,4316.970000,800.000000,9.24000
10261,4316.970000,100.000000,9.24000
10262,4316.970000,500.000000,9.24000
10263,4316.970000,400.000000,9.24000
10264,4316.970000,300.000000,9.24000
10265,4316.970000,500.000000,9.24000
10266,4316.970000,1900.000000,9.24000
10267,4316.970000,1000.000000,9.24000
10268,4316.970000,3505.000000,9.24000
10269,4317.040000,195.000000,9.24000
10270,4317.040000,2000.000000,9.24000
10271,4317.040000,100.000000,9.24000
10272,4317.040000,1000.000000,9.24000
10273,4317.040000,2200.000000,9.24000
10274,4317.040000,300.000000,9.24000
10275,4317.040000,300.000000,9.24000
10276,4317.040000,100.000000,9.24000
10277,4317.040000,2905.000000,9.24000
10278,4320.540000,2100.000000,9.25000
10279,4320.790000,200.000000,9.24000
10280,4322.160000,700.000000,9.24000
10281,4322.360000,2100.000000,9.25000
10282,4323.270000,100.000000,9.25000
10283,4323.990000,1000.000000,9.24000
10284,4324.780000,195.000000,9.24000
10285,4324.780000,605.000000,9.24000
10286,4325.360000,200.000000,9.24000
10287,4325.960000,1900.000000,9.24000
10288,4328.780000,7195.000000,9.24000
10289,4328.780000,1000.000000,9.24000
10290,4328.780000,300.000000,9.24000
10291,4328.780000,200.000000,9.24000
10292,4328.780000,200.000000,9.24000
10293,4328.780000,1000.000000,9.24000
10294,4328.780000,400.000000,9.24000
10295,4328.780000,1300.000000,9.24000
10296,4328.780000,2000.000000,9.24000
10297,4328.780000,100.000000,9.24000
10298,4328.780000,1100.000000,9.24000
10299,4328.780000,205.000000,9.24000
10300,4330.390000,100.000000,9.25000
10301,4332.740000,295.000000,9.24000
10302,4332.740000,1405.000000,9.24000
10303,4334.170000,2295.000000,9.24000
10304,4334.170000,100.000000,9.24000
10305,4334.170000,5.000000,9.24000
10306,4336.240000,200.000000,9.24000
10307,4341.200000,100.000000,9.25000
10308,4346.560000,595.000000,9.24000
10309,4346.560000,200.000000,9.24000
10310,4346.560000,200.000000,9.24000
10311,4346.560000,100.000000,9.24000
10312,4346.560000,1000.000000,9.24000
10313,4346.560000,400.000000,9.24000
10314,4346.560000,105.000000,9.24000
10315,4347.040000,600.000000,9.24000
10316,4347.560000,100.000000,9.24000
10317,4347.980000,8195.000000,9.24000
10318,4347.980000,905.000000,9.24000
10319,4349.080000,1095.000000,9.24000
10320,4349.080000,1000.000000,9.24000
10321,4349.080000,905.000000,9.24000
10322,4349.300000,4095.000000,9.24000
10323,4349.300000,5905.000000,9.24000
10324,4349.890000,400.000000,9.25000
10325,4350.890000,100.000000,9.25000
10326,4351.300000,4000.000000,9.24000
10327,4356.240000,2400.000000,9.25000
10328,4356.240000,300.000000,9.25000
10329,4356.240000,5000.000000,9.25000
10330,4356.240000,1000.000000,9.25000
10331,4356.240000,500.000000,9.25000
10332,4356.240000,1300.000000,9.25000
10333,4356.240000,3800.000000,9.25000
10334,4356.240000,7700.000000,9.25000
10335,4358.150000,200.000000,9.24000
10336,4358.160000,100.000000,9.24000
10337,4359.840000,100.000000,9.25000
10338,4360.450000,1300.000000,9.24000
10339,4361.830000,1000.000000,9.25000
10340,4362.580000,1100.000000,9.24000
10341,4362.750000,1700.000000,9.24000
10342,4368.250000,200.000000,9.25000
10343,4368.250000,300.000000,9.25000
10344,4369.230000,200.000000,9.24000
10345,4373.250000,1000.000000,9.25000
10346,4374.060000,400.000000,9.25000
10347,4374.280000,300.000000,9.25000
10348,4374.280000,1100.000000,9.25000
10349,4374.280000,1200.000000,9.25000
10350,4377.780000,700.000000,9.25000
10351,4377.780000,300.000000,9.25000
10352,4377.870000,5495.000000,9.24000
10353,4377.870000,1900.000000,9.24000
10354,4377.870000,100.000000,9.24000
10355,4377.870000,200.000000,9.24000
10356,4377.870000,900.000000,9.24000
10357,4377.870000,300.000000,9.24000
10358,4377.870000,205.000000,9.24000
10359,4380.010000,200.000000,9.24000
10360,4380.430000,200.000000,9.25000
10361,4380.940000,200.000000,9.25000
10362,4381.170000,595.000000,9.24000
10363,4381.170000,405.000000,9.24000
10364,4381.850000,795.000000,9.24000
10365,4381.850000,700.000000,9.24000
10366,4381.850000,300.000000,9.24000
10367,4381.850000,2000.000000,9.24000
10368,4381.850000,700.000000,9.24000
10369,4381.850000,1100.000000,9.24000
10370,4381.850000,1500.000000,9.24000
10371,4381.850000,3000.000000,9.24000
10372,4381.850000,2000.000000,9.24000
10373,4381.850000,200.000000,9.24000
10374,4381.850000,100.000000,9.24000
10375,4381.850000,11500.000000,9.24000
10376,4381.850000,500.000000,9.24000
10377,4381.850000,2000.000000,9.24000
10378,4381.850000,2400.000000,9.24000
10379,4381.850000,2000.000000,9.24000
10380,4381.850000,800.000000,9.24000
10381,4381.850000,800.000000,9.24000
10382,4381.850000,1000.000000,9.24000
10383,4381.850000,1000.000000,9.24000
10384,4381.850000,100.000000,9.24000
10385,4381.850000,13200.000000,9.24000
10386,4381.850000,10000.000000,9.24000
10387,4381.850000,100.000000,9.24000
10388,4381.850000,200.000000,9.24000
10389,4381.850000,1000.000000,9.24000
10390,4381.850000,1005.000000,9.24000
10391,4383.320000,300.000000,9.25000
10392,4385.590000,995.000000,9.24000
10393,4385.590000,2000.000000,9.24000
10394,4385.590000,300.000000,9.24000
10395,4385.590000,1100.000000,9.24000
10396,4385.590000,605.000000,9.24000
10397,4389.090000,395.000000,9.24000
10398,4389.090000,100.000000,9.24000
10399,4389.090000,500.000000,9.24000
10400,4389.090000,5.000000,9.24000
10401,4390.460000,100.000000,9.24000
10402,4391.290000,200.000000,9.24000
10403,4392.780000,695.000000,9.24000
10404,4392.780000,200.000000,9.24000
10405,4392.780000,300.000000,9.24000
10406,4392.780000,505.000000,9.24000
10407,4398.880000,100.000000,9.24000
10408,4402.220000,100.000000,9.24000
10409,4404.150000,1000.000000,9.25000
10410,4405.460000,1995.000000,9.24000
10411,4405.460000,5.000000,9.24000
10412,4406.890000,400.000000,9.25000
10413,4407.030000,1495.000000,9.24000
10414,4407.030000,1000.000000,9.24000
10415,4407.030000,5.000000,9.24000
10416,4407.770000,9100.000000,9.24000
10417,4412.810000,1000.000000,9.25000
10418,4413.720000,200.000000,9.24000
10419,4415.890000,3895.000000,9.24000
10420,4415.890000,200.000000,9.24000
10421,4415.890000,200.000000,9.24000
10422,4415.890000,1305.000000,9.24000
10423,4416.880000,400.000000,9.25000
10424,4416.880000,8800.000000,9.25000
10425,4417.480000,1395.000000,9.24000
10426,4417.480000,500.000000,9.24000
10427,4417.480000,100.000000,9.24000
10428,4417.480000,105.000000,9.24000
10429,4418.840000,895.000000,9.24000
10430,4418.840000,1700.000000,9.24000
10431,4418.840000,6400.000000,9.24000
10432,4418.840000,100.000000,9.24000
10433,4418.840000,100.000000,9.24000
10434,4418.840000,2000.000000,9.24000
10435,4418.840000,500.000000,9.24000
10436,4418.840000,1100.000000,9.24000
10437,4418.840000,400.000000,9.24000
10438,4418.840000,305.000000,9.24000
10439,4420.280000,200.000000,9.24000
10440,4423.250000,1700.000000,9.24000
10441,4424.450000,200.000000,9.24000
10442,4434.420000,2595.000000,9.24000
10443,4434.420000,100.000000,9.24000
10444,4434.420000,100.000000,9.24000
10445,4434.420000,2000.000000,9.24000
10446,4434.420000,200.000000,9.24000
10447,4434.420000,2000.000000,9.24000
10448,4434.420000,1300.000000,9.24000
10449,4434.420000,100.000000,9.24000
10450,4434.420000,1500.000000,9.24000
10451,4434.420000,1200.000000,9.24000
10452,4434.420000,35800.000000,9.24000
10453,4434.420000,300.000000,9.24000
10454,4434.420000,100.000000,9.24000
10455,4434.420000,1000.000000,9.24000
10456,4434.420000,1705.000000,9.24000
10457,4434.960000,100.000000,9.25000
10458,4435.150000,100.000000,9.24000
10459,4435.980000,295.000000,9.24000
10460,4435.980000,2305.000000,9.24000
10461,4437.590000,3495.000000,9.24000
10462,4437.590000,100.000000,9.24000
10463,4437.590000,100.000000,9.24000
10464,4437.590000,400.000000,9.24000
10465,4437.590000,500.000000,9.24000
10466,4437.590000,2600.000000,9.24000
10467,4437.590000,1500.000000,9.24000
10468,4437.590000,200.000000,9.24000
10469,4437.590000,1105.000000,9.24000
10470,4437.790000,6595.000000,9.24000
10471,4437.790000,1900.000000,9.24000
10472,4437.790000,200.000000,9.24000
10473,4437.790000,100.000000,9.24000
10474,4437.790000,200.000000,9.24000
10475,4437.790000,105.000000,9.24000
10476,4440.260000,1000.000000,9.25000
10477,4444.180000,1695.000000,9.24000
10478,4444.180000,400.000000,9.24000
10479,4444.180000,100.000000,9.24000
10480,4444.180000,1300.000000,9.24000
10481,4444.180000,1100.000000,9.24000
10482,4444.180000,100.000000,9.24000
10483,4444.180000,100.000000,9.24000
10484,4444.180000,100.000000,9.24000
10485,4444.180000,100.000000,9.24000
10486,4444.180000,100.000000,9.24000
10487,4444.180000,3000.000000,9.24000
10488,4444.180000,100.000000,9.24000
10489,4444.180000,300.000000,9.24000
10490,4444.180000,100.000000,9.24000
10491,4444.180000,1405.000000,9.24000
10492,4445.800000,100.000000,9.25000
10493,4446.110000,200.000000,9.24000
10494,4451.860000,495.000000,9.24000
10495,4451.860000,100.000000,9.24000
10496,4451.860000,500.000000,9.24000
10497,4451.860000,300.000000,9.24000
10498,4451.860000,100.000000,9.24000
10499,4451.860000,300.000000,9.24000
10500,4451.860000,300.000000,9.24000
10501,4451.860000,100.000000,9.24000
10502,4451.860000,2000.000000,9.24000
10503,4451.860000,300.000000,9.24000
10504,4451.860000,2000.000000,9.24000
10505,4451.860000,3200.000000,9.24000
10506,4451.860000,2100.000000,9.24000
10507,4451.860000,31205.000000,9.24000
10508,4452.850000,1100.000000,9.24000
10509,4453.260000,1800.000000,9.24000
10510,4453.350000,100.000000,9.25000
10511,4454.780000,2300.000000,9.24000
10512,4455.420000,100.000000,9.24000
10513,4457.270000,200.000000,9.24000
10514,4459.600000,400.000000,9.24000
10515,4467.470000,1000.000000,9.24000
10516,4468.450000,200.000000,9.24000
10517,4468.650000,9100.000000,9.24000
10518,4473.140000,500.000000,9.24000
10519,4475.180000,600.000000,9.24000
10520,4475.970000,100.000000,9.25000
10521,4479.210000,100.000000,9.24000
10522,4482.470000,1600.000000,9.24000
10523,4483.610000,1000.000000,9.24000
10524,4485.510000,100.000000,9.25000
10525,4488.820000,2300.000000,9.24000
10526,4490.130000,1000.000000,9.25000
10527,4490.220000,200.000000,9.24000
10528,4491.770000,1000.000000,9.24000
10529,4492.610000,1000.000000,9.25000
10530,4493.320000,500.000000,9.24000
10531,4493.740000,100.000000,9.25000
10532,4497.370000,200.000000,9.25000
10533,4497.430000,200.000000,9.25000
10534,4499.560000,1695.000000,9.24000
10535,4499.560000,3200.000000,9.24000
10536,4499.560000,700.000000,9.24000
10537,4499.560000,3505.000000,9.24000
10538,4500.430000,1200.000000,9.24000
10539,4502.560000,200.000000,9.24000
10540,4504.800000,300.000000,9.25000
10541,4504.800000,300.000000,9.25000
10542,4505.950000,400.000000,9.25000
10543,4506.000000,100.000000,9.25000
10544,4508.300000,100.000000,9.25000
10545,4512.480000,1700.000000,9.24000
10546,4513.520000,100.000000,9.25000
10547,4513.780000,200.000000,9.24000
10548,4517.590000,400.000000,9.25000
10549,4518.520000,2300.000000,9.24000
10550,4518.970000,1795.000000,9.24000
10551,4518.970000,105.000000,9.24000
10552,4524.140000,100.000000,9.24000
10553,4525.120000,100.000000,9.25000
10554,4528.540000,295.000000,9.24000
10555,4528.540000,100.000000,9.24000
10556,4528.540000,200.000000,9.24000
10557,4528.540000,100.000000,9.24000
10558,4528.540000,2000.000000,9.24000
10559,4528.540000,3400.000000,9.24000
10560,4528.540000,500.000000,9.24000
10561,4528.540000,2505.000000,9.24000
10562,4535.340000,200.000000,9.24000
10563,4542.540000,1700.000000,9.24000
10564,4544.940000,1100.000000,9.24000
10565,4546.180000,100.000000,9.25000
10566,4546.380000,200.000000,9.24000
10567,4548.370000,1000.000000,9.24000
10568,4549.780000,800.000000,9.24000
10569,4551.410000,100.000000,9.25000
10570,4552.990000,1895.000000,9.24000
10571,4552.990000,105.000000,9.24000
10572,4553.360000,395.000000,9.24000
10573,4553.360000,2405.000000,9.24000
10574,4556.080000,2200.000000,9.24000
10575,4557.300000,200.000000,9.24000
10576,4559.260000,9100.000000,9.24000
10577,4561.390000,3500.000000,9.25000
10578,4564.370000,700.000000,9.25000
10579,4564.370000,200.000000,9.25000
10580,4568.100000,200.000000,9.24000
10581,4568.720000,100.000000,9.24000
10582,4571.850000,600.000000,9.25000
10583,4572.980000,1095.000000,9.24000
10584,4572.980000,505.000000,9.24000
10585,4573.720000,2300.000000,9.24000
10586,4574.290000,700.000000,9.25000
10587,4574.830000,400.000000,9.25000
10588,4576.050000,1600.000000,9.24000
10589,4577.330000,300.000000,9.25000
10590,4578.830000,500.000000,9.24000
10591,4579.420000,95.000000,9.24000
10592,4579.420000,105.000000,9.24000
10593,4579.860000,2000.000000,9.25000
10594,4581.660000,300.000000,9.25000
10595,4584.910000,200.000000,9.25000
10596,4586.530000,100.000000,9.25000
10597,4588.840000,2395.000000,9.24000
10598,4588.840000,5900.000000,9.24000
10599,4588.840000,100.000000,9.24000
10600,4588.840000,400.000000,9.24000
10601,4588.840000,100.000000,9.24000
10602,4588.840000,100.000000,9.24000
10603,4588.840000,105.000000,9.24000
10604,4590.200000,100.000000,9.24000
10605,4591.940000,900.000000,9.25000
10606,4591.940000,2100.000000,9.25000
10607,4592.340000,2000.000000,9.25000
10608,4594.710000,100.000000,9.24000
10609,4595.730000,100.000000,9.25000
10610,4597.530000,195.000000,9.24000
10611,4597.530000,500.000000,9.24000
10612,4597.530000,400.000000,9.24000
10613,4597.530000,1000.000000,9.24000
10614,4597.530000,200.000000,9.24000
10615,4597.530000,705.000000,9.24000
10616,4599.680000,200.000000,9.24000
10617,4599.960000,95.000000,9.24000
10618,4599.960000,5.000000,9.24000
10619,4601.240000,200.000000,9.24000
10620,4602.990000,195.000000,9.24000
10621,4602.990000,1400.000000,9.24000
10622,4602.990000,205.000000,9.24000
10623,4604.700000,295.000000,9.24000
10624,4604.700000,2005.000000,9.24000
10625,4605.860000,595.000000,9.24000
10626,4605.860000,2900.000000,9.24000
10627,4605.860000,505.000000,9.24000
10628,4609.080000,100.000000,9.25000
10629,4610.330000,200.000000,9.24000
10630,4612.310000,200.000000,9.24000
10631,4615.010000,100.000000,9.25000
10632,4617.730000,95.000000,9.24000
10633,4617.730000,905.000000,9.24000
10634,4618.870000,1095.000000,9.24000
10635,4618.870000,3800.000000,9.24000
10636,4618.870000,300.000000,9.24000
10637,4618.870000,500.000000,9.24000
10638,4618.870000,300.000000,9.24000
10639,4618.870000,500.000000,9.24000
10640,4618.870000,500.000000,9.24000
10641,4618.870000,900.000000,9.24000
10642,4618.870000,1205.000000,9.24000
10643,4619.440000,500.000000,9.25000
10644,4621.340000,300.000000,9.25000
10645,4623.380000,100.000000,9.24000
10646,4625.840000,100.000000,9.25000
10647,4627.430000,200.000000,9.25000
10648,4628.370000,200.000000,9.25000
10649,4628.370000,200.000000,9.25000
10650,4629.090000,100.000000,9.25000
10651,4632.190000,1600.000000,9.24000
10652,4632.690000,995.000000,9.24000
10653,4632.690000,5.000000,9.24000
10654,4634.110000,995.000000,9.24000
10655,4634.110000,500.000000,9.24000
10656,4634.110000,200.000000,9.24000
10657,4634.110000,805.000000,9.24000
10658,4634.160000,195.000000,9.24000
10659,4634.160000,5.000000,9.24000
10660,4635.400000,100.000000,9.25000
10661,4636.010000,995.000000,9.24000
10662,4636.010000,105.000000,9.24000
10663,4636.250000,100.000000,9.25000
10664,4640.810000,400.000000,9.24000
10665,4640.950000,1000.000000,9.24000
10666,4641.200000,2100.000000,9.24000
10667,4642.590000,2000.000000,9.25000
10668,4642.670000,200.000000,9.24000
10669,4645.190000,200.000000,9.24000
10670,4645.330000,1300.000000,9.25000
10671,4647.250000,100.000000,9.25000
10672,4648.100000,9100.000000,9.24000
10673,4653.290000,100.000000,9.25000
10674,4653.550000,5800.000000,9.24000
10675,4654.950000,600.000000,9.24000
10676,4655.120000,100.000000,9.25000
10677,4656.220000,200.000000,9.24000
10678,4657.530000,1095.000000,9.24000
10679,4657.530000,2000.000000,9.24000
10680,4657.530000,100.000000,9.24000
10681,4657.530000,1605.000000,9.24000
10682,4661.990000,100.000000,9.24000
10683,4662.610000,295.000000,9.24000
10684,4662.610000,1100.000000,9.24000
10685,4662.610000,305.000000,9.24000
10686,4664.320000,200.000000,9.25000
10687,4667.240000,7100.000000,9.24000
10688,4667.250000,2595.000000,9.24000
10689,4667.250000,805.000000,9.24000
10690,4667.260000,195.000000,9.24000
10691,4667.260000,4000.000000,9.24000
10692,4667.260000,100.000000,9.24000
10693,4667.260000,400.000000,9.24000
10694,4667.260000,4005.000000,9.24000
10695,4667.500000,200.000000,9.24000
10696,4668.190000,6095.000000,9.24000
10697,4668.190000,300.000000,9.24000
10698,4668.190000,2000.000000,9.24000
10699,4668.190000,500.000000,9.24000
10700,4668.190000,1100.000000,9.24000
10701,4668.190000,100.000000,9.24000
10702,4668.190000,400.000000,9.24000
10703,4668.190000,100.000000,9.24000
10704,4668.190000,100.000000,9.24000
10705,4668.190000,700.000000,9.24000
10706,4668.190000,9405.000000,9.24000
10707,4670.430000,200.000000,9.24000
10708,4670.830000,1000.000000,9.25000
10709,4675.070000,100.000000,9.25000
10710,4678.390000,200.000000,9.24000
10711,4678.710000,1795.000000,9.24000
10712,4678.710000,1000.000000,9.24000
10713,4678.710000,100.000000,9.24000
10714,4678.710000,6205.000000,9.24000
10715,4680.890000,2000.000000,9.24000
10716,4683.320000,2300.000000,9.24000
10717,4689.090000,100.000000,9.24000
10718,4692.630000,1800.000000,9.24000
10719,4693.740000,3500.000000,9.24000
10720,4694.100000,100.000000,9.24000
10721,4697.120000,100.000000,9.24000
10722,4700.230000,200.000000,9.24000
10723,4701.290000,400.000000,9.24000
10724,4709.730000,4795.000000,9.24000
10725,4709.730000,4305.000000,9.24000
10726,4709.910000,695.000000,9.24000
10727,4709.910000,305.000000,9.24000
10728,4711.210000,95.000000,9.24000
10729,4711.210000,105.000000,9.24000
10730,4712.730000,2300.000000,9.24000
10731,4714.790000,500.000000,9.24000
10732,4716.140000,3195.000000,9.24000
10733,4716.140000,13405.000000,9.24000
10734,4721.510000,1000.000000,9.24000
10735,4722.190000,200.000000,9.24000
10736,4722.650000,1000.000000,9.24000
10737,4722.680000,1600.000000,9.24000
10738,4733.300000,200.000000,9.24000
10739,4733.680000,300.000000,9.25000
10740,4733.680000,200.000000,9.25000
10741,4734.610000,3695.000000,9.24000
10742,4734.610000,1000.000000,9.24000
10743,4734.610000,100.000000,9.24000
10744,4734.610000,700.000000,9.24000
10745,4734.610000,300.000000,9.24000
10746,4734.610000,4205.000000,9.24000
10747,4736.930000,400.000000,9.24000
10748,4739.080000,395.000000,9.24000
10749,4739.080000,800.000000,9.24000
10750,4739.080000,5400.000000,9.24000
10751,4739.080000,500.000000,9.24000
10752,4739.080000,2005.000000,9.24000
10753,4740.610000,200.000000,9.24000
10754,4742.220000,195.000000,9.24000
10755,4742.220000,500.000000,9.24000
10756,4742.220000,200.000000,9.24000
10757,4742.220000,400.000000,9.24000
10758,4742.220000,1100.000000,9.24000
10759,4742.220000,800.000000,9.24000
10760,4742.220000,100.000000,9.24000
10761,4742.220000,1500.000000,9.24000
10762,4742.220000,300.000000,9.24000
10763,4742.220000,205.000000,9.24000
10764,4742.220000,1595.000000,9.24000
10765,4742.220000,505.000000,9.24000
10766,4744.350000,200.000000,9.24000
10767,4750.330000,1295.000000,9.24000
10768,4750.330000,1005.000000,9.24000
10769,4752.230000,1095.000000,9.24000
10770,4752.230000,100.000000,9.24000
10771,4752.230000,100.000000,9.24000
10772,4752.230000,3705.000000,9.24000
10773,4752.700000,1700.000000,9.24000
10774,4754.020000,300.000000,9.24000
10775,4755.360000,200.000000,9.24000
10776,4757.210000,4095.000000,9.24000
10777,4757.210000,300.000000,9.24000
10778,4757.210000,1000.000000,9.24000
10779,4757.210000,2100.000000,9.24000
10780,4757.210000,2400.000000,9.24000
10781,4757.210000,600.000000,9.24000
10782,4757.210000,600.000000,9.24000
10783,4757.210000,600.000000,9.24000
10784,4757.210000,805.000000,9.24000
10785,4758.670000,100.000000,9.25000
10786,4766.200000,100.000000,9.24000
10787,4766.280000,95.000000,9.24000
10788,4766.280000,500.000000,9.24000
10789,4766.280000,600.000000,9.24000
10790,4766.280000,2805.000000,9.24000
10791,4767.610000,100.000000,9.25000
10792,4770.720000,2195.000000,9.24000
10793,4770.720000,1000.000000,9.24000
10794,4770.720000,300.000000,9.24000
10795,4770.720000,5000.000000,9.24000
10796,4770.720000,200.000000,9.24000
10797,4770.720000,405.000000,9.24000
10798,4772.030000,200.000000,9.24000
10799,4773.100000,195.000000,9.24000
10800,4773.100000,1505.000000,9.24000
10801,4775.090000,100.000000,9.24000
10802,4776.260000,2295.000000,9.24000
10803,4776.260000,205.000000,9.24000
10804,4777.260000,200.000000,9.24000
10805,4778.100000,100.000000,9.25000
10806,4783.160000,1595.000000,9.24000
10807,4783.160000,100.000000,9.24000
10808,4783.160000,105.000000,9.24000
10809,4784.220000,2100.000000,9.25000
10810,4787.210000,995.000000,9.24000
10811,4787.210000,100.000000,9.24000
10812,4787.210000,1100.000000,9.24000
10813,4787.210000,100.000000,9.24000
10814,4787.210000,1100.000000,9.24000
10815,4787.210000,700.000000,9.24000
10816,4787.210000,500.000000,9.24000
10817,4787.210000,1000.000000,9.24000
10818,4787.210000,1805.000000,9.24000
10819,4787.230000,1195.000000,9.24000
10820,4787.230000,500.000000,9.24000
10821,4787.230000,300.000000,9.24000
10822,4787.230000,1500.000000,9.24000
10823,4787.230000,7900.000000,9.24000
10824,4787.230000,500.000000,9.24000
10825,4787.230000,300.000000,9.24000
10826,4787.230000,1605.000000,9.24000
10827,4788.420000,495.000000,9.24000
10828,4788.420000,1705.000000,9.24000
10829,4788.420000,200.000000,9.24000
10830,4792.030000,100.000000,9.24000
10831,4792.520000,100.000000,9.24000
10832,4792.820000,1000.000000,9.24000
10833,4793.170000,400.000000,9.25000
10834,4797.450000,100.000000,9.25000
10835,4799.320000,200.000000,9.24000
10836,4800.040000,1995.000000,9.24000
10837,4800.040000,1200.000000,9.24000
10838,4800.040000,200.000000,9.24000
10839,4800.040000,1600.000000,9.24000
10840,4800.040000,1000.000000,9.24000
10841,4800.040000,1000.000000,9.24000
10842,4800.040000,500.000000,9.24000
10843,4800.040000,1605.000000,9.24000
10844,4803.460000,100.000000,9.25000
10845,4806.010000,300.000000,9.25000
10846,4806.230000,300.000000,9.25000
10847,4806.230000,300.000000,9.25000
10848,4806.230000,300.000000,9.25000
10849,4806.370000,300.000000,9.25000
10850,4808.200000,1200.000000,9.25000
10851,4808.220000,2500.000000,9.25000
10852,4808.710000,100.000000,9.25000
10853,4809.080000,1100.000000,9.24000
10854,4809.140000,10000.000000,9.25000
10855,4810.290000,100.000000,9.24000
10856,4811.090000,200.000000,9.24000
10857,4811.270000,3000.000000,9.25000
10858,4812.360000,1600.000000,9.24000
10859,4812.540000,2395.000000,9.24000
10860,4812.540000,400.000000,9.24000
10861,4812.540000,300.000000,9.24000
10862,4812.540000,300.000000,9.24000
10863,4812.540000,1000.000000,9.24000
10864,4812.540000,2100.000000,9.24000
10865,4812.540000,100.000000,9.24000
10866,4812.540000,100.000000,9.24000
10867,4812.540000,200.000000,9.24000
10868,4812.540000,500.000000,9.24000
10869,4812.540000,2000.000000,9.24000
10870,4812.540000,600.000000,9.24000
10871,4812.540000,5.000000,9.24000
10872,4815.840000,295.000000,9.24000
10873,4815.840000,394.000000,9.24000
10874,4816.650000,2300.000000,9.24000
10875,4818.100000,100.000000,9.25000
10876,4818.330000,3306.000000,9.24000
10877,4818.330000,100.000000,9.24000
10878,4818.330000,1100.000000,9.24000
10879,4818.330000,694.000000,9.24000
10880,4821.140000,5400.000000,9.25000
10881,4821.240000,200.000000,9.24000
10882,4821.390000,1106.000000,9.24000
10883,4821.390000,2200.000000,9.24000
10884,4821.390000,100.000000,9.24000
10885,4821.390000,1000.000000,9.24000
10886,4821.390000,2100.000000,9.24000
10887,4821.390000,200.000000,9.24000
10888,4821.390000,10000.000000,9.24000
10889,4821.390000,400.000000,9.24000
10890,4821.390000,1100.000000,9.24000
10891,4821.390000,300.000000,9.24000
10892,4821.390000,300.000000,9.24000
10893,4821.390000,100.000000,9.24000
10894,4821.390000,500.000000,9.24000
10895,4821.390000,1900.000000,9.24000
10896,4821.390000,7800.000000,9.24000
10897,4821.390000,100.000000,9.24000
10898,4821.390000,300.000000,9.24000
10899,4821.390000,5000.000000,9.24000
10900,4821.390000,400.000000,9.24000
10901,4821.390000,900.000000,9.24000
10902,4821.390000,100.000000,9.24000
10903,4821.390000,2000.000000,9.24000
10904,4821.390000,400.000000,9.24000
10905,4821.390000,200.000000,9.24000
10906,4821.390000,1494.000000,9.24000
10907,4824.520000,1106.000000,9.24000
10908,4824.520000,1094.000000,9.24000
10909,4827.210000,1906.000000,9.24000
10910,4827.210000,10000.000000,9.24000
10911,4827.210000,600.000000,9.24000
10912,4827.210000,994.000000,9.24000
10913,4827.220000,1006.000000,9.24000
10914,4827.220000,1000.000000,9.24000
10915,4827.220000,400.000000,9.24000
10916,4827.220000,900.000000,9.24000
10917,4827.220000,200.000000,9.24000
10918,4827.220000,1500.000000,9.24000
10919,4827.220000,6494.000000,9.24000
10920,4827.230000,2800.000000,9.24000
10921,4827.700000,100.000000,9.25000
10922,4830.890000,700.000000,9.24000
10923,4831.390000,6.000000,9.24000
10924,4831.390000,9094.000000,9.24000
10925,4832.220000,2300.000000,9.24000
10926,4832.460000,200.000000,9.24000
10927,4833.780000,30000.000000,9.24000
10928,4838.180000,100.000000,9.25000
10929,4842.220000,4200.000000,9.24000
10930,4842.370000,1700.000000,9.24000
10931,4843.170000,100.000000,9.24000
10932,4844.550000,1100.000000,9.24000
10933,4845.400000,100.000000,9.25000
10934,4846.180000,900.000000,9.25000
10935,4846.460000,10000.000000,9.24000
10936,4849.680000,100.000000,9.25000
10937,4849.740000,21306.000000,9.24000
10938,4849.740000,100.000000,9.24000
10939,4849.740000,4600.000000,9.24000
10940,4849.740000,300.000000,9.24000
10941,4849.740000,3000.000000,9.24000
10942,4849.740000,800.000000,9.24000
10943,4849.740000,300.000000,9.24000
10944,4849.740000,100.000000,9.24000
10945,4849.740000,400.000000,9.24000
10946,4849.740000,300.000000,9.24000
10947,4849.740000,200.000000,9.24000
10948,4849.740000,300.000000,9.24000
10949,4849.740000,2200.000000,9.24000
10950,4849.740000,500.000000,9.24000
10951,4849.740000,400.000000,9.24000
10952,4849.740000,100.000000,9.24000
10953,4849.740000,1000.000000,9.24000
10954,4849.740000,1000.000000,9.24000
10955,4849.740000,200.000000,9.24000
10956,4849.740000,1000.000000,9.24000
10957,4849.740000,994.000000,9.24000
10958,4851.400000,6.000000,9.24000
10959,4851.400000,1700.000000,9.24000
10960,4851.400000,400.000000,9.24000
10961,4851.400000,894.000000,9.24000
10962,4853.080000,1406.000000,9.24000
10963,4853.080000,500.000000,9.24000
10964,4853.080000,1000.000000,9.24000
10965,4853.080000,194.000000,9.24000
10966,4853.200000,106.000000,9.24000
10967,4853.200000,1094.000000,9.24000
10968,4853.390000,1800.000000,9.24000
10969,4853.440000,2400.000000,9.24000
10970,4854.220000,200.000000,9.24000
10971,4857.220000,5500.000000,9.24000
10972,4861.330000,2400.000000,9.25000
10973,4861.420000,5006.000000,9.24000
10974,4861.420000,4094.000000,9.24000
10975,4862.230000,8500.000000,9.24000
10976,4863.450000,2200.000000,9.24000
10977,4865.400000,200.000000,9.24000
10978,4865.840000,100.000000,9.24000
10979,4865.870000,1000.000000,9.24000
10980,4872.790000,1700.000000,9.24000
10981,4873.760000,800.000000,9.24000
10982,4876.150000,200.000000,9.24000
10983,4876.320000,100.000000,9.25000
10984,4877.250000,5006.000000,9.24000
10985,4877.250000,400.000000,9.24000
10986,4877.250000,2000.000000,9.24000
10987,4877.250000,1000.000000,9.24000
10988,4877.250000,500.000000,9.24000
10989,4877.250000,100.000000,9.24000
10990,4877.250000,2000.000000,9.24000
10991,4877.250000,1000.000000,9.24000
10992,4877.250000,1200.000000,9.24000
10993,4877.250000,500.000000,9.24000
10994,4877.250000,2000.000000,9.24000
10995,4878.250000,1000.000000,9.24000
10996,4878.260000,300.000000,9.23000
10997,4878.260000,30000.000000,9.23000
10998,4878.260000,6300.000000,9.23000
10999,4878.260000,4600.000000,9.23000
11000,4878.260000,1000.000000,9.23000
11001,4878.260000,300.000000,9.23000
11002,4878.260000,1000.000000,9.23000
11003,4878.260000,100.000000,9.23000
11004,4878.260000,5600.000000,9.23000
11005,4878.260000,500.000000,9.23000
11006,4878.260000,300.000000,9.23000
11007,4879.450000,1700.000000,9.23000
11008,4879.450000,100.000000,9.23000
11009,4882.940000,100.000000,9.24000
11010,4887.320000,100.000000,9.23000
11011,4889.450000,200.000000,9.24000
11012,4891.720000,200.000000,9.23000
11013,4891.770000,300.000000,9.24000
11014,4892.140000,100.000000,9.23000
11015,4892.140000,9000.000000,9.23000
11016,4893.340000,1000.000000,9.23000
11017,4893.340000,1300.000000,9.23000
11018,4893.740000,1000.000000,9.23000
11019,4894.100000,1100.000000,9.23000
11020,4896.650000,10394.000000,9.24000
11021,4896.650000,24306.000000,9.24000
11022,4898.240000,200.000000,9.23000
11023,4898.970000,2000.000000,9.23000
11024,4898.970000,2000.000000,9.23000
11025,4898.970000,500.000000,9.23000
11026,4898.970000,1000.000000,9.23000
11027,4898.970000,1000.000000,9.23000
11028,4898.970000,1000.000000,9.23000
11029,4898.970000,3000.000000,9.23000
11030,4898.970000,800.000000,9.23000
11031,4898.970000,1100.000000,9.23000
11032,4898.970000,6800.000000,9.23000
11033,4900.190000,2000.000000,9.23000
11034,4902.820000,1200.000000,9.23000
11035,4902.820000,300.000000,9.23000
11036,4902.820000,200.000000,9.23000
11037,4903.150000,900.000000,9.24000
11038,4903.460000,400.000000,9.23000
11039,4904.840000,400.000000,9.24000
11040,4905.380000,800.000000,9.23000
11041,4905.380000,5500.000000,9.23000
11042,4905.380000,400.000000,9.23000
11043,4905.380000,900.000000,9.23000
11044,4905.380000,100.000000,9.23000
11045,4905.380000,1000.000000,9.23000
11046,4905.380000,1800.000000,9.23000
11047,4905.890000,5000.000000,9.24000
11048,4907.160000,19394.000000,9.24000
11049,4907.160000,10000.000000,9.24000
11050,4907.220000,26100.000000,9.24000
11051,4908.710000,2800.000000,9.24000
11052,4909.750000,200.000000,9.24000
11053,4910.010000,4000.000000,9.24000
11054,4912.220000,17506.000000,9.24000
11055,4912.220000,300.000000,9.24000
11056,4912.220000,1000.000000,9.24000
11057,4912.220000,1200.000000,9.23000
11058,4912.220000,3794.000000,9.23000
11059,4919.240000,1900.000000,9.24000
11060,4921.010000,2100.000000,9.24000
11061,4921.440000,200.000000,9.23000
11062,4923.100000,9100.000000,9.23000
11063,4926.700000,2906.000000,9.23000
11064,4926.700000,100.000000,9.23000
11065,4926.700000,5400.000000,9.23000
11066,4926.700000,94.000000,9.23000
11067,4926.710000,200.000000,9.24000
11068,4926.860000,1006.000000,9.23000
11069,4926.860000,2500.000000,9.23000
11070,4926.860000,1000.000000,9.23000
11071,4926.860000,100.000000,9.23000
11072,4926.860000,5394.000000,9.23000
11073,4928.510000,400.000000,9.23000
11074,4932.170000,100.000000,9.23000
11075,4932.860000,1600.000000,9.23000
11076,4933.110000,2000.000000,9.23000
11077,4934.390000,100.000000,9.24000
11078,4935.110000,506.000000,9.23000
11079,4935.110000,700.000000,9.23000
11080,4935.110000,4794.000000,9.23000
11081,4936.640000,500.000000,9.24000
11082,4937.980000,500.000000,9.24000
11083,4939.140000,400.000000,9.24000
11084,4941.900000,600.000000,9.23000
11085,4942.350000,1000.000000,9.24000
11086,4942.890000,500.000000,9.24000
11087,4943.520000,200.000000,9.23000
11088,4945.100000,406.000000,9.23000
11089,4945.100000,1000.000000,9.23000
11090,4945.100000,1594.000000,9.23000
11091,4950.020000,100.000000,9.24000
11092,4952.310000,806.000000,9.23000
11093,4952.310000,1000.000000,9.23000
11094,4952.310000,1100.000000,9.23000
11095,4952.310000,3000.000000,9.23000
11096,4952.310000,500.000000,9.23000
11097,4952.310000,2694.000000,9.23000
11098,4953.330000,10000.000000,9.24000
11099,4954.460000,200.000000,9.23000
11100,4954.780000,300.000000,9.24000
11101,4955.010000,7106.000000,9.23000
11102,4955.010000,500.000000,9.23000
11103,4955.010000,2494.000000,9.23000
11104,4955.460000,1000.000000,9.24000
11105,4955.760000,900.000000,9.24000
11106,4956.950000,1100.000000,9.24000
11107,4958.740000,1700.000000,9.24000
11108,4959.390000,506.000000,9.23000
11109,4959.390000,94.000000,9.23000
11110,4961.200000,406.000000,9.23000
11111,4961.200000,1000.000000,9.23000
11112,4961.200000,500.000000,9.23000
11113,4961.200000,2000.000000,9.23000
11114,4961.200000,2500.000000,9.23000
11115,4961.200000,6094.000000,9.23000
11116,4961.330000,100.000000,9.24000
11117,4961.790000,2100.000000,9.24000
11118,4962.330000,400.000000,9.24000
11119,4962.370000,15100.000000,9.24000
11120,4962.370000,4800.000000,9.24000
11121,4962.370000,4000.000000,9.24000
11122,4962.370000,800.000000,9.24000
11123,4962.370000,2000.000000,9.24000
11124,4962.880000,1700.000000,9.24000
11125,4963.340000,200.000000,9.24000
11126,4965.530000,200.000000,9.24000
11127,4966.170000,1000.000000,9.24000
11128,4966.360000,800.000000,9.24000
11129,4966.600000,200.000000,9.25000
11130,4966.880000,2100.000000,9.25000
11131,4967.230000,12900.000000,9.24000
11132,4967.240000,6800.000000,9.24000
11133,4967.240000,400.000000,9.24000
11134,4967.240000,100.000000,9.24000
11135,4967.240000,2600.000000,9.24000
11136,4967.240000,4200.000000,9.24000
11137,4968.890000,800.000000,9.24000
11138,4968.890000,100.000000,9.24000
11139,4968.890000,1100.000000,9.24000
11140,4968.890000,500.000000,9.24000
11141,4968.890000,100.000000,9.24000
11142,4968.920000,1400.000000,9.24000
11143,4969.920000,3200.000000,9.24000
11144,4970.230000,100.000000,9.23000
11145,4970.580000,100.000000,9.24000
11146,4972.260000,5000.000000,9.24000
11147,4972.980000,1000.000000,9.24000
11148,4975.050000,3000.000000,9.24000
11149,4976.520000,200.000000,9.23000
11150,4977.410000,37700.000000,9.24000
11151,4981.310000,100.000000,9.25000
11152,4981.870000,9100.000000,9.24000
11153,4983.720000,300.000000,9.25000
11154,4987.220000,3000.000000,9.24000
11155,4987.400000,200.000000,9.24000
11156,4992.500000,1600.000000,9.24000
11157,4992.900000,100.000000,9.25000
11158,4993.990000,1600.000000,9.25000
11159,4997.920000,200.000000,9.24000
11160,4998.410000,100.000000,9.24000
11161,5003.520000,100.000000,9.25000
11162,5005.110000,1000.000000,9.25000
11163,5009.350000,200.000000,9.24000
11164,5010.870000,500.000000,9.25000
11165,5011.630000,3300.000000,9.25000
11166,5011.850000,9100.000000,9.24000
11167,5012.280000,100.000000,9.24000
11168,5012.610000,200.000000,9.25000
11169,5012.780000,2900.000000,9.25000
11170,5016.550000,400.000000,9.25000
11171,5016.670000,400.000000,9.25000
11172,5020.300000,200.000000,9.24000
11173,5022.520000,1700.000000,9.24000
11174,5024.350000,100.000000,9.25000
11175,5027.960000,5100.000000,9.24000
11176,5030.390000,1000.000000,9.25000
11177,5030.730000,11700.000000,9.24000
11178,5030.730000,1100.000000,9.24000
11179,5030.730000,100.000000,9.24000
11180,5030.730000,600.000000,9.24000
11181,5030.730000,300.000000,9.24000
11182,5030.730000,500.000000,9.24000
11183,5030.730000,500.000000,9.24000
11184,5030.730000,10000.000000,9.24000
11185,5030.730000,5000.000000,9.24000
11186,5030.730000,200.000000,9.24000
11187,5030.940000,900.000000,9.25000
11188,5031.480000,200.000000,9.24000
11189,5032.900000,5600.000000,9.25000
11190,5032.900000,100.000000,9.25000
11191,5033.540000,200.000000,9.24000
11192,5036.880000,5000.000000,9.25000
11193,5037.470000,1000.000000,9.24000
11194,5038.390000,5800.000000,9.25000
11195,5039.880000,200.000000,9.25000
11196,5039.920000,1000.000000,9.25000
11197,5040.240000,10000.000000,9.25000
11198,5040.490000,30000.000000,9.25000
11199,5040.640000,5000.000000,9.25000
11200,5040.970000,100.000000,9.25000
11201,5041.190000,2700.000000,9.25000
11202,5042.090000,100.000000,9.24000
11203,5042.800000,2900.000000,9.25000
11204,5042.900000,6400.000000,9.24000
11205,5042.900000,200.000000,9.24000
11206,5042.900000,1300.000000,9.24000
11207,5042.900000,1200.000000,9.24000
11208,5043.330000,5000.000000,9.25000
11209,5046.730000,400.000000,9.24000
11210,5047.810000,500.000000,9.25000
11211,5050.060000,1600.000000,9.25000
11212,5050.760000,500.000000,9.24000
11213,5051.650000,900.000000,9.25000
11214,5051.890000,1100.000000,9.25000
11215,5052.940000,1600.000000,9.24000
11216,5053.190000,1200.000000,9.25000
11217,5053.320000,200.000000,9.24000
11218,5053.610000,2600.000000,9.25000
11219,5057.050000,1000.000000,9.25000
11220,5057.620000,21700.000000,9.25000
11221,5057.620000,2800.000000,9.25000
11222,5057.620000,5700.000000,9.25000
11223,5057.620000,5000.000000,9.25000
11224,5057.620000,400.000000,9.25000
11225,5057.620000,300.000000,9.25000
11226,5057.620000,14100.000000,9.25000
11227,5058.080000,300.000000,9.24000
11228,5058.190000,200.000000,9.25000
11229,5062.390000,1000.000000,9.25000
11230,5064.190000,200.000000,9.24000
11231,5064.230000,200.000000,9.25000
11232,5064.240000,300.000000,9.25000
11233,5068.170000,1300.000000,9.25000
11234,5071.390000,2800.000000,9.24000
11235,5072.350000,200.000000,9.24000
11236,5072.440000,8500.000000,9.24000
11237,5072.440000,400.000000,9.24000
11238,5072.440000,200.000000,9.24000
11239,5072.990000,1000.000000,9.25000
11240,5074.220000,400.000000,9.25000
11241,5075.140000,1500.000000,9.24000
11242,5075.140000,100.000000,9.24000
11243,5075.470000,200.000000,9.24000
11244,5075.640000,500.000000,9.25000
11245,5078.120000,100.000000,9.24000
11246,5078.480000,1000.000000,9.25000
11247,5079.760000,2600.000000,9.24000
11248,5079.760000,1000.000000,9.24000
11249,5082.300000,1200.000000,9.24000
11250,5082.300000,2000.000000,9.24000
11251,5082.960000,1700.000000,9.24000
11252,5084.440000,2000.000000,9.25000
11253,5084.490000,500.000000,9.25000
11254,5086.350000,100.000000,9.24000
11255,5086.700000,2300.000000,9.24000
11256,5087.620000,1400.000000,9.25000
11257,5087.620000,2200.000000,9.25000
11258,5091.260000,600.000000,9.25000
11259,5091.260000,400.000000,9.25000
11260,5091.320000,100.000000,9.24000
11261,5092.220000,400.000000,9.25000
11262,5095.510000,100.000000,9.25000
11263,5097.490000,200.000000,9.24000
11264,5100.750000,3200.000000,9.24000
11265,5103.910000,9100.000000,9.24000
11266,5104.160000,200.000000,9.24000
11267,5106.360000,100.000000,9.25000
11268,5108.330000,200.000000,9.24000
11269,5111.820000,200.000000,9.25000
11270,5113.170000,1600.000000,9.24000
11271,5115.920000,100.000000,9.25000
11272,5119.170000,200.000000,9.24000
11273,5121.860000,2400.000000,9.24000
11274,5123.310000,1200.000000,9.25000
11275,5124.330000,8000.000000,9.24000
11276,5124.430000,100.000000,9.24000
11277,5126.890000,100.000000,9.25000
11278,5128.330000,900.000000,9.25000
11279,5130.230000,200.000000,9.24000
11280,5130.870000,400.000000,9.25000
11281,5133.490000,9100.000000,9.24000
11282,5134.360000,5000.000000,9.25000
11283,5134.470000,100.000000,9.25000
11284,5134.470000,1500.000000,9.25000
11285,5135.220000,200.000000,9.25000
11286,5136.310000,100.000000,9.25000
11287,5137.820000,500.000000,9.25000
11288,5141.760000,100.000000,9.24000
11289,5142.030000,1400.000000,9.25000
11290,5143.180000,1800.000000,9.24000
11291,5144.170000,1000.000000,9.25000
11292,5145.030000,700.000000,9.24000
11293,5150.190000,2400.000000,9.24000
11294,5152.300000,200.000000,9.24000
11295,5154.160000,100.000000,9.24000
11296,5155.810000,100.000000,9.25000
11297,5159.850000,100.000000,9.24000
11298,5160.320000,1200.000000,9.24000
11299,5163.240000,2700.000000,9.24000
11300,5163.240000,600.000000,9.24000
11301,5163.240000,5000.000000,9.24000
11302,5163.240000,800.000000,9.24000
11303,5163.270000,200.000000,9.24000
11304,5165.080000,100.000000,9.24000
11305,5166.040000,900.000000,9.24000
11306,5166.040000,100.000000,9.24000
11307,5166.110000,100.000000,9.25000
11308,5170.710000,200.000000,9.24000
11309,5170.710000,100.000000,9.24000
11310,5170.710000,1000.000000,9.24000
11311,5170.710000,800.000000,9.24000
11312,5170.770000,1000.000000,9.24000
11313,5170.770000,200.000000,9.24000
11314,5170.900000,200.000000,9.24000
11315,5170.900000,1000.000000,9.24000
11316,5170.990000,1100.000000,9.24000
11317,5171.130000,1200.000000,9.24000
11318,5171.620000,1000.000000,9.24000
11319,5172.390000,1800.000000,9.24000
11320,5172.880000,400.000000,9.24000
11321,5173.080000,5100.000000,9.25000
11322,5173.080000,5000.000000,9.25000
11323,5174.420000,200.000000,9.24000
11324,5176.320000,100.000000,9.25000
11325,5177.250000,7600.000000,9.24000
11326,5178.390000,2400.000000,9.24000
11327,5180.640000,400.000000,9.25000
11328,5182.580000,100.000000,9.25000
11329,5182.580000,100.000000,9.25000
11330,5183.700000,1200.000000,9.24000
11331,5184.700000,2600.000000,9.24000
11332,5184.940000,100.000000,9.25000
11333,5185.310000,200.000000,9.24000
11334,5185.320000,200.000000,9.24000
11335,5189.350000,3800.000000,9.24000
11336,5191.700000,300.000000,9.24000
11337,5191.700000,3200.000000,9.24000
11338,5192.580000,1800.000000,9.24000
11339,5192.580000,400.000000,9.24000
11340,5193.860000,9100.000000,9.24000
11341,5196.420000,200.000000,9.24000
11342,5196.800000,300.000000,9.24000
11343,5196.800000,2200.000000,9.24000
11344,5196.800000,500.000000,9.24000
11345,5200.760000,500.000000,9.24000
11346,5200.760000,900.000000,9.24000
11347,5201.500000,400.000000,9.25000
11348,5202.850000,200.000000,9.24000
11349,5202.850000,200.000000,9.24000
11350,5202.850000,600.000000,9.24000
11351,5202.850000,100.000000,9.24000
11352,5202.850000,500.000000,9.24000
11353,5207.120000,4500.000000,9.24000
11354,5207.120000,5000.000000,9.24000
11355,5207.120000,2000.000000,9.24000
11356,5207.120000,500.000000,9.24000
11357,5207.120000,1100.000000,9.24000
11358,5207.120000,100.000000,9.24000
11359,5207.120000,2200.000000,9.24000
11360,5207.120000,1000.000000,9.24000
11361,5207.120000,3600.000000,9.24000
11362,5207.350000,300.000000,9.25000
11363,5207.540000,100.000000,9.24000
11364,5207.740000,2100.000000,9.25000
11365,5208.590000,3700.000000,9.24000
11366,5208.590000,200.000000,9.24000
11367,5208.590000,1000.000000,9.24000
11368,5208.590000,1400.000000,9.24000
11369,5208.590000,400.000000,9.24000
11370,5208.590000,5400.000000,9.24000
11371,5208.590000,2800.000000,9.24000
11372,5209.080000,1000.000000,9.24000
11373,5209.910000,2400.000000,9.24000
11374,5212.220000,2500.000000,9.24000
11375,5212.220000,400.000000,9.24000
11376,5212.220000,2000.000000,9.24000
11377,5212.220000,100.000000,9.24000
11378,5212.220000,7400.000000,9.24000
11379,5212.220000,2000.000000,9.24000
11380,5212.220000,1700.000000,9.24000
11381,5212.220000,2000.000000,9.24000
11382,5212.220000,1000.000000,9.24000
11383,5212.220000,8100.000000,9.24000
11384,5212.240000,16900.000000,9.24000
11385,5212.240000,5000.000000,9.24000
11386,5212.240000,100.000000,9.24000
11387,5212.240000,600.000000,9.24000
11388,5212.240000,200.000000,9.24000
11389,5215.180000,4800.000000,9.24000
11390,5215.180000,200.000000,9.24000
11391,5215.180000,1000.000000,9.24000
11392,5215.180000,600.000000,9.24000
11393,5215.180000,1000.000000,9.24000
11394,5215.180000,800.000000,9.24000
11395,5216.030000,400.000000,9.24000
11396,5216.030000,200.000000,9.24000
11397,5216.030000,100.000000,9.24000
11398,5216.030000,100.000000,9.24000
11399,5216.030000,1000.000000,9.24000
11400,5216.030000,600.000000,9.24000
11401,5216.030000,1100.000000,9.24000
11402,5216.030000,100.000000,9.24000
11403,5216.030000,200.000000,9.24000
11404,5216.030000,400.000000,9.24000
11405,5216.030000,13700.000000,9.24000
11406,5218.150000,300.000000,9.24000
11407,5218.570000,200.000000,9.24000
11408,5220.760000,4400.000000,9.24000
11409,5221.360000,600.000000,9.24000
11410,5224.790000,500.000000,9.24000
11411,5224.790000,2000.000000,9.24000
11412,5224.790000,200.000000,9.24000
11413,5224.790000,700.000000,9.24000
11414,5224.790000,200.000000,9.24000
11415,5224.790000,2000.000000,9.24000
11416,5224.790000,1100.000000,9.24000
11417,5224.790000,1200.000000,9.24000
11418,5224.790000,1200.000000,9.24000
11419,5226.750000,100.000000,9.24000
11420,5226.770000,300.000000,9.24000
11421,5228.900000,100.000000,9.25000
11422,5229.480000,200.000000,9.24000
11423,5229.980000,100.000000,9.24000
11424,5232.330000,8100.000000,9.24000
11425,5232.330000,2000.000000,9.24000
11426,5232.880000,300.000000,9.24000
11427,5232.880000,100.000000,9.24000
11428,5232.880000,1200.000000,9.24000
11429,5236.040000,2000.000000,9.24000
11430,5236.040000,1400.000000,9.24000
11431,5236.040000,1100.000000,9.24000
11432,5236.040000,100.000000,9.24000
11433,5236.040000,100.000000,9.24000
11434,5236.040000,1800.000000,9.24000
11435,5236.040000,700.000000,9.24000
11436,5236.040000,500.000000,9.24000
11437,5236.040000,1000.000000,9.24000
11438,5237.690000,100.000000,9.24000
11439,5237.690000,1700.000000,9.24000
11440,5237.930000,1300.000000,9.24000
11441,5237.930000,200.000000,9.24000
11442,5237.930000,1000.000000,9.24000
11443,5237.930000,800.000000,9.24000
11444,5237.930000,500.000000,9.24000
11445,5239.970000,200.000000,9.24000
11446,5239.970000,400.000000,9.24000
11447,5239.970000,1300.000000,9.24000
11448,5239.970000,200.000000,9.24000
11449,5239.970000,100.000000,9.24000
11450,5240.290000,100.000000,9.24000
11451,5240.290000,100.000000,9.24000
11452,5242.690000,100.000000,9.25000
11453,5244.000000,200.000000,9.24000
11454,5247.250000,100.000000,9.24000
11455,5247.250000,500.000000,9.24000
11456,5247.250000,300.000000,9.24000
11457,5247.250000,500.000000,9.24000
11458,5247.250000,3300.000000,9.24000
11459,5247.250000,2900.000000,9.23000
11460,5247.910000,100.000000,9.25000
11461,5248.170000,1000.000000,9.23000
11462,5251.470000,200.000000,9.24000
11463,5255.080000,3700.000000,9.24000
11464,5255.080000,5400.000000,9.23000
11465,5256.810000,300.000000,9.23000
11466,5257.730000,300.000000,9.24000
11467,5260.020000,100.000000,9.24000
11468,5262.550000,200.000000,9.23000
11469,5262.910000,1700.000000,9.23000
11470,5267.740000,100.000000,9.24000
11471,5269.150000,100.000000,9.23000
11472,5273.700000,100.000000,9.23000
11473,5274.220000,3100.000000,9.24000
11474,5275.960000,2400.000000,9.23000
11475,5278.740000,100.000000,9.24000
11476,5282.700000,800.000000,9.23000
11477,5284.770000,9100.000000,9.23000
11478,5285.470000,200.000000,9.23000
11479,5285.750000,200.000000,9.24000
11480,5289.050000,1100.000000,9.23000
11481,5292.930000,1700.000000,9.23000
11482,5294.810000,400.000000,9.24000
11483,5296.290000,1000.000000,9.24000
11484,5296.420000,200.000000,9.23000
11485,5299.520000,100.000000,9.24000
11486,5303.180000,2400.000000,9.23000
11487,5306.640000,2000.000000,9.23000
11488,5307.540000,200.000000,9.23000
11489,5308.690000,100.000000,9.24000
11490,5309.810000,100.000000,9.24000
11491,5314.530000,9100.000000,9.23000
11492,5314.890000,1200.000000,9.24000
11493,5315.170000,1100.000000,9.24000
11494,5318.450000,200.000000,9.23000
11495,5320.340000,100.000000,9.24000
11496,5320.760000,1500.000000,9.23000
11497,5321.240000,4000.000000,9.23000
11498,5322.220000,8800.000000,9.23000
11499,5322.220000,8606.000000,9.23000
11500,5322.220000,500.000000,9.23000
11501,5322.220000,1000.000000,9.23000
11502,5322.220000,1000.000000,9.23000
11503,5322.220000,1900.000000,9.23000
11504,5322.220000,100.000000,9.23000
11505,5322.220000,1000.000000,9.23000
11506,5322.220000,100.000000,9.23000
11507,5322.220000,4300.000000,9.23000
11508,5322.220000,3200.000000,9.23000
11509,5322.220000,2800.000000,9.23000
11510,5322.220000,1000.000000,9.23000
11511,5322.220000,100.000000,9.23000
11512,5322.220000,2894.000000,9.23000
11513,5322.230000,5906.000000,9.23000
11514,5322.230000,1000.000000,9.23000
11515,5322.230000,5000.000000,9.23000
11516,5322.230000,300.000000,9.23000
11517,5322.230000,1900.000000,9.23000
11518,5322.230000,3000.000000,9.23000
11519,5322.230000,1000.000000,9.23000
11520,5322.230000,5794.000000,9.23000
11521,5322.940000,1600.000000,9.23000
11522,5325.560000,200.000000,9.24000
11523,5327.150000,1100.000000,9.24000
11524,5327.610000,1300.000000,9.23000
11525,5329.400000,100.000000,9.23000
11526,5330.010000,100.000000,9.24000
11527,5333.220000,1000.000000,9.23000
11528,5336.580000,2200.000000,9.23000
11529,5339.190000,200.000000,9.23000
11530,5340.070000,100.000000,9.24000
11531,5340.660000,200.000000,9.23000
11532,5345.510000,9100.000000,9.23000
11533,5347.850000,1000.000000,9.24000
11534,5349.640000,1000.000000,9.24000
11535,5349.870000,400.000000,9.24000
11536,5350.500000,2400.000000,9.24000
11537,5351.470000,200.000000,9.23000
11538,5352.140000,1800.000000,9.23000
11539,5354.720000,6506.000000,9.23000
11540,5354.720000,4200.000000,9.23000
11541,5354.720000,5600.000000,9.23000
11542,5354.720000,1900.000000,9.23000
11543,5354.720000,2500.000000,9.23000
11544,5354.720000,100.000000,9.23000
11545,5354.720000,600.000000,9.23000
11546,5354.720000,10000.000000,9.23000
11547,5354.720000,2000.000000,9.23000
11548,5354.720000,500.000000,9.23000
11549,5354.720000,100.000000,9.23000
11550,5354.720000,300.000000,9.23000
11551,5354.720000,3000.000000,9.23000
11552,5354.720000,600.000000,9.23000
11553,5354.720000,200.000000,9.23000
11554,5354.720000,200.000000,9.23000
11555,5354.720000,300.000000,9.23000
11556,5354.720000,6300.000000,9.23000
11557,5354.720000,5000.000000,9.23000
11558,5354.720000,500.000000,9.23000
11559,5354.720000,1000.000000,9.23000
11560,5354.720000,500.000000,9.23000
11561,5354.720000,2000.000000,9.23000
11562,5354.720000,100.000000,9.23000
11563,5354.720000,100.000000,9.23000
11564,5354.720000,1000.000000,9.23000
11565,5354.720000,500.000000,9.23000
11566,5354.720000,2100.000000,9.23000
11567,5354.720000,1000.000000,9.23000
11568,5354.720000,5400.000000,9.23000
11569,5354.720000,500.000000,9.23000
11570,5354.720000,100.000000,9.23000
11571,5354.720000,1000.000000,9.23000
11572,5354.720000,3000.000000,9.23000
11573,5354.720000,200.000000,9.23000
11574,5354.720000,31094.000000,9.23000
11575,5355.120000,500.000000,9.24000
11576,5358.550000,300.000000,9.24000
11577,5360.860000,100.000000,9.23000
11578,5362.450000,200.000000,9.23000
11579,5363.230000,70700.000000,9.24000
11580,5363.230000,12100.000000,9.24000
11581,5363.230000,1000.000000,9.24000
11582,5363.230000,900.000000,9.24000
11583,5363.230000,2800.000000,9.24000
11584,5363.230000,12300.000000,9.24000
11585,5363.230000,200.000000,9.24000
11586,5363.230000,1300.000000,9.24000
11587,5364.030000,9600.000000,9.24000
11588,5364.570000,54400.000000,9.24000
11589,5367.330000,200.000000,9.24000
11590,5368.720000,900.000000,9.24000
11591,5370.310000,100.000000,9.24000
11592,5372.140000,1700.000000,9.25000
11593,5372.140000,400.000000,9.25000
11594,5372.220000,10900.000000,9.24000
11595,5372.250000,13100.000000,9.24000
11596,5372.260000,5200.000000,9.24000
11597,5372.260000,400.000000,9.24000
11598,5373.510000,200.000000,9.24000
11599,5373.940000,2200.000000,9.24000
11600,5376.050000,2700.000000,9.24000
11601,5376.050000,800.000000,9.24000
11602,5376.050000,1100.000000,9.24000
11603,5376.050000,1000.000000,9.24000
11604,5376.050000,3500.000000,9.24000
11605,5376.550000,1500.000000,9.24000
11606,5376.550000,7000.000000,9.24000
11607,5377.450000,1000.000000,9.24000
11608,5377.810000,200.000000,9.24000
11609,5378.580000,1000.000000,9.24000
11610,5380.560000,800.000000,9.24000
11611,5380.560000,100.000000,9.24000
11612,5381.040000,100.000000,9.24000
11613,5382.560000,1000.000000,9.24000
11614,5382.560000,500.000000,9.24000
11615,5382.560000,300.000000,9.24000
11616,5384.600000,200.000000,9.24000
11617,5390.280000,2400.000000,9.24000
11618,5391.800000,200.000000,9.24000
11619,5395.600000,100.000000,9.24000
11620,5402.980000,600.000000,9.25000
11621,5403.920000,100.000000,9.24000
11622,5405.750000,2400.000000,9.24000
11623,5406.000000,4300.000000,9.24000
11624,5406.000000,100.000000,9.24000
11625,5406.000000,1000.000000,9.24000
11626,5406.000000,3000.000000,9.24000
11627,5406.000000,700.000000,9.24000
11628,5406.510000,200.000000,9.24000
11629,5407.400000,1000.000000,9.25000
11630,5407.400000,2500.000000,9.25000
11631,5407.400000,2200.000000,9.25000
11632,5407.400000,10500.000000,9.25000
11633,5407.940000,400.000000,9.25000
11634,5409.320000,300.000000,9.25000
11635,5410.300000,900.000000,9.25000
11636,5412.980000,1600.000000,9.24000
11637,5417.790000,200.000000,9.24000
11638,5420.990000,100.000000,9.25000
11639,5422.150000,100.000000,9.25000
11640,5428.770000,100.000000,9.24000
11641,5430.270000,100.000000,9.25000
11642,5435.520000,1400.000000,9.24000
11643,5435.520000,200.000000,9.24000
11644,5435.520000,1000.000000,9.24000
11645,5435.520000,700.000000,9.24000
11646,5435.520000,1000.000000,9.24000
11647,5435.520000,100.000000,9.24000
11648,5435.520000,4700.000000,9.24000
11649,5438.750000,2200.000000,9.24000
11650,5439.810000,200.000000,9.24000
11651,5440.330000,2100.000000,9.25000
11652,5440.540000,400.000000,9.25000
11653,5441.050000,100.000000,9.25000
11654,5442.070000,1000.000000,9.24000
11655,5442.160000,100.000000,9.24000
11656,5442.760000,200.000000,9.24000
11657,5443.030000,1700.000000,9.24000
11658,5443.630000,200.000000,9.24000
11659,5451.150000,200.000000,9.24000
11660,5451.410000,100.000000,9.25000
11661,5452.240000,4300.000000,9.24000
11662,5458.250000,400.000000,9.25000
11663,5459.720000,100.000000,9.25000
11664,5460.440000,100.000000,9.24000
11665,5461.900000,200.000000,9.24000
11666,5462.590000,100.000000,9.25000
11667,5462.940000,200.000000,9.25000
11668,5463.320000,1000.000000,9.25000
11669,5465.340000,3100.000000,9.25000
11670,5465.770000,9100.000000,9.24000
11671,5467.040000,200.000000,9.25000
11672,5468.030000,2400.000000,9.24000
11673,5469.210000,1300.000000,9.24000
11674,5470.590000,100.000000,9.25000
11675,5472.040000,600.000000,9.25000
11676,5472.680000,200.000000,9.24000
11677,5472.970000,1200.000000,9.25000
11678,5473.010000,1600.000000,9.24000
11679,5474.290000,20000.000000,9.25000
11680,5480.500000,100.000000,9.25000
11681,5483.560000,100.000000,9.25000
11682,5483.870000,100.000000,9.24000
11683,5484.460000,1900.000000,9.24000
11684,5489.860000,100.000000,9.25000
11685,5491.290000,1300.000000,9.25000
11686,5494.750000,1000.000000,9.25000
11687,5494.880000,200.000000,9.24000
11688,5495.040000,2400.000000,9.24000
11689,5495.050000,9100.000000,9.24000
11690,5496.270000,200.000000,9.25000
11691,5498.860000,1500.000000,9.24000
11692,5499.010000,100.000000,9.24000
11693,5499.010000,500.000000,9.24000
11694,5499.010000,100.000000,9.24000
11695,5499.010000,200.000000,9.24000
11696,5499.010000,2200.000000,9.24000
11697,5499.930000,400.000000,9.24000
11698,5501.890000,100.000000,9.25000
11699,5502.240000,1800.000000,9.24000
11700,5503.900000,2400.000000,9.24000
11701,5504.230000,5000.000000,9.25000
11702,5504.290000,3500.000000,9.24000
11703,5504.770000,100.000000,9.24000
11704,5505.810000,500.000000,9.25000
11705,5506.080000,200.000000,9.24000
11706,5509.540000,9400.000000,9.24000
11707,5509.540000,5000.000000,9.24000
11708,5509.540000,1100.000000,9.24000
11709,5509.540000,1200.000000,9.24000
11710,5509.540000,100.000000,9.24000
11711,5509.540000,2900.000000,9.24000
11712,5509.540000,300.000000,9.24000
11713,5509.540000,2000.000000,9.24000
11714,5509.540000,300.000000,9.24000
11715,5509.540000,1500.000000,9.24000
11716,5509.540000,300.000000,9.24000
11717,5509.540000,2800.000000,9.24000
11718,5509.540000,100.000000,9.24000
11719,5509.540000,1000.000000,9.24000
11720,5509.540000,4300.000000,9.24000
11721,5509.540000,5000.000000,9.24000
11722,5509.540000,2000.000000,9.24000
11723,5509.540000,1300.000000,9.24000
11724,5509.540000,500.000000,9.24000
11725,5509.540000,1100.000000,9.24000
11726,5509.540000,2000.000000,9.24000
11727,5509.540000,400.000000,9.24000
11728,5509.540000,200.000000,9.24000
11729,5509.540000,1000.000000,9.24000
11730,5509.540000,200.000000,9.24000
11731,5509.540000,400.000000,9.24000
11732,5509.540000,500.000000,9.24000
11733,5509.540000,100.000000,9.24000
11734,5509.540000,13300.000000,9.24000
11735,5511.080000,1400.000000,9.24000
11736,5511.110000,2100.000000,9.24000
11737,5511.140000,900.000000,9.24000
11738,5511.170000,1500.000000,9.24000
11739,5511.170000,3800.000000,9.24000
11740,5511.180000,900.000000,9.24000
11741,5513.160000,4600.000000,9.24000
11742,5513.520000,700.000000,9.24000
11743,5513.520000,500.000000,9.24000
11744,5513.520000,500.000000,9.24000
11745,5513.520000,3000.000000,9.24000
11746,5513.520000,1600.000000,9.24000
11747,5514.080000,500.000000,9.24000
11748,5514.100000,600.000000,9.24000
11749,5514.130000,600.000000,9.24000
11750,5514.290000,600.000000,9.24000
11751,5514.480000,200.000000,9.24000
11752,5515.110000,600.000000,9.24000
11753,5515.890000,400.000000,9.24000
11754,5515.890000,2000.000000,9.24000
11755,5516.390000,400.000000,9.25000
11756,5516.860000,200.000000,9.24000
11757,5517.250000,300.000000,9.24000
11758,5517.280000,7700.000000,9.24000
11759,5517.280000,100.000000,9.24000
11760,5517.280000,100.000000,9.24000
11761,5517.280000,1000.000000,9.24000
11762,5517.280000,2300.000000,9.24000
11763,5517.510000,300.000000,9.24000
11764,5517.510000,1000.000000,9.24000
11765,5517.510000,21300.000000,9.23000
11766,5517.520000,4500.000000,9.23000
11767,5517.800000,900.000000,9.23000
11768,5522.990000,2000.000000,9.24000
11769,5525.890000,9100.000000,9.23000
11770,5526.850000,300.000000,9.23000
11771,5528.360000,200.000000,9.23000
11772,5532.260000,1700.000000,9.23000
11773,5532.370000,200.000000,9.24000
11774,5532.870000,900.000000,9.24000
11775,5532.870000,9000.000000,9.24000
11776,5532.870000,200.000000,9.24000
11777,5532.870000,1100.000000,9.24000
11778,5538.340000,3100.000000,9.24000
11779,5538.480000,3100.000000,9.24000
11780,5538.560000,52600.000000,9.24000
11781,5538.560000,1000.000000,9.24000
11782,5538.560000,2200.000000,9.24000
11783,5538.860000,200.000000,9.23000
11784,5544.110000,800.000000,9.24000
11785,5545.750000,100.000000,9.24000
11786,5547.940000,2000.000000,9.23000
11787,5547.940000,1000.000000,9.23000
11788,5547.970000,1300.000000,9.23000
11789,5548.030000,1000.000000,9.23000
11790,5549.820000,200.000000,9.23000
11791,5550.100000,500.000000,9.23000
11792,5552.250000,1800.000000,9.23000
11793,5552.600000,7000.000000,9.23000
11794,5554.130000,400.000000,9.24000
11795,5554.930000,100.000000,9.24000
11796,5555.700000,100.000000,9.23000
11797,5555.770000,9100.000000,9.23000
11798,5555.820000,2900.000000,9.23000
11799,5560.820000,200.000000,9.23000
11800,5560.840000,200.000000,9.23000
11801,5562.270000,1600.000000,9.23000
11802,5565.120000,1506.000000,9.23000
11803,5565.120000,394.000000,9.23000
11804,5565.510000,3000.000000,9.24000
11805,5569.070000,900.000000,9.24000
11806,5569.070000,100.000000,9.24000
11807,5570.170000,400.000000,9.24000
11808,5571.900000,100.000000,9.23000
11809,5573.110000,700.000000,9.23000
11810,5573.180000,100.000000,9.24000
11811,5575.000000,806.000000,9.23000
11812,5575.000000,94.000000,9.23000
11813,5575.870000,200.000000,9.24000
11814,5576.170000,600.000000,9.23000
11815,5577.750000,2200.000000,9.23000
11816,5578.590000,700.000000,9.23000
11817,5581.920000,2500.000000,9.23000
11818,5582.720000,200.000000,9.23000
11819,5583.020000,3706.000000,9.23000
11820,5583.020000,1000.000000,9.23000
11821,5583.020000,600.000000,9.23000
11822,5583.020000,1000.000000,9.23000
11823,5583.020000,500.000000,9.23000
11824,5583.020000,1300.000000,9.23000
11825,5583.020000,100.000000,9.23000
11826,5583.020000,794.000000,9.23000
11827,5585.450000,100.000000,9.24000
11828,5585.910000,7206.000000,9.23000
11829,5585.910000,100.000000,9.23000
11830,5585.910000,200.000000,9.23000
11831,5585.910000,600.000000,9.23000
11832,5585.910000,200.000000,9.23000
11833,5585.910000,100.000000,9.23000
11834,5585.910000,694.000000,9.23000
11835,5586.470000,306.000000,9.23000
11836,5586.470000,300.000000,9.23000
11837,5586.470000,894.000000,9.23000
11838,5586.860000,5500.000000,9.23000
11839,5589.080000,1300.000000,9.23000
11840,5589.160000,700.000000,9.23000
11841,5589.280000,900.000000,9.23000
11842,5592.350000,1006.000000,9.23000
11843,5592.350000,10300.000000,9.23000
11844,5592.350000,2000.000000,9.23000
11845,5592.350000,1000.000000,9.23000
11846,5592.350000,1200.000000,9.23000
11847,5592.350000,800.000000,9.23000
11848,5592.350000,500.000000,9.23000
11849,5592.350000,10000.000000,9.23000
11850,5592.350000,5000.000000,9.23000
11851,5592.350000,2000.000000,9.23000
11852,5592.350000,594.000000,9.23000
11853,5592.690000,6.000000,9.23000
11854,5592.690000,1794.000000,9.23000
11855,5593.660000,200.000000,9.23000
11856,5595.140000,100.000000,9.24000
11857,5595.320000,6.000000,9.23000
11858,5595.320000,1200.000000,9.23000
11859,5595.320000,3000.000000,9.23000
11860,5595.320000,1094.000000,9.23000
11861,5598.600000,706.000000,9.23000
11862,5598.600000,1100.000000,9.23000
11863,5598.600000,600.000000,9.23000
11864,5598.600000,2594.000000,9.23000
11865,5600.330000,1000.000000,9.24000
11866,5601.800000,2200.000000,9.23000
11867,5604.010000,1600.000000,9.23000
11868,5604.630000,500.000000,9.24000
11869,5604.850000,200.000000,9.23000
11870,5605.420000,200.000000,9.23000
11871,5605.870000,100.000000,9.24000
11872,5607.940000,100.000000,9.24000
11873,5609.560000,1100.000000,9.23000
11874,5614.430000,42506.000000,9.23000
11875,5614.430000,12494.000000,9.23000
11876,5615.010000,9100.000000,9.23000
11877,5615.800000,200.000000,9.23000
11878,5616.520000,9600.000000,9.24000
11879,5616.520000,200.000000,9.24000
11880,5616.520000,1100.000000,9.24000
11881,5617.630000,100.000000,9.24000
11882,5619.280000,1100.000000,9.23000
11883,5619.350000,800.000000,9.23000
11884,5622.700000,1700.000000,9.23000
11885,5625.140000,400.000000,9.24000
11886,5626.920000,100.000000,9.23000
11887,5627.010000,100.000000,9.23000
11888,5628.140000,100.000000,9.24000
11889,5635.970000,100.000000,9.24000
11890,5637.980000,200.000000,9.23000
11891,5643.970000,5000.000000,9.23000
11892,5645.580000,100.000000,9.24000
11893,5645.600000,9100.000000,9.23000
11894,5646.600000,17400.000000,9.23000
11895,5648.640000,200.000000,9.23000
11896,5649.560000,6000.000000,9.23000
11897,5650.550000,2800.000000,9.23000
11898,5653.140000,1700.000000,9.23000
11899,5654.300000,1100.000000,9.24000
11900,5654.300000,200.000000,9.24000
11901,5654.300000,3300.000000,9.24000
11902,5654.550000,4200.000000,9.23000
11903,5657.240000,18500.000000,9.23000
11904,5657.240000,9500.000000,9.23000
11905,5657.250000,25200.000000,9.23000
11906,5659.060000,500.000000,9.24000
11907,5661.020000,200.000000,9.23000
11908,5661.850000,200.000000,9.23000
11909,5666.210000,200.000000,9.24000
11910,5667.820000,900.000000,9.23000
11911,5669.180000,3000.000000,9.24000
11912,5672.110000,200.000000,9.23000
11913,5672.180000,100.000000,9.24000
11914,5675.430000,9100.000000,9.23000
11915,5676.750000,100.000000,9.23000
11916,5682.350000,1600.000000,9.23000
11917,5682.860000,100.000000,9.23000
11918,5686.380000,200.000000,9.23000
11919,5688.130000,300.000000,9.23000
11920,5688.670000,6600.000000,9.23000
11921,5691.130000,100.000000,9.23000
11922,5692.170000,900.000000,9.24000
11923,5692.350000,400.000000,9.23000
11924,5693.950000,200.000000,9.23000
11925,5698.460000,1000.000000,9.23000
11926,5700.100000,500.000000,9.24000
11927,5704.970000,200.000000,9.23000
11928,5705.610000,9100.000000,9.23000
11929,5707.870000,500.000000,9.23000
11930,5708.970000,400.000000,9.23000
11931,5712.360000,1600.000000,9.23000
11932,5712.770000,200.000000,9.23000
11933,5715.670000,100.000000,9.23000
11934,5717.220000,6500.000000,9.23000
11935,5717.440000,1800.000000,9.23000
11936,5717.590000,1200.000000,9.23000
11937,5719.990000,400.000000,9.23000
11938,5722.420000,1300.000000,9.23000
11939,5722.590000,1700.000000,9.23000
11940,5723.370000,400.000000,9.23000
11941,5723.550000,1600.000000,9.23000
11942,5724.400000,1300.000000,9.23000
11943,5724.540000,1000.000000,9.23000
11944,5724.730000,2200.000000,9.23000
11945,5724.760000,2100.000000,9.23000
11946,5725.090000,2200.000000,9.23000
11947,5726.140000,900.000000,9.23000
11948,5726.680000,200.000000,9.23000
11949,5727.130000,1700.000000,9.23000
11950,5730.300000,400.000000,9.23000
11951,5731.170000,4000.000000,9.23000
11952,5731.510000,1600.000000,9.23000
11953,5733.680000,108806.000000,9.23000
11954,5733.680000,500.000000,9.23000
11955,5733.680000,2500.000000,9.23000
11956,5733.680000,100.000000,9.23000
11957,5733.680000,400.000000,9.23000
11958,5733.680000,1000.000000,9.23000
11959,5733.680000,14100.000000,9.23000
11960,5733.680000,500.000000,9.23000
11961,5733.680000,1000.000000,9.23000
11962,5733.680000,2500.000000,9.23000
11963,5733.680000,1000.000000,9.23000
11964,5733.680000,3000.000000,9.23000
11965,5733.680000,2100.000000,9.23000
11966,5733.680000,500.000000,9.23000
11967,5733.680000,1000.000000,9.23000
11968,5733.680000,300.000000,9.23000
11969,5733.680000,50400.000000,9.23000
11970,5733.680000,2500.000000,9.23000
11971,5733.680000,200.000000,9.23000
11972,5733.680000,900.000000,9.23000
11973,5733.680000,1600.000000,9.23000
11974,5733.680000,500.000000,9.23000
11975,5733.680000,2000.000000,9.23000
11976,5733.680000,500.000000,9.23000
11977,5733.680000,400.000000,9.23000
11978,5733.680000,4000.000000,9.23000
11979,5733.680000,1000.000000,9.23000
11980,5733.680000,3000.000000,9.23000
11981,5733.680000,500.000000,9.23000
11982,5733.680000,1800.000000,9.23000
11983,5733.680000,600.000000,9.23000
11984,5733.680000,500.000000,9.23000
11985,5733.680000,100.000000,9.23000
11986,5733.680000,500.000000,9.23000
11987,5733.680000,300.000000,9.23000
11988,5733.680000,1000.000000,9.23000
11989,5733.680000,500.000000,9.23000
11990,5733.680000,1000.000000,9.23000
11991,5733.680000,12000.000000,9.23000
11992,5733.680000,500.000000,9.23000
11993,5733.680000,1000.000000,9.23000
11994,5733.680000,500.000000,9.23000
11995,5733.680000,400.000000,9.23000
11996,5733.680000,2000.000000,9.23000
11997,5733.680000,1000.000000,9.23000
11998,5733.680000,500.000000,9.23000
11999,5733.680000,2100.000000,9.23000
12000,5733.680000,2000.000000,9.23000
12001,5733.680000,1000.000000,9.23000
12002,5733.680000,2000.000000,9.23000
12003,5733.680000,2000.000000,9.23000
12004,5733.680000,500.000000,9.23000
12005,5733.680000,1000.000000,9.23000
12006,5733.680000,8394.000000,9.23000
12007,5734.590000,300.000000,9.23000
12008,5735.510000,9100.000000,9.23000
12009,5735.560000,1700.000000,9.23000
12010,5736.610000,100.000000,9.23000
12011,5737.900000,200.000000,9.23000
12012,5739.760000,206.000000,9.23000
12013,5739.760000,500.000000,9.23000
12014,5739.760000,300.000000,9.23000
12015,5739.760000,500.000000,9.23000
12016,5739.760000,94.000000,9.23000
12017,5742.400000,1800.000000,9.23000
12018,5745.330000,2000.000000,9.23000
12019,5745.660000,500.000000,9.23000
12020,5747.220000,1600.000000,9.23000
12021,5747.240000,4006.000000,9.23000
12022,5747.240000,600.000000,9.23000
12023,5747.240000,300.000000,9.23000
12024,5747.240000,3000.000000,9.23000
12025,5747.240000,200.000000,9.23000
12026,5747.240000,1000.000000,9.23000
12027,5747.240000,5000.000000,9.23000
12028,5747.240000,600.000000,9.23000
12029,5747.240000,2200.000000,9.23000
12030,5747.240000,2000.000000,9.23000
12031,5747.240000,1694.000000,9.23000
12032,5748.500000,100.000000,9.24000
12033,5748.820000,200.000000,9.23000
12034,5751.430000,1006.000000,9.23000
12035,5751.430000,200.000000,9.23000
12036,5751.430000,3000.000000,9.23000
12037,5751.430000,800.000000,9.23000
12038,5751.430000,200.000000,9.23000
12039,5751.430000,1100.000000,9.23000
12040,5751.430000,500.000000,9.23000
12041,5751.430000,2700.000000,9.23000
12042,5751.430000,600.000000,9.23000
12043,5751.430000,2000.000000,9.23000
12044,5751.430000,1594.000000,9.23000
12045,5754.260000,900.000000,9.23000
12046,5757.630000,2506.000000,9.23000
12047,5757.630000,400.000000,9.23000
12048,5757.630000,200.000000,9.23000
12049,5757.630000,2000.000000,9.23000
12050,5757.630000,1000.000000,9.23000
12051,5757.630000,2100.000000,9.23000
12052,5757.630000,1794.000000,9.23000
12053,5759.660000,100.000000,9.23000
12054,5761.500000,106.000000,9.23000
12055,5761.500000,894.000000,9.23000
12056,5762.630000,400.000000,9.23000
12057,5765.560000,706.000000,9.23000
12058,5765.560000,400.000000,9.23000
12059,5765.560000,1000.000000,9.23000
12060,5765.560000,200.000000,9.23000
12061,5765.560000,1000.000000,9.23000
12062,5765.560000,100.000000,9.23000
12063,5765.560000,2200.000000,9.23000
12064,5765.560000,2000.000000,9.23000
12065,5765.560000,1494.000000,9.23000
12066,5766.770000,2100.000000,9.23000
12067,5768.240000,100.000000,9.24000
12068,5770.920000,200.000000,9.23000
12069,5771.030000,6206.000000,9.23000
12070,5771.030000,300.000000,9.23000
12071,5771.030000,200.000000,9.23000
12072,5771.030000,2000.000000,9.23000
12073,5771.030000,500.000000,9.23000
12074,5771.030000,500.000000,9.23000
12075,5771.030000,500.000000,9.23000
12076,5771.030000,400.000000,9.23000
12077,5771.030000,1100.000000,9.23000
12078,5771.030000,8694.000000,9.23000
12079,5772.420000,1800.000000,9.23000
12080,5773.630000,100.000000,9.24000
12081,5778.510000,100.000000,9.24000
12082,5781.140000,300.000000,9.23000
12083,5781.520000,200.000000,9.23000
12084,5784.110000,400.000000,9.23000
12085,5787.700000,100.000000,9.24000
12086,5792.890000,200.000000,9.23000
12087,5795.970000,9100.000000,9.23000
12088,5797.170000,1500.000000,9.23000
12089,5797.590000,2000.000000,9.23000
12090,5797.630000,200.000000,9.23000
12091,5797.990000,28200.000000,9.23000
12092,5798.050000,600.000000,9.23000
12093,5799.940000,500.000000,9.23000
12094,5800.660000,100.000000,9.24000
12095,5802.160000,2900.000000,9.23000
12096,5802.840000,1700.000000,9.23000
12097,5803.040000,900.000000,9.23000
12098,5803.920000,100.000000,9.23000
12099,5804.000000,200.000000,9.23000
12100,5808.260000,100.000000,9.23000
12101,5809.820000,5300.000000,9.23000
12102,5810.190000,100.000000,9.24000
12103,5814.620000,200.000000,9.23000
12104,5815.910000,4300.000000,9.23000
12105,5818.540000,900.000000,9.23000
12106,5818.820000,18000.000000,9.23000
12107,5822.250000,11706.000000,9.23000
12108,5822.250000,3594.000000,9.23000
12109,5826.040000,100.000000,9.23000
12110,5827.300000,6306.000000,9.23000
12111,5827.300000,2794.000000,9.23000
12112,5827.920000,100.000000,9.24000
12113,5832.040000,100.000000,9.24000
12114,5832.230000,2206.000000,9.23000
12115,5832.230000,1000.000000,9.23000
12116,5832.230000,10000.000000,9.23000
12117,5832.230000,300.000000,9.23000
12118,5832.230000,1100.000000,9.23000
12119,5832.230000,1000.000000,9.23000
12120,5832.230000,1000.000000,9.23000
12121,5832.230000,700.000000,9.23000
12122,5832.230000,1000.000000,9.23000
12123,5832.230000,10000.000000,9.23000
12124,5832.230000,500.000000,9.23000
12125,5832.230000,600.000000,9.23000
12126,5832.230000,400.000000,9.23000
12127,5832.230000,4794.000000,9.23000
12128,5832.850000,1700.000000,9.23000
12129,5833.170000,1500.000000,9.23000
12130,5836.450000,200.000000,9.23000
12131,5836.750000,1000.000000,9.24000
12132,5838.240000,3700.000000,9.24000
12133,5839.110000,206.000000,9.23000
12134,5839.110000,494.000000,9.23000
12135,5840.740000,200.000000,9.23000
12136,5841.310000,100.000000,9.24000
12137,5843.110000,100.000000,9.23000
12138,5847.230000,100.000000,9.24000
12139,5847.320000,1206.000000,9.23000
12140,5847.320000,300.000000,9.23000
12141,5847.320000,3700.000000,9.23000
12142,5847.320000,1500.000000,9.23000
12143,5847.320000,600.000000,9.23000
12144,5847.320000,100.000000,9.23000
12145,5847.320000,1000.000000,9.23000
12146,5847.320000,400.000000,9.23000
12147,5847.320000,300.000000,9.23000
12148,5847.320000,1000.000000,9.23000
12149,5847.320000,300.000000,9.23000
12150,5847.320000,100.000000,9.23000
12151,5847.320000,500.000000,9.23000
12152,5847.320000,600.000000,9.23000
12153,5847.320000,500.000000,9.23000
12154,5847.320000,300.000000,9.23000
12155,5847.320000,194.000000,9.23000
12156,5847.860000,200.000000,9.23000
12157,5857.860000,706.000000,9.23000
12158,5857.860000,294.000000,9.23000
12159,5857.900000,706.000000,9.23000
12160,5857.900000,100.000000,9.23000
12161,5857.900000,8294.000000,9.23000
12162,5858.780000,106.000000,9.23000
12163,5858.780000,94.000000,9.23000
12164,5859.400000,1906.000000,9.23000
12165,5859.400000,500.000000,9.23000
12166,5859.400000,2200.000000,9.23000
12167,5859.400000,100.000000,9.23000
12168,5859.400000,2100.000000,9.23000
12169,5859.400000,2000.000000,9.23000
12170,5859.400000,1100.000000,9.23000
12171,5859.400000,11000.000000,9.23000
12172,5859.400000,20000.000000,9.23000
12173,5859.400000,7600.000000,9.23000
12174,5859.400000,500.000000,9.23000
12175,5859.400000,1000.000000,9.23000
12176,5859.400000,5000.000000,9.23000
12177,5859.400000,300.000000,9.23000
12178,5859.400000,500.000000,9.23000
12179,5859.400000,1000.000000,9.23000
12180,5859.400000,600.000000,9.23000
12181,5859.400000,500.000000,9.23000
12182,5859.400000,1000.000000,9.23000
12183,5859.400000,3000.000000,9.23000
12184,5859.400000,400.000000,9.23000
12185,5859.400000,1000.000000,9.23000
12186,5859.400000,1000.000000,9.23000
12187,5859.400000,1200.000000,9.23000
12188,5859.400000,1000.000000,9.23000
12189,5859.400000,800.000000,9.23000
12190,5859.400000,500.000000,9.23000
12191,5859.400000,500.000000,9.23000
12192,5859.400000,1000.000000,9.23000
12193,5859.400000,500.000000,9.23000
12194,5859.400000,2000.000000,9.23000
12195,5859.400000,1000.000000,9.23000
12196,5859.400000,100.000000,9.23000
12197,5859.400000,100.000000,9.23000
12198,5859.400000,100.000000,9.23000
12199,5859.400000,1500.000000,9.23000
12200,5859.400000,1100.000000,9.23000
12201,5859.400000,1900.000000,9.23000
12202,5859.400000,1000.000000,9.23000
12203,5859.400000,1000.000000,9.23000
12204,5859.400000,500.000000,9.23000
12205,5859.400000,1000.000000,9.23000
12206,5859.400000,2000.000000,9.23000
12207,5859.400000,300.000000,9.23000
12208,5859.400000,1000.000000,9.23000
12209,5859.400000,1100.000000,9.23000
12210,5859.400000,500.000000,9.23000
12211,5859.400000,1000.000000,9.23000
12212,5859.400000,82994.000000,9.23000
12213,5863.270000,1700.000000,9.23000
12214,5867.240000,17600.000000,9.23000
12215,5868.970000,1600.000000,9.23000
12216,5869.890000,100.000000,9.23000
12217,5872.900000,4000.000000,9.23000
12218,5873.910000,1700.000000,9.23000
12219,5874.850000,1600.000000,9.23000
12220,5874.980000,3000.000000,9.23000
12221,5877.000000,200.000000,9.24000
12222,5877.010000,100.000000,9.23000
12223,5880.480000,200.000000,9.23000
12224,5887.040000,7000.000000,9.23000
12225,5887.240000,13300.000000,9.23000
12226,5887.530000,9100.000000,9.23000
12227,5890.180000,500.000000,9.23000
12228,5891.960000,200.000000,9.23000
12229,5892.190000,34600.000000,9.23000
12230,5892.240000,12300.000000,9.23000
12231,5892.340000,34600.000000,9.23000
12232,5893.300000,1700.000000,9.23000
12233,5894.650000,1500.000000,9.23000
12234,5894.690000,400.000000,9.23000
12235,5902.590000,200.000000,9.23000
12236,5905.240000,100.000000,9.23000
12237,5905.520000,1200.000000,9.23000
12238,5907.190000,17600.000000,9.23000
12239,5907.340000,17600.000000,9.23000
12240,5913.840000,200.000000,9.23000
12241,5914.330000,1300.000000,9.24000
12242,5917.870000,9100.000000,9.23000
12243,5919.580000,100.000000,9.24000
12244,5922.100000,1700.000000,9.23000
12245,5924.410000,200.000000,9.23000
12246,5924.900000,200.000000,9.23000
12247,5927.230000,1700.000000,9.23000
12248,5929.920000,1500.000000,9.23000
12249,5931.120000,100.000000,9.23000
12250,5931.590000,200.000000,9.23000
12251,5931.840000,200.000000,9.23000
12252,5932.350000,100.000000,9.24000
12253,5932.860000,300.000000,9.23000
12254,5934.310000,100.000000,9.23000
12255,5935.910000,200.000000,9.23000
12256,5937.430000,10000.000000,9.23000
12257,5939.470000,100.000000,9.24000
12258,5942.780000,1100.000000,9.23000
12259,5943.260000,200.000000,9.23000
12260,5944.510000,4400.000000,9.23000
12261,5945.070000,3000.000000,9.24000
12262,5945.530000,1300.000000,9.23000
12263,5946.970000,200.000000,9.23000
12264,5947.250000,606.000000,9.23000
12265,5947.250000,1594.000000,9.23000
12266,5947.560000,8406.000000,9.23000
12267,5947.560000,600.000000,9.23000
12268,5947.560000,94.000000,9.23000
12269,5950.310000,100.000000,9.24000
12270,5952.200000,606.000000,9.23000
12271,5952.200000,100.000000,9.23000
12272,5952.200000,1800.000000,9.23000
12273,5952.200000,600.000000,9.23000
12274,5952.200000,2600.000000,9.23000
12275,5952.200000,1100.000000,9.23000
12276,5952.200000,1000.000000,9.23000
12277,5952.200000,4494.000000,9.23000
12278,5952.250000,2100.000000,9.23000
12279,5952.350000,4406.000000,9.23000
12280,5952.350000,1000.000000,9.23000
12281,5952.350000,100.000000,9.23000
12282,5952.350000,6794.000000,9.23000
12283,5952.530000,1600.000000,9.23000
12284,5955.520000,6.000000,9.23000
12285,5955.520000,400.000000,9.23000
12286,5955.520000,1294.000000,9.23000
12287,5955.940000,206.000000,9.23000
12288,5955.940000,100.000000,9.23000
12289,5955.940000,1394.000000,9.23000
12290,5956.720000,106.000000,9.23000
12291,5956.720000,894.000000,9.23000
12292,5957.560000,100.000000,9.23000
12293,5960.070000,1606.000000,9.23000
12294,5960.070000,694.000000,9.23000
12295,5964.340000,6.000000,9.23000
12296,5964.340000,1000.000000,9.23000
12297,5964.340000,594.000000,9.23000
12298,5967.210000,506.000000,9.23000
12299,5967.210000,200.000000,9.23000
12300,5967.210000,400.000000,9.23000
12301,5967.210000,994.000000,9.23000
12302,5967.340000,6.000000,9.23000
12303,5967.340000,700.000000,9.23000
12304,5967.340000,5000.000000,9.23000
12305,5967.340000,500.000000,9.23000
12306,5967.340000,294.000000,9.23000
12307,5967.350000,106.000000,9.23000
12308,5967.350000,1994.000000,9.23000
12309,5968.180000,100.000000,9.24000
12310,5968.620000,200.000000,9.23000
12311,5971.250000,100.000000,9.24000
12312,5971.980000,500.000000,9.23000
12313,5974.300000,900.000000,9.24000
12314,5977.900000,2306.000000,9.23000
12315,5977.900000,700.000000,9.23000
12316,5977.900000,1800.000000,9.23000
12317,5977.900000,1100.000000,9.23000
12318,5977.900000,600.000000,9.23000
12319,5977.900000,2594.000000,9.23000
12320,5979.510000,200.000000,9.23000
12321,5981.710000,100.000000,9.24000
12322,5982.200000,2206.000000,9.23000
12323,5982.200000,500.000000,9.23000
12324,5982.200000,5000.000000,9.23000
12325,5982.200000,400.000000,9.23000
12326,5982.200000,1000.000000,9.23000
12327,5982.200000,500.000000,9.23000
12328,5982.200000,2000.000000,9.23000
12329,5982.200000,2000.000000,9.23000
12330,5982.200000,100.000000,9.23000
12331,5982.200000,600.000000,9.23000
12332,5982.200000,5000.000000,9.23000
12333,5982.200000,1000.000000,9.23000
12334,5982.200000,294.000000,9.23000
12335,5982.320000,8306.000000,9.23000
12336,5982.320000,1800.000000,9.23000
12337,5982.320000,2000.000000,9.23000
12338,5982.320000,2000.000000,9.23000
12339,5982.320000,500.000000,9.23000
12340,5982.320000,5994.000000,9.23000
12341,5982.550000,1700.000000,9.23000
12342,5982.790000,306.000000,9.23000
12343,5982.790000,800.000000,9.23000
12344,5982.790000,500.000000,9.23000
12345,5982.790000,7094.000000,9.23000
12346,5989.400000,2000.000000,9.23000
12347,5989.610000,100.000000,9.24000
12348,5990.610000,200.000000,9.23000
12349,5993.890000,1600.000000,9.23000
12350,5996.650000,200.000000,9.23000
12351,6001.950000,100.000000,9.23000
12352,6002.740000,100.000000,9.24000
12353,6005.010000,3000.000000,9.23000
12354,6007.290000,9100.000000,9.23000
12355,6010.150000,10306.000000,9.23000
12356,6010.150000,700.000000,9.23000
12357,6010.150000,500.000000,9.23000
12358,6010.150000,400.000000,9.23000
12359,6010.150000,1600.000000,9.23000
12360,6010.150000,800.000000,9.23000
12361,6010.150000,300.000000,9.23000
12362,6010.150000,600.000000,9.23000
12363,6010.150000,10000.000000,9.23000
12364,6010.150000,1000.000000,9.23000
12365,6010.150000,5000.000000,9.23000
12366,6010.150000,700.000000,9.23000
12367,6010.150000,1200.000000,9.23000
12368,6010.150000,800.000000,9.23000
12369,6010.150000,1800.000000,9.23000
12370,6010.150000,5800.000000,9.23000
12371,6010.150000,2000.000000,9.23000
12372,6010.150000,5000.000000,9.23000
12373,6010.150000,1900.000000,9.23000
12374,6010.150000,3000.000000,9.23000
12375,6010.150000,1000.000000,9.23000
12376,6010.150000,5000.000000,9.23000
12377,6010.150000,5600.000000,9.23000
12378,6010.150000,600.000000,9.23000
12379,6010.150000,700.000000,9.23000
12380,6010.150000,1100.000000,9.23000
12381,6010.150000,33600.000000,9.23000
12382,6010.150000,1000.000000,9.23000
12383,6010.150000,8600.000000,9.23000
12384,6010.150000,5000.000000,9.23000
12385,6010.150000,500.000000,9.23000
12386,6010.150000,500.000000,9.23000
12387,6010.150000,31894.000000,9.23000
12388,6012.040000,100.000000,9.24000
12389,6012.570000,1800.000000,9.23000
12390,6012.590000,200.000000,9.23000
12391,6019.700000,300.000000,9.23000
12392,6019.930000,100.000000,9.24000
12393,6023.870000,4500.000000,9.23000
12394,6024.580000,200.000000,9.23000
12395,6024.700000,1106.000000,9.23000
12396,6024.700000,194.000000,9.23000
12397,6035.000000,200.000000,9.23000
12398,6035.610000,200.000000,9.23000
12399,6037.020000,206.000000,9.23000
12400,6037.020000,500.000000,9.23000
12401,6037.020000,8394.000000,9.23000
12402,6038.670000,1600.000000,9.23000
12403,6042.640000,100.000000,9.23000
12404,6042.980000,1600.000000,9.23000
12405,6046.580000,100.000000,9.23000
12406,6051.450000,600.000000,9.23000
12407,6051.490000,200.000000,9.23000
12408,6052.370000,10000.000000,9.23000
12409,6057.510000,200.000000,9.23000
12410,6061.620000,1000.000000,9.23000
12411,6062.160000,100.000000,9.23000
12412,6065.700000,1300.000000,9.23000
12413,6068.390000,9100.000000,9.23000
12414,6068.740000,200.000000,9.23000
12415,6071.540000,1600.000000,9.23000
12416,6072.180000,1700.000000,9.23000
12417,6077.810000,10000.000000,9.23000
12418,6078.990000,10606.000000,9.23000
12419,6078.990000,800.000000,9.23000
12420,6078.990000,800.000000,9.23000
12421,6078.990000,13894.000000,9.23000
12422,6079.510000,200.000000,9.23000
12423,6081.240000,7200.000000,9.23000
12424,6081.310000,1500.000000,9.23000
12425,6081.850000,3100.000000,9.23000
12426,6082.890000,500.000000,9.23000
12427,6083.670000,1100.000000,9.23000
12428,6084.580000,100.000000,9.24000
12429,6085.120000,23500.000000,9.23000
12430,6086.940000,1000.000000,9.23000
12431,6088.180000,3400.000000,9.23000
12432,6089.520000,506.000000,9.23000
12433,6089.520000,8494.000000,9.23000
12434,6089.680000,3400.000000,9.23000
12435,6090.590000,200.000000,9.23000
12436,6092.130000,100.000000,9.24000
12437,6092.130000,100.000000,9.23000
12438,6096.090000,200.000000,9.23000
12439,6096.900000,600.000000,9.23000
12440,6097.170000,1500.000000,9.23000
12441,6098.390000,9100.000000,9.23000
12442,6101.880000,100.000000,9.23000
12443,6102.200000,1800.000000,9.23000
12444,6102.450000,500.000000,9.23000
12445,6102.890000,9000.000000,9.23000
12446,6104.940000,100.000000,9.23000
12447,6106.180000,500.000000,9.23000
12448,6106.690000,5000.000000,9.23000
12449,6106.970000,1500.000000,9.23000
12450,6112.660000,200.000000,9.23000
12451,6115.440000,100.000000,9.24000
12452,6118.040000,10000.000000,9.23000
12453,6121.540000,900.000000,9.23000
12454,6122.110000,100.000000,9.23000
12455,6123.530000,200.000000,9.23000
12456,6124.530000,100.000000,9.24000
12457,6124.830000,1700.000000,9.23000
12458,6127.050000,100.000000,9.23000
12459,6127.400000,3106.000000,9.23000
12460,6127.400000,300.000000,9.23000
12461,6127.400000,5694.000000,9.23000
12462,6132.620000,1600.000000,9.23000
12463,6134.690000,200.000000,9.23000
12464,6134.790000,100.000000,9.24000
12465,6139.620000,200.000000,9.23000
12466,6140.000000,900.000000,9.24000
12467,6143.350000,100.000000,9.24000
12468,6145.760000,200.000000,9.23000
12469,6146.520000,1000.000000,9.23000
12470,6150.760000,200.000000,9.24000
12471,6151.420000,1500.000000,9.23000
12472,6153.660000,100.000000,9.24000
12473,6155.430000,100.000000,9.23000
12474,6156.460000,200.000000,9.23000
12475,6158.140000,500.000000,9.24000
12476,6158.280000,9100.000000,9.23000
12477,6159.630000,200.000000,9.23000
12478,6161.220000,100.000000,9.24000
12479,6162.630000,1600.000000,9.23000
12480,6163.140000,100.000000,9.24000
12481,6165.310000,2400.000000,9.24000
12482,6166.270000,500.000000,9.24000
12483,6167.480000,200.000000,9.23000
12484,6168.710000,500.000000,9.24000
12485,6172.520000,1400.000000,9.23000
12486,6174.530000,100.000000,9.24000
12487,6177.070000,200.000000,9.23000
12488,6178.570000,100.000000,9.23000
12489,6180.380000,700.000000,9.24000
12490,6181.500000,400.000000,9.24000
12491,6183.530000,100.000000,9.24000
12492,6183.740000,500.000000,9.24000
12493,6188.200000,9100.000000,9.23000
12494,6189.560000,200.000000,9.23000
12495,6191.900000,1000.000000,9.24000
12496,6193.070000,1800.000000,9.23000
12497,6193.150000,200.000000,9.24000
12498,6196.280000,200.000000,9.23000
12499,6196.910000,1600.000000,9.23000
12500,6197.000000,100.000000,9.24000
12501,6200.420000,200.000000,9.23000
12502,6210.270000,2100.000000,9.24000
12503,6211.590000,200.000000,9.23000
12504,6212.100000,100.000000,9.23000
12505,6213.370000,18300.000000,9.24000
12506,6213.530000,500.000000,9.24000
12507,6216.690000,2200.000000,9.23000
12508,6218.300000,9100.000000,9.23000
12509,6219.670000,2100.000000,9.24000
12510,6221.420000,300.000000,9.24000
12511,6222.190000,500.000000,9.24000
12512,6222.270000,1700.000000,9.23000
12513,6222.590000,200.000000,9.23000
12514,6223.760000,1400.000000,9.24000
12515,6223.760000,3600.000000,9.24000
12516,6225.040000,200.000000,9.24000
12517,6225.090000,400.000000,9.24000
12518,6225.580000,1500.000000,9.24000
12519,6225.580000,400.000000,9.24000
12520,6226.180000,500.000000,9.23000
12521,6228.040000,300.000000,9.24000
12522,6229.070000,5306.000000,9.23000
12523,6229.070000,494.000000,9.23000
12524,6229.190000,600.000000,9.24000
12525,6233.640000,200.000000,9.23000
12526,6234.210000,3200.000000,9.24000
12527,6235.710000,2500.000000,9.24000
12528,6236.130000,400.000000,9.24000
12529,6237.090000,2500.000000,9.24000
12530,6237.620000,100.000000,9.24000
12531,6241.500000,300.000000,9.23000
12532,6241.790000,100.000000,9.24000
12533,6241.790000,1700.000000,9.24000
12534,6243.050000,200.000000,9.24000
12535,6243.680000,200.000000,9.24000
12536,6244.280000,100.000000,9.24000
12537,6244.590000,100.000000,9.23000
12538,6248.190000,9100.000000,9.23000
12539,6250.850000,200.000000,9.24000
12540,6251.710000,500.000000,9.24000
12541,6251.800000,100.000000,9.24000
12542,6252.300000,1700.000000,9.23000
12543,6255.160000,1600.000000,9.23000
12544,6255.630000,200.000000,9.23000
12545,6255.800000,1000.000000,9.24000
12546,6256.160000,900.000000,9.24000
12547,6259.700000,100.000000,9.24000
12548,6260.300000,2800.000000,9.23000
12549,6261.100000,900.000000,9.24000
12550,6261.840000,1000.000000,9.23000
12551,6262.790000,1000.000000,9.24000
12552,6266.470000,200.000000,9.23000
12553,6266.880000,2000.000000,9.24000
12554,6267.740000,100.000000,9.24000
12555,6269.250000,9400.000000,9.23000
12556,6270.130000,900.000000,9.24000
12557,6272.280000,100.000000,9.24000
12558,6272.280000,6500.000000,9.24000
12559,6272.280000,4900.000000,9.24000
12560,6274.520000,1500.000000,9.24000
12561,6274.630000,3700.000000,9.24000
12562,6274.630000,200.000000,9.24000
12563,6274.630000,1100.000000,9.24000
12564,6277.580000,200.000000,9.23000
12565,6278.400000,9100.000000,9.23000
12566,6280.730000,1900.000000,9.24000
12567,6281.530000,1500.000000,9.23000
12568,6282.650000,600.000000,9.24000
12569,6287.570000,3600.000000,9.24000
12570,6288.920000,200.000000,9.23000
12571,6290.490000,100.000000,9.24000
12572,6291.070000,100.000000,9.24000
12573,6291.620000,1200.000000,9.24000
12574,6292.710000,100.000000,9.23000
12575,6293.840000,400.000000,9.24000
12576,6295.220000,100.000000,9.24000
12577,6296.420000,200.000000,9.23000
12578,6299.590000,200.000000,9.23000
12579,6300.450000,3000.000000,9.23000
12580,6306.240000,100.000000,9.24000
12581,6307.660000,9100.000000,9.23000
12582,6310.950000,200.000000,9.23000
12583,6311.270000,1600.000000,9.23000
12584,6316.430000,100.000000,9.24000
12585,6318.480000,100.000000,9.24000
12586,6319.010000,300.000000,9.24000
12587,6321.400000,100.000000,9.23000
12588,6321.900000,100.000000,9.23000
12589,6322.940000,1000.000000,9.23000
12590,6323.580000,200.000000,9.23000
12591,6324.530000,100.000000,9.24000
12592,6325.550000,500.000000,9.23000
12593,6326.470000,100.000000,9.24000
12594,6332.140000,100.000000,9.23000
12595,6332.490000,200.000000,9.23000
12596,6333.600000,200.000000,9.24000
12597,6334.750000,1500.000000,9.23000
12598,6336.190000,100.000000,9.24000
12599,6337.010000,2206.000000,9.23000
12600,6337.010000,800.000000,9.23000
12601,6337.010000,800.000000,9.23000
12602,6337.010000,400.000000,9.23000
12603,6337.010000,500.000000,9.23000
12604,6337.010000,500.000000,9.23000
12605,6337.010000,400.000000,9.23000
12606,6337.010000,3494.000000,9.23000
12607,6337.170000,1300.000000,9.24000
12608,6337.240000,500.000000,9.24000
12609,6338.830000,100.000000,9.24000
12610,6338.980000,1000.000000,9.24000
12611,6340.020000,1300.000000,9.24000
12612,6341.560000,4200.000000,9.24000
12613,6341.710000,1700.000000,9.24000
12614,6341.830000,5600.000000,9.24000
12615,6342.630000,100.000000,9.23000
12616,6343.650000,200.000000,9.23000
12617,6345.700000,400.000000,9.24000
12618,6347.300000,500.000000,9.24000
12619,6347.400000,100.000000,9.24000
12620,6349.850000,2000.000000,9.24000
12621,6350.360000,2000.000000,9.24000
12622,6352.160000,3000.000000,9.24000
12623,6352.320000,1000.000000,9.23000
12624,6354.620000,600.000000,9.24000
12625,6354.640000,200.000000,9.23000
12626,6359.170000,500.000000,9.24000
12627,6362.590000,10000.000000,9.24000
12628,6363.300000,4000.000000,9.24000
12629,6363.350000,1600.000000,9.23000
12630,6365.690000,200.000000,9.23000
12631,6368.060000,500.000000,9.24000
12632,6368.410000,9100.000000,9.23000
12633,6369.480000,2300.000000,9.24000
12634,6371.810000,100.000000,9.24000
12635,6372.100000,700.000000,9.24000
12636,6376.740000,200.000000,9.23000
12637,6377.540000,600.000000,9.24000
12638,6378.710000,6500.000000,9.23000
12639,6379.650000,1400.000000,9.24000
12640,6381.030000,400.000000,9.24000
12641,6381.030000,200.000000,9.24000
12642,6381.030000,200.000000,9.24000
12643,6381.030000,900.000000,9.24000
12644,6381.030000,2900.000000,9.24000
12645,6381.030000,3400.000000,9.24000
12646,6381.030000,3400.000000,9.24000
12647,6381.030000,200.000000,9.24000
12648,6381.030000,900.000000,9.24000
12649,6381.030000,1000.000000,9.24000
12650,6381.030000,1000.000000,9.24000
12651,6381.550000,24906.000000,9.23000
12652,6381.550000,1000.000000,9.23000
12653,6381.550000,1500.000000,9.23000
12654,6381.550000,2000.000000,9.23000
12655,6381.550000,400.000000,9.23000
12656,6381.550000,800.000000,9.23000
12657,6381.550000,200.000000,9.23000
12658,6381.550000,300.000000,9.23000
12659,6381.550000,700.000000,9.23000
12660,6381.550000,600.000000,9.23000
12661,6381.550000,400.000000,9.23000
12662,6381.550000,3500.000000,9.23000
12663,6381.550000,1000.000000,9.23000
12664,6381.550000,900.000000,9.23000
12665,6381.550000,5000.000000,9.23000
12666,6381.550000,200.000000,9.23000
12667,6381.550000,1000.000000,9.23000
12668,6381.550000,5000.000000,9.23000
12669,6381.550000,2000.000000,9.23000
12670,6381.550000,1800.000000,9.23000
12671,6381.550000,100.000000,9.23000
12672,6381.550000,2000.000000,9.23000
12673,6381.550000,10000.000000,9.23000
12674,6381.550000,3200.000000,9.23000
12675,6381.550000,600.000000,9.23000
12676,6381.550000,500.000000,9.23000
12677,6381.550000,2800.000000,9.23000
12678,6381.550000,1000.000000,9.23000
12679,6381.550000,1000.000000,9.23000
12680,6381.550000,100.000000,9.23000
12681,6381.550000,1400.000000,9.23000
12682,6381.550000,3500.000000,9.23000
12683,6381.550000,10000.000000,9.23000
12684,6381.550000,5000.000000,9.23000
12685,6381.550000,28094.000000,9.23000
12686,6382.940000,500.000000,9.24000
12687,6387.010000,200.000000,9.24000
12688,6387.640000,100.000000,9.23000
12689,6388.280000,400.000000,9.24000
12690,6389.190000,1000.000000,9.23000
12691,6389.980000,200.000000,9.24000
12692,6396.130000,200.000000,9.23000
12693,6396.250000,100.000000,9.24000
12694,6397.200000,9100.000000,9.23000
12695,6397.460000,300.000000,9.24000
12696,6397.550000,100.000000,9.24000
12697,6398.820000,200.000000,9.23000
12698,6400.710000,100.000000,9.24000
12699,6400.710000,1000.000000,9.24000
12700,6400.710000,400.000000,9.24000
12701,6400.920000,400.000000,9.24000
12702,6407.470000,300.000000,9.24000
12703,6409.680000,200.000000,9.23000
12704,6410.370000,100.000000,9.24000
12705,6412.540000,200.000000,9.24000
12706,6412.840000,200.000000,9.24000
12707,6413.900000,3100.000000,9.24000
12708,6417.440000,1800.000000,9.24000
12709,6417.440000,3000.000000,9.24000
12710,6417.600000,100.000000,9.24000
12711,6421.820000,200.000000,9.23000
12712,6423.460000,200.000000,9.24000
12713,6424.630000,2500.000000,9.24000
12714,6424.880000,900.000000,9.23000
12715,6424.920000,200.000000,9.23000
12716,6427.080000,3200.000000,9.24000
12717,6427.080000,2000.000000,9.24000
12718,6427.080000,1900.000000,9.24000
12719,6427.080000,2900.000000,9.24000
12720,6427.990000,9100.000000,9.23000
12721,6428.210000,100.000000,9.24000
12722,6429.330000,1600.000000,9.24000
12723,6430.690000,1800.000000,9.24000
12724,6431.140000,5000.000000,9.24000
12725,6431.930000,200.000000,9.23000
12726,6436.870000,100.000000,9.24000
12727,6441.540000,300.000000,9.24000
12728,6443.210000,1000.000000,9.24000
12729,6443.580000,100.000000,9.23000
12730,6445.170000,500.000000,9.23000
12731,6447.530000,100.000000,9.24000
12732,6447.690000,800.000000,9.24000
12733,6450.190000,100.000000,9.24000
12734,6450.460000,200.000000,9.24000
12735,6450.690000,100.000000,9.24000
12736,6453.400000,100.000000,9.24000
12737,6454.710000,200.000000,9.23000
12738,6455.990000,300.000000,9.24000
12739,6455.990000,100.000000,9.24000
12740,6458.180000,9100.000000,9.23000
12741,6459.670000,100.000000,9.24000
12742,6461.760000,200.000000,9.24000
12743,6461.970000,700.000000,9.24000
12744,6464.560000,100.000000,9.23000
12745,6465.620000,100.000000,9.23000
12746,6465.720000,200.000000,9.23000
12747,6473.620000,500.000000,9.24000
12748,6474.570000,1300.000000,9.24000
12749,6476.610000,200.000000,9.23000
12750,6477.230000,100.000000,9.23000
12751,6478.650000,200.000000,9.24000
12752,6483.390000,100.000000,9.24000
12753,6487.340000,2000.000000,9.23000
12754,6487.670000,200.000000,9.23000
12755,6488.150000,9100.000000,9.23000
12756,6488.480000,3500.000000,9.24000
12757,6490.270000,23800.000000,9.23000
12758,6496.240000,200.000000,9.23000
12759,6498.460000,100.000000,9.24000
12760,6499.120000,200.000000,9.23000
12761,6499.360000,1100.000000,9.23000
12762,6501.340000,1000.000000,9.24000
12763,6504.440000,500.000000,9.24000
12764,6507.580000,1600.000000,9.23000
12765,6508.100000,500.000000,9.24000
12766,6509.570000,200.000000,9.24000
12767,6509.570000,100.000000,9.24000
12768,6509.580000,100.000000,9.23000
12769,6511.330000,100.000000,9.24000
12770,6512.080000,400.000000,9.24000
12771,6515.440000,200.000000,9.23000
12772,6517.660000,100.000000,9.23000
12773,6517.870000,9100.000000,9.23000
12774,6517.950000,1600.000000,9.24000
12775,6517.950000,600.000000,9.24000
12776,6520.580000,200.000000,9.23000
12777,6521.800000,400.000000,9.24000
12778,6521.800000,100.000000,9.24000
12779,6521.800000,200.000000,9.24000
12780,6522.280000,100.000000,9.24000
12781,6522.710000,300.000000,9.23000
12782,6523.180000,100.000000,9.24000
12783,6523.290000,200.000000,9.24000
12784,6528.100000,100.000000,9.24000
12785,6531.550000,200.000000,9.23000
12786,6536.470000,300.000000,9.24000
12787,6536.470000,500.000000,9.24000
12788,6538.180000,900.000000,9.24000
12789,6541.610000,300.000000,9.24000
12790,6542.170000,100.000000,9.23000
12791,6542.670000,200.000000,9.23000
12792,6547.320000,200.000000,9.24000
12793,6547.970000,1600.000000,9.23000
12794,6548.070000,5000.000000,9.24000
12795,6548.180000,9100.000000,9.23000
12796,6550.760000,3300.000000,9.24000
12797,6550.760000,600.000000,9.24000
12798,6550.760000,5400.000000,9.24000
12799,6550.760000,400.000000,9.24000
12800,6550.760000,1000.000000,9.24000
12801,6550.760000,100.000000,9.24000
12802,6550.760000,1000.000000,9.24000
12803,6550.760000,13000.000000,9.24000
12804,6551.400000,25000.000000,9.24000
12805,6551.400000,900.000000,9.24000
12806,6551.400000,100.000000,9.24000
12807,6551.400000,200.000000,9.24000
12808,6551.400000,1000.000000,9.24000
12809,6551.400000,100.000000,9.24000
12810,6551.400000,1000.000000,9.24000
12811,6551.400000,9000.000000,9.24000
12812,6551.400000,3000.000000,9.24000
12813,6551.400000,100.000000,9.24000
12814,6551.400000,5300.000000,9.24000
12815,6551.400000,1000.000000,9.24000
12816,6551.400000,400.000000,9.24000
12817,6551.400000,1000.000000,9.24000
12818,6551.400000,300.000000,9.24000
12819,6551.400000,100.000000,9.24000
12820,6551.400000,700.000000,9.24000
12821,6551.400000,2400.000000,9.24000
12822,6551.400000,600.000000,9.24000
12823,6551.400000,1700.000000,9.24000
12824,6551.400000,1100.000000,9.24000
12825,6551.400000,200.000000,9.24000
12826,6551.400000,200.000000,9.24000
12827,6551.400000,200.000000,9.24000
12828,6551.400000,400.000000,9.24000
12829,6551.400000,400.000000,9.24000
12830,6551.400000,1400.000000,9.24000
12831,6551.400000,1900.000000,9.24000
12832,6551.400000,5000.000000,9.24000
12833,6551.400000,900.000000,9.24000
12834,6551.400000,800.000000,9.24000
12835,6551.400000,900.000000,9.24000
12836,6551.400000,1500.000000,9.24000
12837,6551.400000,1400.000000,9.24000
12838,6551.400000,300.000000,9.24000
12839,6551.400000,700.000000,9.24000
12840,6551.400000,9000.000000,9.24000
12841,6551.400000,400.000000,9.24000
12842,6551.400000,5500.000000,9.24000
12843,6551.400000,100.000000,9.24000
12844,6551.400000,200.000000,9.24000
12845,6551.400000,2200.000000,9.24000
12846,6551.400000,900.000000,9.24000
12847,6551.400000,10000.000000,9.24000
12848,6551.400000,400.000000,9.24000
12849,6553.720000,100.000000,9.24000
12850,6553.720000,100.000000,9.24000
12851,6554.150000,200.000000,9.24000
12852,6555.380000,800.000000,9.23000
12853,6557.690000,600.000000,9.24000
12854,6558.240000,2000.000000,9.24000
12855,6562.960000,100.000000,9.24000
12856,6564.640000,100.000000,9.23000
12857,6565.180000,100.000000,9.24000
12858,6566.780000,400.000000,9.24000
12859,6572.220000,10000.000000,9.24000
12860,6573.070000,100.000000,9.24000
12861,6573.920000,600.000000,9.24000
12862,6575.640000,200.000000,9.23000
12863,6578.040000,100.000000,9.24000
12864,6579.190000,9100.000000,9.23000
12865,6579.820000,100.000000,9.24000
12866,6580.130000,500.000000,9.24000
12867,6581.130000,400.000000,9.24000
12868,6582.090000,1400.000000,9.24000
12869,6582.960000,1600.000000,9.23000
12870,6586.510000,200.000000,9.23000
12871,6591.980000,100.000000,9.24000
12872,6592.320000,500.000000,9.24000
12873,6593.830000,300.000000,9.24000
12874,6594.920000,1000.000000,9.24000
12875,6596.850000,1000.000000,9.24000
12876,6597.790000,200.000000,9.23000
12877,6603.250000,100.000000,9.24000
12878,6604.570000,1000.000000,9.24000
12879,6604.710000,500.000000,9.24000
12880,6606.100000,100.000000,9.24000
12881,6606.240000,300.000000,9.24000
12882,6607.450000,1200.000000,9.24000
12883,6608.630000,200.000000,9.23000
12884,6609.200000,9100.000000,9.23000
12885,6611.830000,1500.000000,9.23000
12886,6615.320000,300.000000,9.24000
12887,6615.790000,100.000000,9.23000
12888,6617.490000,2000.000000,9.24000
12889,6619.290000,1000.000000,9.24000
12890,6620.110000,200.000000,9.23000
12891,6620.430000,100.000000,9.24000
12892,6622.580000,400.000000,9.24000
12893,6623.020000,200.000000,9.24000
12894,6623.180000,200.000000,9.24000
12895,6627.580000,100.000000,9.24000
12896,6628.610000,3000.000000,9.24000
12897,6629.430000,1000.000000,9.23000
12898,6630.550000,100.000000,9.23000
12899,6633.450000,200.000000,9.24000
12900,6637.610000,200.000000,9.24000
12901,6638.300000,3700.000000,9.24000
12902,6640.260000,9100.000000,9.23000
12903,6641.580000,200.000000,9.23000
12904,6646.990000,100.000000,9.24000
12905,6647.810000,1500.000000,9.23000
12906,6649.640000,1000.000000,9.24000
12907,6651.240000,100.000000,9.23000
12908,6652.770000,2000.000000,9.24000
12909,6653.290000,200.000000,9.23000
12910,6653.450000,600.000000,9.24000
12911,6654.890000,200.000000,9.24000
12912,6655.460000,2000.000000,9.24000
12913,6658.710000,1200.000000,9.24000
12914,6661.660000,100.000000,9.24000
12915,6662.260000,100.000000,9.23000
12916,6663.740000,100.000000,9.23000
12917,6665.580000,1600.000000,9.23000
12918,6667.680000,800.000000,9.24000
12919,6668.660000,3000.000000,9.23000
12920,6669.090000,400.000000,9.24000
12921,6670.590000,9100.000000,9.23000
12922,6671.870000,100.000000,9.24000
12923,6672.140000,14203.000000,9.23000
12924,6672.490000,200.000000,9.24000
12925,6674.070000,100.000000,9.24000
12926,6674.650000,200.000000,9.23000
12927,6677.120000,100.000000,9.23000
12928,6679.160000,400.000000,9.24000
12929,6679.310000,100.000000,9.24000
12930,6681.310000,100.000000,9.24000
12931,6681.650000,500.000000,9.24000
12932,6684.270000,8700.000000,9.24000
12933,6685.530000,400.000000,9.24000
12934,6685.550000,200.000000,9.23000
12935,6685.940000,100.000000,9.24000
12936,6690.840000,100.000000,9.24000
12937,6696.200000,200.000000,9.23000
12938,6696.510000,200.000000,9.23000
12939,6697.570000,100.000000,9.23000
12940,6699.870000,100.000000,9.24000
12941,6700.040000,9100.000000,9.23000
12942,6704.330000,700.000000,9.24000
12943,6707.520000,100.000000,9.23000
12944,6707.660000,43.000000,9.23000
12945,6708.620000,1600.000000,9.23000
12946,6711.910000,1100.000000,9.23000
12947,6718.690000,200.000000,9.23000
12948,6721.640000,300.000000,9.23000
12949,6722.100000,100.000000,9.23000
12950,6722.780000,200.000000,9.24000
12951,6729.270000,3360.000000,9.23000
12952,6729.270000,3000.000000,9.23000
12953,6729.270000,2740.000000,9.23000
12954,6729.560000,200.000000,9.23000
12955,6729.670000,400.000000,9.24000
12956,6730.040000,2000.000000,9.24000
12957,6732.140000,100.000000,9.24000
12958,6734.880000,400.000000,9.24000
12959,6735.570000,60.000000,9.23000
12960,6735.570000,500.000000,9.23000
12961,6735.570000,400.000000,9.23000
12962,6735.570000,700.000000,9.23000
12963,6735.570000,900.000000,9.23000
12964,6735.570000,5000.000000,9.23000
12965,6735.570000,3000.000000,9.23000
12966,6735.570000,1500.000000,9.23000
12967,6735.570000,2000.000000,9.23000
12968,6735.570000,500.000000,9.23000
12969,6735.570000,400.000000,9.23000
12970,6735.570000,1000.000000,9.23000
12971,6735.570000,1000.000000,9.23000
12972,6735.570000,1700.000000,9.23000
12973,6735.570000,440.000000,9.23000
12974,6738.400000,1500.000000,9.23000
12975,6739.570000,800.000000,9.24000
12976,6740.720000,200.000000,9.23000
12977,6741.160000,860.000000,9.23000
12978,6741.160000,300.000000,9.23000
12979,6741.160000,340.000000,9.23000
12980,6741.860000,3300.000000,9.24000
12981,6742.790000,1000.000000,9.23000
12982,6742.820000,400.000000,9.24000
12983,6742.990000,2300.000000,9.24000
12984,6743.710000,100.000000,9.24000
12985,6744.490000,800.000000,9.24000
12986,6744.490000,2900.000000,9.24000
12987,6744.490000,19700.000000,9.24000
12988,6744.490000,200.000000,9.24000
12989,6744.490000,700.000000,9.24000
12990,6744.490000,4300.000000,9.24000
12991,6744.490000,1000.000000,9.24000
12992,6744.490000,800.000000,9.24000
12993,6744.490000,100.000000,9.24000
12994,6744.490000,9300.000000,9.24000
12995,6744.640000,100.000000,9.24000
12996,6747.990000,100.000000,9.23000
12997,6749.570000,300.000000,9.24000
12998,6751.430000,200.000000,9.23000
12999,6751.660000,100.000000,9.24000
13000,6753.220000,1300.000000,9.24000
13001,6756.090000,1000.000000,9.24000
13002,6759.010000,1900.000000,9.24000
13003,6759.010000,2100.000000,9.24000
13004,6759.580000,9100.000000,9.23000
13005,6760.150000,100.000000,9.24000
13006,6760.320000,800.000000,9.24000
13007,6760.320000,500.000000,9.24000
13008,6762.520000,200.000000,9.23000
13009,6764.020000,500.000000,9.24000
13010,6764.310000,600.000000,9.24000
13011,6766.170000,500.000000,9.23000
13012,6766.700000,2100.000000,9.23000
13013,6770.540000,1000.000000,9.23000
13014,6773.320000,500.000000,9.24000
13015,6773.820000,100.000000,9.23000
13016,6774.190000,2100.000000,9.24000
13017,6774.830000,47000.000000,9.24000
13018,6774.830000,100.000000,9.24000
13019,6774.830000,200.000000,9.24000
13020,6774.830000,900.000000,9.24000
13021,6774.830000,500.000000,9.24000
13022,6775.250000,600.000000,9.24000
13023,6777.090000,300.000000,9.24000
13024,6777.120000,100.000000,9.24000
13025,6777.120000,2900.000000,9.24000
13026,6778.110000,360.000000,9.23000
13027,6778.110000,1140.000000,9.23000
13028,6779.480000,60.000000,9.23000
13029,6779.480000,100.000000,9.23000
13030,6779.480000,840.000000,9.23000
13031,6780.100000,400.000000,9.24000
13032,6783.270000,100.000000,9.24000
13033,6783.340000,100.000000,9.24000
13034,6783.420000,3000.000000,9.24000
13035,6783.610000,100.000000,9.24000
13036,6784.600000,3400.000000,9.24000
13037,6784.600000,3000.000000,9.24000
13038,6784.600000,900.000000,9.24000
13039,6784.600000,3900.000000,9.24000
13040,6784.710000,200.000000,9.23000
13041,6785.920000,1500.000000,9.24000
13042,6787.740000,400.000000,9.24000
13043,6788.870000,1000.000000,9.24000
13044,6789.590000,300.000000,9.24000
13045,6789.600000,960.000000,9.23000
13046,6789.600000,200.000000,9.23000
13047,6789.600000,100.000000,9.23000
13048,6789.600000,2000.000000,9.23000
13049,6789.600000,1900.000000,9.23000
13050,6789.600000,1000.000000,9.23000
13051,6789.600000,2940.000000,9.23000
13052,6791.270000,100.000000,9.24000
13053,6793.770000,200.000000,9.24000
13054,6795.670000,60.000000,9.23000
13055,6795.670000,140.000000,9.23000
13056,6796.130000,1800.000000,9.24000
13057,6796.130000,100.000000,9.24000
13058,6798.800000,1900.000000,9.24000
13059,6798.800000,100.000000,9.24000
13060,6800.380000,1100.000000,9.24000
13061,6800.380000,400.000000,9.24000
13062,6801.270000,100.000000,9.24000
13063,6803.490000,1500.000000,9.24000
13064,6803.490000,500.000000,9.24000
13065,6805.840000,500.000000,9.24000
13066,6806.320000,2200.000000,9.23000
13067,6807.470000,200.000000,9.23000
13068,6809.890000,400.000000,9.24000
13069,6812.310000,100.000000,9.24000
13070,6815.760000,1700.000000,9.24000
13071,6815.760000,100.000000,9.24000
13072,6815.760000,100.000000,9.24000
13073,6818.650000,200.000000,9.23000
13074,6818.810000,1000.000000,9.24000
13075,6819.590000,4160.000000,9.23000
13076,6819.590000,4940.000000,9.23000
13077,6819.770000,200.000000,9.24000
13078,6820.300000,700.000000,9.24000
13079,6820.300000,100.000000,9.24000
13080,6820.300000,100.000000,9.24000
13081,6822.330000,900.000000,9.24000
13082,6822.330000,2600.000000,9.24000
13083,6822.330000,500.000000,9.24000
13084,6822.330000,100.000000,9.24000
13085,6822.940000,100.000000,9.24000
13086,6823.420000,200.000000,9.24000
13087,6824.000000,1300.000000,9.24000
13088,6824.160000,700.000000,9.24000
13089,6824.260000,300.000000,9.24000
13090,6824.920000,1400.000000,9.23000
13091,6825.070000,1000.000000,9.24000
13092,6825.470000,1200.000000,9.24000
13093,6826.650000,100.000000,9.24000
13094,6829.780000,100.000000,9.23000
13095,6830.950000,200.000000,9.23000
13096,6835.180000,600.000000,9.24000
13097,6838.630000,700.000000,9.24000
13098,6840.850000,200.000000,9.23000
13099,6841.060000,100.000000,9.24000
13100,6842.570000,2100.000000,9.24000
13101,6843.050000,400.000000,9.24000
13102,6843.320000,100.000000,9.24000
13103,6844.820000,1000.000000,9.24000
13104,6844.820000,1000.000000,9.24000
13105,6844.820000,200.000000,9.24000
13106,6846.340000,2800.000000,9.24000
13107,6846.340000,1100.000000,9.24000
13108,6846.340000,700.000000,9.24000
13109,6846.340000,4000.000000,9.24000
13110,6846.340000,700.000000,9.24000
13111,6849.480000,400.000000,9.25000
13112,6849.770000,9100.000000,9.24000
13113,6851.570000,200.000000,9.24000
13114,6852.840000,100.000000,9.25000
13115,6855.650000,100.000000,9.25000
13116,6859.080000,400.000000,9.25000
13117,6861.310000,100.000000,9.25000
13118,6861.540000,1600.000000,9.24000
13119,6862.190000,300.000000,9.24000
13120,6862.630000,100.000000,9.24000
13121,6864.210000,700.000000,9.25000
13122,6866.950000,1000.000000,9.24000
13123,6867.690000,4800.000000,9.25000
13124,6868.580000,1400.000000,9.24000
13125,6871.000000,100.000000,9.25000
13126,6873.740000,200.000000,9.24000
13127,6874.820000,200.000000,9.24000
13128,6876.230000,200.000000,9.25000
13129,6879.090000,400.000000,9.24000
13130,6879.090000,8700.000000,9.24000
13131,6880.970000,100.000000,9.25000
13132,6883.810000,700.000000,9.25000
13133,6884.660000,200.000000,9.24000
13134,6885.100000,1200.000000,9.25000
13135,6886.180000,500.000000,9.24000
13136,6887.340000,300.000000,9.25000
13137,6890.000000,2000.000000,9.25000
13138,6893.390000,100.000000,9.24000
13139,6894.430000,100.000000,9.25000
13140,6895.290000,600.000000,9.25000
13141,6895.740000,200.000000,9.24000
13142,6896.360000,200.000000,9.24000
13143,6900.110000,300.000000,9.25000
13144,6902.040000,400.000000,9.25000
13145,6905.580000,1500.000000,9.24000
13146,6906.790000,200.000000,9.24000
13147,6909.340000,400.000000,9.25000
13148,6909.640000,2500.000000,9.24000
13149,6909.640000,1000.000000,9.24000
13150,6909.640000,700.000000,9.24000
13151,6909.640000,3800.000000,9.24000
13152,6909.640000,1100.000000,9.24000
13153,6913.230000,100.000000,9.24000
13154,6913.390000,100.000000,9.25000
13155,6915.720000,200.000000,9.24000
13156,6917.320000,100.000000,9.25000
13157,6917.890000,200.000000,9.24000
13158,6920.360000,10000.000000,9.25000
13159,6925.270000,100.000000,9.25000
13160,6925.980000,100.000000,9.25000
13161,6927.090000,4000.000000,9.25000
13162,6927.540000,200.000000,9.25000
13163,6928.620000,200.000000,9.24000
13164,6932.780000,1100.000000,9.25000
13165,6933.210000,200.000000,9.24000
13166,6933.210000,200.000000,9.24000
13167,6933.210000,800.000000,9.24000
13168,6933.210000,100.000000,9.24000
13169,6933.210000,2300.000000,9.24000
13170,6933.210000,900.000000,9.24000
13171,6933.210000,400.000000,9.24000
13172,6933.210000,200.000000,9.24000
13173,6933.210000,600.000000,9.24000
13174,6933.210000,26800.000000,9.24000
13175,6934.190000,100.000000,9.25000
13176,6934.620000,300.000000,9.24000
13177,6939.580000,100.000000,9.24000
13178,6939.850000,9100.000000,9.24000
13179,6939.870000,100.000000,9.24000
13180,6941.360000,100.000000,9.25000
13181,6943.930000,700.000000,9.25000
13182,6944.960000,1500.000000,9.25000
13183,6945.160000,1200.000000,9.25000
13184,6946.270000,1600.000000,9.24000
13185,6947.010000,1000.000000,9.25000
13186,6949.570000,1000.000000,9.24000
13187,6950.680000,200.000000,9.24000
13188,6950.870000,100.000000,9.25000
13189,6953.680000,100.000000,9.25000
13190,6954.840000,600.000000,9.25000
13191,6958.210000,2300.000000,9.24000
13192,6961.670000,200.000000,9.24000
13193,6962.780000,200.000000,9.25000
13194,6965.160000,100.000000,9.25000
13195,6969.130000,400.000000,9.25000
13196,6969.610000,8700.000000,9.24000
13197,6969.610000,400.000000,9.24000
13198,6972.270000,100.000000,9.25000
13199,6972.670000,200.000000,9.24000
13200,6974.220000,500.000000,9.25000
13201,6975.280000,100.000000,9.25000
13202,6983.750000,100.000000,9.24000
13203,6988.720000,100.000000,9.25000
13204,6990.170000,1600.000000,9.24000
13205,6992.110000,200.000000,9.25000
13206,6993.040000,600.000000,9.24000
13207,6993.070000,600.000000,9.24000
13208,6993.510000,120.000000,9.24000
13209,6994.030000,400.000000,9.24000
13210,6994.590000,200.000000,9.24000
13211,6996.270000,200.000000,9.24000
13212,6997.860000,5000.000000,9.25000
13213,6998.470000,100.000000,9.25000
13214,6999.200000,780.000000,9.24000
13215,6999.200000,1000.000000,9.24000
13216,6999.200000,400.000000,9.24000
13217,6999.200000,1000.000000,9.24000
13218,6999.200000,900.000000,9.24000
13219,6999.200000,2020.000000,9.24000
13220,7000.510000,2800.000000,9.25000
13221,7003.570000,600.000000,9.25000
13222,7004.190000,1000.000000,9.25000
13223,7005.060000,1200.000000,9.25000
13224,7005.680000,200.000000,9.24000
13225,7007.980000,480.000000,9.24000
13226,7007.980000,100.000000,9.24000
13227,7007.980000,5020.000000,9.24000
13228,7008.220000,400.000000,9.25000
13229,7008.230000,1500.000000,9.24000
13230,7014.890000,600.000000,9.25000
13231,7015.950000,1500.000000,9.24000
13232,7016.680000,200.000000,9.24000
13233,7022.100000,100.000000,9.24000
13234,7024.690000,100.000000,9.24000
13235,7027.770000,200.000000,9.24000
13236,7029.080000,300.000000,9.25000
13237,7035.040000,200.000000,9.25000
13238,7038.710000,200.000000,9.24000
13239,7039.970000,500.000000,9.25000
13240,7041.000000,800.000000,9.25000
13241,7044.700000,1180.000000,9.24000
13242,7044.700000,420.000000,9.24000
13243,7045.490000,1000.000000,9.25000
13244,7046.580000,700.000000,9.25000
13245,7049.600000,100.000000,9.24000
13246,7052.140000,100.000000,9.24000
13247,7054.820000,10000.000000,9.25000
13248,7057.530000,300.000000,9.24000
13249,7057.570000,580.000000,9.24000
13250,7057.570000,420.000000,9.24000
13251,7060.670000,200.000000,9.24000
13252,7064.650000,700.000000,9.25000
13253,7065.640000,1100.000000,9.25000
13254,7066.750000,1380.000000,9.24000
13255,7066.750000,220.000000,9.24000
13256,7071.650000,200.000000,9.24000
13257,7074.910000,1000.000000,9.25000
13258,7075.180000,100.000000,9.25000
13259,7075.670000,500.000000,9.25000
13260,7079.240000,200.000000,9.25000
13261,7080.080000,100.000000,9.25000
13262,7082.610000,200.000000,9.25000
13263,7082.680000,200.000000,9.24000
13264,7087.680000,1100.000000,9.25000
13265,7087.810000,100.000000,9.25000
13266,7088.150000,100.000000,9.24000
13267,7089.760000,400.000000,9.25000
13268,7093.740000,200.000000,9.24000
13269,7094.340000,1380.000000,9.24000
13270,7094.340000,1200.000000,9.24000
13271,7094.340000,1000.000000,9.24000
13272,7094.340000,300.000000,9.24000
13273,7094.340000,200.000000,9.24000
13274,7094.340000,1000.000000,9.24000
13275,7094.340000,600.000000,9.24000
13276,7094.340000,100.000000,9.24000
13277,7094.340000,500.000000,9.24000
13278,7094.340000,900.000000,9.24000
13279,7094.340000,700.000000,9.24000
13280,7094.340000,10000.000000,9.24000
13281,7094.340000,3000.000000,9.24000
13282,7094.340000,500.000000,9.24000
13283,7094.340000,300.000000,9.24000
13284,7094.340000,520.000000,9.24000
13285,7096.160000,200.000000,9.24000
13286,7101.210000,1400.000000,9.24000
13287,7104.050000,1000.000000,9.25000
13288,7104.710000,180.000000,9.24000
13289,7104.710000,20.000000,9.24000
13290,7106.020000,380.000000,9.24000
13291,7106.020000,1400.000000,9.24000
13292,7106.020000,520.000000,9.24000
13293,7106.540000,200.000000,9.24000
13294,7108.330000,900.000000,9.25000
13295,7109.570000,100.000000,9.25000
13296,7115.620000,200.000000,9.24000
13297,7116.100000,100.000000,9.25000
13298,7116.220000,30000.000000,9.25000
13299,7116.350000,100.000000,9.25000
13300,7118.690000,200.000000,9.25000
13301,7119.940000,100.000000,9.25000
13302,7121.350000,100.000000,9.25000
13303,7121.350000,100.000000,9.25000
13304,7122.730000,1000.000000,9.25000
13305,7124.300000,700.000000,9.25000
13306,7125.340000,100.000000,9.25000
13307,7125.510000,1200.000000,9.25000
13308,7125.860000,1080.000000,9.24000
13309,7125.860000,1000.000000,9.24000
13310,7125.860000,1120.000000,9.24000
13311,7126.610000,100.000000,9.24000
13312,7131.630000,1600.000000,9.24000
13313,7131.650000,600.000000,9.25000
13314,7133.000000,2300.000000,9.25000
13315,7133.000000,1000.000000,9.25000
13316,7133.000000,6700.000000,9.25000
13317,7133.340000,100.000000,9.25000
13318,7133.570000,1900.000000,9.25000
13319,7133.570000,8700.000000,9.25000
13320,7133.570000,300.000000,9.25000
13321,7133.570000,23900.000000,9.25000
13322,7133.570000,5200.000000,9.25000
13323,7135.530000,600.000000,9.25000
13324,7136.810000,100.000000,9.25000
13325,7137.750000,200.000000,9.24000
13326,7137.980000,900.000000,9.24000
13327,7142.080000,100.000000,9.24000
13328,7144.600000,200.000000,9.25000
13329,7146.320000,100.000000,9.25000
13330,7146.920000,200.000000,9.24000
13331,7148.670000,200.000000,9.24000
13332,7148.690000,400.000000,9.25000
13333,7149.670000,400.000000,9.25000
13334,7150.370000,500.000000,9.25000
13335,7150.370000,1200.000000,9.25000
13336,7150.370000,300.000000,9.25000
13337,7151.580000,1400.000000,9.24000
13338,7152.160000,100.000000,9.25000
13339,7152.300000,4180.000000,9.24000
13340,7152.300000,1200.000000,9.24000
13341,7152.300000,3400.000000,9.24000
13342,7152.300000,320.000000,9.24000
13343,7155.070000,8300.000000,9.25000
13344,7155.070000,400.000000,9.25000
13345,7155.070000,5000.000000,9.25000
13346,7155.070000,1500.000000,9.25000
13347,7155.070000,300.000000,9.25000
13348,7155.070000,2000.000000,9.25000
13349,7155.070000,2500.000000,9.25000
13350,7156.100000,100.000000,9.25000
13351,7157.950000,200.000000,9.25000
13352,7158.110000,1280.000000,9.24000
13353,7158.110000,600.000000,9.24000
13354,7158.110000,400.000000,9.24000
13355,7158.110000,200.000000,9.24000
13356,7158.110000,1000.000000,9.24000
13357,7158.110000,10000.000000,9.24000
13358,7158.110000,600.000000,9.24000
13359,7158.110000,800.000000,9.24000
13360,7158.110000,400.000000,9.24000
13361,7158.110000,800.000000,9.24000
13362,7158.110000,500.000000,9.24000
13363,7158.110000,600.000000,9.24000
13364,7158.110000,500.000000,9.24000
13365,7158.110000,100.000000,9.24000
13366,7158.110000,400.000000,9.24000
13367,7158.110000,500.000000,9.24000
13368,7158.110000,1100.000000,9.24000
13369,7158.110000,500.000000,9.24000
13370,7158.110000,1520.000000,9.24000
13371,7159.720000,100.000000,9.24000
13372,7160.210000,1100.000000,9.24000
13373,7160.400000,2000.000000,9.25000
13374,7164.380000,600.000000,9.24000
13375,7165.000000,600.000000,9.25000
13376,7165.000000,1500.000000,9.25000
13377,7166.710000,980.000000,9.24000
13378,7166.710000,500.000000,9.24000
13379,7166.710000,800.000000,9.24000
13380,7166.710000,2000.000000,9.24000
13381,7166.710000,5000.000000,9.24000
13382,7166.710000,500.000000,9.24000
13383,7166.710000,600.000000,9.24000
13384,7166.710000,200.000000,9.24000
13385,7166.710000,1000.000000,9.24000
13386,7166.710000,1000.000000,9.24000
13387,7166.710000,500.000000,9.24000
13388,7166.710000,1500.000000,9.24000
13389,7166.710000,4100.000000,9.24000
13390,7166.710000,500.000000,9.24000
13391,7166.710000,500.000000,9.24000
13392,7166.710000,100.000000,9.24000
13393,7166.710000,8900.000000,9.24000
13394,7166.710000,600.000000,9.24000
13395,7166.710000,100.000000,9.24000
13396,7166.710000,1000.000000,9.24000
13397,7166.710000,1200.000000,9.24000
13398,7166.710000,600.000000,9.24000
13399,7166.710000,700.000000,9.24000
13400,7166.710000,300.000000,9.24000
13401,7166.710000,1000.000000,9.24000
13402,7166.710000,920.000000,9.24000
13403,7168.040000,100.000000,9.25000
13404,7168.780000,500.000000,9.25000
13405,7168.780000,1500.000000,9.25000
13406,7171.510000,200.000000,9.24000
13407,7171.570000,100.000000,9.25000
13408,7175.470000,1500.000000,9.25000
13409,7176.110000,300.000000,9.25000
13410,7180.250000,500.000000,9.25000
13411,7181.070000,480.000000,9.24000
13412,7181.070000,1000.000000,9.24000
13413,7181.070000,300.000000,9.24000
13414,7181.070000,1300.000000,9.24000
13415,7181.070000,100.000000,9.24000
13416,7181.070000,200.000000,9.24000
13417,7182.330000,3820.000000,9.24000
13418,7182.600000,200.000000,9.24000
13419,7184.490000,500.000000,9.24000
13420,7187.660000,500.000000,9.25000
13421,7187.660000,1600.000000,9.25000
13422,7187.680000,1780.000000,9.24000
13423,7187.680000,2120.000000,9.24000
13424,7188.270000,17880.000000,9.24000
13425,7188.270000,600.000000,9.24000
13426,7188.270000,1200.000000,9.24000
13427,7188.270000,1000.000000,9.24000
13428,7192.710000,1500.000000,9.24000
13429,7193.510000,200.000000,9.23000
13430,7195.140000,1300.000000,9.24000
13431,7195.290000,600.000000,9.24000
13432,7196.220000,200.000000,9.23000
13433,12600.020000,1000.000000,9.24000
13434,12600.030000,120.000000,9.24000
13435,12600.030000,380.000000,9.24000
13436,12600.030000,120.000000,9.24000
13437,12600.060000,6880.000000,9.24000
13438,12600.060000,13120.000000,9.23000
13439,12600.070000,800.000000,9.24000
13440,12600.080000,300.000000,9.24000
13441,12600.080000,1200.000000,9.23000
13442,12600.080000,2000.000000,9.24000
13443,12600.080000,700.000000,9.24000
13444,12600.080000,500.000000,9.23000
13445,12600.110000,700.000000,9.24000
13446,12600.110000,1100.000000,9.24000
13447,12600.110000,1200.000000,9.24000
13448,12600.140000,4200.000000,9.24000
13449,12600.140000,200.000000,9.24000
13450,12600.140000,2000.000000,9.24000
13451,12600.140000,2200.000000,9.23000
13452,12600.150000,1000.000000,9.23000
13453,12600.150000,2700.000000,9.23000
13454,12600.150000,400.000000,9.24000
13455,12600.160000,2000.000000,9.23000
13456,12600.160000,100.000000,9.23000
13457,12600.170000,500.000000,9.23000
13458,12600.190000,200.000000,9.23000
13459,12600.250000,500.000000,9.24000
13460,12600.250000,500.000000,9.24000
13461,12600.250000,3000.000000,9.24000
13462,12600.250000,2000.000000,9.24000
13463,12600.260000,4240.000000,9.23000
13464,12600.260000,3500.000000,9.23000
13465,12600.260000,5500.000000,9.23000
13466,12600.260000,1000.000000,9.23000
13467,12600.260000,600.000000,9.23000
13468,12600.260000,100.000000,9.23000
13469,12600.260000,300.000000,9.23000
13470,12600.260000,200.000000,9.23000
13471,12600.260000,300.000000,9.23000
13472,12600.260000,800.000000,9.23000
13473,12600.260000,5000.000000,9.23000
13474,12600.260000,1800.000000,9.23000
13475,12600.260000,500.000000,9.23000
13476,12600.260000,200.000000,9.23000
13477,12600.260000,2000.000000,9.23000
13478,12600.260000,1000.000000,9.23000
13479,12600.260000,200.000000,9.23000
13480,12600.260000,800.000000,9.23000
13481,12600.260000,760.000000,9.23000
13482,12600.260000,1100.000000,9.24000
13483,12600.370000,300.000000,9.24000
13484,12600.370000,200.000000,9.24000
13485,12600.380000,100.000000,9.24000
13486,12600.410000,300.000000,9.24000
13487,12600.420000,240.000000,9.23000
13488,12600.420000,160.000000,9.23000
13489,12600.420000,840.000000,9.23000
13490,12600.420000,160.000000,9.23000
13491,12600.430000,1500.000000,9.24000
13492,12600.460000,300.000000,9.23000
13493,12600.460000,4000.000000,9.23000
13494,12600.470000,100.000000,9.24000
13495,12600.490000,500.000000,9.24000
13496,12600.500000,100.000000,9.24000
13497,12600.500000,2100.000000,9.24000
13498,12600.510000,5600.000000,9.24000
13499,12600.530000,800.000000,9.24000
13500,12600.530000,100.000000,9.23000
13501,12600.550000,100.000000,9.24000
13502,12600.570000,100.000000,9.24000
13503,12600.590000,100.000000,9.24000
13504,12600.630000,900.000000,9.24000
13505,12600.630000,13800.000000,9.24000
13506,12600.660000,300.000000,9.24000
13507,12600.700000,9100.000000,9.24000
13508,12600.700000,3100.000000,9.24000
13509,12600.740000,200.000000,9.24000
13510,12600.780000,100.000000,9.24000
13511,12600.780000,100.000000,9.24000
13512,12600.830000,400.000000,9.24000
13513,12600.990000,3500.000000,9.24000
13514,12601.000000,800.000000,9.24000
13515,12601.030000,2000.000000,9.24000
13516,12601.030000,6600.000000,9.24000
13517,12601.030000,200.000000,9.24000
13518,12601.030000,400.000000,9.24000
13519,12601.030000,600.000000,9.24000
13520,12601.030000,100.000000,9.25000
13521,12601.040000,200.000000,9.24000
13522,12601.090000,200.000000,9.24000
13523,12601.090000,200.000000,9.24000
13524,12601.090000,200.000000,9.24000
13525,12601.090000,300.000000,9.24000
13526,12601.090000,100.000000,9.24000
13527,12601.090000,500.000000,9.24000
13528,12601.090000,1000.000000,9.24000
13529,12601.090000,1000.000000,9.24000
13530,12601.090000,100.000000,9.24000
13531,12601.090000,1000.000000,9.24000
13532,12601.090000,100.000000,9.24000
13533,12601.090000,500.000000,9.24000
13534,12601.090000,800.000000,9.24000
13535,12601.090000,200.000000,9.24000
13536,12601.090000,200.000000,9.24000
13537,12601.090000,100.000000,9.24000
13538,12601.090000,5440.000000,9.23000
13539,12601.090000,900.000000,9.23000
13540,12601.090000,5800.000000,9.23000
13541,12601.090000,3200.000000,9.23000
13542,12601.090000,3300.000000,9.23000
13543,12601.090000,5000.000000,9.23000
13544,12601.090000,3000.000000,9.23000
13545,12601.090000,3000.000000,9.23000
13546,12601.090000,300.000000,9.23000
13547,12601.090000,1300.000000,9.23000
13548,12601.090000,100.000000,9.23000
13549,12601.090000,2000.000000,9.23000
13550,12601.090000,400.000000,9.23000
13551,12601.090000,2360.000000,9.23000
13552,12601.250000,700.000000,9.24000
13553,12601.310000,300.000000,9.24000
13554,12601.310000,2000.000000,9.24000
13555,12601.310000,100.000000,9.24000
13556,12601.310000,1000.000000,9.24000
13557,12601.310000,1540.000000,9.23000
13558,12601.310000,500.000000,9.23000
13559,12601.310000,300.000000,9.23000
13560,12601.310000,1000.000000,9.23000
13561,12601.310000,1000.000000,9.23000
13562,12601.310000,760.000000,9.23000
13563,12601.330000,240.000000,9.23000
13564,12601.330000,200.000000,9.23000
13565,12601.330000,500.000000,9.23000
13566,12601.330000,60.000000,9.23000
13567,12601.370000,1700.000000,9.23000
13568,12601.530000,200.000000,9.24000
13569,12601.680000,800.000000,9.24000
13570,12601.680000,100.000000,9.24000
13571,12601.680000,200.000000,9.24000
13572,12601.680000,628.000000,9.24000
13573,12601.700000,372.000000,9.24000
13574,12601.700000,228.000000,9.24000
13575,12601.830000,300.000000,9.24000
13576,12602.090000,72.000000,9.24000
13577,12602.090000,500.000000,9.24000
13578,12602.090000,100.000000,9.24000
13579,12602.090000,1000.000000,9.24000
13580,12602.090000,100.000000,9.24000
13581,12602.090000,100.000000,9.24000
13582,12602.090000,2300.000000,9.24000
13583,12602.090000,2400.000000,9.24000
13584,12602.090000,400.000000,9.24000
13585,12602.090000,300.000000,9.24000
13586,12602.090000,500.000000,9.24000
13587,12602.090000,900.000000,9.24000
13588,12602.090000,100.000000,9.24000
13589,12602.130000,100.000000,9.23000
13590,12602.250000,500.000000,9.24000
13591,12602.350000,200.000000,9.24000
13592,12602.450000,2700.000000,9.24000
13593,12602.480000,2000.000000,9.24000
13594,12602.720000,100.000000,9.24000
13595,12603.190000,100.000000,9.24000
13596,12603.240000,340.000000,9.23000
13597,12603.240000,960.000000,9.23000
13598,12603.290000,100.000000,9.24000
13599,12603.340000,100.000000,9.23000
13600,12603.400000,528.000000,9.24000
13601,12603.400000,172.000000,9.24000
13602,12603.560000,28.000000,9.24000
13603,12604.020000,200.000000,9.24000
13604,12604.180000,19300.000000,9.25000
13605,12604.300000,272.000000,9.24000
13606,12604.300000,400.000000,9.24000
13607,12604.300000,300.000000,9.24000
13608,12604.300000,100.000000,9.24000
13609,12604.300000,200.000000,9.24000
13610,12604.300000,900.000000,9.24000
13611,12604.300000,128.000000,9.23000
13612,12604.640000,200.000000,9.24000
13613,12606.130000,800.000000,9.24000
13614,12606.130000,2600.000000,9.24000
13615,12609.390000,300.000000,9.25000
13616,12611.520000,300.000000,9.25000
13617,12612.240000,1600.000000,9.24000
13618,12615.560000,200.000000,9.24000
13619,12620.110000,100.000000,9.24000
13620,12620.780000,800.000000,9.24000
13621,12623.010000,500.000000,9.24000
13622,12626.480000,200.000000,9.24000
13623,12633.050000,600.000000,9.25000
13624,12633.730000,2600.000000,9.24000
13625,12633.730000,500.000000,9.24000
13626,12635.270000,3100.000000,9.24000
13627,12635.290000,1500.000000,9.24000
13628,12636.580000,1700.000000,9.24000
13629,12637.780000,100.000000,9.24000
13630,12639.130000,100.000000,9.24000
13631,12639.440000,100.000000,9.25000
13632,12640.180000,800.000000,9.24000
13633,12640.180000,100.000000,9.24000
13634,12643.380000,1200.000000,9.24000
13635,12643.740000,700.000000,9.25000
13636,12644.960000,1200.000000,9.25000
13637,12647.530000,4700.000000,9.24000
13638,12647.530000,300.000000,9.24000
13639,12647.530000,500.000000,9.24000
13640,12648.130000,300.000000,9.24000
13641,12648.170000,100.000000,9.24000
13642,12648.170000,200.000000,9.24000
13643,12648.430000,200.000000,9.24000
13644,12650.550000,100.000000,9.25000
13645,12657.080000,400.000000,9.24000
13646,12657.080000,400.000000,9.24000
13647,12657.100000,400.000000,9.24000
13648,12657.140000,100.000000,9.24000
13649,12657.140000,100.000000,9.24000
13650,12657.140000,200.000000,9.24000
13651,12657.150000,400.000000,9.24000
13652,12657.180000,400.000000,9.24000
13653,12657.460000,200.000000,9.24000
13654,12658.150000,300.000000,9.24000
13655,12658.150000,700.000000,9.24000
13656,12658.150000,200.000000,9.24000
13657,12659.290000,200.000000,9.24000
13658,12660.110000,100.000000,9.25000
13659,12660.110000,400.000000,9.24000
13660,12661.510000,100.000000,9.25000
13661,12661.820000,200.000000,9.24000
13662,12662.100000,100.000000,9.24000
13663,12667.370000,100.000000,9.24000
13664,12668.190000,6600.000000,9.24000
13665,12668.290000,100.000000,9.24000
13666,12670.540000,200.000000,9.24000
13667,12679.570000,100.000000,9.25000
13668,12681.500000,200.000000,9.24000
13669,12688.910000,100.000000,9.25000
13670,12692.150000,100.000000,9.24000
13671,12692.540000,100.000000,9.24000
13672,12692.540000,100.000000,9.24000
13673,12692.800000,300.000000,9.24000
13674,12692.800000,400.000000,9.24000
13675,12692.800000,500.000000,9.24000
13676,12696.210000,200.000000,9.23000
13677,12696.380000,1000.000000,9.24000
13678,12699.040000,100.000000,9.24000
13679,12702.730000,200.000000,9.23000
13680,12703.610000,100.000000,9.23000
13681,12703.660000,900.000000,9.24000
13682,12703.740000,100.000000,9.24000
13683,12704.720000,500.000000,9.24000
13684,12704.720000,700.000000,9.24000
13685,12708.630000,1100.000000,9.24000
13686,12710.200000,100.000000,9.24000
13687,12714.440000,200.000000,9.23000
13688,12714.680000,600.000000,9.24000
13689,12719.920000,500.000000,9.24000
13690,12720.810000,100.000000,9.24000
13691,12724.240000,2300.000000,9.23000
13692,12724.420000,500.000000,9.24000
13693,12725.470000,200.000000,9.23000
13694,12733.890000,612.000000,9.23000
13695,12733.890000,300.000000,9.23000
13696,12733.890000,1088.000000,9.23000
13697,12736.530000,100.000000,9.23000
13698,12738.210000,1712.000000,9.23000
13699,12738.210000,500.000000,9.23000
13700,12738.210000,100.000000,9.23000
13701,12738.210000,500.000000,9.23000
13702,12738.210000,2100.000000,9.23000
13703,12738.210000,3900.000000,9.23000
13704,12738.210000,100.000000,9.23000
13705,12738.210000,500.000000,9.23000
13706,12738.210000,600.000000,9.23000
13707,12738.210000,200.000000,9.23000
13708,12738.210000,500.000000,9.23000
13709,12738.210000,1200.000000,9.23000
13710,12738.210000,400.000000,9.23000
13711,12738.210000,2300.000000,9.23000
13712,12738.210000,1000.000000,9.23000
13713,12738.210000,300.000000,9.23000
13714,12738.210000,400.000000,9.23000
13715,12738.210000,500.000000,9.23000
13716,12738.210000,1000.000000,9.23000
13717,12738.210000,2088.000000,9.23000
13718,12738.420000,100.000000,9.24000
13719,12742.700000,300.000000,9.24000
13720,12747.680000,200.000000,9.23000
13721,12748.050000,1000.000000,9.24000
13722,12758.460000,200.000000,9.23000
13723,12763.300000,2100.000000,9.24000
13724,12763.910000,1900.000000,9.23000
13725,12765.750000,1200.000000,9.24000
13726,12769.580000,200.000000,9.23000
13727,12772.300000,2000.000000,9.23000
13728,12772.530000,8100.000000,9.23000
13729,12775.090000,2200.000000,9.24000
13730,12780.500000,100.000000,9.23000
13731,12780.510000,3400.000000,9.24000
13732,12784.390000,900.000000,9.24000
13733,12784.690000,1000.000000,9.24000
13734,12785.080000,4100.000000,9.24000
13735,12785.080000,15500.000000,9.24000
13736,12786.280000,300.000000,9.24000
13737,12786.280000,2100.000000,9.24000
13738,12787.140000,300.000000,9.24000
13739,12791.700000,200.000000,9.23000
13740,12794.330000,12.000000,9.23000
13741,12794.330000,1000.000000,9.23000
13742,12794.330000,988.000000,9.23000
13743,12798.120000,800.000000,9.24000
13744,12802.530000,200.000000,9.23000
13745,12803.030000,200.000000,9.23000
13746,12806.800000,112.000000,9.23000
13747,12806.800000,1000.000000,9.23000
13748,12806.800000,488.000000,9.23000
13749,12808.170000,512.000000,9.23000
13750,12808.170000,588.000000,9.23000
13751,12813.280000,100.000000,9.24000
13752,12813.400000,200.000000,9.23000
13753,12822.920000,500.000000,9.24000
13754,12823.000000,100.000000,9.24000
13755,12823.140000,212.000000,9.23000
13756,12823.140000,500.000000,9.23000
13757,12823.140000,1288.000000,9.23000
13758,12824.620000,100.000000,9.23000
13759,12824.730000,200.000000,9.24000
13760,12824.730000,1300.000000,9.24000
13761,12825.530000,1200.000000,9.24000
13762,12826.170000,500.000000,9.23000
13763,12830.570000,300.000000,9.24000
13764,12831.200000,100.000000,9.24000
13765,12835.490000,200.000000,9.23000
13766,12839.470000,1100.000000,9.24000
13767,12844.260000,1412.000000,9.23000
13768,12844.260000,888.000000,9.23000
13769,12846.000000,1900.000000,9.23000
13770,12846.350000,200.000000,9.23000
13771,12847.550000,2400.000000,9.24000
13772,12849.960000,100.000000,9.24000
13773,12849.960000,500.000000,9.24000
13774,12851.300000,100.000000,9.24000
13775,12853.560000,2000.000000,9.23000
13776,12857.510000,200.000000,9.23000
13777,12857.660000,200.000000,9.24000
13778,12862.250000,100.000000,9.24000
13779,12863.090000,100.000000,9.24000
13780,12868.420000,100.000000,9.23000
13781,12868.480000,1612.000000,9.23000
13782,12868.480000,388.000000,9.23000
13783,12872.200000,100.000000,9.23000
13784,12873.050000,1800.000000,9.24000
13785,12873.050000,200.000000,9.24000
13786,12873.670000,100.000000,9.24000
13787,12876.850000,200.000000,9.24000
13788,12878.780000,2500.000000,9.24000
13789,12878.780000,200.000000,9.24000
13790,12878.780000,1100.000000,9.24000
13791,12878.780000,1200.000000,9.24000
13792,12879.440000,200.000000,9.23000
13793,12880.580000,1612.000000,9.23000
13794,12880.580000,300.000000,9.23000
13795,12880.580000,1000.000000,9.23000
13796,12880.580000,500.000000,9.23000
13797,12880.580000,2500.000000,9.23000
13798,12880.580000,1100.000000,9.23000
13799,12880.580000,200.000000,9.23000
13800,12880.580000,2000.000000,9.23000
13801,12880.580000,100.000000,9.23000
13802,12880.580000,900.000000,9.23000
13803,12880.580000,500.000000,9.23000
13804,12880.580000,1000.000000,9.23000
13805,12880.580000,6900.000000,9.23000
13806,12880.580000,1000.000000,9.23000
13807,12880.580000,1500.000000,9.23000
13808,12880.580000,1000.000000,9.23000
13809,12880.580000,2000.000000,9.23000
13810,12880.580000,100.000000,9.23000
13811,12880.580000,400.000000,9.23000
13812,12880.580000,3000.000000,9.23000
13813,12880.580000,400.000000,9.23000
13814,12880.580000,1000.000000,9.23000
13815,12880.580000,5000.000000,9.23000
13816,12880.580000,500.000000,9.23000
13817,12880.580000,1000.000000,9.23000
13818,12880.580000,300.000000,9.23000
13819,12880.580000,3800.000000,9.23000
13820,12880.580000,400.000000,9.23000
13821,12880.580000,200.000000,9.23000
13822,12880.580000,1000.000000,9.23000
13823,12880.580000,100.000000,9.23000
13824,12880.580000,200000.000000,9.23000
13825,12880.580000,200.000000,9.23000
13826,12880.580000,300.000000,9.23000
13827,12880.580000,1000.000000,9.23000
13828,12880.580000,1000.000000,9.23000
13829,12880.580000,500.000000,9.23000
13830,12880.580000,5000.000000,9.23000
13831,12880.580000,5000.000000,9.23000
13832,12880.580000,700.000000,9.23000
13833,12880.580000,500.000000,9.23000
13834,12880.580000,1000.000000,9.23000
13835,12880.580000,1000.000000,9.23000
13836,12880.580000,1800.000000,9.23000
13837,12880.580000,5000.000000,9.23000
13838,12880.580000,6000.000000,9.23000
13839,12880.580000,3800.000000,9.23000
13840,12880.580000,3000.000000,9.23000
13841,12880.580000,3300.000000,9.23000
13842,12880.580000,500.000000,9.23000
13843,12880.580000,2200.000000,9.23000
13844,12880.580000,500.000000,9.23000
13845,12880.580000,500.000000,9.23000
13846,12880.580000,1000.000000,9.23000
13847,12880.580000,1000.000000,9.23000
13848,12880.580000,600.000000,9.23000
13849,12880.580000,500.000000,9.23000
13850,12880.580000,500.000000,9.23000
13851,12880.580000,500.000000,9.23000
13852,12880.580000,1000.000000,9.23000
13853,12880.580000,1000.000000,9.23000
13854,12880.580000,5000.000000,9.23000
13855,12880.580000,1000.000000,9.23000
13856,12880.580000,1000.000000,9.23000
13857,12880.580000,1000.000000,9.23000
13858,12880.580000,1000.000000,9.23000
13859,12880.580000,600.000000,9.23000
13860,12880.580000,1800.000000,9.23000
13861,12880.580000,5500.000000,9.23000
13862,12880.580000,2200.000000,9.23000
13863,12880.580000,2000.000000,9.23000
13864,12880.580000,300.000000,9.23000
13865,12880.580000,400.000000,9.23000
13866,12880.580000,1300.000000,9.23000
13867,12880.580000,2000.000000,9.23000
13868,12880.580000,6900.000000,9.23000
13869,12880.580000,1000.000000,9.23000
13870,12880.580000,1000.000000,9.23000
13871,12880.580000,400.000000,9.23000
13872,12880.580000,100.000000,9.23000
13873,12880.580000,2800.000000,9.23000
13874,12880.580000,1300.000000,9.23000
13875,12880.580000,200.000000,9.23000
13876,12880.580000,6000.000000,9.23000
13877,12880.580000,2500.000000,9.23000
13878,12880.580000,1300.000000,9.23000
13879,12880.580000,200.000000,9.23000
13880,12880.580000,500.000000,9.23000
13881,12880.580000,3300.000000,9.23000
13882,12880.580000,1000.000000,9.23000
13883,12880.580000,16500.000000,9.23000
13884,12880.580000,4000.000000,9.23000
13885,12880.580000,400.000000,9.23000
13886,12880.580000,1100.000000,9.23000
13887,12880.580000,600.000000,9.23000
13888,12880.580000,1000.000000,9.23000
13889,12880.580000,2300.000000,9.23000
13890,12880.580000,1000.000000,9.23000
13891,12880.580000,1500.000000,9.23000
13892,12880.580000,4000.000000,9.23000
13893,12880.580000,100.000000,9.23000
13894,12880.580000,1500.000000,9.23000
13895,12880.580000,300.000000,9.23000
13896,12880.580000,400.000000,9.23000
13897,12880.580000,25000.000000,9.23000
13898,12880.580000,20000.000000,9.23000
13899,12880.580000,1000.000000,9.23000
13900,12880.580000,500.000000,9.23000
13901,12880.580000,500.000000,9.23000
13902,12880.580000,500.000000,9.23000
13903,12880.580000,1500.000000,9.23000
13904,12880.580000,1500.000000,9.23000
13905,12880.580000,1500.000000,9.23000
13906,12880.580000,25600.000000,9.23000
13907,12880.580000,400.000000,9.23000
13908,12880.580000,5000.000000,9.23000
13909,12880.580000,900.000000,9.23000
13910,12880.580000,30000.000000,9.23000
13911,12880.580000,100.000000,9.23000
13912,12880.580000,100.000000,9.23000
13913,12880.580000,5000.000000,9.23000
13914,12880.580000,1000.000000,9.23000
13915,12880.580000,600.000000,9.23000
13916,12880.580000,500.000000,9.23000
13917,12880.580000,400.000000,9.23000
13918,12880.580000,100.000000,9.23000
13919,12880.580000,1300.000000,9.23000
13920,12880.580000,1500.000000,9.23000
13921,12880.580000,2000.000000,9.23000
13922,12880.580000,1200.000000,9.23000
13923,12880.580000,100.000000,9.23000
13924,12880.580000,2000.000000,9.23000
13925,12880.580000,1000.000000,9.23000
13926,12880.580000,1000.000000,9.23000
13927,12880.580000,400.000000,9.23000
13928,12880.580000,500.000000,9.23000
13929,12880.580000,100.000000,9.23000
13930,12880.580000,1500.000000,9.23000
13931,12880.580000,1000.000000,9.23000
13932,12880.580000,1200.000000,9.23000
13933,12880.580000,1100.000000,9.23000
13934,12880.580000,5400.000000,9.23000
13935,12880.580000,1100.000000,9.23000
13936,12880.580000,300.000000,9.23000
13937,12880.580000,2000.000000,9.23000
13938,12880.580000,100.000000,9.23000
13939,12880.580000,1200.000000,9.23000
13940,12880.580000,400.000000,9.23000
13941,12880.580000,800.000000,9.23000
13942,12880.580000,700.000000,9.23000
13943,12880.580000,1200.000000,9.23000
13944,12880.580000,3500.000000,9.23000
13945,12880.580000,1000.000000,9.23000
13946,12880.580000,3300.000000,9.23000
13947,12880.580000,900.000000,9.23000
13948,12880.580000,500.000000,9.23000
13949,12880.580000,500.000000,9.23000
13950,12880.580000,500.000000,9.23000
13951,12880.580000,300.000000,9.23000
13952,12880.580000,1000.000000,9.23000
13953,12880.580000,1400.000000,9.23000
13954,12880.580000,2000.000000,9.23000
13955,12880.580000,400.000000,9.23000
13956,12880.580000,500.000000,9.23000
13957,12880.580000,800.000000,9.23000
13958,12880.580000,500.000000,9.23000
13959,12880.580000,100.000000,9.23000
13960,12880.580000,100.000000,9.23000
13961,12880.580000,100.000000,9.23000
13962,12880.580000,1700.000000,9.23000
13963,12880.580000,1100.000000,9.23000
13964,12880.580000,100.000000,9.23000
13965,12880.580000,100.000000,9.23000
13966,12880.580000,200.000000,9.23000
13967,12880.580000,1000.000000,9.23000
13968,12880.580000,1000.000000,9.23000
13969,12880.580000,9900.000000,9.23000
13970,12880.580000,900.000000,9.23000
13971,12880.580000,100.000000,9.23000
13972,12880.580000,1700.000000,9.23000
13973,12880.580000,2000.000000,9.23000
13974,12880.580000,100.000000,9.23000
13975,12880.580000,100.000000,9.23000
13976,12880.580000,1700.000000,9.23000
13977,12880.580000,1000.000000,9.23000
13978,12880.580000,2800.000000,9.23000
13979,12880.580000,1000.000000,9.23000
13980,12880.580000,100.000000,9.23000
13981,12880.580000,100.000000,9.23000
13982,12880.580000,3000.000000,9.23000
13983,12880.580000,1000.000000,9.23000
13984,12880.580000,1200.000000,9.23000
13985,12880.580000,1000.000000,9.23000
13986,12880.580000,500.000000,9.23000
13987,12880.580000,1500.000000,9.23000
13988,12880.580000,1000.000000,9.23000
13989,12880.580000,1000.000000,9.23000
13990,12880.580000,2000.000000,9.23000
13991,12880.580000,900.000000,9.23000
13992,12880.580000,1000.000000,9.23000
13993,12880.580000,2800.000000,9.23000
13994,12880.580000,400.000000,9.23000
13995,12880.580000,200.000000,9.23000
13996,12880.580000,2800.000000,9.23000
13997,12880.580000,200.000000,9.23000
13998,12880.580000,600.000000,9.23000
13999,12880.580000,3000.000000,9.23000
14000,12880.580000,2488.000000,9.23000
14001,12880.990000,1100.000000,9.24000
14002,12881.210000,5000.000000,9.24000
14003,12881.480000,2500.000000,9.23000
14004,12881.490000,100.000000,9.24000
14005,12883.080000,1300.000000,9.24000
14006,12883.080000,100.000000,9.24000
14007,12883.080000,100.000000,9.24000
14008,12883.310000,500.000000,9.23000
14009,12883.570000,2100.000000,9.23000
14010,12885.120000,100.000000,9.23000
14011,12890.080000,200.000000,9.24000
14012,12890.420000,200.000000,9.23000
14013,12891.030000,500.000000,9.23000
14014,12893.000000,100.000000,9.24000
14015,12897.470000,9200.000000,9.23000
14016,12898.000000,900.000000,9.23000
14017,12898.040000,200.000000,9.23000
14018,12901.510000,200.000000,9.23000
14019,12902.100000,200.000000,9.23000
14020,12903.050000,200.000000,9.23000
14021,12908.860000,400.000000,9.23000
14022,12909.780000,2000.000000,9.23000
14023,12909.870000,400.000000,9.23000
14024,12911.730000,100.000000,9.24000
14025,12912.540000,200.000000,9.23000
14026,12913.590000,412.000000,9.23000
14027,12913.590000,500.000000,9.23000
14028,12913.590000,700.000000,9.23000
14029,12913.590000,388.000000,9.23000
14030,12923.400000,200.000000,9.23000
14031,12925.860000,712.000000,9.23000
14032,12925.860000,200.000000,9.23000
14033,12925.860000,588.000000,9.23000
14034,12934.540000,100.000000,9.23000
14035,12939.520000,1312.000000,9.23000
14036,12939.520000,2388.000000,9.23000
14037,12942.250000,1200.000000,9.23000
14038,12942.710000,900.000000,9.23000
14039,12943.040000,900.000000,9.23000
14040,12943.170000,500.000000,9.23000
14041,12944.000000,14112.000000,9.23000
14042,12944.000000,1100.000000,9.23000
14043,12944.000000,1000.000000,9.23000
14044,12944.000000,1788.000000,9.23000
14045,12944.050000,2100.000000,9.23000
14046,12944.860000,1512.000000,9.23000
14047,12944.860000,500.000000,9.23000
14048,12944.860000,88.000000,9.23000
14049,12945.610000,112.000000,9.23000
14050,12945.610000,88.000000,9.23000
14051,12945.800000,400.000000,9.23000
14052,12946.310000,512.000000,9.23000
14053,12946.310000,300.000000,9.23000
14054,12946.310000,100.000000,9.23000
14055,12946.310000,200.000000,9.23000
14056,12946.310000,200.000000,9.23000
14057,12946.310000,500.000000,9.23000
14058,12946.310000,188.000000,9.23000
14059,12946.840000,1000.000000,9.23000
14060,12947.620000,1012.000000,9.23000
14061,12947.620000,500.000000,9.23000
14062,12947.620000,100.000000,9.23000
14063,12947.620000,200.000000,9.23000
14064,12947.620000,2988.000000,9.23000
14065,12955.130000,1000.000000,9.23000
14066,12957.350000,200.000000,9.23000
14067,12963.930000,100.000000,9.24000
14068,12964.290000,812.000000,9.23000
14069,12964.290000,1000.000000,9.23000
14070,12964.290000,588.000000,9.23000
14071,12967.600000,300.000000,9.23000
14072,12968.500000,200.000000,9.23000
14073,12970.040000,1512.000000,9.23000
14074,12970.040000,400.000000,9.23000
14075,12970.040000,2000.000000,9.23000
14076,12970.040000,100.000000,9.23000
14077,12970.040000,800.000000,9.23000
14078,12970.040000,100.000000,9.23000
14079,12970.040000,2700.000000,9.23000
14080,12970.040000,1500.000000,9.23000
14081,12970.040000,10000.000000,9.23000
14082,12970.040000,13500.000000,9.23000
14083,12970.040000,3900.000000,9.23000
14084,12970.040000,1200.000000,9.23000
14085,12970.040000,100.000000,9.23000
14086,12970.040000,100.000000,9.23000
14087,12970.040000,1000.000000,9.23000
14088,12970.040000,2200.000000,9.23000
14089,12970.040000,12200.000000,9.23000
14090,12970.040000,500.000000,9.23000
14091,12970.040000,300.000000,9.23000
14092,12970.040000,100.000000,9.23000
14093,12970.040000,200.000000,9.23000
14094,12970.040000,200.000000,9.23000
14095,12970.040000,200.000000,9.23000
14096,12970.040000,200.000000,9.23000
14097,12970.040000,1000.000000,9.23000
14098,12970.040000,2500.000000,9.23000
14099,12970.040000,21600.000000,9.23000
14100,12970.040000,2000.000000,9.23000
14101,12970.040000,400.000000,9.23000
14102,12970.040000,42800.000000,9.23000
14103,12970.040000,100.000000,9.23000
14104,12970.040000,5000.000000,9.23000
14105,12970.040000,100.000000,9.23000
14106,12970.040000,500.000000,9.23000
14107,12970.040000,600.000000,9.23000
14108,12970.040000,1000.000000,9.23000
14109,12970.040000,3300.000000,9.23000
14110,12970.040000,5000.000000,9.23000
14111,12970.040000,100.000000,9.23000
14112,12970.040000,900.000000,9.23000
14113,12970.040000,13500.000000,9.23000
14114,12970.040000,1000.000000,9.23000
14115,12970.040000,200.000000,9.23000
14116,12970.040000,200.000000,9.23000
14117,12970.040000,400.000000,9.23000
14118,12970.040000,1100.000000,9.23000
14119,12970.040000,20000.000000,9.23000
14120,12970.040000,1100.000000,9.23000
14121,12970.040000,1300.000000,9.23000
14122,12970.040000,100.000000,9.23000
14123,12970.040000,1000.000000,9.23000
14124,12970.040000,2100.000000,9.23000
14125,12970.040000,500.000000,9.23000
14126,12970.040000,200.000000,9.23000
14127,12970.040000,400.000000,9.23000
14128,12970.040000,5000.000000,9.23000
14129,12970.040000,200.000000,9.23000
14130,12970.040000,3000.000000,9.23000
14131,12970.040000,1300.000000,9.23000
14132,12970.040000,200.000000,9.23000
14133,12970.040000,300.000000,9.23000
14134,12970.040000,1000.000000,9.23000
14135,12970.040000,1500.000000,9.23000
14136,12970.040000,1000.000000,9.23000
14137,12970.040000,1100.000000,9.23000
14138,12970.040000,100.000000,9.23000
14139,12970.040000,2000.000000,9.23000
14140,12970.040000,1000.000000,9.23000
14141,12970.040000,400.000000,9.23000
14142,12970.040000,2000.000000,9.23000
14143,12970.040000,100.000000,9.23000
14144,12970.040000,100.000000,9.23000
14145,12970.040000,1000.000000,9.23000
14146,12970.040000,300.000000,9.23000
14147,12970.040000,100.000000,9.23000
14148,12970.040000,1000.000000,9.23000
14149,12970.040000,2400.000000,9.23000
14150,12970.040000,300.000000,9.23000
14151,12970.040000,11000.000000,9.23000
14152,12970.040000,100.000000,9.23000
14153,12970.040000,900.000000,9.23000
14154,12970.040000,200.000000,9.23000
14155,12970.040000,100.000000,9.23000
14156,12970.040000,500.000000,9.23000
14157,12970.040000,800.000000,9.23000
14158,12970.040000,1400.000000,9.23000
14159,12970.040000,5600.000000,9.23000
14160,12970.040000,188.000000,9.23000
14161,12973.400000,100.000000,9.24000
14162,12974.090000,812.000000,9.23000
14163,12974.090000,1188.000000,9.23000
14164,12976.880000,1000.000000,9.23000
14165,12978.000000,7812.000000,9.23000
14166,12978.000000,500.000000,9.23000
14167,12978.000000,1000.000000,9.23000
14168,12978.000000,688.000000,9.23000
14169,12979.400000,200.000000,9.23000
14170,12987.240000,212.000000,9.23000
14171,12987.240000,2000.000000,9.23000
14172,12987.240000,300.000000,9.23000
14173,12987.240000,1100.000000,9.23000
14174,12987.240000,2000.000000,9.23000
14175,12987.240000,100.000000,9.23000
14176,12987.240000,500.000000,9.23000
14177,12987.240000,2200.000000,9.23000
14178,12987.240000,300.000000,9.23000
14179,12987.240000,200.000000,9.23000
14180,12987.240000,700.000000,9.23000
14181,12987.240000,500.000000,9.23000
14182,12987.240000,688.000000,9.23000
14183,12990.420000,200.000000,9.23000
14184,12994.210000,200.000000,9.24000
14185,12996.880000,10012.000000,9.23000
14186,12996.880000,40400.000000,9.23000
14187,12996.880000,2200.000000,9.23000
14188,12996.880000,188.000000,9.23000
14189,12997.180000,100.000000,9.24000
14190,12999.640000,1012.000000,9.23000
14191,12999.640000,500.000000,9.23000
14192,12999.640000,500.000000,9.23000
14193,12999.640000,88.000000,9.23000
14194,12999.830000,912.000000,9.23000
14195,12999.830000,88.000000,9.23000
14196,12999.830000,912.000000,9.23000
14197,12999.830000,200.000000,9.23000
14198,12999.830000,200.000000,9.23000
14199,12999.830000,300.000000,9.23000
14200,12999.830000,488.000000,9.23000
14201,13000.620000,500.000000,9.23000
14202,13001.230000,1112.000000,9.23000
14203,13001.230000,500.000000,9.23000
14204,13001.230000,1000.000000,9.23000
14205,13001.230000,488.000000,9.23000
14206,13001.430000,2400.000000,9.23000
14207,13001.490000,100.000000,9.23000
14208,13002.180000,900.000000,9.23000
14209,13002.630000,12.000000,9.23000
14210,13002.630000,500.000000,9.23000
14211,13002.630000,4988.000000,9.23000
14212,13002.750000,200.000000,9.23000
14213,13003.290000,2000.000000,9.23000
14214,13003.850000,100.000000,9.24000
14215,13005.370000,100.000000,9.24000
14216,13006.400000,1300.000000,9.24000
14217,13006.410000,200.000000,9.23000
14218,13009.520000,1000.000000,9.23000
14219,13010.080000,4812.000000,9.23000
14220,13010.080000,2100.000000,9.23000
14221,13010.080000,1000.000000,9.23000
14222,13010.080000,2088.000000,9.23000
14223,13010.440000,6100.000000,9.23000
14224,13012.480000,200.000000,9.23000
14225,13020.400000,900.000000,9.23000
14226,13022.080000,100.000000,9.23000
14227,13023.430000,200.000000,9.23000
14228,13024.510000,100.000000,9.24000
14229,13031.700000,412.000000,9.23000
14230,13031.700000,588.000000,9.23000
14231,13033.420000,412.000000,9.23000
14232,13033.420000,500.000000,9.23000
14233,13033.420000,88.000000,9.23000
14234,13033.710000,112.000000,9.23000
14235,13033.710000,1000.000000,9.23000
14236,13033.710000,200.000000,9.23000
14237,13033.710000,788.000000,9.23000
14238,13034.190000,100.000000,9.24000
14239,13034.390000,200.000000,9.23000
14240,13035.850000,12.000000,9.23000
14241,13035.850000,2400.000000,9.23000
14242,13035.850000,1388.000000,9.23000
14243,13038.670000,3000.000000,9.23000
14244,13038.850000,3800.000000,9.23000
14245,13043.630000,100.000000,9.24000
14246,13045.550000,100.000000,9.23000
14247,13052.040000,100.000000,9.23000
14248,13052.130000,1000.000000,9.23000
14249,13055.160000,100.000000,9.24000
14250,13055.850000,9000.000000,9.23000
14251,13056.270000,2000.000000,9.23000
14252,13056.470000,200.000000,9.23000
14253,13059.310000,1800.000000,9.23000
14254,13062.140000,2000.000000,9.23000
14255,13063.180000,900.000000,9.24000
14256,13063.720000,1900.000000,9.23000
14257,13064.960000,500.000000,9.23000
14258,13067.510000,200.000000,9.23000
14259,13074.230000,4812.000000,9.23000
14260,13074.230000,588.000000,9.23000
14261,13076.880000,412.000000,9.23000
14262,13076.880000,500.000000,9.23000
14263,13076.880000,588.000000,9.23000
14264,13078.500000,200.000000,9.23000
14265,13078.500000,212.000000,9.23000
14266,13078.500000,488.000000,9.23000
14267,13078.790000,400.000000,9.23000
14268,13081.960000,100.000000,9.23000
14269,13084.220000,812.000000,9.23000
14270,13084.220000,1488.000000,9.23000
14271,13085.540000,5800.000000,9.23000
14272,13089.590000,200.000000,9.23000
14273,13093.750000,2100.000000,9.23000
14274,13096.150000,2800.000000,9.23000
14275,13096.870000,1300.000000,9.23000
14276,13100.510000,200.000000,9.23000
14277,13107.620000,200.000000,9.23000
14278,13107.900000,200.000000,9.23000
14279,13109.630000,100.000000,9.23000
14280,13111.460000,200.000000,9.23000
14281,13111.540000,2500.000000,9.23000
14282,13111.690000,300.000000,9.23000
14283,13122.550000,10000.000000,9.23000
14284,13122.600000,200.000000,9.23000
14285,13124.190000,2100.000000,9.23000
14286,13126.900000,200.000000,9.23000
14287,13126.940000,100.000000,9.23000
14288,13133.380000,100.000000,9.23000
14289,13137.490000,100.000000,9.24000
14290,13144.390000,200.000000,9.23000
14291,13144.490000,1100.000000,9.23000
14292,13147.200000,100.000000,9.24000
14293,13153.390000,2100.000000,9.23000
14294,13155.540000,200.000000,9.23000
14295,13159.160000,1100.000000,9.23000
14296,13162.150000,500.000000,9.23000
14297,13165.190000,100.000000,9.24000
14298,13165.710000,700.000000,9.23000
14299,13166.610000,200.000000,9.23000
14300,13169.090000,3000.000000,9.23000
14301,13174.610000,1000.000000,9.23000
14302,13177.310000,100.000000,9.24000
14303,13177.490000,200.000000,9.23000
14304,13183.810000,1900.000000,9.23000
14305,13186.200000,3100.000000,9.23000
14306,13186.290000,1800.000000,9.23000
14307,13186.440000,100.000000,9.24000
14308,13186.680000,2200.000000,9.23000
14309,13188.630000,100.000000,9.23000
14310,13189.320000,1500.000000,9.23000
14311,13189.410000,1600.000000,9.23000
14312,13189.480000,2100.000000,9.23000
14313,13190.980000,1500.000000,9.23000
14314,13192.300000,5000.000000,9.23000
14315,13195.480000,100.000000,9.24000
14316,13198.080000,4100.000000,9.23000
14317,13199.360000,200.000000,9.23000
14318,13204.230000,2300.000000,9.23000
14319,13205.960000,100.000000,9.24000
14320,13210.180000,2200.000000,9.23000
14321,13210.460000,200.000000,9.23000
14322,13213.640000,1100.000000,9.23000
14323,13213.840000,2000.000000,9.23000
14324,13215.900000,1000.000000,9.24000
14325,13216.600000,300.000000,9.23000
14326,13217.460000,20100.000000,9.23000
14327,13218.230000,200.000000,9.24000
14328,13218.310000,100.000000,9.23000
14329,13221.590000,200.000000,9.23000
14330,13222.400000,1000.000000,9.23000
14331,13225.980000,400.000000,9.23000
14332,13226.290000,5000.000000,9.23000
14333,13226.660000,200.000000,9.24000
14334,13227.650000,3000.000000,9.23000
14335,13232.500000,200.000000,9.23000
14336,13234.920000,10000.000000,9.23000
14337,13241.360000,1000.000000,9.23000
14338,13242.070000,2500.000000,9.23000
14339,13243.530000,200.000000,9.23000
14340,13243.850000,2000.000000,9.23000
14341,13244.020000,400.000000,9.23000
14342,13249.000000,100.000000,9.23000
14343,13254.310000,23400.000000,9.23000
14344,13254.640000,100.000000,9.23000
14345,13254.680000,2100.000000,9.23000
14346,13260.540000,400.000000,9.23000
14347,13261.740000,3040.000000,9.23000
14348,13265.480000,200.000000,9.23000
14349,13273.460000,972.000000,9.23000
14350,13273.460000,1028.000000,9.23000
14351,13275.400000,1000.000000,9.23000
14352,13276.510000,200.000000,9.23000
14353,13282.090000,300.000000,9.23000
14354,13287.400000,200.000000,9.23000
14355,13296.450000,1100.000000,9.23000
14356,13298.640000,200.000000,9.23000
14357,13299.070000,500.000000,9.23000
14358,13302.330000,1400.000000,9.23000
14359,13303.910000,1900.000000,9.23000
14360,13306.710000,1000.000000,9.23000
14361,13307.770000,1100.000000,9.23000
14362,13309.580000,100.000000,9.23000
14363,13321.400000,200.000000,9.23000
14364,13323.040000,300.000000,9.23000
14365,13324.210000,2300.000000,9.23000
14366,13326.800000,965.000000,9.23000
14367,13332.450000,200.000000,9.23000
14368,13333.460000,1600.000000,9.23000
14369,13333.920000,2100.000000,9.23000
14370,13334.230000,1000.000000,9.23000
14371,13338.820000,4000.000000,9.23000
14372,13343.540000,200.000000,9.23000
14373,13345.180000,900.000000,9.24000
14374,13347.130000,548.000000,9.23000
14375,13349.190000,3700.000000,9.24000
14376,13352.600000,500.000000,9.23000
14377,13352.890000,500.000000,9.23000
14378,13354.460000,200.000000,9.23000
14379,13357.280000,300.000000,9.24000
14380,13358.300000,1900.000000,9.23000
14381,13362.310000,2859.000000,9.23000
14382,13362.310000,1241.000000,9.23000
14383,13362.990000,100.000000,9.23000
14384,13363.620000,1259.000000,9.23000
14385,13363.620000,2741.000000,9.23000
14386,13363.940000,1859.000000,9.23000
14387,13363.940000,141.000000,9.23000
14388,13364.470000,100.000000,9.23000
14389,13365.520000,200.000000,9.23000
14390,13367.100000,600.000000,9.24000
14391,13367.560000,300.000000,9.24000
14392,13372.420000,4100.000000,9.23000
14393,13373.620000,100.000000,9.23000
14394,13373.840000,359.000000,9.23000
14395,13373.840000,141.000000,9.23000
14396,13374.100000,400.000000,9.23000
14397,13374.870000,459.000000,9.23000
14398,13374.870000,1041.000000,9.23000
14399,13375.080000,300.000000,9.24000
14400,13375.710000,200.000000,9.23000
14401,13375.900000,100.000000,9.23000
14402,13376.530000,100.000000,9.23000
14403,13381.290000,500.000000,9.23000
14404,13383.500000,459.000000,9.23000
14405,13383.500000,100.000000,9.23000
14406,13383.500000,300.000000,9.23000
14407,13383.500000,141.000000,9.23000
14408,13385.890000,100.000000,9.24000
14409,13386.090000,359.000000,9.23000
14410,13386.090000,1541.000000,9.23000
14411,13386.490000,50759.000000,9.23000
14412,13386.490000,52300.000000,9.23000
14413,13386.490000,1100.000000,9.23000
14414,13386.490000,6000.000000,9.23000
14415,13386.490000,600.000000,9.23000
14416,13386.490000,100.000000,9.23000
14417,13386.490000,1600.000000,9.23000
14418,13386.490000,500.000000,9.23000
14419,13386.490000,1600.000000,9.23000
14420,13386.490000,1000.000000,9.23000
14421,13386.490000,3000.000000,9.23000
14422,13386.490000,1000.000000,9.23000
14423,13386.490000,300.000000,9.23000
14424,13386.490000,1200.000000,9.23000
14425,13386.490000,3500.000000,9.23000
14426,13386.490000,29400.000000,9.23000
14427,13386.490000,2100.000000,9.23000
14428,13386.490000,15000.000000,9.23000
14429,13386.490000,10000.000000,9.23000
14430,13386.490000,300.000000,9.23000
14431,13386.490000,300.000000,9.23000
14432,13386.490000,3900.000000,9.23000
14433,13386.490000,3800.000000,9.23000
14434,13386.490000,100.000000,9.23000
14435,13386.490000,5000.000000,9.23000
14436,13386.490000,1000.000000,9.23000
14437,13386.490000,1500.000000,9.23000
14438,13386.490000,1100.000000,9.23000
14439,13386.490000,3000.000000,9.23000
14440,13386.490000,3000.000000,9.23000
14441,13386.490000,1000.000000,9.23000
14442,13386.490000,1200.000000,9.23000
14443,13386.490000,3800.000000,9.23000
14444,13386.490000,100.000000,9.23000
14445,13386.490000,10000.000000,9.23000
14446,13386.490000,1100.000000,9.23000
14447,13386.490000,500.000000,9.23000
14448,13386.490000,5000.000000,9.23000
14449,13386.490000,3500.000000,9.23000
14450,13386.490000,400.000000,9.23000
14451,13386.490000,4000.000000,9.23000
14452,13386.490000,300.000000,9.23000
14453,13386.490000,600.000000,9.23000
14454,13386.490000,5000.000000,9.23000
14455,13386.490000,2100.000000,9.23000
14456,13386.490000,200.000000,9.23000
14457,13386.490000,2700.000000,9.23000
14458,13386.490000,1000.000000,9.23000
14459,13386.490000,1000.000000,9.23000
14460,13386.490000,1000.000000,9.23000
14461,13386.490000,3400.000000,9.23000
14462,13386.490000,500.000000,9.23000
14463,13386.490000,900.000000,9.23000
14464,13386.490000,500.000000,9.23000
14465,13386.490000,1500.000000,9.23000
14466,13386.490000,500.000000,9.23000
14467,13386.490000,2000.000000,9.23000
14468,13386.490000,5600.000000,9.23000
14469,13386.490000,3100.000000,9.23000
14470,13386.490000,5000.000000,9.23000
14471,13386.490000,1000.000000,9.23000
14472,13386.490000,7500.000000,9.23000
14473,13386.490000,100.000000,9.23000
14474,13386.490000,500.000000,9.23000
14475,13386.490000,9000.000000,9.23000
14476,13386.490000,500.000000,9.23000
14477,13386.490000,300.000000,9.23000
14478,13386.490000,500.000000,9.23000
14479,13386.490000,1400.000000,9.23000
14480,13386.490000,7200.000000,9.23000
14481,13386.490000,1700.000000,9.23000
14482,13386.490000,1000.000000,9.23000
14483,13386.490000,600.000000,9.23000
14484,13386.490000,100.000000,9.23000
14485,13386.490000,1500.000000,9.23000
14486,13386.490000,2000.000000,9.23000
14487,13386.490000,800.000000,9.23000
14488,13386.490000,1000.000000,9.23000
14489,13386.490000,1000.000000,9.23000
14490,13386.490000,2000.000000,9.23000
14491,13386.490000,100.000000,9.23000
14492,13386.490000,100.000000,9.23000
14493,13386.490000,1000.000000,9.23000
14494,13386.490000,600.000000,9.23000
14495,13386.490000,3000.000000,9.23000
14496,13386.490000,1000.000000,9.23000
14497,13386.490000,500.000000,9.23000
14498,13386.490000,500.000000,9.23000
14499,13386.490000,700.000000,9.23000
14500,13386.490000,500.000000,9.23000
14501,13386.490000,2000.000000,9.23000
14502,13386.490000,3000.000000,9.23000
14503,13386.490000,1000.000000,9.23000
14504,13386.490000,1600.000000,9.23000
14505,13386.490000,1000.000000,9.23000
14506,13386.490000,300.000000,9.23000
14507,13386.490000,5000.000000,9.23000
14508,13386.490000,100.000000,9.23000
14509,13386.490000,200.000000,9.23000
14510,13386.490000,500.000000,9.23000
14511,13386.490000,1000.000000,9.23000
14512,13386.490000,100.000000,9.23000
14513,13386.490000,100.000000,9.23000
14514,13386.490000,600.000000,9.23000
14515,13386.490000,1500.000000,9.23000
14516,13386.490000,500.000000,9.23000
14517,13386.490000,500.000000,9.23000
14518,13386.490000,1000.000000,9.23000
14519,13386.490000,20000.000000,9.23000
14520,13386.490000,200.000000,9.23000
14521,13386.490000,1500.000000,9.23000
14522,13386.490000,2000.000000,9.23000
14523,13386.490000,600.000000,9.23000
14524,13386.490000,300.000000,9.23000
14525,13386.490000,300.000000,9.23000
14526,13386.490000,500.000000,9.23000
14527,13386.490000,1600.000000,9.23000
14528,13386.490000,400.000000,9.23000
14529,13386.490000,6500.000000,9.23000
14530,13386.490000,6841.000000,9.23000
14531,13387.740000,200.000000,9.23000
14532,13391.610000,100.000000,9.23000
14533,13392.700000,300.000000,9.23000
14534,13392.960000,300.000000,9.23000
14535,13393.950000,2000.000000,9.23000
14536,13398.620000,200.000000,9.23000
14537,13399.410000,900.000000,9.23000
14538,13406.120000,9600.000000,9.23000
14539,13408.030000,200.000000,9.23000
14540,13409.670000,100.000000,9.23000
14541,13420.720000,200.000000,9.23000
14542,13423.120000,10000.000000,9.23000
14543,13423.160000,2000.000000,9.23000
14544,13423.540000,2200.000000,9.23000
14545,13425.680000,1000.000000,9.23000
14546,13426.180000,1300.000000,9.24000
14547,13429.570000,10000.000000,9.23000
14548,13430.200000,20000.000000,9.23000
14549,13431.660000,200.000000,9.23000
14550,13431.910000,1000.000000,9.23000
14551,13434.110000,6000.000000,9.23000
14552,13435.250000,1500.000000,9.23000
14553,13440.400000,18200.000000,9.23000
14554,13442.320000,1000.000000,9.23000
14555,13442.620000,100.000000,9.23000
14556,13443.390000,5000.000000,9.23000
14557,13444.250000,2300.000000,9.23000
14558,13444.820000,100.000000,9.23000
14559,13445.010000,2900.000000,9.23000
14560,13445.170000,2000.000000,9.23000
14561,13445.670000,24400.000000,9.23000
14562,13450.150000,1500.000000,9.23000
14563,13451.360000,8600.000000,9.23000
14564,13453.590000,2000.000000,9.23000
14565,13453.700000,200.000000,9.23000
14566,13455.700000,1900.000000,9.23000
14567,13457.390000,4959.000000,9.23000
14568,13457.390000,41.000000,9.23000
14569,13458.020000,1900.000000,9.23000
14570,13458.070000,259.000000,9.23000
14571,13458.070000,100.000000,9.23000
14572,13458.070000,500.000000,9.23000
14573,13458.070000,100.000000,9.23000
14574,13458.070000,2041.000000,9.23000
14575,13459.790000,959.000000,9.23000
14576,13459.790000,500.000000,9.23000
14577,13459.790000,1100.000000,9.23000
14578,13459.790000,100.000000,9.23000
14579,13459.790000,500.000000,9.23000
14580,13459.790000,6000.000000,9.23000
14581,13459.790000,3000.000000,9.23000
14582,13459.790000,1700.000000,9.23000
14583,13459.790000,441.000000,9.23000
14584,13459.910000,1959.000000,9.23000
14585,13459.910000,1500.000000,9.23000
14586,13459.910000,2000.000000,9.23000
14587,13459.910000,5300.000000,9.23000
14588,13459.910000,541.000000,9.23000
14589,13464.640000,200.000000,9.23000
14590,13464.920000,259.000000,9.23000
14591,13464.920000,1500.000000,9.23000
14592,13464.920000,1300.000000,9.23000
14593,13464.920000,500.000000,9.23000
14594,13464.920000,1500.000000,9.23000
14595,13464.920000,1100.000000,9.23000
14596,13464.920000,2000.000000,9.23000
14597,13464.920000,100.000000,9.23000
14598,13464.920000,3000.000000,9.23000
14599,13464.920000,41.000000,9.23000
14600,13466.490000,959.000000,9.23000
14601,13466.490000,500.000000,9.23000
14602,13466.490000,1000.000000,9.23000
14603,13466.490000,100.000000,9.23000
14604,13466.490000,2200.000000,9.23000
14605,13466.490000,500.000000,9.23000
14606,13466.490000,2141.000000,9.23000
14607,13468.620000,200.000000,9.23000
14608,13469.520000,959.000000,9.23000
14609,13469.520000,100.000000,9.23000
14610,13469.520000,500.000000,9.23000
14611,13469.520000,100.000000,9.23000
14612,13469.520000,2600.000000,9.23000
14613,13469.520000,15000.000000,9.23000
14614,13469.520000,100.000000,9.23000
14615,13469.520000,300.000000,9.23000
14616,13469.520000,200.000000,9.23000
14617,13469.520000,3300.000000,9.23000
14618,13469.520000,200.000000,9.23000
14619,13469.520000,600.000000,9.23000
14620,13469.520000,300.000000,9.23000
14621,13469.520000,1141.000000,9.23000
14622,13470.120000,1859.000000,9.23000
14623,13470.120000,100.000000,9.23000
14624,13470.120000,2000.000000,9.23000
14625,13470.120000,1000.000000,9.23000
14626,13470.120000,41.000000,9.23000
14627,13473.110000,1959.000000,9.23000
14628,13473.110000,941.000000,9.23000
14629,13475.640000,59.000000,9.23000
14630,13475.640000,141.000000,9.23000
14631,13476.780000,2859.000000,9.23000
14632,13476.780000,241.000000,9.23000
14633,13477.660000,700.000000,9.23000
14634,13479.010000,1059.000000,9.23000
14635,13479.010000,41.000000,9.23000
14636,13480.780000,1000.000000,9.23000
14637,13481.680000,759.000000,9.23000
14638,13481.680000,300.000000,9.23000
14639,13481.680000,1000.000000,9.23000
14640,13481.680000,841.000000,9.23000
14641,13482.030000,159.000000,9.23000
14642,13482.030000,100.000000,9.23000
14643,13482.030000,100.000000,9.23000
14644,13482.030000,1341.000000,9.23000
14645,13482.580000,1100.000000,9.23000
14646,13483.600000,2000.000000,9.23000
14647,13483.710000,500.000000,9.23000
14648,13484.340000,300.000000,9.23000
14649,13486.670000,100.000000,9.23000
14650,13489.430000,1000.000000,9.23000
14651,13490.470000,4859.000000,9.23000
14652,13490.470000,3000.000000,9.23000
14653,13490.470000,11241.000000,9.23000
14654,13491.140000,1759.000000,9.23000
14655,13491.140000,500.000000,9.23000
14656,13491.140000,900.000000,9.23000
14657,13491.140000,2000.000000,9.23000
14658,13491.140000,200.000000,9.23000
14659,13491.140000,300.000000,9.23000
14660,13491.140000,2000.000000,9.23000
14661,13491.140000,400.000000,9.23000
14662,13491.140000,11200.000000,9.23000
14663,13491.140000,1500.000000,9.23000
14664,13491.140000,8000.000000,9.23000
14665,13491.140000,900.000000,9.23000
14666,13491.140000,200.000000,9.23000
14667,13491.140000,100.000000,9.23000
14668,13491.140000,1000.000000,9.23000
14669,13491.140000,500.000000,9.23000
14670,13491.140000,1100.000000,9.23000
14671,13491.140000,300.000000,9.23000
14672,13491.140000,2000.000000,9.23000
14673,13491.140000,1741.000000,9.23000
14674,13492.320000,259.000000,9.23000
14675,13492.320000,1000.000000,9.23000
14676,13492.320000,100.000000,9.23000
14677,13492.320000,300.000000,9.23000
14678,13492.320000,541.000000,9.23000
14679,13492.370000,1000.000000,9.23000
14680,13492.450000,1100.000000,9.23000
14681,13493.190000,600.000000,9.23000
14682,13493.360000,200.000000,9.23000
14683,13493.580000,1100.000000,9.23000
14684,13493.680000,459.000000,9.23000
14685,13493.680000,400.000000,9.23000
14686,13493.680000,1241.000000,9.23000
14687,13494.330000,4100.000000,9.23000
14688,13494.630000,1000.000000,9.23000
14689,13494.790000,400.000000,9.23000
14690,13495.270000,1259.000000,9.23000
14691,13495.270000,200.000000,9.23000
14692,13495.270000,500.000000,9.23000
14693,13495.270000,300.000000,9.23000
14694,13495.270000,1500.000000,9.23000
14695,13495.270000,600.000000,9.23000
14696,13495.270000,1400.000000,9.23000
14697,13495.270000,3300.000000,9.23000
14698,13495.270000,1000.000000,9.23000
14699,13495.270000,100.000000,9.23000
14700,13495.270000,1100.000000,9.23000
14701,13495.270000,300.000000,9.23000
14702,13495.270000,300.000000,9.23000
14703,13495.270000,700.000000,9.23000
14704,13495.270000,300.000000,9.23000
14705,13495.270000,300.000000,9.23000
14706,13495.270000,1800.000000,9.23000
14707,13495.270000,10000.000000,9.23000
14708,13495.270000,1200.000000,9.23000
14709,13495.270000,5000.000000,9.23000
14710,13495.270000,200.000000,9.23000
14711,13495.270000,500.000000,9.23000
14712,13495.270000,100.000000,9.23000
14713,13495.270000,1000.000000,9.23000
14714,13495.270000,7041.000000,9.23000
14715,13497.720000,200.000000,9.23000
14716,13500.730000,1300.000000,9.23000
14717,13500.790000,1459.000000,9.23000
14718,13500.790000,300.000000,9.23000
14719,13500.790000,641.000000,9.23000
14720,13500.930000,459.000000,9.23000
14721,13500.930000,1000.000000,9.23000
14722,13500.930000,841.000000,9.23000
14723,13500.960000,159.000000,9.23000
14724,13500.960000,100.000000,9.23000
14725,13500.960000,700.000000,9.23000
14726,13500.960000,200.000000,9.23000
14727,13500.960000,441.000000,9.23000
14728,13501.740000,559.000000,9.23000
14729,13501.740000,41.000000,9.23000
14730,13504.110000,159.000000,9.23000
14731,13504.110000,100.000000,9.23000
14732,13504.110000,500.000000,9.23000
14733,13504.110000,41.000000,9.23000
14734,13506.610000,159.000000,9.23000
14735,13506.610000,1100.000000,9.23000
14736,13506.610000,1000.000000,9.23000
14737,13506.610000,200.000000,9.23000
14738,13506.610000,1800.000000,9.23000
14739,13506.610000,1600.000000,9.23000
14740,13506.610000,300.000000,9.23000
14741,13506.610000,100.000000,9.23000
14742,13506.610000,1400.000000,9.23000
14743,13506.610000,11441.000000,9.23000
14744,13508.610000,200.000000,9.23000
14745,13508.800000,5000.000000,9.23000
14746,13512.490000,1000.000000,9.23000
14747,13513.640000,2100.000000,9.23000
14748,13516.260000,2000.000000,9.23000
14749,13516.390000,4200.000000,9.23000
14750,13516.730000,4400.000000,9.23000
14751,13517.350000,500.000000,9.23000
14752,13517.920000,19100.000000,9.23000
14753,13519.300000,100.000000,9.23000
14754,13519.700000,200.000000,9.23000
14755,13523.800000,3000.000000,9.23000
14756,13525.170000,1800.000000,9.23000
14757,13525.480000,300.000000,9.23000
14758,13525.640000,900.000000,9.23000
14759,13528.710000,20000.000000,9.23000
14760,13529.650000,35800.000000,9.23000
14761,13530.280000,38000.000000,9.23000
14762,13530.660000,200.000000,9.23000
14763,13531.830000,2000.000000,9.23000
14764,13534.660000,3700.000000,9.23000
14765,13535.940000,18000.000000,9.23000
14766,13535.960000,3800.000000,9.23000
14767,13536.120000,1500.000000,9.23000
14768,13536.360000,1000.000000,9.23000
14769,13536.540000,19759.000000,9.23000
14770,13536.540000,1000.000000,9.23000
14771,13536.540000,200.000000,9.23000
14772,13536.540000,500.000000,9.23000
14773,13536.540000,1500.000000,9.23000
14774,13536.540000,1000.000000,9.23000
14775,13536.540000,6841.000000,9.23000
14776,13536.700000,600.000000,9.23000
14777,13537.640000,4300.000000,9.23000
14778,13538.600000,200.000000,9.23000
14779,13539.000000,3800.000000,9.23000
14780,13540.010000,19200.000000,9.23000
14781,13540.290000,100.000000,9.24000
14782,13541.180000,17459.000000,9.23000
14783,13541.180000,200.000000,9.23000
14784,13541.180000,341.000000,9.23000
14785,13541.350000,1559.000000,9.23000
14786,13541.350000,3241.000000,9.23000
14787,13541.840000,200.000000,9.23000
14788,13544.060000,1559.000000,9.23000
14789,13544.060000,200.000000,9.23000
14790,13544.060000,241.000000,9.23000
14791,13545.090000,1759.000000,9.23000
14792,13545.090000,400.000000,9.23000
14793,13545.090000,1100.000000,9.23000
14794,13545.090000,700.000000,9.23000
14795,13545.090000,400.000000,9.23000
14796,13545.090000,300.000000,9.23000
14797,13545.090000,1000.000000,9.23000
14798,13545.090000,100.000000,9.23000
14799,13545.090000,400.000000,9.23000
14800,13545.090000,900.000000,9.23000
14801,13545.090000,500.000000,9.23000
14802,13545.090000,10441.000000,9.23000
14803,13545.440000,500.000000,9.23000
14804,13547.240000,4959.000000,9.23000
14805,13547.240000,41.000000,9.23000
14806,13550.160000,59.000000,9.23000
14807,13550.160000,1000.000000,9.23000
14808,13550.160000,1000.000000,9.23000
14809,13550.160000,1000.000000,9.23000
14810,13550.160000,2000.000000,9.23000
14811,13550.160000,12941.000000,9.23000
14812,13552.740000,200.000000,9.23000
14813,13552.790000,10000.000000,9.23000
14814,13554.170000,6859.000000,9.23000
14815,13554.170000,1000.000000,9.23000
14816,13554.170000,1100.000000,9.23000
14817,13554.170000,1000.000000,9.23000
14818,13554.170000,1000.000000,9.23000
14819,13554.170000,500.000000,9.23000
14820,13554.170000,700.000000,9.23000
14821,13554.170000,5841.000000,9.23000
14822,13555.510000,3359.000000,9.23000
14823,13555.510000,1000.000000,9.23000
14824,13555.510000,20000.000000,9.23000
14825,13555.510000,500.000000,9.23000
14826,13555.510000,100.000000,9.23000
14827,13555.510000,2800.000000,9.23000
14828,13555.510000,1100.000000,9.23000
14829,13555.510000,2000.000000,9.23000
14830,13555.510000,200.000000,9.23000
14831,13555.510000,500.000000,9.23000
14832,13555.510000,12700.000000,9.23000
14833,13555.510000,400.000000,9.23000
14834,13555.510000,200.000000,9.23000
14835,13555.510000,1800.000000,9.23000
14836,13555.510000,700.000000,9.23000
14837,13555.510000,8600.000000,9.23000
14838,13555.510000,700.000000,9.23000
14839,13555.510000,4000.000000,9.23000
14840,13555.510000,300.000000,9.23000
14841,13555.510000,1000.000000,9.23000
14842,13555.510000,1200.000000,9.23000
14843,13555.510000,100.000000,9.23000
14844,13555.510000,500.000000,9.23000
14845,13555.510000,1000.000000,9.23000
14846,13555.510000,2000.000000,9.23000
14847,13555.510000,100.000000,9.23000
14848,13555.510000,900.000000,9.23000
14849,13555.510000,700.000000,9.23000
14850,13555.510000,200.000000,9.23000
14851,13555.510000,1500.000000,9.23000
14852,13555.510000,1400.000000,9.23000
14853,13555.510000,200.000000,9.23000
14854,13555.510000,100.000000,9.23000
14855,13555.510000,100.000000,9.23000
14856,13555.510000,1500.000000,9.23000
14857,13555.510000,12700.000000,9.23000
14858,13555.510000,400.000000,9.23000
14859,13555.510000,1200.000000,9.23000
14860,13555.510000,1000.000000,9.23000
14861,13555.510000,500.000000,9.23000
14862,13555.510000,300.000000,9.23000
14863,13555.510000,2700.000000,9.23000
14864,13555.510000,15900.000000,9.23000
14865,13555.510000,1000.000000,9.23000
14866,13555.510000,1700.000000,9.23000
14867,13555.510000,1000.000000,9.23000
14868,13555.510000,500.000000,9.23000
14869,13555.510000,1500.000000,9.23000
14870,13555.510000,1000.000000,9.23000
14871,13555.510000,200.000000,9.23000
14872,13555.510000,5000.000000,9.23000
14873,13555.510000,900.000000,9.23000
14874,13555.510000,500.000000,9.23000
14875,13555.510000,10000.000000,9.23000
14876,13555.510000,2700.000000,9.23000
14877,13555.510000,400.000000,9.23000
14878,13555.510000,600.000000,9.23000
14879,13555.510000,900.000000,9.23000
14880,13555.510000,1100.000000,9.23000
14881,13555.510000,500.000000,9.23000
14882,13555.510000,1000.000000,9.23000
14883,13555.510000,500.000000,9.23000
14884,13555.510000,900.000000,9.23000
14885,13555.510000,1000.000000,9.23000
14886,13555.510000,1800.000000,9.23000
14887,13555.510000,1000.000000,9.23000
14888,13555.510000,4700.000000,9.23000
14889,13555.510000,14141.000000,9.23000
14890,13555.810000,14800.000000,9.23000
14891,13556.550000,23459.000000,9.23000
14892,13556.550000,100.000000,9.23000
14893,13556.550000,300.000000,9.23000
14894,13556.550000,6941.000000,9.23000
14895,13556.860000,1659.000000,9.23000
14896,13556.860000,341.000000,9.23000
14897,13557.320000,1000.000000,9.23000
14898,13558.760000,659.000000,9.23000
14899,13558.760000,2000.000000,9.23000
14900,13558.760000,100.000000,9.23000
14901,13558.760000,341.000000,9.23000
14902,13559.320000,759.000000,9.23000
14903,13559.320000,500.000000,9.23000
14904,13559.320000,5000.000000,9.23000
14905,13559.320000,700.000000,9.23000
14906,13559.320000,11041.000000,9.23000
14907,13561.020000,4400.000000,9.23000
14908,13562.180000,2900.000000,9.23000
14909,13562.860000,100.000000,9.23000
14910,13563.130000,2000.000000,9.23000
14911,13563.670000,200.000000,9.23000
14912,13564.010000,1000.000000,9.23000
14913,13564.250000,2400.000000,9.23000
14914,13564.970000,200.000000,9.23000
14915,13566.820000,4000.000000,9.23000
14916,13566.870000,1200.000000,9.23000
14917,13569.960000,200.000000,9.23000
14918,13571.220000,900.000000,9.23000
14919,13571.670000,1000.000000,9.23000
14920,13573.260000,2100.000000,9.23000
14921,13574.610000,100.000000,9.23000
14922,13578.210000,300.000000,9.23000
14923,13578.520000,500.000000,9.23000
14924,13580.930000,200.000000,9.23000
14925,13581.680000,400.000000,9.23000
14926,13585.200000,3700.000000,9.23000
14927,13585.650000,200.000000,9.23000
14928,13587.450000,13359.000000,9.23000
14929,13587.450000,900.000000,9.23000
14930,13587.450000,1000.000000,9.23000
14931,13587.450000,1100.000000,9.23000
14932,13587.450000,1000.000000,9.23000
14933,13587.450000,641.000000,9.23000
14934,13587.490000,359.000000,9.23000
14935,13587.490000,500.000000,9.23000
14936,13587.490000,441.000000,9.23000
14937,13588.040000,100.000000,9.23000
14938,13589.880000,459.000000,9.23000
14939,13589.880000,1541.000000,9.23000
14940,13591.660000,500.000000,9.23000
14941,13592.960000,2359.000000,9.23000
14942,13592.960000,1000.000000,9.23000
14943,13592.960000,3000.000000,9.23000
14944,13592.960000,1000.000000,9.23000
14945,13592.960000,10641.000000,9.23000
14946,13595.970000,1400.000000,9.23000
14947,13596.590000,200.000000,9.23000
14948,13600.180000,500.000000,9.23000
14949,13602.270000,1300.000000,9.23000
14950,13603.270000,2100.000000,9.23000
14951,13604.570000,1000.000000,9.23000
14952,13604.770000,6100.000000,9.23000
14953,13604.920000,2000.000000,9.23000
14954,13605.390000,16159.000000,9.23000
14955,13605.390000,26241.000000,9.23000
14956,13606.410000,800.000000,9.23000
14957,13607.650000,200.000000,9.23000
14958,13608.430000,500.000000,9.23000
14959,13608.960000,13659.000000,9.23000
14960,13608.960000,2000.000000,9.23000
14961,13608.960000,1000.000000,9.23000
14962,13608.960000,400.000000,9.23000
14963,13608.960000,100.000000,9.23000
14964,13608.960000,200.000000,9.23000
14965,13608.960000,200.000000,9.23000
14966,13608.960000,100.000000,9.23000
14967,13608.960000,2400.000000,9.23000
14968,13608.960000,300.000000,9.23000
14969,13608.960000,500.000000,9.23000
14970,13608.960000,2000.000000,9.23000
14971,13608.960000,1000.000000,9.23000
14972,13608.960000,2800.000000,9.23000
14973,13608.960000,500.000000,9.23000
14974,13608.960000,2000.000000,9.23000
14975,13608.960000,7500.000000,9.23000
14976,13608.960000,200.000000,9.23000
14977,13608.960000,2800.000000,9.23000
14978,13608.960000,500.000000,9.23000
14979,13608.960000,1300.000000,9.23000
14980,13608.960000,2000.000000,9.23000
14981,13608.960000,1000.000000,9.23000
14982,13608.960000,500.000000,9.23000
14983,13608.960000,400.000000,9.23000
14984,13608.960000,2000.000000,9.23000
14985,13608.960000,1000.000000,9.23000
14986,13608.960000,3900.000000,9.23000
14987,13608.960000,100.000000,9.23000
14988,13608.960000,1700.000000,9.23000
14989,13608.960000,1000.000000,9.23000
14990,13608.960000,500.000000,9.23000
14991,13608.960000,2000.000000,9.23000
14992,13608.960000,2000.000000,9.23000
14993,13608.960000,2000.000000,9.23000
14994,13608.960000,100.000000,9.23000
14995,13608.960000,100.000000,9.23000
14996,13608.960000,2000.000000,9.23000
14997,13608.960000,200.000000,9.23000
14998,13608.960000,3000.000000,9.23000
14999,13608.960000,3000.000000,9.23000
15000,13608.960000,1700.000000,9.23000
15001,13608.960000,300.000000,9.23000
15002,13608.960000,500.000000,9.23000
15003,13608.960000,30000.000000,9.23000
15004,13608.960000,300.000000,9.23000
15005,13608.960000,2000.000000,9.23000
15006,13608.960000,1000.000000,9.23000
15007,13608.960000,2000.000000,9.23000
15008,13608.960000,100.000000,9.23000
15009,13608.960000,2000.000000,9.23000
15010,13608.960000,2000.000000,9.23000
15011,13608.960000,400.000000,9.23000
15012,13608.960000,400.000000,9.23000
15013,13608.960000,500.000000,9.23000
15014,13608.960000,500.000000,9.23000
15015,13608.960000,1100.000000,9.23000
15016,13608.960000,3000.000000,9.23000
15017,13608.960000,300.000000,9.23000
15018,13608.960000,200.000000,9.23000
15019,13608.960000,2100.000000,9.23000
15020,13608.960000,3200.000000,9.23000
15021,13608.960000,2000.000000,9.23000
15022,13608.960000,200.000000,9.23000
15023,13608.960000,241.000000,9.23000
15024,13618.790000,200.000000,9.23000
15025,13618.950000,800.000000,9.23000
15026,13619.320000,159.000000,9.23000
15027,13619.320000,5700.000000,9.23000
15028,13619.320000,1100.000000,9.23000
15029,13619.320000,200.000000,9.23000
15030,13619.320000,400.000000,9.23000
15031,13619.320000,2441.000000,9.23000
15032,13619.660000,559.000000,9.23000
15033,13619.660000,141.000000,9.23000
15034,13620.290000,159.000000,9.23000
15035,13620.290000,500.000000,9.23000
15036,13620.290000,3241.000000,9.23000
15037,13620.960000,100.000000,9.23000
15038,13621.780000,1800.000000,9.23000
15039,13622.170000,800.000000,9.23000
15040,13624.160000,1059.000000,9.23000
15041,13624.160000,5400.000000,9.23000
15042,13624.160000,2000.000000,9.23000
15043,13624.160000,1700.000000,9.23000
15044,13624.160000,200.000000,9.23000
15045,13624.160000,1200.000000,9.23000
15046,13624.160000,200.000000,9.23000
15047,13624.160000,100.000000,9.23000
15048,13624.160000,1000.000000,9.23000
15049,13624.160000,3000.000000,9.23000
15050,13624.160000,1000.000000,9.23000
15051,13624.160000,500.000000,9.23000
15052,13624.160000,641.000000,9.23000
15053,13624.450000,759.000000,9.23000
15054,13624.450000,241.000000,9.23000
15055,13624.450000,900.000000,9.24000
15056,13624.710000,100.000000,9.23000
15057,13627.260000,1659.000000,9.23000
15058,13627.260000,1000.000000,9.23000
15059,13627.260000,941.000000,9.23000
15060,13628.100000,900.000000,9.23000
15061,13628.760000,1059.000000,9.23000
15062,13628.760000,1500.000000,9.23000
15063,13628.760000,100.000000,9.23000
15064,13628.760000,800.000000,9.23000
15065,13628.760000,5000.000000,9.23000
15066,13628.760000,8600.000000,9.23000
15067,13628.760000,200.000000,9.23000
15068,13628.760000,741.000000,9.23000
15069,13628.980000,1900.000000,9.23000
15070,13629.660000,200.000000,9.23000
15071,13630.070000,4200.000000,9.23000
15072,13630.650000,2959.000000,9.23000
15073,13630.650000,800.000000,9.23000
15074,13630.650000,241.000000,9.23000
15075,13631.640000,1759.000000,9.23000
15076,13631.640000,500.000000,9.23000
15077,13631.640000,200.000000,9.23000
15078,13631.640000,400.000000,9.23000
15079,13631.640000,200.000000,9.23000
15080,13631.640000,600.000000,9.23000
15081,13631.640000,600.000000,9.23000
15082,13631.640000,1100.000000,9.23000
15083,13631.640000,2000.000000,9.23000
15084,13631.640000,200.000000,9.23000
15085,13631.640000,12441.000000,9.23000
15086,13633.220000,300.000000,9.23000
15087,13633.710000,2000.000000,9.23000
15088,13635.230000,1000.000000,9.23000
15089,13635.270000,4200.000000,9.23000
15090,13638.620000,1500.000000,9.23000
15091,13638.770000,1000.000000,9.23000
15092,13640.580000,100.000000,9.23000
15093,13642.080000,500.000000,9.23000
15094,13642.550000,3000.000000,9.23000
15095,13643.320000,2300.000000,9.23000
15096,13643.730000,3100.000000,9.23000
15097,13644.730000,700.000000,9.23000
15098,13645.430000,10000.000000,9.23000
15099,13649.950000,300.000000,9.23000
15100,13650.280000,500.000000,9.23000
15101,13650.320000,3500.000000,9.23000
15102,13651.150000,10000.000000,9.23000
15103,13651.470000,100.000000,9.23000
15104,13651.690000,200.000000,9.23000
15105,13652.080000,20440.000000,9.23000
15106,13652.690000,1219.000000,9.23000
15107,13652.690000,2100.000000,9.23000
15108,13652.690000,1681.000000,9.23000
15109,13654.560000,319.000000,9.23000
15110,13654.560000,81.000000,9.23000
15111,13656.130000,419.000000,9.23000
15112,13656.130000,1000.000000,9.23000
15113,13656.130000,500.000000,9.23000
15114,13656.130000,2400.000000,9.23000
15115,13656.130000,500.000000,9.23000
15116,13656.130000,1000.000000,9.23000
15117,13656.130000,700.000000,9.23000
15118,13656.130000,300.000000,9.23000
15119,13656.130000,1000.000000,9.23000
15120,13656.130000,200.000000,9.23000
15121,13656.130000,500.000000,9.23000
15122,13656.130000,5000.000000,9.23000
15123,13656.130000,2500.000000,9.23000
15124,13656.130000,400.000000,9.23000
15125,13656.130000,1500.000000,9.23000
15126,13656.130000,200.000000,9.23000
15127,13656.130000,500.000000,9.23000
15128,13656.130000,2381.000000,9.23000
15129,13656.340000,100.000000,9.23000
15130,13658.730000,2200.000000,9.23000
15131,13659.040000,319.000000,9.23000
15132,13659.040000,1200.000000,9.23000
15133,13659.040000,500.000000,9.23000
15134,13659.040000,300.000000,9.23000
15135,13659.040000,81.000000,9.23000
15136,13659.110000,3319.000000,9.23000
15137,13659.110000,1381.000000,9.23000
15138,13659.130000,719.000000,9.23000
15139,13659.130000,500.000000,9.23000
15140,13659.130000,481.000000,9.23000
15141,13659.210000,1800.000000,9.23000
15142,13659.720000,100.000000,9.23000
15143,13660.260000,1000.000000,9.23000
15144,13662.130000,5219.000000,9.23000
15145,13662.130000,5700.000000,9.23000
15146,13662.130000,10000.000000,9.23000
15147,13662.130000,2900.000000,9.23000
15148,13662.130000,1000.000000,9.23000
15149,13662.130000,1000.000000,9.23000
15150,13662.130000,2000.000000,9.23000
15151,13662.130000,100.000000,9.23000
15152,13662.130000,16200.000000,9.23000
15153,13662.130000,1000.000000,9.23000
15154,13662.130000,1600.000000,9.23000
15155,13662.130000,5000.000000,9.23000
15156,13662.130000,10000.000000,9.23000
15157,13662.130000,63900.000000,9.23000
15158,13662.130000,5600.000000,9.23000
15159,13662.130000,300.000000,9.23000
15160,13662.130000,3000.000000,9.23000
15161,13662.130000,2300.000000,9.23000
15162,13662.130000,1000.000000,9.23000
15163,13662.130000,2100.000000,9.23000
15164,13662.130000,1000.000000,9.23000
15165,13662.130000,3000.000000,9.23000
15166,13662.130000,200.000000,9.23000
15167,13662.130000,1600.000000,9.23000
15168,13662.130000,1000.000000,9.23000
15169,13662.130000,10000.000000,9.23000
15170,13662.130000,2500.000000,9.23000
15171,13662.130000,2000.000000,9.23000
15172,13662.130000,5600.000000,9.23000
15173,13662.130000,63900.000000,9.23000
15174,13662.130000,500.000000,9.23000
15175,13662.130000,600.000000,9.23000
15176,13662.130000,1000.000000,9.23000
15177,13662.130000,1300.000000,9.23000
15178,13662.130000,8600.000000,9.23000
15179,13662.130000,2600.000000,9.23000
15180,13662.130000,200.000000,9.23000
15181,13662.130000,400.000000,9.23000
15182,13662.130000,1100.000000,9.23000
15183,13662.130000,1000.000000,9.23000
15184,13662.130000,900.000000,9.23000
15185,13662.130000,2000.000000,9.23000
15186,13662.130000,100.000000,9.23000
15187,13662.130000,1000.000000,9.23000
15188,13662.130000,1100.000000,9.23000
15189,13662.130000,1000.000000,9.23000
15190,13662.130000,14011.000000,9.23000
15191,13662.130000,16200.000000,9.23000
15192,13662.130000,1300.000000,9.23000
15193,13662.130000,200.000000,9.23000
15194,13662.130000,1000.000000,9.23000
15195,13662.130000,400.000000,9.23000
15196,13662.130000,700.000000,9.23000
15197,13662.130000,8100.000000,9.23000
15198,13662.130000,1000.000000,9.23000
15199,13662.130000,1000.000000,9.23000
15200,13662.130000,400.000000,9.23000
15201,13662.130000,2000.000000,9.23000
15202,13662.130000,100.000000,9.23000
15203,13662.130000,3500.000000,9.23000
15204,13662.130000,2200.000000,9.23000
15205,13662.130000,2600.000000,9.23000
15206,13662.130000,5000.000000,9.23000
15207,13662.130000,500.000000,9.23000
15208,13662.130000,3500.000000,9.23000
15209,13662.130000,1000.000000,9.23000
15210,13662.130000,300.000000,9.23000
15211,13662.130000,700.000000,9.23000
15212,13662.130000,200.000000,9.23000
15213,13662.130000,400.000000,9.23000
15214,13662.130000,100.000000,9.23000
15215,13662.130000,100.000000,9.23000
15216,13662.130000,200.000000,9.23000
15217,13662.130000,5000.000000,9.23000
15218,13662.130000,3970.000000,9.23000
15219,13662.420000,600.000000,9.23000
15220,13662.840000,200.000000,9.23000
15221,13663.680000,100.000000,9.23000
15222,13663.770000,230.000000,9.23000
15223,13663.770000,200.000000,9.23000
15224,13663.770000,1570.000000,9.23000
15225,13665.140000,430.000000,9.23000
15226,13665.140000,500.000000,9.23000
15227,13665.140000,70.000000,9.23000
15228,13666.580000,930.000000,9.23000
15229,13666.580000,400.000000,9.23000
15230,13666.580000,1000.000000,9.23000
15231,13666.580000,600.000000,9.23000
15232,13666.580000,1300.000000,9.23000
15233,13666.580000,770.000000,9.23000
15234,13667.020000,230.000000,9.23000
15235,13667.020000,600.000000,9.23000
15236,13667.020000,2100.000000,9.23000
15237,13667.020000,3300.000000,9.23000
15238,13667.020000,4300.000000,9.23000
15239,13667.020000,1000.000000,9.23000
15240,13667.020000,3400.000000,9.23000
15241,13667.020000,100.000000,9.23000
15242,13667.020000,1000.000000,9.23000
15243,13667.020000,500.000000,9.23000
15244,13667.020000,600.000000,9.23000
15245,13667.020000,1700.000000,9.23000
15246,13667.020000,1610.000000,9.23000
15247,13667.070000,390.000000,9.23000
15248,13667.070000,1000.000000,9.23000
15249,13667.070000,400.000000,9.23000
15250,13667.070000,500.000000,9.23000
15251,13667.070000,300.000000,9.23000
15252,13667.070000,500.000000,9.23000
15253,13667.070000,10.000000,9.23000
15254,13667.390000,190.000000,9.23000
15255,13667.390000,1100.000000,9.23000
15256,13667.390000,1000.000000,9.23000
15257,13667.390000,1000.000000,9.23000
15258,13667.390000,1000.000000,9.23000
15259,13667.390000,2810.000000,9.23000
15260,13668.100000,800.000000,9.23000
15261,13668.570000,1690.000000,9.23000
15262,13668.570000,400.000000,9.23000
15263,13668.570000,1000.000000,9.23000
15264,13668.570000,50000.000000,9.23000
15265,13668.570000,100.000000,9.23000
15266,13668.570000,200.000000,9.23000
15267,13668.570000,500.000000,9.23000
15268,13668.570000,100.000000,9.23000
15269,13668.570000,500.000000,9.23000
15270,13668.570000,1400.000000,9.23000
15271,13668.570000,400.000000,9.23000
15272,13668.570000,500.000000,9.23000
15273,13668.570000,300.000000,9.23000
15274,13668.570000,1000.000000,9.23000
15275,13668.570000,100.000000,9.23000
15276,13668.570000,1200.000000,9.23000
15277,13668.570000,500.000000,9.23000
15278,13668.570000,2000.000000,9.23000
15279,13668.570000,100.000000,9.23000
15280,13668.570000,1100.000000,9.23000
15281,13668.570000,400.000000,9.23000
15282,13668.570000,400.000000,9.23000
15283,13668.570000,1210.000000,9.23000
15284,13669.950000,1290.000000,9.23000
15285,13669.950000,800.000000,9.23000
15286,13669.950000,7910.000000,9.23000
15287,13670.130000,4400.000000,9.23000
15288,13670.220000,18790.000000,9.23000
15289,13670.220000,1210.000000,9.23000
15290,13670.640000,3790.000000,9.23000
15291,13670.640000,1210.000000,9.23000
15292,13670.720000,3800.000000,9.23000
15293,13671.090000,1700.000000,9.23000
15294,13671.120000,590.000000,9.23000
15295,13671.120000,10.000000,9.23000
15296,13671.160000,390.000000,9.23000
15297,13671.160000,100.000000,9.23000
15298,13671.160000,300.000000,9.23000
15299,13671.160000,500.000000,9.23000
15300,13671.160000,400.000000,9.23000
15301,13671.160000,400.000000,9.23000
15302,13671.160000,100.000000,9.23000
15303,13671.160000,1000.000000,9.23000
15304,13671.160000,3200.000000,9.23000
15305,13671.160000,800.000000,9.23000
15306,13671.160000,400.000000,9.23000
15307,13671.160000,400.000000,9.23000
15308,13671.160000,3700.000000,9.23000
15309,13671.160000,1000.000000,9.23000
15310,13671.160000,700.000000,9.23000
15311,13671.160000,200.000000,9.23000
15312,13671.160000,100.000000,9.23000
15313,13671.160000,700.000000,9.23000
15314,13671.160000,1000.000000,9.23000
15315,13671.160000,1500.000000,9.23000
15316,13671.160000,100.000000,9.23000
15317,13671.160000,1000.000000,9.23000
15318,13671.160000,300.000000,9.23000
15319,13671.160000,3200.000000,9.23000
15320,13671.160000,410.000000,9.23000
15321,13671.210000,6100.000000,9.23000
15322,13671.820000,5000.000000,9.23000
15323,13671.930000,500.000000,9.23000
15324,13672.660000,3400.000000,9.23000
15325,13673.670000,200.000000,9.23000
15326,13674.090000,1900.000000,9.23000
15327,13674.470000,200.000000,9.23000
15328,13674.930000,3400.000000,9.23000
15329,13675.260000,490.000000,9.23000
15330,13675.260000,200.000000,9.23000
15331,13675.260000,1500.000000,9.23000
15332,13675.260000,400.000000,9.23000
15333,13675.260000,2100.000000,9.23000
15334,13675.260000,500.000000,9.23000
15335,13675.260000,4810.000000,9.23000
15336,13675.440000,190.000000,9.23000
15337,13675.440000,100.000000,9.23000
15338,13675.440000,2700.000000,9.23000
15339,13675.440000,1900.000000,9.23000
15340,13675.440000,1000.000000,9.23000
15341,13675.440000,100.000000,9.23000
15342,13675.440000,1100.000000,9.23000
15343,13675.440000,500.000000,9.23000
15344,13675.440000,1000.000000,9.23000
15345,13675.440000,5000.000000,9.23000
15346,13675.440000,500.000000,9.23000
15347,13675.440000,400.000000,9.23000
15348,13675.440000,300.000000,9.23000
15349,13675.440000,100.000000,9.23000
15350,13675.440000,500.000000,9.23000
15351,13675.440000,5000.000000,9.23000
15352,13675.440000,100.000000,9.23000
15353,13675.440000,100.000000,9.23000
15354,13675.440000,300.000000,9.23000
15355,13675.440000,200.000000,9.23000
15356,13675.440000,700.000000,9.23000
15357,13675.440000,3000.000000,9.23000
15358,13675.440000,500.000000,9.23000
15359,13675.440000,800.000000,9.23000
15360,13675.440000,300.000000,9.23000
15361,13675.440000,3610.000000,9.23000
15362,13675.480000,1000.000000,9.23000
15363,13675.550000,5000.000000,9.23000
15364,13677.050000,6800.000000,9.23000
15365,13677.090000,9900.000000,9.23000
15366,13677.100000,3400.000000,9.23000
15367,13677.140000,100.000000,9.23000
15368,13677.160000,3200.000000,9.23000
15369,13678.030000,200.000000,9.23000
15370,13678.710000,3400.000000,9.23000
15371,13678.970000,2200.000000,9.23000
15372,13679.600000,10000.000000,9.23000
15373,13679.740000,1000.000000,9.23000
15374,13680.100000,100.000000,9.23000
15375,13680.110000,200.000000,9.23000
15376,13680.350000,3900.000000,9.23000
15377,13680.530000,48000.000000,9.23000
15378,13680.880000,3400.000000,9.23000
15379,13681.100000,3500.000000,9.23000
15380,13681.930000,5000.000000,9.23000
15381,13682.670000,100.000000,9.23000
15382,13682.830000,3400.000000,9.23000
15383,13682.990000,60000.000000,9.23000
15384,13683.000000,18300.000000,9.23000
15385,13683.810000,700.000000,9.23000
15386,13684.060000,10000.000000,9.23000
15387,13684.210000,13000.000000,9.23000
15388,13684.240000,2300.000000,9.23000
15389,13684.350000,8400.000000,9.23000
15390,13684.970000,2000.000000,9.23000
15391,13685.540000,100.000000,9.23000
15392,13685.620000,600.000000,9.23000
15393,13686.070000,1000.000000,9.23000
15394,13686.510000,1700.000000,9.23000
15395,13689.660000,1100.000000,9.23000
15396,13690.020000,700.000000,9.23000
15397,13690.180000,4400.000000,9.23000
15398,13690.210000,3700.000000,9.23000
15399,13690.210000,3700.000000,9.23000
15400,13690.490000,3500.000000,9.23000
15401,13690.520000,3900.000000,9.23000
15402,13690.520000,3900.000000,9.23000
15403,13690.570000,2300.000000,9.23000
15404,13690.830000,100.000000,9.23000
15405,13691.080000,4600.000000,9.23000
15406,13691.140000,3700.000000,9.23000
15407,13691.250000,10000.000000,9.23000
15408,13691.300000,3700.000000,9.23000
15409,13691.340000,4000.000000,9.23000
15410,13691.520000,3700.000000,9.23000
15411,13692.040000,4500.000000,9.23000
15412,13692.480000,300.000000,9.23000
15413,13693.020000,1700.000000,9.23000
15414,13693.450000,3400.000000,9.23000
15415,13693.720000,200.000000,9.23000
15416,13693.800000,1900.000000,9.23000
15417,13693.800000,10000.000000,9.23000
15418,13694.140000,3400.000000,9.23000
15419,13694.570000,42400.000000,9.23000
15420,13695.120000,200.000000,9.23000
15421,13696.740000,3400.000000,9.23000
15422,13696.760000,200.000000,9.23000
15423,13696.770000,300.000000,9.23000
15424,13697.890000,600.000000,9.23000
15425,13698.000000,100.000000,9.23000
15426,13698.210000,5000.000000,9.23000
15427,13698.880000,3400.000000,9.23000
15428,13699.130000,10000.000000,9.23000
15429,13699.650000,1000.000000,9.23000
15430,13699.760000,400.000000,9.23000
15431,13700.500000,1000.000000,9.23000
15432,13700.950000,3400.000000,9.23000
15433,13702.500000,3400.000000,9.23000
15434,13703.020000,7290.000000,9.23000
15435,13703.020000,400.000000,9.23000
15436,13703.020000,7800.000000,9.23000
15437,13703.020000,400.000000,9.23000
15438,13703.020000,100.000000,9.23000
15439,13703.020000,400.000000,9.23000
15440,13703.020000,1400.000000,9.23000
15441,13703.020000,400.000000,9.23000
15442,13703.020000,600.000000,9.23000
15443,13703.020000,500.000000,9.23000
15444,13703.020000,600.000000,9.23000
15445,13703.020000,400.000000,9.23000
15446,13703.020000,1000.000000,9.23000
15447,13703.020000,1000.000000,9.23000
15448,13703.020000,2200.000000,9.23000
15449,13703.020000,600.000000,9.23000
15450,13703.020000,300.000000,9.23000
15451,13703.020000,100.000000,9.23000
15452,13703.020000,1000.000000,9.23000
15453,13703.020000,1600.000000,9.23000
15454,13703.020000,100.000000,9.23000
15455,13703.020000,2000.000000,9.23000
15456,13703.020000,200.000000,9.23000
15457,13703.020000,2200.000000,9.23000
15458,13703.020000,600.000000,9.23000
15459,13703.020000,1500.000000,9.23000
15460,13703.020000,100.000000,9.23000
15461,13703.020000,400.000000,9.23000
15462,13703.020000,500.000000,9.23000
15463,13703.020000,100.000000,9.23000
15464,13703.020000,300.000000,9.23000
15465,13703.020000,1200.000000,9.23000
15466,13703.020000,2200.000000,9.23000
15467,13703.020000,1300.000000,9.23000
15468,13703.020000,1610.000000,9.23000
15469,13704.990000,3800.000000,9.23000
15470,13706.760000,300.000000,9.23000
15471,13707.070000,6100.000000,9.23000
15472,13707.610000,200.000000,9.23000
15473,13707.780000,900.000000,9.23000
15474,13707.890000,700.000000,9.23000
15475,13708.250000,900.000000,9.23000
15476,13708.280000,800.000000,9.23000
15477,13710.900000,800.000000,9.23000
15478,13711.050000,1000.000000,9.23000
15479,13712.270000,100.000000,9.23000
15480,13712.900000,100.000000,9.23000
15481,13713.530000,1200.000000,9.23000
15482,13714.040000,3600.000000,9.23000
15483,13714.970000,6200.000000,9.23000
15484,13715.420000,400.000000,9.23000
15485,13718.770000,3100.000000,9.23000
15486,13718.800000,100.000000,9.23000
15487,13721.660000,1000.000000,9.23000
15488,13722.770000,200.000000,9.23000
15489,13723.040000,3800.000000,9.23000
15490,13723.050000,200.000000,9.23000
15491,13723.310000,2000.000000,9.23000
15492,13723.400000,2100.000000,9.23000
15493,13725.460000,3500.000000,9.23000
15494,13727.070000,3900.000000,9.23000
15495,13727.980000,9090.000000,9.23000
15496,13727.980000,110.000000,9.23000
15497,13729.670000,90.000000,9.23000
15498,13729.670000,100.000000,9.23000
15499,13729.670000,10.000000,9.23000
15500,13730.900000,90.000000,9.23000
15501,13730.900000,100.000000,9.23000
15502,13730.900000,100.000000,9.23000
15503,13730.900000,100.000000,9.23000
15504,13730.900000,1300.000000,9.23000
15505,13730.900000,800.000000,9.23000
15506,13730.900000,2510.000000,9.23000
15507,13731.170000,10000.000000,9.23000
15508,13731.530000,3600.000000,9.23000
15509,13733.310000,200.000000,9.23000
15510,13734.600000,900.000000,9.23000
15511,13734.780000,1000.000000,9.23000
15512,13734.820000,1790.000000,9.23000
15513,13734.820000,300.000000,9.23000
15514,13734.820000,10.000000,9.23000
15515,13739.230000,90.000000,9.23000
15516,13739.230000,1000.000000,9.23000
15517,13739.230000,1000.000000,9.23000
15518,13739.230000,300.000000,9.23000
15519,13739.230000,1500.000000,9.23000
15520,13739.230000,100.000000,9.23000
15521,13739.230000,1810.000000,9.23000
15522,13740.200000,90.000000,9.23000
15523,13740.200000,10.000000,9.23000
15524,13740.240000,100.000000,9.23000
15525,13740.340000,100.000000,9.23000
15526,13740.420000,100.000000,9.23000
15527,13740.810000,200.000000,9.23000
15528,13741.490000,900.000000,9.23000
15529,13742.860000,2590.000000,9.23000
15530,13742.860000,810.000000,9.23000
15531,13742.990000,990.000000,9.23000
15532,13742.990000,1000.000000,9.23000
15533,13742.990000,2000.000000,9.23000
15534,13742.990000,3000.000000,9.23000
15535,13742.990000,1900.000000,9.23000
15536,13742.990000,6500.000000,9.23000
15537,13742.990000,1100.000000,9.23000
15538,13742.990000,6200.000000,9.23000
15539,13742.990000,2500.000000,9.23000
15540,13742.990000,1000.000000,9.23000
15541,13742.990000,500.000000,9.23000
15542,13742.990000,100.000000,9.23000
15543,13742.990000,600.000000,9.23000
15544,13742.990000,100.000000,9.23000
15545,13742.990000,200.000000,9.23000
15546,13742.990000,400.000000,9.23000
15547,13742.990000,3000.000000,9.23000
15548,13742.990000,1400.000000,9.23000
15549,13742.990000,5000.000000,9.23000
15550,13742.990000,510.000000,9.23000
15551,13743.420000,490.000000,9.23000
15552,13743.420000,100.000000,9.23000
15553,13743.420000,1300.000000,9.23000
15554,13743.420000,1400.000000,9.23000
15555,13743.420000,110.000000,9.23000
15556,13746.240000,390.000000,9.23000
15557,13746.240000,900.000000,9.23000
15558,13746.240000,1000.000000,9.23000
15559,13746.240000,500.000000,9.23000
15560,13746.240000,610.000000,9.23000
15561,13747.000000,990.000000,9.23000
15562,13747.000000,600.000000,9.23000
15563,13747.000000,100.000000,9.23000
15564,13747.000000,1200.000000,9.23000
15565,13747.000000,500.000000,9.23000
15566,13747.000000,400.000000,9.23000
15567,13747.000000,10.000000,9.23000
15568,13747.110000,2690.000000,9.23000
15569,13747.110000,300.000000,9.23000
15570,13747.110000,1500.000000,9.23000
15571,13747.110000,200.000000,9.23000
15572,13747.110000,100.000000,9.23000
15573,13747.110000,500.000000,9.23000
15574,13747.110000,400.000000,9.23000
15575,13747.110000,300.000000,9.23000
15576,13747.110000,3800.000000,9.23000
15577,13747.110000,210.000000,9.23000
15578,13747.720000,1090.000000,9.23000
15579,13747.720000,100.000000,9.23000
15580,13747.720000,500.000000,9.23000
15581,13747.720000,1500.000000,9.23000
15582,13747.720000,210.000000,9.23000
15583,13748.020000,590.000000,9.23000
15584,13748.020000,410.000000,9.23000
15585,13748.670000,2590.000000,9.23000
15586,13748.670000,400.000000,9.23000
15587,13748.670000,1000.000000,9.23000
15588,13748.670000,200.000000,9.23000
15589,13748.670000,810.000000,9.23000
15590,13749.550000,2000.000000,9.23000
15591,13749.580000,18000.000000,9.23000
15592,13751.530000,200.000000,9.23000
15593,13751.820000,800.000000,9.23000
15594,13753.420000,2000.000000,9.23000
15595,13754.370000,1000.000000,9.23000
15596,13754.760000,200.000000,9.23000
15597,13755.340000,4500.000000,9.23000
15598,13755.510000,3800.000000,9.23000
15599,13758.430000,2000.000000,9.23000
15600,13760.060000,5200.000000,9.23000
15601,13760.320000,30800.000000,9.23000
15602,13761.210000,5900.000000,9.23000
15603,13761.340000,4500.000000,9.23000
15604,13762.750000,100.000000,9.23000
15605,13763.000000,4600.000000,9.23000
15606,13764.360000,10590.000000,9.23000
15607,13764.360000,500.000000,9.23000
15608,13764.360000,2000.000000,9.23000
15609,13764.360000,500.000000,9.23000
15610,13764.360000,1000.000000,9.23000
15611,13764.360000,10000.000000,9.23000
15612,13764.360000,600.000000,9.23000
15613,13764.360000,200.000000,9.23000
15614,13764.360000,5000.000000,9.23000
15615,13764.360000,410.000000,9.23000
15616,13767.350000,1090.000000,9.23000
15617,13767.350000,600.000000,9.23000
15618,13767.350000,1500.000000,9.23000
15619,13767.350000,100.000000,9.23000
15620,13767.350000,2000.000000,9.23000
15621,13767.350000,400.000000,9.23000
15622,13767.350000,600.000000,9.23000
15623,13767.350000,400.000000,9.23000
15624,13767.350000,800.000000,9.23000
15625,13767.350000,1000.000000,9.23000
15626,13767.350000,1500.000000,9.23000
15627,13767.350000,300.000000,9.23000
15628,13767.350000,200.000000,9.23000
15629,13767.350000,1000.000000,9.23000
15630,13767.350000,200.000000,9.23000
15631,13767.350000,800.000000,9.23000
15632,13767.350000,3000.000000,9.23000
15633,13767.350000,100.000000,9.23000
15634,13767.350000,1000.000000,9.23000
15635,13767.350000,200.000000,9.23000
15636,13767.350000,3800.000000,9.23000
15637,13767.350000,500.000000,9.23000
15638,13767.350000,200.000000,9.23000
15639,13767.350000,2100.000000,9.23000
15640,13767.350000,1100.000000,9.23000
15641,13767.350000,100.000000,9.23000
15642,13767.350000,2000.000000,9.23000
15643,13767.350000,600.000000,9.23000
15644,13767.350000,2000.000000,9.23000
15645,13767.350000,100.000000,9.23000
15646,13767.350000,200.000000,9.23000
15647,13767.350000,1310.000000,9.23000
15648,13768.010000,1200.000000,9.23000
15649,13768.680000,1000.000000,9.23000
15650,13770.140000,290.000000,9.23000
15651,13770.140000,110.000000,9.23000
15652,13770.550000,190.000000,9.23000
15653,13770.550000,310.000000,9.23000
15654,13771.000000,1790.000000,9.23000
15655,13771.000000,100.000000,9.23000
15656,13771.000000,1200.000000,9.23000
15657,13771.000000,710.000000,9.23000
15658,13771.400000,290.000000,9.23000
15659,13771.400000,1400.000000,9.23000
15660,13771.400000,500.000000,9.23000
15661,13771.400000,810.000000,9.23000
15662,13772.430000,690.000000,9.23000
15663,13772.430000,1000.000000,9.23000
15664,13772.430000,900.000000,9.23000
15665,13772.430000,100.000000,9.23000
15666,13772.430000,500.000000,9.23000
15667,13772.430000,100.000000,9.23000
15668,13772.430000,1600.000000,9.23000
15669,13772.430000,1000.000000,9.23000
15670,13772.430000,5000.000000,9.23000
15671,13772.430000,500.000000,9.23000
15672,13772.430000,2100.000000,9.23000
15673,13772.430000,2000.000000,9.23000
15674,13772.430000,8600.000000,9.23000
15675,13772.430000,6710.000000,9.23000
15676,13773.570000,200.000000,9.23000
15677,13775.350000,3090.000000,9.23000
15678,13775.350000,1000.000000,9.23000
15679,13775.350000,300.000000,9.23000
15680,13775.350000,500.000000,9.23000
15681,13775.350000,500.000000,9.23000
15682,13775.350000,110.000000,9.23000
15683,13775.840000,400.000000,9.23000
15684,13776.500000,1490.000000,9.23000
15685,13776.500000,110.000000,9.23000
15686,13776.830000,390.000000,9.23000
15687,13776.830000,810.000000,9.23000
15688,13777.000000,190.000000,9.23000
15689,13777.000000,100.000000,9.23000
15690,13777.000000,3510.000000,9.23000
15691,13777.290000,790.000000,9.23000
15692,13777.290000,1000.000000,9.23000
15693,13777.290000,110.000000,9.23000
15694,13777.900000,4890.000000,9.23000
15695,13777.900000,13110.000000,9.23000
15696,13778.400000,200.000000,9.23000
15697,13779.060000,2890.000000,9.23000
15698,13779.060000,510.000000,9.23000
15699,13783.860000,2000.000000,9.23000
15700,13783.980000,490.000000,9.23000
15701,13783.980000,300.000000,9.23000
15702,13783.980000,800.000000,9.23000
15703,13783.980000,200.000000,9.23000
15704,13783.980000,200.000000,9.23000
15705,13783.980000,810.000000,9.23000
15706,13784.770000,200.000000,9.23000
15707,13785.920000,290.000000,9.23000
15708,13785.920000,110.000000,9.23000
15709,13786.940000,790.000000,9.23000
15710,13786.940000,400.000000,9.23000
15711,13786.940000,3700.000000,9.23000
15712,13786.940000,5000.000000,9.23000
15713,13786.940000,2000.000000,9.23000
15714,13786.940000,1000.000000,9.23000
15715,13786.940000,1000.000000,9.23000
15716,13786.940000,200.000000,9.23000
15717,13786.940000,100.000000,9.23000
15718,13786.940000,400.000000,9.23000
15719,13786.940000,2210.000000,9.23000
15720,13787.050000,2600.000000,9.23000
15721,13788.680000,1190.000000,9.23000
15722,13788.680000,500.000000,9.23000
15723,13788.680000,1310.000000,9.23000
15724,13789.560000,690.000000,9.23000
15725,13789.560000,1000.000000,9.23000
15726,13789.560000,510.000000,9.23000
15727,13789.630000,200.000000,9.23000
15728,13790.530000,290.000000,9.23000
15729,13790.530000,100.000000,9.23000
15730,13790.530000,100.000000,9.23000
15731,13790.530000,475.000000,9.23000
15732,13790.750000,3800.000000,9.23000
15733,13792.110000,100.000000,9.23000
15734,13794.960000,5625.000000,9.23000
15735,13794.960000,2000.000000,9.23000
15736,13794.960000,2375.000000,9.23000
15737,13795.770000,200.000000,9.23000
15738,13795.840000,400.000000,9.23000
15739,13795.890000,200.000000,9.23000
15740,13795.960000,1800.000000,9.24000
15741,13797.060000,1125.000000,9.23000
15742,13797.060000,600.000000,9.23000
15743,13797.060000,800.000000,9.23000
15744,13797.060000,1000.000000,9.23000
15745,13797.060000,1475.000000,9.23000
15746,13802.090000,2000.000000,9.23000
15747,13803.360000,5900.000000,9.23000
15748,13804.300000,2300.000000,9.23000
15749,13806.150000,3200.000000,9.23000
15750,13806.710000,100.000000,9.23000
15751,13813.890000,1225.000000,9.23000
15752,13813.890000,200.000000,9.23000
15753,13813.890000,575.000000,9.23000
15754,13815.290000,425.000000,9.23000
15755,13815.290000,575.000000,9.23000
15756,13816.150000,200.000000,9.23000
15757,13816.850000,965.000000,9.23000
15758,13817.480000,700.000000,9.23000
15759,13817.560000,200.000000,9.23000
15760,13819.110000,4200.000000,9.23000
15761,13819.230000,2060.000000,9.23000
15762,13819.230000,1000.000000,9.23000
15763,13819.230000,600.000000,9.23000
15764,13819.230000,1600.000000,9.23000
15765,13819.230000,200.000000,9.23000
15766,13819.230000,1000.000000,9.23000
15767,13819.230000,2000.000000,9.23000
15768,13819.230000,15440.000000,9.23000
15769,13819.390000,500.000000,9.23000
15770,13820.300000,300.000000,9.23000
15771,13820.850000,100.000000,9.23000
15772,13820.910000,3500.000000,9.23000
15773,13822.750000,600.000000,9.23000
15774,13826.390000,3000.000000,9.23000
15775,13827.040000,9500.000000,9.23000
15776,13827.450000,25000.000000,9.23000
15777,13827.550000,1000.000000,9.23000
15778,13828.730000,200.000000,9.23000
15779,13828.980000,2000.000000,9.23000
15780,13830.190000,1000.000000,9.23000
15781,13832.870000,2000.000000,9.23000
15782,13833.630000,100.000000,9.23000
15783,13833.960000,200.000000,9.23000
15784,13834.990000,3300.000000,9.23000
15785,13835.840000,1200.000000,9.23000
15786,13835.850000,500.000000,9.23000
15787,13836.100000,1600.000000,9.23000
15788,13836.870000,600.000000,9.23000
15789,13839.150000,5800.000000,9.23000
15790,13839.780000,200.000000,9.23000
15791,13840.310000,900.000000,9.23000
15792,13842.280000,100.000000,9.23000
15793,13843.900000,2000.000000,9.23000
15794,13845.940000,500.000000,9.23000
15795,13849.130000,1100.000000,9.23000
15796,13849.330000,200.000000,9.23000
15797,13850.790000,7300.000000,9.23000
15798,13850.810000,200.000000,9.23000
15799,13851.410000,3600.000000,9.23000
15800,13852.180000,1300.000000,9.24000
15801,13853.470000,700.000000,9.23000
15802,13854.460000,2760.000000,9.23000
15803,13854.460000,340.000000,9.23000
15804,13854.460000,1500.000000,9.23000
15805,13854.570000,1200.000000,9.23000
15806,13855.460000,800.000000,9.23000
15807,13855.860000,2000.000000,9.23000
15808,13855.860000,500.000000,9.23000
15809,13856.800000,2560.000000,9.23000
15810,13856.800000,400.000000,9.23000
15811,13856.800000,440.000000,9.23000
15812,13857.090000,200.000000,9.23000
15813,13857.100000,300.000000,9.23000
15814,13857.100000,414.000000,9.23000
15815,13857.100000,200.000000,9.23000
15816,13857.100000,1000.000000,9.23000
15817,13857.100000,1600.000000,9.23000
15818,13857.100000,186.000000,9.23000
15819,13857.390000,314.000000,9.23000
15820,13857.390000,400.000000,9.23000
15821,13857.390000,2386.000000,9.23000
15822,13857.550000,614.000000,9.23000
15823,13857.550000,1686.000000,9.23000
15824,13857.550000,1100.000000,9.23000
15825,13857.840000,914.000000,9.23000
15826,13857.840000,1000.000000,9.23000
15827,13857.840000,1486.000000,9.23000
15828,13857.840000,514.000000,9.23000
15829,13857.840000,2886.000000,9.23000
15830,13857.850000,900.000000,9.23000
15831,13858.460000,900.000000,9.23000
15832,13860.490000,314.000000,9.23000
15833,13860.490000,200.000000,9.23000
15834,13860.490000,2000.000000,9.23000
15835,13860.490000,1000.000000,9.23000
15836,13860.490000,200.000000,9.23000
15837,13860.490000,300.000000,9.23000
15838,13860.490000,400.000000,9.23000
15839,13860.490000,200.000000,9.23000
15840,13860.490000,500.000000,9.23000
15841,13860.490000,486.000000,9.23000
15842,13861.710000,200.000000,9.23000
15843,13864.820000,3700.000000,9.23000
15844,13865.890000,5600.000000,9.23000
15845,13869.240000,14.000000,9.23000
15846,13869.240000,1100.000000,9.23000
15847,13869.240000,500.000000,9.23000
15848,13869.240000,100.000000,9.23000
15849,13869.240000,2086.000000,9.23000
15850,13869.530000,114.000000,9.23000
15851,13869.530000,3386.000000,9.23000
15852,13869.700000,1614.000000,9.23000
15853,13869.700000,5000.000000,9.23000
15854,13869.700000,4486.000000,9.23000
15855,13869.920000,3600.000000,9.23000
15856,13870.440000,1914.000000,9.23000
15857,13870.440000,2086.000000,9.23000
15858,13870.470000,3900.000000,9.23000
15859,13870.650000,4000.000000,9.23000
15860,13871.220000,10014.000000,9.23000
15861,13871.220000,3300.000000,9.23000
15862,13871.220000,1600.000000,9.23000
15863,13871.220000,600.000000,9.23000
15864,13871.220000,1000.000000,9.23000
15865,13871.220000,100.000000,9.23000
15866,13871.220000,1000.000000,9.23000
15867,13871.220000,2000.000000,9.23000
15868,13871.220000,1100.000000,9.23000
15869,13871.220000,2000.000000,9.23000
15870,13871.220000,100.000000,9.23000
15871,13871.220000,4000.000000,9.23000
15872,13871.220000,2000.000000,9.23000
15873,13871.220000,200.000000,9.23000
15874,13871.220000,986.000000,9.23000
15875,13872.330000,2500.000000,9.23000
15876,13872.550000,200.000000,9.23000
15877,13873.510000,1900.000000,9.23000
15878,13873.560000,200.000000,9.23000
15879,13875.660000,4214.000000,9.23000
15880,13875.660000,100.000000,9.23000
15881,13875.660000,400.000000,9.23000
15882,13875.660000,600.000000,9.23000
15883,13875.660000,100.000000,9.23000
15884,13875.660000,500.000000,9.23000
15885,13875.660000,1886.000000,9.23000
15886,13875.660000,814.000000,9.23000
15887,13875.660000,800.000000,9.23000
15888,13875.660000,200.000000,9.23000
15889,13875.660000,400.000000,9.23000
15890,13875.660000,1000.000000,9.23000
15891,13875.660000,100.000000,9.23000
15892,13875.660000,1000.000000,9.23000
15893,13875.660000,500.000000,9.23000
15894,13875.660000,1400.000000,9.23000
15895,13875.660000,1000.000000,9.23000
15896,13875.660000,1000.000000,9.23000
15897,13875.660000,1000.000000,9.23000
15898,13875.660000,200.000000,9.23000
15899,13875.660000,800.000000,9.23000
15900,13875.660000,200.000000,9.23000
15901,13875.660000,686.000000,9.23000
15902,13877.980000,214.000000,9.23000
15903,13877.980000,200.000000,9.23000
15904,13877.980000,100.000000,9.23000
15905,13877.980000,86.000000,9.23000
15906,13879.870000,4614.000000,9.23000
15907,13879.870000,1000.000000,9.23000
15908,13879.870000,2100.000000,9.23000
15909,13879.870000,500.000000,9.23000
15910,13879.870000,1200.000000,9.23000
15911,13879.870000,500.000000,9.23000
15912,13879.870000,86.000000,9.23000
15913,13880.620000,4914.000000,9.23000
15914,13880.620000,500.000000,9.23000
15915,13880.620000,186.000000,9.23000
15916,13883.650000,100.000000,9.23000
15917,13885.070000,714.000000,9.23000
15918,13885.070000,200.000000,9.23000
15919,13885.070000,2400.000000,9.23000
15920,13885.070000,500.000000,9.23000
15921,13885.070000,300.000000,9.23000
15922,13885.070000,300.000000,9.23000
15923,13885.070000,1186.000000,9.23000
15924,13886.090000,100.000000,9.23000
15925,13887.880000,700.000000,9.23000
15926,13887.960000,200.000000,9.23000
15927,13890.810000,214.000000,9.23000
15928,13890.810000,900.000000,9.23000
15929,13890.810000,200.000000,9.23000
15930,13890.810000,700.000000,9.23000
15931,13890.810000,1786.000000,9.23000
15932,13891.160000,200.000000,9.23000
15933,13892.140000,14.000000,9.23000
15934,13892.140000,100.000000,9.23000
15935,13892.140000,2000.000000,9.23000
15936,13892.140000,500.000000,9.23000
15937,13892.140000,386.000000,9.23000
15938,13893.100000,500.000000,9.23000
15939,13893.350000,1000.000000,9.23000
15940,13894.700000,200.000000,9.23000
15941,13895.870000,400.000000,9.23000
15942,13895.900000,2400.000000,9.23000
15943,13900.690000,1114.000000,9.23000
15944,13900.690000,8886.000000,9.23000
15945,13903.520000,1114.000000,9.23000
15946,13903.520000,886.000000,9.23000
15947,13905.690000,14.000000,9.23000
15948,13905.690000,186.000000,9.23000
15949,13905.970000,400.000000,9.23000
15950,13906.170000,900.000000,9.24000
15951,13913.930000,900.000000,9.23000
15952,13914.690000,500.000000,9.23000
15953,13915.880000,400.000000,9.23000
15954,13916.690000,200.000000,9.23000
15955,13920.830000,3414.000000,9.23000
15956,13920.830000,186.000000,9.23000
15957,13922.000000,214.000000,9.23000
15958,13922.000000,100.000000,9.23000
15959,13922.000000,500.000000,9.23000
15960,13922.000000,2186.000000,9.23000
15961,13923.160000,3814.000000,9.23000
15962,13923.160000,10000.000000,9.23000
15963,13923.160000,3000.000000,9.23000
15964,13923.160000,500.000000,9.23000
15965,13923.160000,1200.000000,9.23000
15966,13923.160000,200.000000,9.23000
15967,13923.160000,1300.000000,9.23000
15968,13923.160000,1000.000000,9.23000
15969,13923.160000,200.000000,9.23000
15970,13923.160000,500.000000,9.23000
15971,13923.160000,1500.000000,9.23000
15972,13923.160000,300.000000,9.23000
15973,13923.160000,1686.000000,9.23000
15974,13923.390000,100.000000,9.23000
15975,13924.250000,414.000000,9.23000
15976,13924.250000,1886.000000,9.23000
15977,13927.350000,7400.000000,9.23000
15978,13927.510000,300.000000,9.23000
15979,13927.620000,100.000000,9.23000
15980,13928.110000,500.000000,9.23000
15981,13930.000000,500.000000,9.23000
15982,13930.320000,800.000000,9.23000
15983,13933.550000,2100.000000,9.23000
15984,13935.670000,8500.000000,9.23000
15985,13936.830000,900.000000,9.23000
15986,13938.550000,100.000000,9.23000
15987,13938.620000,200.000000,9.23000
15988,13939.210000,200.000000,9.23000
15989,13941.250000,7400.000000,9.23000
15990,13941.660000,7400.000000,9.23000
15991,13944.660000,2000.000000,9.23000
15992,13946.010000,500.000000,9.23000
15993,13949.650000,200.000000,9.23000
15994,13950.840000,1600.000000,9.23000
15995,13950.870000,3600.000000,9.23000
15996,13954.200000,800.000000,9.23000
15997,13955.890000,500.000000,9.23000
15998,13959.260000,1000.000000,9.23000
15999,13959.990000,200.000000,9.23000
16000,13960.690000,100.000000,9.23000
16001,13963.060000,500.000000,9.23000
16002,13963.580000,2100.000000,9.23000
16003,13963.740000,200.000000,9.23000
16004,13965.980000,500.000000,9.23000
16005,13971.700000,200.000000,9.23000
16006,13972.700000,1300.000000,9.23000
16007,13975.890000,500.000000,9.23000
16008,13977.240000,13000.000000,9.23000
16009,13978.370000,200.000000,9.23000
16010,13980.930000,3500.000000,9.23000
16011,13982.630000,200.000000,9.23000
16012,13983.660000,7800.000000,9.23000
16013,13984.140000,300.000000,9.23000
16014,13985.770000,1000.000000,9.23000
16015,13991.620000,300.000000,9.23000
16016,13993.620000,200.000000,9.23000
16017,13994.020000,2000.000000,9.23000
16018,14001.420000,1300.000000,9.23000
16019,14004.230000,200.000000,9.23000
16020,14004.590000,200.000000,9.23000
16021,14007.900000,2000.000000,9.23000
16022,14008.170000,10400.000000,9.23000
16023,14008.250000,314.000000,9.23000
16024,14008.250000,786.000000,9.23000
16025,14011.430000,3600.000000,9.23000
16026,14015.400000,100.000000,9.23000
16027,14015.430000,10000.000000,9.23000
16028,14015.820000,200.000000,9.23000
16029,14015.900000,400.000000,9.23000
16030,14017.300000,900.000000,9.23000
16031,14019.420000,1400.000000,9.23000
16032,14024.030000,2000.000000,9.23000
16033,14025.260000,614.000000,9.23000
16034,14025.260000,400.000000,9.23000
16035,14025.260000,1986.000000,9.23000
16036,14025.670000,14.000000,9.23000
16037,14025.670000,1000.000000,9.23000
16038,14025.670000,5400.000000,9.23000
16039,14025.670000,1000.000000,9.23000
16040,14025.670000,486.000000,9.23000
16041,14025.990000,14.000000,9.23000
16042,14025.990000,386.000000,9.23000
16043,14026.710000,100.000000,9.23000
16044,14035.740000,900.000000,9.23000
16045,14035.910000,400.000000,9.23000
16046,14037.140000,200.000000,9.23000
16047,14037.710000,6000.000000,9.23000
16048,14037.820000,200.000000,9.23000
16049,14038.180000,500.000000,9.23000
16050,14038.360000,1314.000000,9.23000
16051,14038.360000,100.000000,9.23000
16052,14038.360000,3000.000000,9.23000
16053,14038.360000,3000.000000,9.23000
16054,14038.360000,1200.000000,9.23000
16055,14038.360000,400.000000,9.23000
16056,14038.360000,500.000000,9.23000
16057,14038.360000,86.000000,9.23000
16058,14041.010000,14.000000,9.23000
16059,14041.010000,500.000000,9.23000
16060,14041.010000,1000.000000,9.23000
16061,14041.010000,700.000000,9.23000
16062,14041.010000,500.000000,9.23000
16063,14041.010000,886.000000,9.23000
16064,14043.090000,100.000000,9.23000
16065,14044.290000,2214.000000,9.23000
16066,14044.290000,186.000000,9.23000
16067,14045.680000,1214.000000,9.23000
16068,14045.680000,2000.000000,9.23000
16069,14045.680000,300.000000,9.23000
16070,14045.680000,900.000000,9.23000
16071,14045.680000,300.000000,9.23000
16072,14045.680000,500.000000,9.23000
16073,14045.680000,100.000000,9.23000
16074,14045.680000,1000.000000,9.23000
16075,14045.680000,100.000000,9.23000
16076,14045.680000,500.000000,9.23000
16077,14045.680000,1000.000000,9.23000
16078,14045.680000,500.000000,9.23000
16079,14045.680000,100.000000,9.23000
16080,14045.680000,200.000000,9.23000
16081,14045.680000,100.000000,9.23000
16082,14045.680000,1186.000000,9.23000
16083,14047.490000,14.000000,9.23000
16084,14047.490000,2086.000000,9.23000
16085,14049.620000,2914.000000,9.23000
16086,14049.620000,1000.000000,9.23000
16087,14049.620000,400.000000,9.23000
16088,14049.620000,500.000000,9.23000
16089,14049.620000,186.000000,9.23000
16090,14049.640000,200.000000,9.23000
16091,14049.920000,1000.000000,9.23000
16092,14053.230000,214.000000,9.23000
16093,14053.230000,1786.000000,9.23000
16094,14056.120000,3700.000000,9.23000
16095,14057.070000,500.000000,9.23000
16096,14060.640000,200.000000,9.23000
16097,14065.570000,500.000000,9.23000
16098,14068.110000,100.000000,9.23000
16099,14071.090000,3600.000000,9.23000
16100,14071.470000,700.000000,9.23000
16101,14071.590000,100.000000,9.23000
16102,14073.690000,7700.000000,9.23000
16103,14075.910000,400.000000,9.23000
16104,14077.510000,714.000000,9.23000
16105,14077.510000,100.000000,9.23000
16106,14077.510000,100.000000,9.23000
16107,14077.510000,986.000000,9.23000
16108,14080.920000,3500.000000,9.24000
16109,14080.920000,7200.000000,9.24000
16110,14081.180000,2000.000000,9.23000
16111,14082.660000,200.000000,9.23000
16112,14083.020000,1000.000000,9.23000
16113,14083.170000,100.000000,9.24000
16114,14083.650000,2100.000000,9.23000
16115,14084.910000,2000.000000,9.23000
16116,14086.000000,400.000000,9.23000
16117,14088.600000,2100.000000,9.23000
16118,14090.350000,2814.000000,9.23000
16119,14090.350000,2000.000000,9.23000
16120,14090.350000,186.000000,9.23000
16121,14093.680000,200.000000,9.23000
16122,14095.920000,400.000000,9.23000
16123,14098.430000,500.000000,9.23000
16124,14099.260000,214.000000,9.23000
16125,14099.260000,2386.000000,9.23000
16126,14101.320000,614.000000,9.23000
16127,14101.320000,100.000000,9.23000
16128,14101.320000,500.000000,9.23000
16129,14101.320000,1100.000000,9.23000
16130,14101.320000,200.000000,9.23000
16131,14101.320000,1086.000000,9.23000
16132,14102.220000,8914.000000,9.23000
16133,14102.220000,4286.000000,9.23000
16134,14104.740000,200.000000,9.23000
16135,14112.020000,1000.000000,9.23000
16136,14112.850000,200.000000,9.23000
16137,14113.120000,100.000000,9.23000
16138,14113.230000,200.000000,9.23000
16139,14113.680000,2000.000000,9.23000
16140,14113.900000,300.000000,9.23000
16141,14115.550000,100.000000,9.23000
16142,14116.340000,1000.000000,9.23000
16143,14117.280000,100.000000,9.24000
16144,14118.470000,1000.000000,9.23000
16145,14122.710000,9614.000000,9.23000
16146,14122.710000,10386.000000,9.23000
16147,14123.910000,600.000000,9.23000
16148,14126.770000,200.000000,9.23000
16149,14127.680000,8500.000000,9.23000
16150,14131.200000,3500.000000,9.23000
16151,14135.930000,500.000000,9.23000
16152,14137.610000,200.000000,9.23000
16153,14137.690000,900.000000,9.23000
16154,14140.530000,10000.000000,9.23000
16155,14143.700000,2100.000000,9.23000
16156,14145.310000,100.000000,9.23000
16157,14146.080000,500.000000,9.23000
16158,14148.690000,200.000000,9.23000
16159,14155.090000,1800.000000,9.24000
16160,14155.930000,500.000000,9.23000
16161,14156.120000,314.000000,9.23000
16162,14156.120000,500.000000,9.23000
16163,14156.120000,300.000000,9.23000
16164,14156.120000,100.000000,9.23000
16165,14156.120000,1000.000000,9.23000
16166,14156.120000,100.000000,9.23000
16167,14156.120000,100.000000,9.23000
16168,14156.120000,400.000000,9.23000
16169,14156.120000,300.000000,9.23000
16170,14156.120000,500.000000,9.23000
16171,14156.120000,186.000000,9.23000
16172,14158.510000,314.000000,9.23000
16173,14158.510000,186.000000,9.23000
16174,14159.520000,1014.000000,9.23000
16175,14159.520000,500.000000,9.23000
16176,14159.520000,100.000000,9.23000
16177,14159.520000,300.000000,9.23000
16178,14159.520000,1000.000000,9.23000
16179,14159.520000,100.000000,9.23000
16180,14159.520000,4586.000000,9.23000
16181,14159.750000,200.000000,9.23000
16182,14161.210000,514.000000,9.23000
16183,14161.210000,100.000000,9.23000
16184,14161.210000,1000.000000,9.23000
16185,14161.210000,100.000000,9.23000
16186,14161.210000,1800.000000,9.23000
16187,14161.210000,86.000000,9.23000
16188,14163.670000,4914.000000,9.23000
16189,14163.670000,1000.000000,9.23000
16190,14163.670000,1200.000000,9.23000
16191,14163.670000,200.000000,9.23000
16192,14163.670000,86.000000,9.23000
16193,14164.170000,2214.000000,9.23000
16194,14164.170000,86.000000,9.23000
16195,14167.210000,914.000000,9.23000
16196,14167.210000,500.000000,9.23000
16197,14167.210000,686.000000,9.23000
16198,14167.990000,2314.000000,9.23000
16199,14167.990000,500.000000,9.23000
16200,14167.990000,1000.000000,9.23000
16201,14167.990000,1500.000000,9.23000
16202,14167.990000,100.000000,9.23000
16203,14167.990000,100.000000,9.23000
16204,14167.990000,200.000000,9.23000
16205,14167.990000,3100.000000,9.23000
16206,14167.990000,1200.000000,9.23000
16207,14167.990000,1000.000000,9.23000
16208,14167.990000,2100.000000,9.23000
16209,14167.990000,600.000000,9.23000
16210,14167.990000,100.000000,9.23000
16211,14167.990000,1600.000000,9.23000
16212,14167.990000,100.000000,9.23000
16213,14167.990000,1000.000000,9.23000
16214,14167.990000,400.000000,9.23000
16215,14167.990000,1000.000000,9.23000
16216,14167.990000,200.000000,9.23000
16217,14167.990000,1000.000000,9.23000
16218,14167.990000,2100.000000,9.23000
16219,14167.990000,500.000000,9.23000
16220,14167.990000,1000.000000,9.23000
16221,14167.990000,800.000000,9.23000
16222,14167.990000,200.000000,9.23000
16223,14167.990000,2486.000000,9.23000
16224,14168.140000,3100.000000,9.23000
16225,14168.350000,3100.000000,9.23000
16226,14168.470000,1000.000000,9.23000
16227,14168.480000,700.000000,9.23000
16228,14168.520000,2900.000000,9.23000
16229,14168.640000,2200.000000,9.23000
16230,14168.910000,1000.000000,9.23000
16231,14169.300000,10000.000000,9.23000
16232,14169.670000,7200.000000,9.23000
16233,14169.670000,7400.000000,9.23000
16234,14170.550000,200.000000,9.23000
16235,14172.900000,2100.000000,9.23000
16236,14172.930000,1000.000000,9.23000
16237,14172.960000,2100.000000,9.23000
16238,14173.010000,100.000000,9.24000
16239,14173.090000,3100.000000,9.23000
16240,14173.290000,414.000000,9.23000
16241,14173.290000,2000.000000,9.23000
16242,14173.290000,100.000000,9.23000
16243,14173.290000,586.000000,9.23000
16244,14173.450000,1000.000000,9.23000
16245,14174.120000,1414.000000,9.23000
16246,14174.120000,586.000000,9.23000
16247,14178.480000,414.000000,9.23000
16248,14178.480000,1300.000000,9.23000
16249,14178.480000,500.000000,9.23000
16250,14178.480000,900.000000,9.23000
16251,14178.480000,3300.000000,9.23000
16252,14178.480000,300.000000,9.23000
16253,14178.480000,3000.000000,9.23000
16254,14178.480000,100.000000,9.23000
16255,14178.480000,800.000000,9.23000
16256,14178.480000,500.000000,9.23000
16257,14178.480000,400.000000,9.23000
16258,14178.480000,200.000000,9.23000
16259,14178.480000,2000.000000,9.23000
16260,14178.480000,200.000000,9.23000
16261,14178.480000,100.000000,9.23000
16262,14178.480000,5986.000000,9.23000
16263,14180.090000,4514.000000,9.23000
16264,14180.090000,10800.000000,9.23000
16265,14180.090000,500.000000,9.23000
16266,14180.090000,200.000000,9.23000
16267,14180.090000,5000.000000,9.23000
16268,14180.090000,300.000000,9.23000
16269,14180.090000,100.000000,9.23000
16270,14180.090000,1000.000000,9.23000
16271,14180.090000,500.000000,9.23000
16272,14180.090000,1800.000000,9.23000
16273,14180.090000,200.000000,9.23000
16274,14180.090000,200.000000,9.23000
16275,14180.090000,30000.000000,9.23000
16276,14180.090000,500.000000,9.23000
16277,14180.090000,500.000000,9.23000
16278,14180.090000,4000.000000,9.23000
16279,14180.090000,4000.000000,9.23000
16280,14180.090000,2000.000000,9.23000
16281,14180.090000,100.000000,9.23000
16282,14180.090000,1000.000000,9.23000
16283,14180.090000,100.000000,9.23000
16284,14180.090000,5000.000000,9.23000
16285,14180.090000,1000.000000,9.23000
16286,14180.090000,200.000000,9.23000
16287,14180.090000,300.000000,9.23000
16288,14180.090000,2700.000000,9.23000
16289,14180.090000,300.000000,9.23000
16290,14180.090000,100.000000,9.23000
16291,14180.090000,200.000000,9.23000
16292,14180.090000,300.000000,9.23000
16293,14180.090000,200.000000,9.23000
16294,14180.090000,200.000000,9.23000
16295,14180.090000,300.000000,9.23000
16296,14180.090000,100.000000,9.23000
16297,14180.090000,300.000000,9.23000
16298,14180.090000,300.000000,9.23000
16299,14180.090000,200.000000,9.23000
16300,14180.090000,1900.000000,9.23000
16301,14180.090000,300.000000,9.23000
16302,14180.090000,300.000000,9.23000
16303,14180.090000,300.000000,9.23000
16304,14180.090000,100.000000,9.23000
16305,14180.090000,300.000000,9.23000
16306,14180.090000,300.000000,9.23000
16307,14180.090000,200.000000,9.23000
16308,14180.090000,200.000000,9.23000
16309,14180.090000,100.000000,9.23000
16310,14180.090000,300.000000,9.23000
16311,14180.090000,300.000000,9.23000
16312,14180.090000,300.000000,9.23000
16313,14180.090000,100.000000,9.23000
16314,14180.090000,400.000000,9.23000
16315,14180.090000,400.000000,9.23000
16316,14180.090000,400.000000,9.23000
16317,14180.090000,300.000000,9.23000
16318,14180.090000,300.000000,9.23000
16319,14180.090000,4216.000000,9.22000
16320,14180.090000,470.000000,9.22000
16321,14180.970000,1000.000000,9.22000
16322,14181.670000,200.000000,9.22000
16323,14182.670000,200.000000,9.22000
16324,14184.960000,330.000000,9.22000
16325,14184.960000,1500.000000,9.22000
16326,14184.960000,200.000000,9.22000
16327,14184.960000,500.000000,9.22000
16328,14184.960000,1100.000000,9.22000
16329,14184.960000,800.000000,9.22000
16330,14184.960000,5570.000000,9.22000
16331,14187.100000,500.000000,9.22000
16332,14191.330000,900.000000,9.24000
16333,14191.820000,300.000000,9.23000
16334,14191.830000,400.000000,9.23000
16335,14191.830000,3200.000000,9.22000
16336,14192.530000,200.000000,9.22000
16337,14192.950000,830.000000,9.22000
16338,14192.950000,170.000000,9.22000
16339,14193.670000,3830.000000,9.22000
16340,14193.670000,2000.000000,9.22000
16341,14193.670000,800.000000,9.22000
16342,14193.670000,670.000000,9.22000
16343,14195.480000,4000.000000,9.22000
16344,14195.750000,5330.000000,9.22000
16345,14195.750000,600.000000,9.22000
16346,14195.750000,2000.000000,9.22000
16347,14195.750000,2000.000000,9.22000
16348,14195.750000,400.000000,9.22000
16349,14195.750000,500.000000,9.22000
16350,14195.750000,10000.000000,9.22000
16351,14195.750000,500.000000,9.22000
16352,14195.750000,1000.000000,9.22000
16353,14195.750000,1500.000000,9.22000
16354,14195.750000,5000.000000,9.22000
16355,14195.750000,1000.000000,9.22000
16356,14195.750000,1000.000000,9.22000
16357,14195.750000,4600.000000,9.22000
16358,14195.750000,500.000000,9.22000
16359,14195.750000,7000.000000,9.22000
16360,14195.750000,1000.000000,9.22000
16361,14195.750000,10000.000000,9.22000
16362,14195.750000,1000.000000,9.22000
16363,14195.750000,1000.000000,9.22000
16364,14195.750000,500.000000,9.22000
16365,14195.750000,8000.000000,9.22000
16366,14195.750000,1800.000000,9.22000
16367,14195.750000,500.000000,9.22000
16368,14195.750000,100.000000,9.22000
16369,14195.750000,1000.000000,9.22000
16370,14195.750000,300.000000,9.22000
16371,14195.750000,1000.000000,9.22000
16372,14195.750000,1900.000000,9.22000
16373,14195.750000,100.000000,9.22000
16374,14195.750000,8870.000000,9.22000
16375,14195.940000,400.000000,9.22000
16376,14200.120000,5000.000000,9.22000
16377,14203.170000,1230.000000,9.22000
16378,14203.170000,1000.000000,9.22000
16379,14203.170000,500.000000,9.22000
16380,14203.170000,3000.000000,9.22000
16381,14203.170000,300.000000,9.22000
16382,14203.170000,2300.000000,9.22000
16383,14203.170000,5000.000000,9.22000
16384,14203.170000,100.000000,9.22000
16385,14203.170000,400.000000,9.22000
16386,14203.170000,3200.000000,9.22000
16387,14203.170000,1500.000000,9.22000
16388,14203.170000,3000.000000,9.22000
16389,14203.170000,1000.000000,9.22000
16390,14203.170000,1100.000000,9.22000
16391,14203.170000,1000.000000,9.22000
16392,14203.170000,3000.000000,9.22000
16393,14203.170000,1600.000000,9.22000
16394,14203.170000,100.000000,9.22000
16395,14203.170000,500.000000,9.22000
16396,14203.170000,170.000000,9.22000
16397,14203.620000,100.000000,9.22000
16398,14204.160000,1730.000000,9.22000
16399,14204.160000,370.000000,9.22000
16400,14206.030000,200.000000,9.23000
16401,14206.030000,200.000000,9.22000
16402,14210.940000,100.000000,9.22000
16403,14214.590000,300.000000,9.23000
16404,14214.720000,200.000000,9.22000
16405,14215.500000,300.000000,9.22000
16406,14215.940000,400.000000,9.22000
16407,14217.990000,2430.000000,9.22000
16408,14217.990000,800.000000,9.22000
16409,14217.990000,2000.000000,9.22000
16410,14217.990000,1000.000000,9.22000
16411,14217.990000,1770.000000,9.22000
16412,14222.470000,1830.000000,9.22000
16413,14222.470000,1770.000000,9.22000
16414,14222.640000,1230.000000,9.22000
16415,14222.640000,200.000000,9.22000
16416,14222.640000,900.000000,9.22000
16417,14222.640000,770.000000,9.22000
16418,14224.950000,300.000000,9.23000
16419,14225.770000,200.000000,9.22000
16420,14232.910000,30.000000,9.22000
16421,14232.910000,570.000000,9.22000
16422,14233.360000,1900.000000,9.22000
16423,14233.910000,530.000000,9.22000
16424,14233.910000,1000.000000,9.22000
16425,14233.910000,10200.000000,9.22000
16426,14233.910000,1000.000000,9.22000
16427,14233.910000,2000.000000,9.22000
16428,14233.910000,400.000000,9.22000
16429,14233.910000,900.000000,9.22000
16430,14233.910000,500.000000,9.22000
16431,14233.910000,100.000000,9.22000
16432,14233.910000,1000.000000,9.22000
16433,14233.910000,300.000000,9.22000
16434,14233.910000,10000.000000,9.22000
16435,14233.910000,2070.000000,9.22000
16436,14234.650000,200.000000,9.23000
16437,14236.630000,200.000000,9.22000
16438,14236.990000,1330.000000,9.22000
16439,14236.990000,2000.000000,9.22000
16440,14236.990000,1000.000000,9.22000
16441,14236.990000,270.000000,9.22000
16442,14238.370000,30.000000,9.22000
16443,14238.370000,400.000000,9.22000
16444,14238.370000,4000.000000,9.22000
16445,14238.370000,4470.000000,9.22000
16446,14239.810000,2700.000000,9.22000
16447,14239.840000,1200.000000,9.22000
16448,14240.140000,1800.000000,9.22000
16449,14240.700000,600.000000,9.22000
16450,14241.670000,7200.000000,9.22000
16451,14242.680000,2400.000000,9.22000
16452,14242.710000,1300.000000,9.22000
16453,14242.740000,1700.000000,9.22000
16454,14243.020000,25600.000000,9.22000
16455,14243.590000,400.000000,9.22000
16456,14245.340000,900.000000,9.22000
16457,14247.010000,400.000000,9.22000
16458,14247.620000,100.000000,9.22000
16459,14247.640000,300.000000,9.22000
16460,14248.980000,5300.000000,9.22000
16461,14251.800000,1630.000000,9.22000
16462,14251.800000,500.000000,9.22000
16463,14251.800000,1470.000000,9.22000
16464,14253.290000,530.000000,9.22000
16465,14253.290000,470.000000,9.22000
16466,14255.940000,500.000000,9.22000
16467,14257.140000,500.000000,9.22000
16468,14258.720000,200.000000,9.22000
16469,14261.430000,700.000000,9.22000
16470,14261.460000,600.000000,9.22000
16471,14261.460000,2600.000000,9.22000
16472,14262.010000,2400.000000,9.22000
16473,14262.120000,200.000000,9.22000
16474,14264.630000,2000.000000,9.22000
16475,14269.150000,1300.000000,9.23000
16476,14269.740000,200.000000,9.22000
16477,14277.700000,6230.000000,9.22000
16478,14277.700000,1570.000000,9.22000
16479,14278.740000,200.000000,9.22000
16480,14280.410000,600.000000,9.22000
16481,14280.530000,200.000000,9.22000
16482,14280.760000,200.000000,9.22000
16483,14281.930000,230.000000,9.22000
16484,14281.930000,470.000000,9.22000
16485,14283.010000,530.000000,9.22000
16486,14283.010000,1570.000000,9.22000
16487,14284.020000,100.000000,9.23000
16488,14284.250000,430.000000,9.22000
16489,14284.250000,170.000000,9.22000
16490,14284.680000,830.000000,9.22000
16491,14284.680000,1470.000000,9.22000
16492,14287.650000,4030.000000,9.22000
16493,14287.650000,3700.000000,9.22000
16494,14287.650000,1000.000000,9.22000
16495,14287.650000,1000.000000,9.22000
16496,14287.650000,270.000000,9.22000
16497,14291.590000,200.000000,9.22000
16498,14291.620000,2530.000000,9.22000
16499,14291.620000,1470.000000,9.22000
16500,14292.120000,300.000000,9.22000
16501,14294.640000,2000.000000,9.22000
16502,14294.890000,2800.000000,9.22000
16503,14295.300000,400.000000,9.22000
16504,14298.670000,200.000000,9.23000
16505,14300.620000,30.000000,9.22000
16506,14300.620000,2470.000000,9.22000
16507,14302.610000,100.000000,9.22000
16508,14308.300000,300.000000,9.23000
16509,14313.570000,200.000000,9.22000
16510,14314.370000,1500.000000,9.22000
16511,14315.960000,400.000000,9.22000
16512,14318.170000,330.000000,9.22000
16513,14318.170000,2670.000000,9.22000
16514,14318.250000,100.000000,9.22000
16515,14324.100000,6500.000000,9.22000
16516,14324.740000,200.000000,9.22000
16517,14325.090000,2000.000000,9.22000
16518,14325.670000,4030.000000,9.22000
16519,14325.670000,100.000000,9.22000
16520,14325.670000,300.000000,9.22000
16521,14325.670000,1100.000000,9.22000
16522,14325.670000,1000.000000,9.22000
16523,14325.670000,300.000000,9.22000
16524,14325.670000,770.000000,9.22000
16525,14326.050000,400.000000,9.22000
16526,14328.470000,200.000000,9.23000
16527,14328.470000,100.000000,9.23000
16528,14335.750000,200.000000,9.22000
16529,14335.960000,400.000000,9.22000
16530,14339.590000,400.000000,9.23000
16531,14339.590000,400.000000,9.23000
16532,14340.010000,200.000000,9.23000
16533,14344.140000,300.000000,9.22000
16534,14344.710000,6600.000000,9.22000
16535,14345.660000,200.000000,9.23000
16536,14346.870000,100.000000,9.22000
16537,14348.240000,100.000000,9.22000
16538,14348.510000,8700.000000,9.23000
16539,14348.510000,100.000000,9.23000
16540,14348.510000,1200.000000,9.23000
16541,14350.130000,1000.000000,9.22000
16542,14353.210000,130.000000,9.22000
16543,14353.210000,200.000000,9.22000
16544,14353.210000,600.000000,9.22000
16545,14353.210000,500.000000,9.22000
16546,14353.210000,1000.000000,9.22000
16547,14353.210000,1100.000000,9.22000
16548,14353.210000,2300.000000,9.22000
16549,14353.210000,1000.000000,9.22000
16550,14353.210000,18170.000000,9.22000
16551,14353.990000,31830.000000,9.22000
16552,14353.990000,200.000000,9.22000
16553,14353.990000,2200.000000,9.22000
16554,14353.990000,3000.000000,9.22000
16555,14353.990000,1000.000000,9.22000
16556,14353.990000,1100.000000,9.22000
16557,14353.990000,400.000000,9.22000
16558,14353.990000,15300.000000,9.22000
16559,14353.990000,400.000000,9.22000
16560,14353.990000,1000.000000,9.22000
16561,14353.990000,10000.000000,9.22000
16562,14353.990000,200.000000,9.22000
16563,14353.990000,100.000000,9.22000
16564,14353.990000,100.000000,9.22000
16565,14353.990000,1000.000000,9.22000
16566,14353.990000,1900.000000,9.22000
16567,14353.990000,600.000000,9.22000
16568,14353.990000,58000.000000,9.22000
16569,14353.990000,100.000000,9.22000
16570,14353.990000,50000.000000,9.22000
16571,14353.990000,2000.000000,9.22000
16572,14353.990000,100.000000,9.22000
16573,14353.990000,1300.000000,9.22000
16574,14353.990000,2800.000000,9.22000
16575,14353.990000,10000.000000,9.22000
16576,14353.990000,5370.000000,9.22000
16577,14354.290000,1900.000000,9.22000
16578,14356.310000,100.000000,9.23000
16579,14357.470000,300.000000,9.23000
16580,14357.560000,200.000000,9.22000
16581,14359.730000,2530.000000,9.22000
16582,14359.730000,1000.000000,9.22000
16583,14359.730000,2870.000000,9.22000
16584,14360.360000,2900.000000,9.23000
16585,14361.240000,730.000000,9.22000
16586,14361.240000,2000.000000,9.22000
16587,14361.240000,3000.000000,9.22000
16588,14361.240000,2000.000000,9.22000
16589,14361.240000,300.000000,9.22000
16590,14361.240000,600.000000,9.22000
16591,14361.240000,40000.000000,9.22000
16592,14361.240000,1000.000000,9.22000
16593,14361.240000,900.000000,9.22000
16594,14361.240000,3000.000000,9.22000
16595,14361.240000,10000.000000,9.22000
16596,14361.240000,13400.000000,9.22000
16597,14361.240000,1200.000000,9.22000
16598,14361.240000,1870.000000,9.22000
16599,14361.400000,100.000000,9.22000
16600,14367.670000,1030.000000,9.22000
16601,14367.670000,1000.000000,9.22000
16602,14367.670000,2000.000000,9.22000
16603,14367.670000,900.000000,9.22000
16604,14367.670000,400.000000,9.22000
16605,14367.670000,2270.000000,9.22000
16606,14367.990000,200.000000,9.22000
16607,14368.170000,2530.000000,9.22000
16608,14368.170000,1000.000000,9.22000
16609,14368.170000,4000.000000,9.22000
16610,14368.170000,400.000000,9.22000
16611,14368.170000,1100.000000,9.22000
16612,14368.170000,3000.000000,9.22000
16613,14368.170000,500.000000,9.22000
16614,14368.170000,1000.000000,9.22000
16615,14368.170000,5000.000000,9.22000
16616,14368.170000,1500.000000,9.22000
16617,14368.170000,3000.000000,9.22000
16618,14368.170000,1000.000000,9.22000
16619,14368.170000,300.000000,9.22000
16620,14368.170000,1000.000000,9.22000
16621,14368.170000,1000.000000,9.22000
16622,14368.170000,500.000000,9.22000
16623,14368.170000,3000.000000,9.22000
16624,14368.170000,1000.000000,9.22000
16625,14368.170000,500.000000,9.22000
16626,14368.170000,1000.000000,9.22000
16627,14368.170000,12470.000000,9.22000
16628,14368.600000,200.000000,9.22000
16629,14370.110000,600.000000,9.22000
16630,14371.350000,200.000000,9.22000
16631,14375.210000,3600.000000,9.22000
16632,14378.240000,100.000000,9.22000
16633,14379.660000,200.000000,9.22000
16634,14381.110000,9000.000000,9.22000
16635,14383.120000,900.000000,9.22000
16636,14384.310000,1900.000000,9.22000
16637,14386.680000,100.000000,9.22000
16638,14386.710000,3900.000000,9.22000
16639,14387.090000,2900.000000,9.22000
16640,14390.230000,7700.000000,9.22000
16641,14390.760000,200.000000,9.22000
16642,14391.070000,1000.000000,9.22000
16643,14394.710000,1800.000000,9.22000
16644,14397.550000,400.000000,9.22000
16645,14401.070000,900.000000,9.22000
16646,14401.800000,100.000000,9.22000
16647,14402.860000,3600.000000,9.22000
16648,14403.670000,7900.000000,9.22000
16649,14404.300000,2300.000000,9.22000
16650,14406.130000,100.000000,9.22000
16651,14409.660000,7900.000000,9.22000
16652,14411.040000,8078.000000,9.22000
16653,14412.590000,2200.000000,9.22000
16654,14412.740000,200.000000,9.22000
16655,14414.740000,2000.000000,9.22000
16656,14415.670000,7300.000000,9.22000
16657,14422.570000,600.000000,9.22000
16658,14423.660000,200.000000,9.22000
16659,14427.440000,9452.000000,9.22000
16660,14427.440000,200.000000,9.22000
16661,14427.440000,400.000000,9.22000
16662,14427.440000,1000.000000,9.22000
16663,14427.440000,1000.000000,9.22000
16664,14427.440000,600.000000,9.22000
16665,14427.440000,2000.000000,9.22000
16666,14427.440000,500.000000,9.22000
16667,14427.440000,1000.000000,9.22000
16668,14427.440000,3000.000000,9.22000
16669,14427.440000,3200.000000,9.22000
16670,14427.440000,3000.000000,9.22000
16671,14427.440000,1800.000000,9.22000
16672,14427.440000,2000.000000,9.22000
16673,14427.440000,3000.000000,9.22000
16674,14427.440000,1000.000000,9.22000
16675,14427.440000,1500.000000,9.22000
16676,14427.440000,500.000000,9.22000
16677,14427.440000,100.000000,9.22000
16678,14427.440000,1000.000000,9.22000
16679,14427.440000,1100.000000,9.22000
16680,14427.440000,1000.000000,9.22000
16681,14427.440000,800.000000,9.22000
16682,14427.440000,1200.000000,9.22000
16683,14427.440000,600.000000,9.22000
16684,14427.440000,39048.000000,9.22000
16685,14432.200000,3700.000000,9.22000
16686,14434.520000,1500.000000,9.22000
16687,14434.820000,100.000000,9.22000
16688,14438.240000,100.000000,9.22000
16689,14445.180000,2100.000000,9.22000
16690,14445.640000,200.000000,9.22000
16691,14446.700000,900.000000,9.22000
16692,14449.500000,200.000000,9.22000
16693,14455.570000,500.000000,9.22000
16694,14456.660000,200.000000,9.22000
16695,14457.660000,1452.000000,9.22000
16696,14457.660000,100.000000,9.22000
16697,14457.660000,5748.000000,9.22000
16698,14459.710000,4252.000000,9.22000
16699,14459.710000,748.000000,9.22000
16700,14461.700000,252.000000,9.22000
16701,14461.700000,1000.000000,9.22000
16702,14461.700000,1000.000000,9.22000
16703,14461.700000,1448.000000,9.22000
16704,14465.350000,552.000000,9.22000
16705,14465.350000,1848.000000,9.22000
16706,14466.800000,200.000000,9.22000
16707,14467.380000,900.000000,9.23000
16708,14467.740000,200.000000,9.22000
16709,14468.240000,100.000000,9.22000
16710,14468.680000,1352.000000,9.22000
16711,14468.680000,200.000000,9.22000
16712,14468.680000,500.000000,9.22000
16713,14468.680000,100.000000,9.22000
16714,14468.680000,2000.000000,9.22000
16715,14468.680000,500.000000,9.22000
16716,14468.680000,1000.000000,9.22000
16717,14468.680000,100.000000,9.22000
16718,14468.680000,1000.000000,9.22000
16719,14468.680000,1300.000000,9.22000
16720,14468.680000,848.000000,9.22000
16721,14470.380000,1352.000000,9.22000
16722,14470.380000,500.000000,9.22000
16723,14470.380000,48.000000,9.22000
16724,14473.040000,952.000000,9.22000
16725,14473.040000,1000.000000,9.22000
16726,14473.040000,300.000000,9.22000
16727,14473.040000,1200.000000,9.22000
16728,14473.040000,300.000000,9.22000
16729,14473.040000,348.000000,9.22000
16730,14473.080000,1152.000000,9.22000
16731,14473.080000,500.000000,9.22000
16732,14473.080000,400.000000,9.22000
16733,14473.080000,1000.000000,9.22000
16734,14473.080000,300.000000,9.22000
16735,14473.080000,548.000000,9.22000
16736,14473.260000,452.000000,9.22000
16737,14473.260000,1000.000000,9.22000
16738,14473.260000,2748.000000,9.22000
16739,14474.380000,2100.000000,9.22000
16740,14475.430000,2700.000000,9.23000
16741,14476.180000,500.000000,9.22000
16742,14479.550000,200.000000,9.22000
16743,14485.620000,300.000000,9.23000
16744,14485.990000,600.000000,9.22000
16745,14485.990000,3852.000000,9.22000
16746,14485.990000,300.000000,9.22000
16747,14485.990000,48.000000,9.22000
16748,14485.990000,52.000000,9.22000
16749,14485.990000,700.000000,9.22000
16750,14485.990000,448.000000,9.22000
16751,14487.660000,3552.000000,9.22000
16752,14487.660000,200.000000,9.22000
16753,14487.660000,500.000000,9.22000
16754,14487.660000,200.000000,9.22000
16755,14487.660000,500.000000,9.22000
16756,14487.660000,2948.000000,9.22000
16757,14488.210000,3400.000000,9.22000
16758,14490.810000,100.000000,9.22000
16759,14492.700000,2000.000000,9.22000
16760,14497.080000,3800.000000,9.22000
16761,14497.740000,1800.000000,9.22000
16762,14497.770000,1200.000000,9.22000
16763,14497.800000,1700.000000,9.22000
16764,14497.870000,1300.000000,9.22000
16765,14497.990000,1500.000000,9.22000
16766,14498.190000,2200.000000,9.22000
16767,14498.220000,1252.000000,9.22000
16768,14498.220000,448.000000,9.22000
16769,14498.220000,200.000000,9.22000
16770,14498.850000,700.000000,9.22000
16771,14501.640000,200.000000,9.22000
16772,14503.350000,1500.000000,9.22000
16773,14503.870000,2900.000000,9.22000
16774,14504.000000,7452.000000,9.22000
16775,14504.000000,200.000000,9.22000
16776,14504.000000,300.000000,9.22000
16777,14504.000000,1500.000000,9.22000
16778,14504.000000,2000.000000,9.22000
16779,14504.000000,10000.000000,9.22000
16780,14504.000000,1600.000000,9.22000
16781,14504.000000,248.000000,9.22000
16782,14504.170000,3200.000000,9.22000
16783,14504.260000,2600.000000,9.22000
16784,14504.320000,2100.000000,9.22000
16785,14504.460000,1000.000000,9.22000
16786,14504.800000,852.000000,9.22000
16787,14504.800000,1048.000000,9.22000
16788,14504.820000,152.000000,9.22000
16789,14504.820000,17848.000000,9.22000
16790,14505.040000,500.000000,9.22000
16791,14505.190000,4852.000000,9.22000
16792,14505.190000,300.000000,9.22000
16793,14505.190000,800.000000,9.22000
16794,14505.190000,500.000000,9.22000
16795,14505.190000,1300.000000,9.22000
16796,14505.190000,300.000000,9.22000
16797,14505.190000,448.000000,9.22000
16798,14505.530000,2552.000000,9.22000
16799,14505.530000,500.000000,9.22000
16800,14505.530000,2000.000000,9.22000
16801,14505.530000,200.000000,9.22000
16802,14505.530000,5000.000000,9.22000
16803,14505.530000,200.000000,9.22000
16804,14505.530000,4400.000000,9.22000
16805,14505.530000,400.000000,9.22000
16806,14505.530000,1000.000000,9.22000
16807,14505.530000,200.000000,9.22000
16808,14505.530000,500.000000,9.22000
16809,14505.530000,1000.000000,9.22000
16810,14505.530000,600.000000,9.22000
16811,14505.530000,1300.000000,9.22000
16812,14505.530000,300.000000,9.22000
16813,14505.530000,3200.000000,9.22000
16814,14505.530000,3000.000000,9.22000
16815,14505.530000,10000.000000,9.22000
16816,14505.530000,100.000000,9.22000
16817,14505.530000,600.000000,9.22000
16818,14505.530000,800.000000,9.22000
16819,14505.530000,10000.000000,9.22000
16820,14505.530000,100.000000,9.22000
16821,14505.530000,1000.000000,9.22000
16822,14505.530000,2000.000000,9.22000
16823,14505.530000,1600.000000,9.22000
16824,14505.530000,600.000000,9.22000
16825,14505.530000,2500.000000,9.22000
16826,14505.530000,1100.000000,9.22000
16827,14505.530000,1200.000000,9.22000
16828,14505.530000,2000.000000,9.22000
16829,14505.530000,100.000000,9.22000
16830,14505.530000,3000.000000,9.22000
16831,14505.530000,2000.000000,9.22000
16832,14505.530000,2748.000000,9.22000
16833,14505.760000,852.000000,9.22000
16834,14505.760000,148.000000,9.22000
16835,14506.150000,152.000000,9.22000
16836,14506.150000,3000.000000,9.22000
16837,14506.150000,248.000000,9.22000
16838,14507.230000,2552.000000,9.22000
16839,14507.230000,600.000000,9.22000
16840,14507.230000,248.000000,9.22000
16841,14507.290000,3100.000000,9.22000
16842,14507.580000,2600.000000,9.22000
16843,14507.580000,3100.000000,9.22000
16844,14507.770000,952.000000,9.22000
16845,14507.770000,3000.000000,9.22000
16846,14507.770000,300.000000,9.22000
16847,14507.770000,2000.000000,9.22000
16848,14507.770000,900.000000,9.22000
16849,14507.770000,200.000000,9.22000
16850,14507.770000,800.000000,9.22000
16851,14507.770000,900.000000,9.22000
16852,14507.770000,200.000000,9.22000
16853,14507.770000,900.000000,9.22000
16854,14507.770000,10800.000000,9.22000
16855,14507.770000,300.000000,9.22000
16856,14507.770000,1600.000000,9.22000
16857,14507.770000,200.000000,9.22000
16858,14507.770000,200.000000,9.22000
16859,14507.770000,1100.000000,9.22000
16860,14507.770000,3000.000000,9.22000
16861,14507.770000,100.000000,9.22000
16862,14507.770000,500.000000,9.22000
16863,14507.770000,2000.000000,9.22000
16864,14507.770000,848.000000,9.22000
16865,14507.800000,1252.000000,9.22000
16866,14507.800000,2448.000000,9.22000
16867,14507.800000,552.000000,9.22000
16868,14507.800000,1448.000000,9.22000
16869,14508.160000,252.000000,9.22000
16870,14508.160000,248.000000,9.22000
16871,14508.290000,800.000000,9.22000
16872,14511.460000,600.000000,9.22000
16873,14511.690000,352.000000,9.22000
16874,14511.690000,200.000000,9.22000
16875,14511.690000,500.000000,9.22000
16876,14511.690000,6848.000000,9.22000
16877,14511.690000,1152.000000,9.22000
16878,14511.690000,4000.000000,9.22000
16879,14511.690000,100.000000,9.22000
16880,14511.690000,1000.000000,9.22000
16881,14511.690000,500.000000,9.22000
16882,14511.690000,648.000000,9.22000
16883,14512.680000,200.000000,9.22000
16884,14514.990000,1278.000000,9.22000
16885,14515.000000,500.000000,9.22000
16886,14515.000000,374.000000,9.22000
16887,14515.000000,300.000000,9.22000
16888,14515.000000,500.000000,9.22000
16889,14515.000000,826.000000,9.22000
16890,14515.210000,74.000000,9.22000
16891,14515.210000,600.000000,9.22000
16892,14515.210000,300.000000,9.22000
16893,14515.210000,1026.000000,9.22000
16894,14515.480000,500.000000,9.22000
16895,14521.530000,200.000000,9.22000
16896,14522.830000,100.000000,9.22000
16897,14523.670000,374.000000,9.22000
16898,14523.670000,300.000000,9.22000
16899,14523.670000,100.000000,9.22000
16900,14523.670000,2000.000000,9.22000
16901,14523.670000,2200.000000,9.22000
16902,14523.670000,300.000000,9.22000
16903,14523.670000,2526.000000,9.22000
16904,14523.840000,100.000000,9.22000
16905,14524.120000,374.000000,9.22000
16906,14524.120000,2000.000000,9.22000
16907,14524.120000,700.000000,9.22000
16908,14524.120000,326.000000,9.22000
16909,14524.200000,174.000000,9.22000
16910,14524.200000,2126.000000,9.22000
16911,14525.370000,874.000000,9.22000
16912,14525.370000,2000.000000,9.22000
16913,14525.370000,300.000000,9.22000
16914,14525.370000,226.000000,9.22000
16915,14526.030000,200.000000,9.22000
16916,14526.850000,1474.000000,9.22000
16917,14526.850000,1000.000000,9.22000
16918,14526.850000,700.000000,9.22000
16919,14526.850000,526.000000,9.22000
16920,14526.930000,6374.000000,9.22000
16921,14526.930000,1000.000000,9.22000
16922,14526.930000,1500.000000,9.22000
16923,14526.930000,500.000000,9.22000
16924,14526.930000,300.000000,9.22000
16925,14526.930000,1626.000000,9.22000
16926,14527.470000,1374.000000,9.22000
16927,14527.470000,200.000000,9.22000
16928,14527.470000,1026.000000,9.22000
16929,14527.770000,1474.000000,9.22000
16930,14527.770000,400.000000,9.22000
16931,14527.770000,600.000000,9.22000
16932,14527.770000,926.000000,9.22000
16933,14528.140000,174.000000,9.22000
16934,14528.140000,200.000000,9.22000
16935,14528.140000,200.000000,9.22000
16936,14528.140000,326.000000,9.22000
16937,14528.350000,774.000000,9.22000
16938,14528.350000,500.000000,9.22000
16939,14528.350000,1000.000000,9.22000
16940,14528.350000,1126.000000,9.22000
16941,14529.100000,600.000000,9.22000
16942,14529.130000,14874.000000,9.22000
16943,14529.130000,500.000000,9.22000
16944,14529.130000,100.000000,9.22000
16945,14529.130000,1000.000000,9.22000
16946,14529.130000,1000.000000,9.22000
16947,14529.130000,500.000000,9.22000
16948,14529.130000,5000.000000,9.22000
16949,14529.130000,4000.000000,9.22000
16950,14529.130000,800.000000,9.22000
16951,14529.130000,2000.000000,9.22000
16952,14529.130000,400.000000,9.22000
16953,14529.130000,8700.000000,9.22000
16954,14529.130000,300.000000,9.22000
16955,14529.130000,3000.000000,9.22000
16956,14529.130000,2200.000000,9.22000
16957,14529.130000,900.000000,9.22000
16958,14529.130000,200.000000,9.22000
16959,14529.130000,2100.000000,9.22000
16960,14529.130000,300.000000,9.22000
16961,14529.130000,1300.000000,9.22000
16962,14529.130000,10000.000000,9.22000
16963,14529.130000,2500.000000,9.22000
16964,14529.130000,1000.000000,9.22000
16965,14529.130000,1000.000000,9.22000
16966,14529.130000,1000.000000,9.22000
16967,14529.130000,2100.000000,9.22000
16968,14529.130000,100.000000,9.22000
16969,14529.130000,1000.000000,9.22000
16970,14529.130000,100.000000,9.22000
16971,14529.130000,400.000000,9.22000
16972,14529.130000,6900.000000,9.22000
16973,14529.130000,100.000000,9.22000
16974,14529.130000,2000.000000,9.22000
16975,14529.130000,1000.000000,9.22000
16976,14529.130000,2000.000000,9.22000
16977,14529.130000,1000.000000,9.22000
16978,14529.130000,1300.000000,9.22000
16979,14529.130000,800.000000,9.22000
16980,14529.130000,2000.000000,9.22000
16981,14529.130000,4000.000000,9.22000
16982,14529.130000,500.000000,9.22000
16983,14529.130000,300.000000,9.22000
16984,14529.130000,1000.000000,9.22000
16985,14529.130000,300.000000,9.22000
16986,14529.130000,1000.000000,9.22000
16987,14529.130000,26.000000,9.22000
16988,14530.380000,200.000000,9.22000
16989,14530.500000,3400.000000,9.22000
16990,14531.800000,1374.000000,9.22000
16991,14531.800000,2026.000000,9.22000
16992,14534.440000,74.000000,9.22000
16993,14534.440000,500.000000,9.22000
16994,14534.440000,1000.000000,9.22000
16995,14534.440000,100.000000,9.22000
16996,14534.440000,426.000000,9.22000
16997,14534.540000,200.000000,9.22000
16998,14534.850000,374.000000,9.22000
16999,14534.850000,100.000000,9.22000
17000,14534.850000,500.000000,9.22000
17001,14534.850000,2426.000000,9.22000
17002,14534.860000,500.000000,9.22000
17003,14535.100000,274.000000,9.22000
17004,14535.100000,600.000000,9.22000
17005,14535.100000,626.000000,9.22000
17006,14535.120000,174.000000,9.22000
17007,14535.120000,1326.000000,9.22000
17008,14535.270000,1500.000000,9.22000
17009,14535.300000,2374.000000,9.22000
17010,14535.300000,300.000000,9.22000
17011,14535.300000,300.000000,9.22000
17012,14535.300000,926.000000,9.22000
17013,14535.650000,4074.000000,9.22000
17014,14535.650000,26.000000,9.22000
17015,14535.850000,1674.000000,9.22000
17016,14535.850000,300.000000,9.22000
17017,14535.850000,1426.000000,9.22000
17018,14535.970000,1774.000000,9.22000
17019,14535.970000,300.000000,9.22000
17020,14535.970000,1726.000000,9.22000
17021,14536.330000,1374.000000,9.22000
17022,14536.330000,2000.000000,9.22000
17023,14536.330000,100.000000,9.22000
17024,14536.330000,226.000000,9.22000
17025,14536.730000,700.000000,9.22000
17026,14536.960000,3900.000000,9.22000
17027,14536.990000,3500.000000,9.22000
17028,14537.190000,4200.000000,9.22000
17029,14537.520000,3800.000000,9.22000
17030,14537.940000,2600.000000,9.22000
17031,14538.070000,100.000000,9.22000
17032,14538.330000,2600.000000,9.22000
17033,14541.560000,28374.000000,9.22000
17034,14541.560000,1626.000000,9.22000
17035,14541.670000,1374.000000,9.22000
17036,14541.670000,1000.000000,9.22000
17037,14541.670000,300.000000,9.22000
17038,14541.670000,600.000000,9.22000
17039,14541.670000,3200.000000,9.22000
17040,14541.670000,500.000000,9.22000
17041,14541.670000,326.000000,9.22000
17042,14541.670000,674.000000,9.22000
17043,14541.670000,1000.000000,9.22000
17044,14541.670000,2900.000000,9.22000
17045,14541.670000,3226.000000,9.22000
17046,14543.210000,800.000000,9.22000
17047,14543.640000,974.000000,9.22000
17048,14543.640000,200.000000,9.22000
17049,14543.640000,826.000000,9.22000
17050,14545.680000,200.000000,9.22000
17051,14546.450000,200.000000,9.22000
17052,14548.010000,900.000000,9.22000
17053,14548.390000,774.000000,9.22000
17054,14548.390000,126.000000,9.22000
17055,14549.190000,100.000000,9.22000
17056,14551.800000,1774.000000,9.22000
17057,14551.800000,1500.000000,9.22000
17058,14551.800000,3400.000000,9.22000
17059,14551.800000,3000.000000,9.22000
17060,14551.800000,1000.000000,9.22000
17061,14551.800000,500.000000,9.22000
17062,14551.800000,1626.000000,9.22000
17063,14552.270000,374.000000,9.22000
17064,14552.270000,200.000000,9.22000
17065,14552.270000,426.000000,9.22000
17066,14552.560000,500.000000,9.22000
17067,14556.770000,200.000000,9.22000
17068,14557.050000,3800.000000,9.22000
17069,14558.240000,74.000000,9.22000
17070,14558.240000,26.000000,9.22000
17071,14560.970000,574.000000,9.22000
17072,14560.970000,226.000000,9.22000
17073,14562.860000,2000.000000,9.22000
17074,14563.380000,1000.000000,9.22000
17075,14564.460000,174.000000,9.22000
17076,14564.460000,1826.000000,9.22000
17077,14567.570000,1174.000000,9.22000
17078,14567.570000,500.000000,9.22000
17079,14567.570000,400.000000,9.22000
17080,14567.570000,2000.000000,9.22000
17081,14567.570000,400.000000,9.22000
17082,14567.570000,800.000000,9.22000
17083,14567.570000,3000.000000,9.22000
17084,14567.570000,4000.000000,9.22000
17085,14567.570000,100.000000,9.22000
17086,14567.570000,426.000000,9.22000
17087,14567.720000,200.000000,9.22000
17088,14569.340000,400.000000,9.22000
17089,14571.400000,2000.000000,9.22000
17090,14573.580000,600.000000,9.22000
17091,14574.080000,1374.000000,9.22000
17092,14574.080000,900.000000,9.22000
17093,14574.080000,100.000000,9.22000
17094,14574.080000,626.000000,9.22000
17095,14577.760000,374.000000,9.22000
17096,14577.760000,100.000000,9.22000
17097,14577.760000,600.000000,9.22000
17098,14577.760000,400.000000,9.22000
17099,14577.760000,2000.000000,9.22000
17100,14577.760000,1000.000000,9.22000
17101,14577.760000,2000.000000,9.22000
17102,14577.760000,1000.000000,9.22000
17103,14577.760000,2726.000000,9.22000
17104,14578.200000,1274.000000,9.22000
17105,14578.200000,300.000000,9.22000
17106,14578.200000,426.000000,9.22000
17107,14578.630000,74.000000,9.22000
17108,14578.630000,126.000000,9.22000
17109,14579.670000,374.000000,9.22000
17110,14579.670000,5000.000000,9.22000
17111,14579.670000,500.000000,9.22000
17112,14579.670000,1126.000000,9.22000
17113,14580.590000,1000.000000,9.22000
17114,14581.370000,874.000000,9.22000
17115,14581.370000,1000.000000,9.22000
17116,14581.370000,326.000000,9.22000
17117,14582.950000,100.000000,9.22000
17118,14583.670000,2574.000000,9.22000
17119,14583.670000,3000.000000,9.22000
17120,14583.670000,400.000000,9.22000
17121,14583.670000,400.000000,9.22000
17122,14583.670000,1326.000000,9.22000
17123,14586.740000,100.000000,9.22000
17124,14586.880000,1774.000000,9.22000
17125,14586.880000,1000.000000,9.22000
17126,14586.880000,926.000000,9.22000
17127,14588.230000,74.000000,9.22000
17128,14588.230000,26.000000,9.22000
17129,14589.830000,100.000000,9.22000
17130,14590.480000,474.000000,9.22000
17131,14590.480000,1000.000000,9.22000
17132,14590.480000,2000.000000,9.22000
17133,14590.480000,4726.000000,9.22000
17134,14590.540000,3000.000000,9.22000
17135,14591.310000,300.000000,9.22000
17136,14593.800000,200.000000,9.22000
17137,14594.880000,1774.000000,9.22000
17138,14594.880000,126.000000,9.22000
17139,14595.250000,200.000000,9.22000
17140,14596.920000,274.000000,9.22000
17141,14596.920000,226.000000,9.22000
17142,14600.680000,174.000000,9.22000
17143,14600.680000,26.000000,9.22000
17144,14601.210000,174.000000,9.22000
17145,14601.210000,1500.000000,9.22000
17146,14601.210000,11126.000000,9.22000
17147,14611.170000,900.000000,9.22000
17148,14611.220000,4000.000000,9.22000
17149,14611.760000,200.000000,9.22000
17150,14612.940000,12800.000000,9.22000
17151,14616.100000,2600.000000,9.22000
17152,14616.240000,3500.000000,9.22000
17153,14616.270000,9000.000000,9.22000
17154,14616.550000,3900.000000,9.22000
17155,14616.720000,4200.000000,9.22000
17156,14617.440000,4000.000000,9.22000
17157,14617.500000,2600.000000,9.22000
17158,14617.610000,4500.000000,9.22000
17159,14618.080000,4200.000000,9.22000
17160,14618.240000,100.000000,9.22000
17161,14618.400000,2374.000000,9.22000
17162,14618.400000,2000.000000,9.22000
17163,14618.400000,500.000000,9.22000
17164,14618.400000,100.000000,9.22000
17165,14618.400000,500.000000,9.22000
17166,14618.400000,1200.000000,9.22000
17167,14618.400000,1000.000000,9.22000
17168,14618.400000,500.000000,9.22000
17169,14618.400000,700.000000,9.22000
17170,14618.400000,100.000000,9.22000
17171,14618.400000,600.000000,9.22000
17172,14618.400000,100.000000,9.22000
17173,14618.400000,326.000000,9.22000
17174,14619.150000,12800.000000,9.22000
17175,14619.670000,6874.000000,9.22000
17176,14619.670000,526.000000,9.22000
17177,14619.870000,474.000000,9.22000
17178,14619.870000,1600.000000,9.22000
17179,14619.870000,526.000000,9.22000
17180,14621.230000,1474.000000,9.22000
17181,14621.230000,400.000000,9.22000
17182,14621.230000,726.000000,9.22000
17183,14622.640000,1274.000000,9.22000
17184,14622.640000,5000.000000,9.22000
17185,14622.640000,100.000000,9.22000
17186,14622.640000,100.000000,9.22000
17187,14622.640000,1000.000000,9.22000
17188,14622.640000,100.000000,9.22000
17189,14622.640000,800.000000,9.22000
17190,14622.640000,100.000000,9.22000
17191,14622.640000,226.000000,9.22000
17192,14622.670000,200.000000,9.22000
17193,14623.910000,800.000000,9.22000
17194,14624.010000,200.000000,9.22000
17195,14624.550000,3500.000000,9.22000
17196,14624.880000,10374.000000,9.22000
17197,14624.880000,100.000000,9.22000
17198,14624.880000,100.000000,9.22000
17199,14624.880000,100.000000,9.22000
17200,14624.880000,100.000000,9.22000
17201,14624.880000,2026.000000,9.22000
17202,14624.910000,2000.000000,9.22000
17203,14625.100000,974.000000,9.22000
17204,14625.100000,1626.000000,9.22000
17205,14625.660000,5774.000000,9.22000
17206,14625.660000,1626.000000,9.22000
17207,14626.180000,100.000000,9.23000
17208,14626.940000,374.000000,9.22000
17209,14626.940000,300.000000,9.22000
17210,14626.940000,400.000000,9.22000
17211,14626.940000,400.000000,9.22000
17212,14626.940000,40000.000000,9.22000
17213,14626.940000,1300.000000,9.22000
17214,14626.940000,200.000000,9.22000
17215,14626.940000,1200.000000,9.22000
17216,14626.940000,2000.000000,9.22000
17217,14626.940000,5000.000000,9.22000
17218,14626.940000,1400.000000,9.22000
17219,14626.940000,200.000000,9.22000
17220,14626.940000,1000.000000,9.22000
17221,14626.940000,500.000000,9.22000
17222,14626.940000,100.000000,9.22000
17223,14626.940000,1000.000000,9.22000
17224,14626.940000,500.000000,9.22000
17225,14626.940000,2000.000000,9.22000
17226,14626.940000,400.000000,9.22000
17227,14626.940000,400.000000,9.22000
17228,14626.940000,100.000000,9.22000
17229,14626.940000,400.000000,9.22000
17230,14626.940000,1000.000000,9.22000
17231,14626.940000,1000.000000,9.22000
17232,14626.940000,100.000000,9.22000
17233,14626.940000,500.000000,9.22000
17234,14626.940000,200.000000,9.22000
17235,14626.940000,1200.000000,9.22000
17236,14626.940000,600.000000,9.22000
17237,14626.940000,2000.000000,9.22000
17238,14626.940000,200.000000,9.22000
17239,14626.940000,1000.000000,9.22000
17240,14626.940000,5400.000000,9.22000
17241,14626.940000,1100.000000,9.22000
17242,14626.940000,1000.000000,9.22000
17243,14626.940000,1000.000000,9.22000
17244,14626.940000,700.000000,9.22000
17245,14626.940000,3600.000000,9.22000
17246,14626.940000,100.000000,9.22000
17247,14626.940000,100.000000,9.22000
17248,14626.940000,300.000000,9.22000
17249,14626.940000,1500.000000,9.22000
17250,14626.940000,100.000000,9.22000
17251,14626.940000,100.000000,9.22000
17252,14626.940000,3000.000000,9.22000
17253,14626.940000,500.000000,9.22000
17254,14626.940000,9000.000000,9.22000
17255,14626.940000,226.000000,9.22000
17256,14626.970000,1674.000000,9.22000
17257,14626.970000,2026.000000,9.22000
17258,14629.160000,374.000000,9.22000
17259,14629.160000,900.000000,9.22000
17260,14629.160000,600.000000,9.22000
17261,14629.160000,1000.000000,9.22000
17262,14629.160000,1000.000000,9.22000
17263,14629.160000,8926.000000,9.22000
17264,14629.300000,1074.000000,9.22000
17265,14629.300000,1000.000000,9.22000
17266,14629.300000,100.000000,9.22000
17267,14629.300000,500.000000,9.22000
17268,14629.300000,326.000000,9.22000
17269,14629.410000,174.000000,9.22000
17270,14629.410000,900.000000,9.22000
17271,14629.410000,3926.000000,9.22000
17272,14631.670000,1074.000000,9.22000
17273,14631.670000,1500.000000,9.22000
17274,14631.670000,1900.000000,9.22000
17275,14631.670000,300.000000,9.22000
17276,14631.670000,1900.000000,9.22000
17277,14631.670000,500.000000,9.22000
17278,14631.670000,426.000000,9.22000
17279,14633.060000,500.000000,9.22000
17280,14633.620000,200.000000,9.22000
17281,14638.090000,100.000000,9.22000
17282,14641.470000,400.000000,9.22000
17283,14642.270000,3874.000000,9.22000
17284,14642.270000,500.000000,9.22000
17285,14642.270000,1000.000000,9.22000
17286,14642.270000,100.000000,9.22000
17287,14642.270000,200.000000,9.22000
17288,14642.270000,400.000000,9.22000
17289,14642.270000,800.000000,9.22000
17290,14642.270000,100.000000,9.22000
17291,14642.270000,1000.000000,9.22000
17292,14642.270000,1100.000000,9.22000
17293,14642.270000,300.000000,9.22000
17294,14642.270000,626.000000,9.22000
17295,14644.230000,1374.000000,9.22000
17296,14644.230000,1000.000000,9.22000
17297,14644.230000,26.000000,9.22000
17298,14644.850000,100.000000,9.22000
17299,14646.990000,100.000000,9.22000
17300,14648.230000,100.000000,9.22000
17301,14648.470000,1674.000000,9.22000
17302,14648.470000,1500.000000,9.22000
17303,14648.470000,2263.000000,9.22000
17304,14654.510000,2000.000000,9.22000
17305,14655.520000,200.000000,9.22000
17306,14656.380000,4600.000000,9.22000
17307,14658.360000,500.000000,9.22000
17308,14658.970000,437.000000,9.22000
17309,14658.970000,1000.000000,9.22000
17310,14658.970000,500.000000,9.22000
17311,14658.970000,1000.000000,9.22000
17312,14658.970000,500.000000,9.22000
17313,14658.970000,463.000000,9.22000
17314,14660.570000,100.000000,9.22000
17315,14662.610000,2100.000000,9.22000
17316,14663.350000,99537.000000,9.22000
17317,14663.350000,2000.000000,9.22000
17318,14663.350000,300.000000,9.22000
17319,14663.350000,800.000000,9.22000
17320,14663.350000,4600.000000,9.22000
17321,14663.350000,1000.000000,9.22000
17322,14663.350000,1000.000000,9.22000
17323,14663.350000,8700.000000,9.22000
17324,14663.350000,2000.000000,9.22000
17325,14663.350000,1000.000000,9.22000
17326,14663.350000,100.000000,9.22000
17327,14663.350000,1000.000000,9.22000
17328,14663.350000,1000.000000,9.22000
17329,14663.350000,5100.000000,9.22000
17330,14663.350000,10863.000000,9.22000
17331,14664.550000,6300.000000,9.22000
17332,14665.360000,200.000000,9.22000
17333,14666.750000,200.000000,9.22000
17334,14673.040000,11000.000000,9.22000
17335,14676.440000,1437.000000,9.22000
17336,14676.440000,10000.000000,9.22000
17337,14676.440000,900.000000,9.22000
17338,14676.440000,300.000000,9.22000
17339,14676.440000,163.000000,9.22000
17340,14677.590000,200.000000,9.22000
17341,14678.770000,137.000000,9.22000
17342,14678.770000,3000.000000,9.22000
17343,14678.770000,300.000000,9.22000
17344,14678.770000,400.000000,9.22000
17345,14678.770000,500.000000,9.22000
17346,14678.770000,1000.000000,9.22000
17347,14678.770000,1500.000000,9.22000
17348,14678.770000,800.000000,9.22000
17349,14678.770000,100.000000,9.22000
17350,14678.770000,2263.000000,9.22000
17351,14684.550000,2100.000000,9.22000
17352,14687.080000,737.000000,9.22000
17353,14687.080000,2963.000000,9.22000
17354,14688.720000,200.000000,9.22000
17355,14691.490000,1000.000000,9.22000
17356,14691.880000,837.000000,9.22000
17357,14691.880000,2000.000000,9.22000
17358,14691.880000,800.000000,9.22000
17359,14691.880000,1000.000000,9.22000
17360,14691.880000,100.000000,9.22000
17361,14691.880000,24400.000000,9.22000
17362,14691.880000,500.000000,9.22000
17363,14691.880000,500.000000,9.22000
17364,14691.880000,400.000000,9.22000
17365,14691.880000,24400.000000,9.22000
17366,14691.880000,300.000000,9.22000
17367,14691.880000,100.000000,9.22000
17368,14691.880000,800.000000,9.22000
17369,14691.880000,12700.000000,9.22000
17370,14691.880000,300.000000,9.22000
17371,14691.880000,12700.000000,9.22000
17372,14691.880000,5000.000000,9.22000
17373,14691.880000,700.000000,9.22000
17374,14691.880000,700.000000,9.22000
17375,14691.880000,12400.000000,9.22000
17376,14691.880000,1000.000000,9.22000
17377,14691.880000,200.000000,9.22000
17378,14691.880000,600.000000,9.22000
17379,14691.880000,500.000000,9.22000
17380,14691.880000,3300.000000,9.22000
17381,14691.880000,1100.000000,9.22000
17382,14691.880000,2000.000000,9.22000
17383,14691.880000,500.000000,9.22000
17384,14691.880000,100.000000,9.22000
17385,14691.880000,500.000000,9.22000
17386,14691.880000,1100.000000,9.22000
17387,14691.880000,363.000000,9.22000
17388,14692.150000,500.000000,9.22000
17389,14692.150000,1300.000000,9.23000
17390,14692.390000,137.000000,9.22000
17391,14692.390000,763.000000,9.22000
17392,14694.340000,3637.000000,9.22000
17393,14694.340000,32600.000000,9.22000
17394,14694.340000,33763.000000,9.22000
17395,14695.400000,15000.000000,9.22000
17396,14696.650000,7837.000000,9.22000
17397,14696.650000,1500.000000,9.22000
17398,14696.650000,200.000000,9.22000
17399,14696.650000,300.000000,9.22000
17400,14696.650000,163.000000,9.22000
17401,14697.590000,937.000000,9.22000
17402,14697.590000,300.000000,9.22000
17403,14697.590000,1700.000000,9.22000
17404,14697.590000,47063.000000,9.22000
17405,14697.670000,9537.000000,9.22000
17406,14697.670000,363.000000,9.22000
17407,14699.670000,100.000000,9.22000
17408,14700.020000,1437.000000,9.22000
17409,14700.020000,5000.000000,9.22000
17410,14700.020000,1000.000000,9.22000
17411,14700.020000,2563.000000,9.22000
17412,14700.060000,500.000000,9.22000
17413,14700.120000,500.000000,9.22000
17414,14701.090000,200.000000,9.22000
17415,14702.030000,6237.000000,9.22000
17416,14702.030000,500.000000,9.22000
17417,14702.030000,1200.000000,9.22000
17418,14702.030000,300.000000,9.22000
17419,14702.030000,300.000000,9.22000
17420,14702.030000,400.000000,9.22000
17421,14702.030000,100.000000,9.22000
17422,14702.030000,5063.000000,9.22000
17423,14703.260000,200.000000,9.22000
17424,14705.500000,800.000000,9.22000
17425,14706.340000,3537.000000,9.22000
17426,14706.340000,10000.000000,9.22000
17427,14706.340000,2200.000000,9.22000
17428,14706.340000,100.000000,9.22000
17429,14706.340000,500.000000,9.22000
17430,14706.340000,500.000000,9.22000
17431,14706.340000,100.000000,9.22000
17432,14706.340000,5600.000000,9.22000
17433,14706.340000,300.000000,9.22000
17434,14706.340000,2000.000000,9.22000
17435,14706.340000,1000.000000,9.22000
17436,14706.340000,100.000000,9.22000
17437,14706.340000,1000.000000,9.22000
17438,14706.340000,300.000000,9.22000
17439,14706.340000,863.000000,9.22000
17440,14707.480000,637.000000,9.22000
17441,14707.480000,10000.000000,9.22000
17442,14707.480000,500.000000,9.22000
17443,14707.480000,500.000000,9.22000
17444,14707.480000,400.000000,9.22000
17445,14707.480000,1200.000000,9.22000
17446,14707.480000,1400.000000,9.22000
17447,14707.480000,3000.000000,9.22000
17448,14707.480000,1000.000000,9.22000
17449,14707.480000,9000.000000,9.22000
17450,14707.480000,700.000000,9.22000
17451,14707.480000,300.000000,9.22000
17452,14707.480000,10200.000000,9.22000
17453,14707.480000,2000.000000,9.22000
17454,14707.480000,400.000000,9.22000
17455,14707.480000,500.000000,9.22000
17456,14707.480000,500.000000,9.22000
17457,14707.480000,32600.000000,9.22000
17458,14707.480000,10363.000000,9.22000
17459,14708.210000,2037.000000,9.22000
17460,14708.210000,900.000000,9.22000
17461,14708.210000,400.000000,9.22000
17462,14708.210000,19000.000000,9.22000
17463,14708.210000,1000.000000,9.22000
17464,14708.210000,100.000000,9.22000
17465,14708.210000,100.000000,9.22000
17466,14708.210000,1000.000000,9.22000
17467,14708.210000,1000.000000,9.22000
17468,14708.210000,200.000000,9.22000
17469,14708.210000,600.000000,9.22000
17470,14708.210000,1000.000000,9.22000
17471,14708.210000,102200.000000,9.22000
17472,14708.210000,500.000000,9.22000
17473,14708.210000,3600.000000,9.22000
17474,14708.210000,1100.000000,9.22000
17475,14708.210000,1000.000000,9.22000
17476,14708.210000,1500.000000,9.22000
17477,14708.210000,300.000000,9.22000
17478,14708.210000,2000.000000,9.22000
17479,14708.210000,1000.000000,9.22000
17480,14708.210000,1200.000000,9.22000
17481,14708.210000,500.000000,9.22000
17482,14708.210000,100.000000,9.22000
17483,14708.210000,800.000000,9.22000
17484,14708.210000,300.000000,9.22000
17485,14708.210000,3000.000000,9.22000
17486,14708.210000,1200.000000,9.22000
17487,14708.210000,400.000000,9.22000
17488,14708.210000,1700.000000,9.22000
17489,14708.210000,1000.000000,9.22000
17490,14708.210000,300.000000,9.22000
17491,14708.210000,300.000000,9.22000
17492,14708.210000,3600.000000,9.22000
17493,14708.210000,10000.000000,9.22000
17494,14708.210000,500.000000,9.22000
17495,14708.210000,300.000000,9.22000
17496,14708.210000,100.000000,9.22000
17497,14708.210000,200.000000,9.22000
17498,14708.210000,400.000000,9.22000
17499,14708.210000,3000.000000,9.22000
17500,14708.210000,1500.000000,9.22000
17501,14708.210000,600.000000,9.22000
17502,14708.210000,52500.000000,9.22000
17503,14708.210000,3000.000000,9.22000
17504,14708.210000,1000.000000,9.22000
17505,14708.210000,100.000000,9.22000
17506,14708.210000,500.000000,9.22000
17507,14708.210000,700.000000,9.22000
17508,14708.210000,600.000000,9.22000
17509,14708.210000,10000.000000,9.22000
17510,14708.210000,200.000000,9.22000
17511,14708.210000,7700.000000,9.22000
17512,14708.210000,10000.000000,9.22000
17513,14708.210000,2000.000000,9.22000
17514,14708.210000,500.000000,9.22000
17515,14708.210000,2000.000000,9.22000
17516,14708.210000,800.000000,9.22000
17517,14708.210000,2000.000000,9.22000
17518,14708.210000,1200.000000,9.22000
17519,14708.210000,400.000000,9.22000
17520,14708.210000,200.000000,9.22000
17521,14708.210000,100.000000,9.22000
17522,14708.210000,9000.000000,9.22000
17523,14708.210000,800.000000,9.22000
17524,14708.210000,800.000000,9.22000
17525,14708.210000,1200.000000,9.22000
17526,14708.210000,200.000000,9.22000
17527,14708.210000,600.000000,9.22000
17528,14708.210000,6600.000000,9.22000
17529,14708.210000,1000.000000,9.22000
17530,14708.210000,100.000000,9.22000
17531,14708.210000,500.000000,9.22000
17532,14708.210000,3300.000000,9.22000
17533,14708.210000,1100.000000,9.22000
17534,14708.210000,100.000000,9.22000
17535,14708.210000,52500.000000,9.22000
17536,14708.210000,1000.000000,9.22000
17537,14708.210000,1100.000000,9.22000
17538,14708.210000,600.000000,9.22000
17539,14708.210000,500.000000,9.22000
17540,14708.210000,1000.000000,9.22000
17541,14708.210000,1000.000000,9.22000
17542,14708.210000,1000.000000,9.22000
17543,14708.210000,1000.000000,9.22000
17544,14708.210000,500.000000,9.22000
17545,14708.210000,100.000000,9.22000
17546,14708.210000,1100.000000,9.22000
17547,14708.210000,2200.000000,9.22000
17548,14708.210000,400.000000,9.22000
17549,14708.210000,100.000000,9.22000
17550,14708.210000,400.000000,9.22000
17551,14708.210000,6163.000000,9.22000
17552,14712.140000,1000.000000,9.22000
17553,14712.170000,637.000000,9.22000
17554,14712.170000,900.000000,9.22000
17555,14712.170000,1000.000000,9.22000
17556,14712.170000,200.000000,9.22000
17557,14712.170000,500.000000,9.22000
17558,14712.170000,363.000000,9.22000
17559,14714.000000,637.000000,9.22000
17560,14714.000000,363.000000,9.22000
17561,14714.930000,737.000000,9.22000
17562,14714.930000,1263.000000,9.22000
17563,14714.960000,1900.000000,9.22000
17564,14715.180000,100.000000,9.22000
17565,14715.420000,2237.000000,9.22000
17566,14715.420000,10000.000000,9.22000
17567,14715.420000,400.000000,9.22000
17568,14715.420000,1000.000000,9.22000
17569,14715.420000,200.000000,9.22000
17570,14715.420000,1000.000000,9.22000
17571,14715.420000,500.000000,9.22000
17572,14715.420000,2000.000000,9.22000
17573,14715.420000,1000.000000,9.22000
17574,14715.420000,1900.000000,9.22000
17575,14715.420000,10000.000000,9.22000
17576,14715.420000,500.000000,9.22000
17577,14715.420000,300.000000,9.22000
17578,14715.420000,22600.000000,9.22000
17579,14715.420000,20563.000000,9.22000
17580,14715.420000,3500.000000,9.22000
17581,14715.670000,5937.000000,9.22000
17582,14715.670000,1863.000000,9.22000
17583,14715.960000,137.000000,9.22000
17584,14715.960000,200.000000,9.22000
17585,14715.960000,100.000000,9.22000
17586,14715.960000,1000.000000,9.22000
17587,14715.960000,500.000000,9.22000
17588,14715.960000,6463.000000,9.22000
17589,14717.030000,300.000000,9.23000
17590,14718.020000,100.000000,9.22000
17591,14718.090000,1300.000000,9.22000
17592,14718.930000,300.000000,9.22000
17593,14719.510000,1300.000000,9.22000
17594,14719.760000,7400.000000,9.22000
17595,14721.730000,1700.000000,9.22000
17596,14721.960000,200.000000,9.22000
17597,14722.510000,1037.000000,9.22000
17598,14722.510000,263.000000,9.22000
17599,14723.160000,737.000000,9.22000
17600,14723.160000,563.000000,9.22000
17601,14730.280000,9437.000000,9.22000
17602,14730.280000,1000.000000,9.22000
17603,14730.280000,1000.000000,9.22000
17604,14730.280000,500.000000,9.22000
17605,14730.280000,1000.000000,9.22000
17606,14730.280000,500.000000,9.22000
17607,14730.280000,900.000000,9.22000
17608,14730.280000,100.000000,9.22000
17609,14730.280000,1000.000000,9.22000
17610,14730.280000,4563.000000,9.22000
17611,14730.790000,1000.000000,9.22000
17612,14731.160000,100.000000,9.22000
17613,14733.140000,14137.000000,9.22000
17614,14733.140000,1100.000000,9.22000
17615,14733.140000,1000.000000,9.22000
17616,14733.140000,100.000000,9.22000
17617,14733.140000,200.000000,9.22000
17618,14733.140000,700.000000,9.22000
17619,14733.140000,1100.000000,9.22000
17620,14733.140000,1663.000000,9.22000
17621,14733.660000,2737.000000,9.22000
17622,14733.660000,300.000000,9.22000
17623,14733.660000,1000.000000,9.22000
17624,14733.660000,1000.000000,9.22000
17625,14733.660000,1000.000000,9.22000
17626,14733.660000,1000.000000,9.22000
17627,14733.660000,100.000000,9.22000
17628,14733.660000,200.000000,9.22000
17629,14733.660000,63.000000,9.22000
17630,14733.660000,1037.000000,9.22000
17631,14733.660000,6763.000000,9.22000
17632,14737.610000,200.000000,9.22000
17633,14738.230000,200.000000,9.22000
17634,14740.410000,12800.000000,9.22000
17635,14743.020000,2637.000000,9.22000
17636,14743.020000,1000.000000,9.22000
17637,14743.020000,1100.000000,9.22000
17638,14743.020000,8000.000000,9.22000
17639,14743.020000,200.000000,9.22000
17640,14743.020000,400.000000,9.22000
17641,14743.020000,2000.000000,9.22000
17642,14743.020000,200.000000,9.22000
17643,14743.020000,10000.000000,9.22000
17644,14743.020000,1100.000000,9.22000
17645,14743.020000,500.000000,9.22000
17646,14743.020000,600.000000,9.22000
17647,14743.020000,2000.000000,9.22000
17648,14743.020000,700.000000,9.22000
17649,14743.020000,500.000000,9.22000
17650,14743.020000,1000.000000,9.22000
17651,14743.020000,1700.000000,9.22000
17652,14743.020000,200.000000,9.22000
17653,14743.020000,73763.000000,9.22000
17654,14744.590000,4737.000000,9.22000
17655,14744.590000,5763.000000,9.22000
17656,14745.280000,1900.000000,9.22000
17657,14745.700000,12800.000000,9.22000
17658,14747.370000,3900.000000,9.22000
17659,14747.840000,200.000000,9.22000
17660,14749.150000,900.000000,9.23000
17661,14750.500000,700.000000,9.22000
17662,14757.670000,7900.000000,9.22000
17663,14758.810000,45337.000000,9.22000
17664,14758.810000,500.000000,9.22000
17665,14758.810000,200.000000,9.22000
17666,14758.810000,2500.000000,9.22000
17667,14758.810000,1000.000000,9.22000
17668,14758.810000,200.000000,9.22000
17669,14758.810000,263.000000,9.22000
17670,14761.060000,737.000000,9.22000
17671,14761.060000,2163.000000,9.22000
17672,14764.260000,2300.000000,9.22000
17673,14764.920000,537.000000,9.22000
17674,14764.920000,1000.000000,9.22000
17675,14764.920000,2000.000000,9.22000
17676,14764.920000,2000.000000,9.22000
17677,14764.920000,500.000000,9.22000
17678,14764.920000,1000.000000,9.22000
17679,14764.920000,2963.000000,9.22000
17680,14765.340000,1537.000000,9.22000
17681,14765.340000,300.000000,9.22000
17682,14765.340000,5000.000000,9.22000
17683,14765.340000,500.000000,9.22000
17684,14765.340000,300.000000,9.22000
17685,14765.340000,10000.000000,9.22000
17686,14765.340000,100.000000,9.22000
17687,14765.340000,1000.000000,9.22000
17688,14765.340000,10200.000000,9.22000
17689,14765.340000,100.000000,9.22000
17690,14765.340000,500.000000,9.22000
17691,14765.340000,503.000000,9.22000
17692,14765.530000,1497.000000,9.22000
17693,14765.530000,1000.000000,9.22000
17694,14765.530000,1300.000000,9.22000
17695,14765.530000,500.000000,9.22000
17696,14765.530000,200.000000,9.22000
17697,14765.530000,900.000000,9.22000
17698,14765.530000,100.000000,9.22000
17699,14765.530000,200.000000,9.22000
17700,14765.530000,1600.000000,9.22000
17701,14765.530000,400.000000,9.22000
17702,14765.530000,500.000000,9.22000
17703,14765.530000,1000.000000,9.22000
17704,14765.530000,803.000000,9.22000
17705,14768.230000,100.000000,9.22000
17706,14768.810000,1000.000000,9.22000
17707,14769.520000,1000.000000,9.22000
17708,14773.460000,2000.000000,9.22000
17709,14774.180000,2000.000000,9.22000
17710,14776.420000,900.000000,9.22000
17711,14777.960000,2197.000000,9.22000
17712,14777.960000,1000.000000,9.22000
17713,14777.960000,500.000000,9.22000
17714,14777.960000,3.000000,9.22000
17715,14781.580000,100.000000,9.22000
17716,14785.310000,100.000000,9.22000
17717,14787.130000,300.000000,9.22000
17718,14787.230000,258.000000,9.22000
17719,14788.140000,1000.000000,9.22000
17720,14790.140000,100.000000,9.22000
17721,14791.460000,1100.000000,9.22000
17722,14793.010000,2000.000000,9.22000
17723,14796.930000,500.000000,9.22000
17724,14798.000000,4600.000000,9.22000
17725,14799.520000,1000.000000,9.22000
17726,14799.660000,2939.000000,9.22000
17727,14799.660000,600.000000,9.22000
17728,14799.660000,1000.000000,9.22000
17729,14799.660000,1000.000000,9.22000
17730,14799.660000,2261.000000,9.22000
17731,14800.190000,500.000000,9.22000
17732,14803.810000,239.000000,9.22000
17733,14803.810000,261.000000,9.22000
17734,14804.230000,1339.000000,9.22000
17735,14804.230000,661.000000,9.22000
17736,14808.010000,1239.000000,9.22000
17737,14808.010000,2561.000000,9.22000
17738,14808.630000,4039.000000,9.22000
17739,14808.630000,300.000000,9.22000
17740,14808.630000,100.000000,9.22000
17741,14808.630000,561.000000,9.22000
17742,14813.990000,5000.000000,9.22000
17743,14814.190000,339.000000,9.22000
17744,14814.190000,1900.000000,9.22000
17745,14814.190000,500.000000,9.22000
17746,14814.190000,100.000000,9.22000
17747,14814.190000,500.000000,9.22000
17748,14814.190000,10000.000000,9.22000
17749,14814.190000,1300.000000,9.22000
17750,14814.190000,2300.000000,9.22000
17751,14814.190000,3000.000000,9.22000
17752,14814.190000,100.000000,9.22000
17753,14814.190000,600.000000,9.22000
17754,14814.190000,2300.000000,9.22000
17755,14814.190000,100.000000,9.22000
17756,14814.190000,500.000000,9.22000
17757,14814.190000,200.000000,9.22000
17758,14814.190000,1700.000000,9.22000
17759,14814.190000,500.000000,9.22000
17760,14814.190000,500.000000,9.22000
17761,14814.190000,1000.000000,9.22000
17762,14814.190000,10000.000000,9.22000
17763,14814.190000,100.000000,9.22000
17764,14814.190000,200.000000,9.22000
17765,14814.190000,400.000000,9.22000
17766,14814.190000,200.000000,9.22000
17767,14814.190000,2200.000000,9.22000
17768,14814.190000,700.000000,9.22000
17769,14814.190000,300.000000,9.22000
17770,14814.190000,3200.000000,9.22000
17771,14814.190000,5000.000000,9.22000
17772,14814.190000,1000.000000,9.22000
17773,14814.190000,2000.000000,9.22000
17774,14814.190000,200.000000,9.22000
17775,14814.190000,1200.000000,9.22000
17776,14814.190000,1000.000000,9.22000
17777,14814.190000,100.000000,9.22000
17778,14814.190000,1000.000000,9.22000
17779,14814.190000,1000.000000,9.22000
17780,14814.190000,1500.000000,9.22000
17781,14814.190000,300.000000,9.22000
17782,14814.190000,2900.000000,9.22000
17783,14814.190000,1100.000000,9.22000
17784,14814.190000,600.000000,9.22000
17785,14814.190000,2200.000000,9.22000
17786,14814.190000,5300.000000,9.22000
17787,14814.190000,14000.000000,9.22000
17788,14814.190000,500.000000,9.22000
17789,14814.190000,5000.000000,9.22000
17790,14814.190000,50000.000000,9.22000
17791,14814.190000,600.000000,9.22000
17792,14814.190000,100.000000,9.22000
17793,14814.190000,5500.000000,9.22000
17794,14814.190000,2000.000000,9.22000
17795,14814.190000,100.000000,9.22000
17796,14814.190000,2400.000000,9.22000
17797,14814.190000,700.000000,9.22000
17798,14814.190000,1000.000000,9.22000
17799,14814.190000,300.000000,9.22000
17800,14814.190000,10000.000000,9.22000
17801,14814.190000,200.000000,9.22000
17802,14814.190000,500.000000,9.22000
17803,14814.190000,600.000000,9.22000
17804,14814.190000,2000.000000,9.22000
17805,14814.190000,20000.000000,9.22000
17806,14814.190000,2000.000000,9.22000
17807,14814.190000,400.000000,9.22000
17808,14814.190000,100.000000,9.22000
17809,14814.190000,1000.000000,9.22000
17810,14814.190000,200.000000,9.22000
17811,14814.190000,300.000000,9.22000
17812,14814.190000,1000.000000,9.22000
17813,14814.190000,500.000000,9.22000
17814,14814.190000,500.000000,9.22000
17815,14814.190000,100.000000,9.22000
17816,14814.190000,600.000000,9.22000
17817,14814.190000,500.000000,9.22000
17818,14814.190000,500.000000,9.22000
17819,14814.190000,2000.000000,9.22000
17820,14814.190000,1100.000000,9.22000
17821,14814.190000,100.000000,9.22000
17822,14814.190000,1000.000000,9.22000
17823,14814.190000,1000.000000,9.22000
17824,14814.190000,461.000000,9.22000
17825,14815.750000,39.000000,9.22000
17826,14815.750000,161.000000,9.22000
17827,14821.470000,400.000000,9.23000
17828,14821.470000,400.000000,9.23000
17829,14821.470000,400.000000,9.23000
17830,14821.470000,400.000000,9.23000
17831,14821.470000,400.000000,9.23000
17832,14821.470000,400.000000,9.23000
17833,14821.470000,400.000000,9.23000
17834,14821.630000,400.000000,9.23000
17835,14823.110000,200.000000,9.23000
17836,14825.160000,2439.000000,9.22000
17837,14825.160000,3400.000000,9.22000
17838,14825.160000,200.000000,9.22000
17839,14825.160000,1200.000000,9.22000
17840,14825.160000,1000.000000,9.22000
17841,14825.160000,1500.000000,9.22000
17842,14825.160000,261.000000,9.22000
17843,14825.760000,1300.000000,9.22000
17844,14826.900000,439.000000,9.22000
17845,14826.900000,461.000000,9.22000
17846,14828.820000,5600.000000,9.23000
17847,14828.820000,7700.000000,9.23000
17848,14828.820000,7700.000000,9.23000
17849,14828.820000,100.000000,9.23000
17850,14828.820000,10000.000000,9.23000
17851,14828.820000,3600.000000,9.23000
17852,14830.220000,200.000000,9.23000
17853,14834.290000,1039.000000,9.22000
17854,14834.290000,300.000000,9.22000
17855,14834.290000,561.000000,9.22000
17856,14835.770000,500.000000,9.23000
17857,14839.160000,200.000000,9.23000
17858,14841.900000,2000.000000,9.23000
17859,14841.940000,200.000000,9.23000
17860,14846.090000,16800.000000,9.23000
17861,14846.090000,1020.000000,9.23000
17862,14846.090000,3600.000000,9.23000
17863,14846.090000,1020.000000,9.23000
17864,14846.090000,10000.000000,9.23000
17865,14846.090000,3500.000000,9.23000
17866,14846.090000,7200.000000,9.23000
17867,14846.090000,6860.000000,9.23000
17868,14848.140000,340.000000,9.23000
17869,14848.140000,960.000000,9.23000
17870,14848.750000,40.000000,9.23000
17871,14848.750000,460.000000,9.23000
17872,14849.570000,300.000000,9.23000
17873,14850.180000,100.000000,9.23000
17874,14852.940000,300.000000,9.23000
17875,14854.770000,300.000000,9.23000
17876,14856.050000,1000.000000,9.23000
17877,14859.550000,400.000000,9.23000
17878,14859.630000,100.000000,9.23000
17879,14867.820000,1600.000000,9.23000
17880,14875.930000,439.000000,9.22000
17881,14875.930000,61.000000,9.22000
17882,14876.280000,100.000000,9.23000
17883,14877.270000,800.000000,9.23000
17884,14878.270000,939.000000,9.22000
17885,14878.270000,1100.000000,9.22000
17886,14878.270000,3000.000000,9.22000
17887,14878.270000,1500.000000,9.22000
17888,14878.270000,1000.000000,9.22000
17889,14878.270000,2000.000000,9.22000
17890,14878.270000,461.000000,9.22000
17891,14879.720000,2139.000000,9.22000
17892,14879.720000,100.000000,9.22000
17893,14879.720000,100.000000,9.22000
17894,14879.720000,800.000000,9.22000
17895,14879.720000,400.000000,9.22000
17896,14879.720000,1100.000000,9.22000
17897,14879.720000,5361.000000,9.22000
17898,14880.460000,4639.000000,9.22000
17899,14880.460000,5000.000000,9.22000
17900,14880.460000,2000.000000,9.22000
17901,14880.460000,500.000000,9.22000
17902,14880.460000,200.000000,9.22000
17903,14880.460000,1000.000000,9.22000
17904,14880.460000,300.000000,9.22000
17905,14880.460000,2500.000000,9.22000
17906,14880.460000,1861.000000,9.22000
17907,14883.510000,1639.000000,9.22000
17908,14883.510000,1500.000000,9.22000
17909,14883.510000,3200.000000,9.22000
17910,14883.510000,61.000000,9.22000
17911,14883.820000,100.000000,9.23000
17912,14884.110000,100.000000,9.23000
17913,14884.240000,939.000000,9.22000
17914,14884.240000,300.000000,9.22000
17915,14884.240000,100.000000,9.22000
17916,14884.240000,400.000000,9.22000
17917,14884.240000,561.000000,9.22000
17918,14884.880000,200.000000,9.23000
17919,14885.320000,939.000000,9.22000
17920,14885.320000,2561.000000,9.22000
17921,14888.680000,100.000000,9.22000
17922,14889.660000,139.000000,9.22000
17923,14889.660000,900.000000,9.22000
17924,14889.660000,3000.000000,9.22000
17925,14889.660000,3261.000000,9.22000
17926,14890.480000,2100.000000,9.22000
17927,14892.770000,2900.000000,9.23000
17928,14895.070000,400.000000,9.22000
17929,14895.130000,400.000000,9.22000
17930,14895.160000,2000.000000,9.22000
17931,14895.210000,400.000000,9.22000
17932,14895.380000,1439.000000,9.22000
17933,14895.380000,1500.000000,9.22000
17934,14895.380000,5761.000000,9.22000
17935,14901.080000,200.000000,9.22000
17936,14901.180000,500.000000,9.22000
17937,14901.190000,1700.000000,9.22000
17938,14902.940000,3400.000000,9.22000
17939,14911.090000,100.000000,9.22000
17940,14911.140000,4539.000000,9.22000
17941,14911.140000,300.000000,9.22000
17942,14911.140000,461.000000,9.22000
17943,14912.020000,39.000000,9.22000
17944,14912.020000,3961.000000,9.22000
17945,14912.440000,800.000000,9.22000
17946,14914.170000,500.000000,9.22000
17947,14914.620000,500.000000,9.22000
17948,14917.760000,100.000000,9.23000
17949,14919.610000,3300.000000,9.22000
17950,14919.910000,1739.000000,9.22000
17951,14919.910000,3200.000000,9.22000
17952,14919.910000,200.000000,9.22000
17953,14919.910000,100.000000,9.22000
17954,14919.910000,1500.000000,9.22000
17955,14919.910000,500.000000,9.22000
17956,14919.910000,1000.000000,9.22000
17957,14919.910000,5600.000000,9.22000
17958,14919.910000,1000.000000,9.22000
17959,14919.910000,600.000000,9.22000
17960,14919.910000,5500.000000,9.22000
17961,14919.910000,2000.000000,9.22000
17962,14919.910000,1000.000000,9.22000
17963,14919.910000,500.000000,9.22000
17964,14919.910000,1200.000000,9.22000
17965,14919.910000,200.000000,9.22000
17966,14919.910000,1000.000000,9.22000
17967,14919.910000,20000.000000,9.22000
17968,14919.910000,500.000000,9.22000
17969,14919.910000,1000.000000,9.22000
17970,14919.910000,361.000000,9.22000
17971,14919.990000,500.000000,9.22000
17972,14923.270000,139.000000,9.22000
17973,14923.270000,61.000000,9.22000
17974,14923.300000,739.000000,9.22000
17975,14923.300000,161.000000,9.22000
17976,14924.360000,2100.000000,9.22000
17977,14925.660000,739.000000,9.22000
17978,14925.660000,1000.000000,9.22000
17979,14925.660000,1000.000000,9.22000
17980,14925.660000,300.000000,9.22000
17981,14925.660000,1000.000000,9.22000
17982,14925.660000,1000.000000,9.22000
17983,14925.660000,500.000000,9.22000
17984,14925.660000,500.000000,9.22000
17985,14925.660000,1100.000000,9.22000
17986,14925.660000,100.000000,9.22000
17987,14925.660000,261.000000,9.22000
17988,14926.370000,1140.000000,9.23000
17989,14926.370000,3600.000000,9.23000
17990,14926.370000,900.000000,9.23000
17991,14926.370000,900.000000,9.23000
17992,14926.370000,1000.000000,9.23000
17993,14926.370000,1000.000000,9.23000
17994,14926.370000,5000.000000,9.23000
17995,14926.370000,3600.000000,9.23000
17996,14926.370000,3500.000000,9.23000
17997,14926.370000,900.000000,9.23000
17998,14926.370000,3600.000000,9.23000
17999,14926.370000,1000.000000,9.23000
18000,14926.370000,1000.000000,9.23000
18001,14926.370000,100.000000,9.23000
18002,14926.370000,100.000000,9.23000
18003,14926.370000,5000.000000,9.23000
18004,14926.370000,5000.000000,9.23000
18005,14926.370000,3700.000000,9.23000
18006,14926.370000,2000.000000,9.23000
18007,14926.370000,100.000000,9.23000
18008,14926.370000,46500.000000,9.23000
18009,14926.370000,2000.000000,9.23000
18010,14926.370000,7700.000000,9.23000
18011,14926.370000,660.000000,9.23000
18012,14926.990000,300.000000,9.23000
18013,14927.070000,439.000000,9.22000
18014,14927.070000,1500.000000,9.22000
18015,14927.070000,2000.000000,9.22000
18016,14927.070000,500.000000,9.22000
18017,14927.070000,1000.000000,9.22000
18018,14927.070000,500.000000,9.22000
18019,14927.070000,400.000000,9.22000
18020,14927.070000,200.000000,9.22000
18021,14927.070000,300.000000,9.22000
18022,14927.070000,3161.000000,9.22000
18023,14927.620000,2739.000000,9.22000
18024,14927.620000,861.000000,9.22000
18025,14930.350000,139.000000,9.22000
18026,14930.350000,261.000000,9.22000
18027,14933.710000,100.000000,9.23000
18028,14934.990000,739.000000,9.22000
18029,14934.990000,600.000000,9.22000
18030,14934.990000,800.000000,9.22000
18031,14934.990000,100.000000,9.22000
18032,14934.990000,500.000000,9.22000
18033,14934.990000,100.000000,9.22000
18034,14934.990000,1000.000000,9.22000
18035,14934.990000,1000.000000,9.22000
18036,14934.990000,5161.000000,9.22000
18037,14939.560000,200.000000,9.23000
18038,14939.700000,8000.000000,9.22000
18039,14939.820000,400.000000,9.23000
18040,14942.230000,300.000000,9.23000
18041,14942.390000,100.000000,9.23000
18042,14943.180000,3000.000000,9.22000
18043,14944.030000,300.000000,9.23000
18044,14944.860000,500.000000,9.23000
18045,14945.030000,4440.000000,9.23000
18046,14945.030000,900.000000,9.23000
18047,14945.030000,200.000000,9.23000
18048,14945.030000,2800.000000,9.23000
18049,14945.030000,6360.000000,9.23000
18050,14951.010000,3839.000000,9.22000
18051,14951.010000,200.000000,9.22000
18052,14951.010000,5961.000000,9.22000
18053,14954.380000,2000.000000,9.22000
18054,14956.010000,200.000000,9.23000
18055,14958.820000,100.000000,9.23000
18056,14958.870000,3600.000000,9.22000
18057,14962.680000,240.000000,9.23000
18058,14962.680000,60.000000,9.23000
18059,14966.850000,1200.000000,9.22000
18060,14967.660000,1000.000000,9.23000
18061,14971.040000,300.000000,9.23000
18062,14974.570000,640.000000,9.23000
18063,14974.570000,560.000000,9.23000
18064,14974.980000,100.000000,9.23000
18065,14975.540000,200.000000,9.23000
18066,14977.430000,100.000000,9.22000
18067,14977.930000,700.000000,9.22000
18068,14981.550000,1300.000000,9.22000
18069,14984.390000,1900.000000,9.22000
18070,14984.940000,200.000000,9.22000
18071,14985.860000,2700.000000,9.22000
18072,14994.380000,1400.000000,9.22000
18073,15000.330000,300.000000,9.22000
18074,15001.870000,500.000000,9.22000
18075,15004.460000,2300.000000,9.22000
18076,15005.740000,440.000000,9.23000
18077,15005.740000,760.000000,9.23000
18078,15008.890000,300.000000,9.23000
18079,15010.630000,1200.000000,9.22000
18080,15014.420000,2100.000000,9.22000
18081,15017.990000,500.000000,9.22000
18082,15026.160000,800.000000,9.22000
18083,15027.130000,5800.000000,9.22000
18084,15028.390000,900.000000,9.23000
18085,15031.430000,1100.000000,9.22000
18086,15032.550000,1000.000000,9.23000
18087,15032.550000,740.000000,9.23000
18088,15032.550000,1260.000000,9.23000
18089,15033.990000,1100.000000,9.22000
18090,15040.760000,400.000000,9.23000
18091,15042.180000,1100.000000,9.23000
18092,15042.210000,740.000000,9.23000
18093,15042.210000,1300.000000,9.23000
18094,15042.210000,500.000000,9.23000
18095,15042.210000,1300.000000,9.23000
18096,15042.210000,2160.000000,9.23000
18097,15042.420000,2000.000000,9.23000
18098,15043.020000,3600.000000,9.22000
18099,15044.840000,1900.000000,9.22000
18100,15050.880000,600.000000,9.22000
18101,15051.140000,4500.000000,9.22000
18102,15052.730000,300.000000,9.22000
18103,15053.100000,1000.000000,9.23000
18104,15053.540000,2040.000000,9.23000
18105,15053.540000,1300.000000,9.23000
18106,15053.540000,2200.000000,9.23000
18107,15053.540000,1300.000000,9.23000
18108,15053.540000,1300.000000,9.23000
18109,15053.540000,760.000000,9.23000
18110,15055.300000,300.000000,9.22000
18111,15055.710000,440.000000,9.23000
18112,15055.710000,560.000000,9.23000
18113,15057.280000,740.000000,9.23000
18114,15057.280000,1300.000000,9.23000
18115,15057.280000,300.000000,9.23000
18116,15057.280000,200.000000,9.23000
18117,15057.280000,660.000000,9.23000
18118,15058.040000,240.000000,9.23000
18119,15058.040000,4660.000000,9.23000
18120,15058.390000,2000.000000,9.23000
18121,15058.950000,4600.000000,9.22000
18122,15064.060000,400.000000,9.23000
18123,15066.950000,4800.000000,9.22000
18124,15074.990000,1500.000000,9.22000
18125,15075.270000,2100.000000,9.22000
18126,15075.340000,140.000000,9.23000
18127,15075.340000,160.000000,9.23000
18128,15079.090000,100.000000,9.22000
18129,15081.820000,140.000000,9.23000
18130,15081.820000,160.000000,9.23000
18131,15082.960000,1200.000000,9.22000
18132,15083.290000,1600.000000,9.22000
18133,15084.010000,100.000000,9.23000
18134,15087.150000,1200.000000,9.22000
18135,15087.790000,240.000000,9.23000
18136,15087.790000,1200.000000,9.23000
18137,15087.790000,500.000000,9.23000
18138,15087.790000,8400.000000,9.23000
18139,15087.790000,1560.000000,9.23000
18140,15091.010000,1000.000000,9.22000
18141,15092.600000,1340.000000,9.23000
18142,15092.600000,160.000000,9.23000
18143,15092.710000,2000.000000,9.23000
18144,15093.270000,2500.000000,9.23000
18145,15093.870000,100.000000,9.23000
18146,15096.400000,400.000000,9.23000
18147,15098.890000,4300.000000,9.22000
18148,15100.780000,7100.000000,9.23000
18149,15104.490000,100.000000,9.23000
18150,15104.900000,2000.000000,9.22000
18151,15107.160000,1800.000000,9.22000
18152,15110.320000,400.000000,9.22000
18153,15112.180000,1300.000000,9.23000
18154,15115.500000,2039.000000,9.22000
18155,15115.500000,1361.000000,9.22000
18156,15116.390000,1239.000000,9.22000
18157,15116.390000,2361.000000,9.22000
18158,15117.050000,1000.000000,9.23000
18159,15121.870000,300.000000,9.23000
18160,15122.880000,639.000000,9.22000
18161,15122.880000,1400.000000,9.22000
18162,15122.880000,461.000000,9.22000
18163,15123.110000,100.000000,9.23000
18164,15124.210000,539.000000,9.22000
18165,15124.210000,800.000000,9.22000
18166,15124.210000,1061.000000,9.22000
18167,15125.190000,400.000000,9.23000
18168,15126.450000,100.000000,9.23000
18169,15127.380000,1640.000000,9.23000
18170,15127.380000,360.000000,9.23000
18171,15130.180000,439.000000,9.22000
18172,15130.180000,61.000000,9.22000
18173,15131.120000,1000.000000,9.23000
18174,15131.240000,239.000000,9.22000
18175,15131.240000,500.000000,9.22000
18176,15131.240000,1261.000000,9.22000
18177,15134.130000,739.000000,9.22000
18178,15134.130000,100.000000,9.22000
18179,15134.130000,600.000000,9.22000
18180,15134.130000,100.000000,9.22000
18181,15134.130000,461.000000,9.22000
18182,15135.330000,2000.000000,9.23000
18183,15137.680000,500.000000,9.23000
18184,15138.810000,3100.000000,9.22000
18185,15140.080000,1300.000000,9.23000
18186,15140.140000,2000.000000,9.23000
18187,15143.440000,1440.000000,9.23000
18188,15143.440000,1300.000000,9.23000
18189,15143.440000,7800.000000,9.23000
18190,15143.440000,1300.000000,9.23000
18191,15143.440000,900.000000,9.23000
18192,15143.440000,200.000000,9.23000
18193,15143.440000,500.000000,9.23000
18194,15143.440000,3500.000000,9.23000
18195,15143.440000,3400.000000,9.23000
18196,15143.440000,5000.000000,9.23000
18197,15143.440000,1300.000000,9.23000
18198,15143.440000,200.000000,9.23000
18199,15143.440000,1300.000000,9.23000
18200,15143.440000,1300.000000,9.23000
18201,15143.440000,1300.000000,9.23000
18202,15143.440000,2000.000000,9.23000
18203,15143.440000,1300.000000,9.23000
18204,15143.440000,1300.000000,9.23000
18205,15143.440000,1200.000000,9.23000
18206,15143.440000,100.000000,9.23000
18207,15143.440000,300.000000,9.23000
18208,15143.440000,3560.000000,9.23000
18209,15146.760000,800.000000,9.23000
18210,15147.060000,1900.000000,9.22000
18211,15147.530000,2100.000000,9.23000
18212,15149.950000,2000.000000,9.22000
18213,15152.920000,1040.000000,9.23000
18214,15152.920000,1000.000000,9.23000
18215,15152.920000,3600.000000,9.23000
18216,15152.920000,2000.000000,9.23000
18217,15152.920000,760.000000,9.23000
18218,15153.030000,100.000000,9.23000
18219,15154.560000,340.000000,9.23000
18220,15154.560000,300.000000,9.23000
18221,15154.560000,5960.000000,9.23000
18222,15154.940000,10000.000000,9.22000
18223,15162.860000,3900.000000,9.22000
18224,15165.190000,200.000000,9.23000
18225,15168.510000,2000.000000,9.23000
18226,15169.410000,100.000000,9.23000
18227,15170.900000,3700.000000,9.22000
18228,15172.230000,100.000000,9.22000
18229,15172.240000,1740.000000,9.23000
18230,15172.240000,3160.000000,9.23000
18231,15172.540000,640.000000,9.23000
18232,15172.540000,360.000000,9.23000
18233,15173.510000,540.000000,9.23000
18234,15173.510000,200.000000,9.23000
18235,15173.510000,300.000000,9.23000
18236,15173.510000,60.000000,9.23000
18237,15174.170000,140.000000,9.23000
18238,15174.170000,3600.000000,9.23000
18239,15174.170000,300.000000,9.23000
18240,15174.170000,960.000000,9.23000
18241,15177.740000,2200.000000,9.23000
18242,15178.780000,3900.000000,9.22000
18243,15179.770000,1100.000000,9.23000
18244,15180.310000,300.000000,9.22000
18245,15180.480000,300.000000,9.22000
18246,15181.870000,1000.000000,9.23000
18247,15182.650000,300.000000,9.23000
18248,15184.150000,400.000000,9.23000
18249,15185.560000,500.000000,9.23000
18250,15185.650000,840.000000,9.23000
18251,15185.650000,300.000000,9.23000
18252,15185.650000,3800.000000,9.23000
18253,15185.650000,2900.000000,9.23000
18254,15185.650000,1200.000000,9.23000
18255,15185.650000,500.000000,9.23000
18256,15185.650000,5460.000000,9.23000
18257,15186.870000,339.000000,9.22000
18258,15186.870000,2000.000000,9.22000
18259,15186.870000,400.000000,9.22000
18260,15186.870000,1261.000000,9.22000
18261,15191.390000,1640.000000,9.23000
18262,15191.390000,1360.000000,9.23000
18263,15193.260000,200.000000,9.23000
18264,15194.360000,1239.000000,9.22000
18265,15194.360000,100.000000,9.22000
18266,15194.360000,661.000000,9.22000
18267,15194.980000,1339.000000,9.22000
18268,15194.980000,1000.000000,9.22000
18269,15194.980000,1300.000000,9.22000
18270,15194.980000,800.000000,9.22000
18271,15194.980000,1461.000000,9.22000
18272,15196.270000,1000.000000,9.23000
18273,15202.900000,639.000000,9.22000
18274,15202.900000,600.000000,9.22000
18275,15202.900000,2000.000000,9.22000
18276,15202.900000,461.000000,9.22000
18277,15205.190000,300.000000,9.23000
18278,15207.800000,100.000000,9.22000
18279,15210.650000,500.000000,9.23000
18280,15211.020000,439.000000,9.22000
18281,15211.020000,661.000000,9.22000
18282,15211.480000,100.000000,9.23000
18283,15212.050000,339.000000,9.22000
18284,15212.050000,161.000000,9.22000
18285,15212.160000,139.000000,9.22000
18286,15212.160000,1400.000000,9.22000
18287,15212.160000,461.000000,9.22000
18288,15212.510000,300.000000,9.23000
18289,15215.350000,200.000000,9.23000
18290,15215.430000,940.000000,9.23000
18291,15215.430000,1060.000000,9.23000
18292,15215.920000,4000.000000,9.23000
18293,15218.110000,2640.000000,9.23000
18294,15218.110000,900.000000,9.23000
18295,15218.110000,3600.000000,9.23000
18296,15218.110000,2860.000000,9.23000
18297,15219.050000,1400.000000,9.22000
18298,15221.000000,1200.000000,9.23000
18299,15221.400000,2000.000000,9.23000
18300,15224.420000,2100.000000,9.22000
18301,15226.930000,1039.000000,9.22000
18302,15226.930000,3900.000000,9.22000
18303,15226.930000,1961.000000,9.22000
18304,15234.280000,1000.000000,9.22000
18305,15234.340000,2200.000000,9.22000
18306,15234.450000,939.000000,9.22000
18307,15234.450000,500.000000,9.22000
18308,15234.450000,1200.000000,9.22000
18309,15234.450000,561.000000,9.22000
18310,15235.150000,2100.000000,9.22000
18311,15235.230000,500.000000,9.22000
18312,15235.680000,1300.000000,9.22000
18313,15235.780000,1000.000000,9.22000
18314,15235.900000,2200.000000,9.22000
18315,15236.010000,400.000000,9.22000
18316,15236.010000,1400.000000,9.22000
18317,15237.860000,100.000000,9.22000
18318,15240.120000,1400.000000,9.23000
18319,15241.330000,15540.000000,9.23000
18320,15241.330000,200.000000,9.23000
18321,15241.330000,3800.000000,9.23000
18322,15241.330000,800.000000,9.23000
18323,15241.330000,700.000000,9.23000
18324,15241.330000,1200.000000,9.23000
18325,15241.330000,7700.000000,9.23000
18326,15241.330000,60.000000,9.23000
18327,15242.950000,2800.000000,9.22000
18328,15245.120000,600.000000,9.22000
18329,15251.260000,100.000000,9.23000
18330,15254.840000,2000.000000,9.22000
18331,15256.420000,140.000000,9.23000
18332,15256.420000,800.000000,9.23000
18333,15256.420000,200.000000,9.23000
18334,15256.420000,8300.000000,9.23000
18335,15256.420000,3600.000000,9.23000
18336,15256.420000,2000.000000,9.23000
18337,15256.420000,200.000000,9.23000
18338,15256.420000,7400.000000,9.23000
18339,15256.420000,500.000000,9.23000
18340,15256.420000,500.000000,9.23000
18341,15256.420000,12760.000000,9.23000
18342,15257.860000,2100.000000,9.23000
18343,15262.630000,1500.000000,9.23000
18344,15265.540000,3200.000000,9.23000
18345,15267.010000,300.000000,9.22000
18346,15270.320000,100.000000,9.23000
18347,15271.320000,800.000000,9.23000
18348,15272.370000,900.000000,9.23000
18349,15272.930000,5000.000000,9.23000
18350,15284.050000,2000.000000,9.22000
18351,15286.330000,300.000000,9.22000
18352,15288.970000,100.000000,9.22000
18353,15289.380000,100.000000,9.23000
18354,15290.160000,7000.000000,9.22000
18355,15291.690000,3540.000000,9.23000
18356,15291.690000,1160.000000,9.23000
18357,15292.000000,1200.000000,9.22000
18358,15303.190000,4840.000000,9.23000
18359,15303.190000,200.000000,9.23000
18360,15303.190000,100.000000,9.23000
18361,15303.190000,860.000000,9.23000
18362,15305.230000,39.000000,9.22000
18363,15305.230000,500.000000,9.22000
18364,15305.230000,261.000000,9.22000
18365,15305.320000,300.000000,9.23000
18366,15312.730000,100.000000,9.22000
18367,15314.460000,1878.000000,9.22000
18368,15314.460000,122.000000,9.22000
18369,15314.640000,300.000000,9.23000
18370,15314.770000,500.000000,9.22000
18371,15316.150000,900.000000,9.23000
18372,15324.200000,1340.000000,9.23000
18373,15324.200000,660.000000,9.23000
18374,15325.490000,200.000000,9.23000
18375,15328.250000,500.000000,9.22000
18376,15333.810000,8000.000000,9.22000
18377,15333.880000,40.000000,9.23000
18378,15333.880000,260.000000,9.23000
18379,15335.220000,700.000000,9.22000
18380,15336.360000,940.000000,9.23000
18381,15336.360000,500.000000,9.23000
18382,15336.360000,100.000000,9.23000
18383,15336.360000,460.000000,9.23000
18384,15337.480000,200.000000,9.23000
18385,15338.160000,500.000000,9.23000
18386,15339.700000,1500.000000,9.22000
18387,15344.480000,2000.000000,9.22000
18388,15344.770000,400.000000,9.22000
18389,15345.920000,2200.000000,9.22000
18390,15349.410000,500.000000,9.22000
18391,15350.310000,500.000000,9.22000
18392,15352.210000,1000.000000,9.23000
18393,15354.750000,100.000000,9.23000
18394,15355.080000,1100.000000,9.23000
18395,15360.100000,3940.000000,9.23000
18396,15360.100000,200.000000,9.23000
18397,15360.100000,3000.000000,9.23000
18398,15360.100000,100.000000,9.23000
18399,15360.100000,3800.000000,9.23000
18400,15360.100000,300.000000,9.23000
18401,15360.100000,2300.000000,9.23000
18402,15360.100000,500.000000,9.23000
18403,15360.100000,100.000000,9.23000
18404,15360.100000,10800.000000,9.23000
18405,15360.100000,900.000000,9.23000
18406,15360.100000,3700.000000,9.23000
18407,15360.100000,7700.000000,9.23000
18408,15360.100000,22660.000000,9.23000
18409,15363.430000,3078.000000,9.22000
18410,15363.430000,23622.000000,9.22000
18411,15364.070000,100.000000,9.23000
18412,15364.310000,2300.000000,9.22000
18413,15366.790000,4700.000000,9.23000
18414,15367.980000,100.000000,9.22000
18415,15368.150000,2000.000000,9.22000
18416,15369.460000,800.000000,9.23000
18417,15370.860000,1000.000000,9.23000
18418,15374.510000,1978.000000,9.22000
18419,15374.510000,22.000000,9.22000
18420,15374.560000,840.000000,9.23000
18421,15374.560000,1500.000000,9.23000
18422,15374.560000,100.000000,9.23000
18423,15374.560000,6700.000000,9.23000
18424,15374.560000,200.000000,9.23000
18425,15374.560000,700.000000,9.23000
18426,15374.560000,1000.000000,9.23000
18427,15374.560000,3800.000000,9.23000
18428,15374.560000,900.000000,9.23000
18429,15374.560000,1000.000000,9.23000
18430,15374.560000,200.000000,9.23000
18431,15374.560000,1600.000000,9.23000
18432,15374.560000,7900.000000,9.23000
18433,15374.560000,13860.000000,9.23000
18434,15375.100000,500.000000,9.23000
18435,15376.400000,100.000000,9.23000
18436,15378.980000,400.000000,9.23000
18437,15379.790000,500.000000,9.23000
18438,15383.500000,5000.000000,9.23000
18439,15387.160000,200.000000,9.23000
18440,15391.970000,200.000000,9.23000
18441,15402.420000,500.000000,9.23000
18442,15407.970000,100.000000,9.23000
18443,15408.130000,100.000000,9.23000
18444,15409.580000,100.000000,9.23000
18445,15410.200000,3000.000000,9.23000
18446,15414.050000,440.000000,9.23000
18447,15414.050000,60.000000,9.23000
18448,15415.320000,100.000000,9.22000
18449,15415.430000,40.000000,9.23000
18450,15415.430000,100.000000,9.23000
18451,15415.430000,60.000000,9.23000
18452,15417.860000,100.000000,9.23000
18453,15418.120000,840.000000,9.23000
18454,15418.120000,160.000000,9.23000
18455,15418.170000,500.000000,9.23000
18456,15418.360000,278.000000,9.22000
18457,15418.360000,1222.000000,9.22000
18458,15419.220000,3040.000000,9.23000
18459,15419.220000,1960.000000,9.23000
18460,15421.380000,5000.000000,9.23000
18461,15425.940000,600.000000,9.23000
18462,15426.750000,300.000000,9.23000
18463,15434.220000,9140.000000,9.23000
18464,15434.220000,1860.000000,9.23000
18465,15435.430000,200.000000,9.22000
18466,15437.340000,200.000000,9.23000
18467,15441.140000,100.000000,9.23000
18468,15444.150000,100.000000,9.23000
18469,15446.230000,1300.000000,9.22000
18470,15446.270000,700.000000,9.23000
18471,15446.620000,400.000000,9.23000
18472,15446.780000,200.000000,9.23000
18473,15452.620000,1440.000000,9.23000
18474,15452.620000,100.000000,9.23000
18475,15452.620000,1460.000000,9.23000
18476,15454.930000,1000.000000,9.23000
18477,15457.610000,1000.000000,9.23000
18478,15457.700000,200.000000,9.23000
18479,15459.180000,40.000000,9.23000
18480,15459.180000,200.000000,9.23000
18481,15459.180000,260.000000,9.23000
18482,15461.520000,2000.000000,9.23000
18483,15462.170000,100.000000,9.23000
18484,15462.530000,100.000000,9.23000
18485,15463.340000,200.000000,9.23000
18486,15468.250000,2278.000000,9.22000
18487,15468.250000,600.000000,9.22000
18488,15468.250000,1000.000000,9.22000
18489,15468.250000,1000.000000,9.22000
18490,15468.250000,200.000000,9.22000
18491,15468.250000,1000.000000,9.22000
18492,15468.250000,400.000000,9.22000
18493,15468.250000,1000.000000,9.22000
18494,15468.250000,3000.000000,9.22000
18495,15468.250000,300.000000,9.22000
18496,15468.250000,1400.000000,9.22000
18497,15468.250000,800.000000,9.22000
18498,15468.250000,300.000000,9.22000
18499,15468.250000,1500.000000,9.22000
18500,15468.250000,400.000000,9.22000
18501,15468.250000,1000.000000,9.22000
18502,15468.250000,500.000000,9.22000
18503,15468.250000,100.000000,9.22000
18504,15468.250000,300.000000,9.22000
18505,15468.250000,600.000000,9.22000
18506,15468.250000,14000.000000,9.22000
18507,15468.250000,500.000000,9.22000
18508,15468.250000,2000.000000,9.22000
18509,15468.250000,500.000000,9.22000
18510,15468.250000,1000.000000,9.22000
18511,15468.250000,1000.000000,9.22000
18512,15468.250000,622.000000,9.22000
18513,15469.780000,100.000000,9.23000
18514,15472.950000,2240.000000,9.23000
18515,15472.950000,300.000000,9.23000
18516,15472.950000,700.000000,9.23000
18517,15472.950000,1760.000000,9.23000
18518,15476.250000,878.000000,9.22000
18519,15476.250000,2000.000000,9.22000
18520,15476.250000,200.000000,9.22000
18521,15476.250000,622.000000,9.22000
18522,15478.720000,200.000000,9.23000
18523,15482.120000,1000.000000,9.23000
18524,15483.490000,200.000000,9.23000
18525,15484.320000,378.000000,9.22000
18526,15484.320000,500.000000,9.22000
18527,15484.320000,1422.000000,9.22000
18528,15487.890000,3000.000000,9.23000
18529,15488.890000,2078.000000,9.22000
18530,15488.890000,1000.000000,9.22000
18531,15488.890000,500.000000,9.22000
18532,15488.890000,422.000000,9.22000
18533,15491.500000,600.000000,9.23000
18534,15494.600000,378.000000,9.22000
18535,15494.600000,300.000000,9.22000
18536,15494.600000,200.000000,9.22000
18537,15494.600000,500.000000,9.22000
18538,15494.600000,622.000000,9.22000
18539,15495.130000,378.000000,9.22000
18540,15495.130000,1800.000000,9.22000
18541,15495.130000,322.000000,9.22000
18542,15495.420000,178.000000,9.22000
18543,15495.420000,3500.000000,9.22000
18544,15495.420000,600.000000,9.22000
18545,15495.420000,622.000000,9.22000
18546,15495.420000,1378.000000,9.22000
18547,15495.420000,1000.000000,9.22000
18548,15495.420000,2422.000000,9.22000
18549,15495.460000,200.000000,9.23000
18550,15496.000000,100.000000,9.23000
18551,15503.660000,500.000000,9.22000
18552,15504.060000,100.000000,9.22000
18553,15511.840000,240.000000,9.23000
18554,15511.840000,3300.000000,9.23000
18555,15511.840000,3900.000000,9.23000
18556,15511.840000,2000.000000,9.23000
18557,15511.840000,1800.000000,9.23000
18558,15511.840000,2100.000000,9.23000
18559,15511.840000,1000.000000,9.23000
18560,15511.840000,500.000000,9.23000
18561,15511.840000,2600.000000,9.23000
18562,15511.840000,600.000000,9.23000
18563,15511.840000,600.000000,9.23000
18564,15511.840000,1900.000000,9.23000
18565,15511.840000,9460.000000,9.23000
18566,15512.260000,5000.000000,9.23000
18567,15523.490000,300.000000,9.23000
18568,15524.610000,978.000000,9.22000
18569,15524.610000,500.000000,9.22000
18570,15524.610000,422.000000,9.22000
18571,15524.670000,1578.000000,9.22000
18572,15524.670000,100.000000,9.22000
18573,15524.670000,1522.000000,9.22000
18574,15524.890000,3200.000000,9.22000
18575,15525.160000,3100.000000,9.22000
18576,15525.690000,400.000000,9.22000
18577,15526.950000,778.000000,9.22000
18578,15526.950000,200.000000,9.22000
18579,15526.950000,1300.000000,9.22000
18580,15526.950000,722.000000,9.22000
18581,15527.670000,200.000000,9.22000
18582,15530.620000,30000.000000,9.23000
18583,15531.080000,300.000000,9.23000
18584,15531.190000,78.000000,9.22000
18585,15531.190000,5400.000000,9.22000
18586,15531.190000,1000.000000,9.22000
18587,15531.190000,622.000000,9.22000
18588,15532.160000,10400.000000,9.23000
18589,15532.270000,2378.000000,9.22000
18590,15532.270000,222.000000,9.22000
18591,15532.600000,2278.000000,9.22000
18592,15532.600000,200.000000,9.22000
18593,15532.600000,1422.000000,9.22000
18594,15532.720000,678.000000,9.22000
18595,15532.720000,500.000000,9.22000
18596,15532.720000,300.000000,9.22000
18597,15532.720000,900.000000,9.22000
18598,15532.720000,1000.000000,9.22000
18599,15532.720000,500.000000,9.22000
18600,15532.720000,1000.000000,9.22000
18601,15532.720000,822.000000,9.22000
18602,15533.100000,800.000000,9.22000
18603,15534.100000,178.000000,9.22000
18604,15534.100000,3800.000000,9.22000
18605,15534.100000,300.000000,9.22000
18606,15534.100000,100.000000,9.22000
18607,15534.100000,2000.000000,9.22000
18608,15534.100000,300.000000,9.22000
18609,15534.100000,500.000000,9.22000
18610,15534.100000,1000.000000,9.22000
18611,15534.100000,7800.000000,9.22000
18612,15534.100000,1800.000000,9.22000
18613,15534.100000,100.000000,9.22000
18614,15534.100000,500.000000,9.22000
18615,15534.100000,500.000000,9.22000
18616,15534.100000,800.000000,9.22000
18617,15534.100000,2000.000000,9.22000
18618,15534.100000,5022.000000,9.22000
18619,15535.140000,740.000000,9.23000
18620,15535.140000,560.000000,9.23000
18621,15536.420000,500.000000,9.23000
18622,15538.610000,940.000000,9.23000
18623,15538.610000,9060.000000,9.23000
18624,15547.290000,1300.000000,9.23000
18625,15547.580000,200.000000,9.23000
18626,15547.780000,100.000000,9.22000
18627,15547.780000,100.000000,9.23000
18628,15554.630000,2100.000000,9.22000
18629,15556.410000,500.000000,9.23000
18630,15558.250000,300.000000,9.23000
18631,15558.390000,100.000000,9.23000
18632,15560.580000,600.000000,9.23000
18633,15560.780000,100.000000,9.23000
18634,15568.980000,300.000000,9.23000
18635,15571.180000,500.000000,9.22000
18636,15575.360000,900.000000,9.23000
18637,15579.520000,300.000000,9.23000
18638,15579.960000,78.000000,9.22000
18639,15579.960000,500.000000,9.22000
18640,15579.960000,2000.000000,9.22000
18641,15579.960000,1000.000000,9.22000
18642,15579.960000,2000.000000,9.22000
18643,15579.960000,600.000000,9.22000
18644,15579.960000,1100.000000,9.22000
18645,15579.960000,2722.000000,9.22000
18646,15580.460000,1440.000000,9.23000
18647,15580.460000,200.000000,9.23000
18648,15580.460000,900.000000,9.23000
18649,15580.460000,400.000000,9.23000
18650,15580.460000,3800.000000,9.23000
18651,15580.460000,4600.000000,9.23000
18652,15580.460000,1560.000000,9.23000
18653,15582.280000,4100.000000,9.22000
18654,15585.060000,78.000000,9.22000
18655,15585.060000,400.000000,9.22000
18656,15585.060000,700.000000,9.22000
18657,15585.060000,400.000000,9.22000
18658,15585.060000,322.000000,9.22000
18659,15586.750000,2100.000000,9.23000
18660,15589.180000,240.000000,9.23000
18661,15589.180000,200.000000,9.23000
18662,15589.180000,460.000000,9.23000
18663,15591.540000,2100.000000,9.23000
18664,15599.830000,978.000000,9.22000
18665,15599.830000,1000.000000,9.22000
18666,15599.830000,5000.000000,9.22000
18667,15599.830000,100.000000,9.22000
18668,15599.830000,4500.000000,9.22000
18669,15599.830000,1000.000000,9.22000
18670,15599.830000,100.000000,9.22000
18671,15599.830000,822.000000,9.22000
18672,15600.100000,78.000000,9.22000
18673,15600.100000,1500.000000,9.22000
18674,15600.100000,1000.000000,9.22000
18675,15600.100000,2000.000000,9.22000
18676,15600.100000,9000.000000,9.22000
18677,15600.100000,200.000000,9.22000
18678,15600.100000,300.000000,9.22000
18679,15600.100000,3000.000000,9.22000
18680,15600.100000,3000.000000,9.22000
18681,15600.100000,700.000000,9.22000
18682,15600.100000,5000.000000,9.22000
18683,15600.100000,2222.000000,9.22000
18684,15603.870000,21100.000000,9.22000
18685,15604.270000,2400.000000,9.22000
18686,15606.150000,3000.000000,9.22000
18687,15606.150000,800.000000,9.22000
18688,15608.780000,2340.000000,9.23000
18689,15608.780000,4800.000000,9.23000
18690,15608.780000,2860.000000,9.23000
18691,15609.030000,200.000000,9.23000
18692,15615.070000,2000.000000,9.22000
18693,15617.650000,1100.000000,9.22000
18694,15622.240000,1300.000000,9.22000
18695,15628.080000,100.000000,9.23000
18696,15629.300000,1100.000000,9.22000
18697,15632.570000,100.000000,9.22000
18698,15632.890000,3800.000000,9.23000
18699,15634.630000,500.000000,9.22000
18700,15643.200000,100.000000,9.22000
18701,15643.590000,200.000000,9.22000
18702,15644.280000,2000.000000,9.22000
18703,15644.390000,4700.000000,9.22000
18704,15647.650000,100.000000,9.22000
18705,15648.660000,1300.000000,9.22000
18706,15652.350000,100.000000,9.22000
18707,15652.500000,5000.000000,9.22000
18708,15660.840000,19340.000000,9.23000
18709,15660.840000,660.000000,9.23000
18710,15670.400000,300.000000,9.23000
18711,15674.300000,2000.000000,9.22000
18712,15674.380000,1400.000000,9.22000
18713,15679.040000,1000.000000,9.23000
18714,15680.160000,300.000000,9.23000
18715,15685.980000,1000.000000,9.22000
18716,15689.390000,2540.000000,9.23000
18717,15689.390000,460.000000,9.23000
18718,15689.810000,600.000000,9.23000
18719,15689.990000,300.000000,9.23000
18720,15690.140000,100.000000,9.23000
18721,15694.660000,800.000000,9.23000
18722,15696.230000,2000.000000,9.22000
18723,15698.200000,200.000000,9.23000
18724,15704.730000,1900.000000,9.22000
18725,15705.760000,19178.000000,9.22000
18726,15705.760000,2000.000000,9.22000
18727,15705.760000,8822.000000,9.22000
18728,15709.110000,500.000000,9.23000
18729,15712.170000,100.000000,9.23000
18730,15712.610000,3000.000000,9.22000
18731,15714.590000,1840.000000,9.23000
18732,15714.590000,3160.000000,9.23000
18733,15717.080000,300.000000,9.23000
18734,15718.700000,1000.000000,9.22000
18735,15723.390000,100.000000,9.22000
18736,15724.260000,2300.000000,9.22000
18737,15725.580000,500.000000,9.22000
18738,15726.520000,40.000000,9.23000
18739,15726.520000,160.000000,9.23000
18740,15728.580000,100.000000,9.22000
18741,15733.580000,900.000000,9.22000
18742,15733.890000,100.000000,9.23000
18743,15734.330000,2000.000000,9.22000
18744,15740.030000,78.000000,9.22000
18745,15740.030000,3000.000000,9.22000
18746,15740.030000,100.000000,9.22000
18747,15740.030000,1222.000000,9.22000
18748,15742.960000,100.000000,9.23000
18749,15743.460000,100.000000,9.22000
18750,15747.730000,1678.000000,9.22000
18751,15747.730000,1000.000000,9.22000
18752,15747.730000,322.000000,9.22000
18753,15748.310000,200.000000,9.22000
18754,15748.950000,1278.000000,9.22000
18755,15748.950000,600.000000,9.22000
18756,15748.950000,922.000000,9.22000
18757,15754.720000,78.000000,9.22000
18758,15754.720000,300.000000,9.22000
18759,15754.720000,100.000000,9.22000
18760,15754.720000,600.000000,9.22000
18761,15754.720000,922.000000,9.22000
18762,15754.880000,6800.000000,9.22000
18763,15756.240000,1278.000000,9.22000
18764,15756.240000,800.000000,9.22000
18765,15756.240000,100.000000,9.22000
18766,15756.240000,100.000000,9.22000
18767,15756.240000,500.000000,9.22000
18768,15756.240000,10000.000000,9.22000
18769,15756.240000,100.000000,9.22000
18770,15756.240000,10000.000000,9.22000
18771,15756.240000,3922.000000,9.22000
18772,15759.630000,600.000000,9.23000
18773,15761.120000,500.000000,9.22000
18774,15761.420000,1000.000000,9.23000
18775,15764.780000,378.000000,9.22000
18776,15764.780000,1522.000000,9.22000
18777,15765.530000,3478.000000,9.22000
18778,15765.530000,800.000000,9.22000
18779,15765.530000,1000.000000,9.22000
18780,15765.530000,800.000000,9.22000
18781,15765.530000,8600.000000,9.22000
18782,15765.530000,2000.000000,9.22000
18783,15765.530000,100.000000,9.22000
18784,15765.530000,1500.000000,9.22000
18785,15765.530000,500.000000,9.22000
18786,15765.530000,500.000000,9.22000
18787,15765.530000,3800.000000,9.22000
18788,15765.530000,2100.000000,9.22000
18789,15765.530000,100.000000,9.22000
18790,15765.530000,500.000000,9.22000
18791,15765.530000,4800.000000,9.22000
18792,15765.530000,1000.000000,9.22000
18793,15765.530000,1000.000000,9.22000
18794,15765.530000,500.000000,9.22000
18795,15765.530000,500.000000,9.22000
18796,15765.530000,2100.000000,9.22000
18797,15765.530000,4000.000000,9.22000
18798,15765.530000,500.000000,9.22000
18799,15765.530000,2000.000000,9.22000
18800,15765.530000,200.000000,9.22000
18801,15765.530000,800.000000,9.22000
18802,15765.530000,5000.000000,9.22000
18803,15765.530000,500.000000,9.22000
18804,15765.530000,4622.000000,9.22000
18805,15767.230000,500.000000,9.22000
18806,15773.050000,400.000000,9.22000
18807,15773.210000,300.000000,9.23000
18808,15773.470000,396.000000,9.22000
18809,15775.350000,2682.000000,9.22000
18810,15775.350000,200.000000,9.22000
18811,15775.350000,818.000000,9.22000
18812,15776.960000,182.000000,9.22000
18813,15776.960000,818.000000,9.22000
18814,15779.090000,100.000000,9.23000
18815,15785.700000,1100.000000,9.22000
18816,15785.750000,2700.000000,9.23000
18817,15787.060000,2240.000000,9.23000
18818,15787.060000,900.000000,9.23000
18819,15787.060000,200.000000,9.23000
18820,15787.060000,200.000000,9.23000
18821,15787.060000,1000.000000,9.23000
18822,15787.060000,100.000000,9.23000
18823,15787.060000,3800.000000,9.23000
18824,15787.060000,1000.000000,9.23000
18825,15787.060000,600.000000,9.23000
18826,15787.060000,100.000000,9.23000
18827,15787.060000,200.000000,9.23000
18828,15787.060000,100.000000,9.23000
18829,15787.060000,100.000000,9.23000
18830,15787.060000,100.000000,9.23000
18831,15787.060000,100.000000,9.23000
18832,15787.060000,400.000000,9.23000
18833,15787.060000,100.000000,9.23000
18834,15787.060000,8760.000000,9.23000
18835,15789.130000,28300.000000,9.22000
18836,15789.430000,2000.000000,9.22000
18837,15789.670000,9100.000000,9.22000
18838,15790.240000,100.000000,9.23000
18839,15791.700000,300.000000,9.23000
18840,15792.990000,40.000000,9.23000
18841,15792.990000,100.000000,9.23000
18842,15792.990000,60.000000,9.23000
18843,15793.750000,140.000000,9.23000
18844,15793.750000,160.000000,9.23000
18845,15794.740000,300.000000,9.22000
18846,15794.780000,1900.000000,9.22000
18847,15795.690000,1100.000000,9.23000
18848,15799.690000,300.000000,9.23000
18849,15805.990000,4700.000000,9.22000
18850,15807.720000,200.000000,9.23000
18851,15808.080000,900.000000,9.22000
18852,15808.860000,100.000000,9.22000
18853,15809.390000,5840.000000,9.23000
18854,15809.390000,100.000000,9.23000
18855,15809.390000,3800.000000,9.23000
18856,15809.390000,5100.000000,9.23000
18857,15809.390000,8500.000000,9.23000
18858,15809.390000,9060.000000,9.23000
18859,15811.220000,200.000000,9.23000
18860,15814.250000,1000.000000,9.23000
18861,15816.960000,682.000000,9.22000
18862,15816.960000,3318.000000,9.22000
18863,15819.740000,800.000000,9.23000
18864,15821.480000,200.000000,9.23000
18865,15822.840000,900.000000,9.23000
18866,15823.330000,900.000000,9.22000
18867,15824.480000,100.000000,9.23000
18868,15824.830000,1382.000000,9.22000
18869,15824.830000,100.000000,9.22000
18870,15824.830000,518.000000,9.22000
18871,15826.550000,82.000000,9.22000
18872,15826.550000,118.000000,9.22000
18873,15828.680000,200.000000,9.23000
18874,15830.120000,100.000000,9.23000
18875,15830.400000,500.000000,9.22000
18876,15837.450000,9382.000000,9.22000
18877,15837.450000,10618.000000,9.22000
18878,15841.910000,400.000000,9.23000
18879,15842.690000,1000.000000,9.22000
18880,15844.240000,2300.000000,9.22000
18881,15846.340000,2700.000000,9.23000
18882,15846.910000,2082.000000,9.22000
18883,15846.910000,800.000000,9.22000
18884,15846.910000,1218.000000,9.22000
18885,15847.110000,3800.000000,9.22000
18886,15847.310000,4200.000000,9.22000
18887,15847.520000,782.000000,9.22000
18888,15847.520000,1800.000000,9.22000
18889,15847.520000,400.000000,9.22000
18890,15847.520000,1000.000000,9.22000
18891,15847.520000,218.000000,9.22000
18892,15854.800000,782.000000,9.22000
18893,15854.800000,218.000000,9.22000
18894,15855.270000,82.000000,9.22000
18895,15855.270000,1000.000000,9.22000
18896,15855.270000,600.000000,9.22000
18897,15855.270000,218.000000,9.22000
18898,15856.050000,100.000000,9.23000
18899,15860.680000,100.000000,9.22000
18900,15863.540000,182.000000,9.22000
18901,15863.540000,300.000000,9.22000
18902,15863.540000,1000.000000,9.22000
18903,15863.540000,10000.000000,9.22000
18904,15863.540000,500.000000,9.22000
18905,15863.540000,1000.000000,9.22000
18906,15863.540000,2000.000000,9.22000
18907,15863.540000,200.000000,9.22000
18908,15863.540000,3900.000000,9.22000
18909,15863.540000,600.000000,9.22000
18910,15863.540000,318.000000,9.22000
18911,15864.130000,682.000000,9.22000
18912,15864.130000,3000.000000,9.22000
18913,15864.130000,600.000000,9.22000
18914,15864.130000,500.000000,9.22000
18915,15864.130000,1000.000000,9.22000
18916,15864.130000,1000.000000,9.22000
18917,15864.130000,200.000000,9.22000
18918,15864.130000,200.000000,9.22000
18919,15864.130000,300.000000,9.22000
18920,15864.130000,500.000000,9.22000
18921,15864.130000,1100.000000,9.22000
18922,15864.130000,2000.000000,9.22000
18923,15864.130000,100.000000,9.22000
18924,15864.130000,1100.000000,9.22000
18925,15864.130000,300.000000,9.22000
18926,15864.130000,200.000000,9.22000
18927,15864.130000,10000.000000,9.22000
18928,15864.130000,3718.000000,9.22000
18929,15865.950000,6282.000000,9.22000
18930,15865.950000,4318.000000,9.22000
18931,15866.000000,500.000000,9.22000
18932,15867.250000,5182.000000,9.22000
18933,15867.250000,300.000000,9.22000
18934,15867.250000,500.000000,9.22000
18935,15867.250000,1600.000000,9.22000
18936,15867.250000,300.000000,9.22000
18937,15867.250000,500.000000,9.22000
18938,15867.250000,800.000000,9.22000
18939,15867.250000,500.000000,9.22000
18940,15867.250000,20000.000000,9.22000
18941,15867.250000,500.000000,9.22000
18942,15867.250000,1100.000000,9.22000
18943,15867.250000,3000.000000,9.22000
18944,15867.250000,2000.000000,9.22000
18945,15867.250000,600.000000,9.22000
18946,15867.250000,4800.000000,9.22000
18947,15867.250000,800.000000,9.22000
18948,15867.250000,100.000000,9.22000
18949,15867.250000,600.000000,9.22000
18950,15867.250000,500.000000,9.22000
18951,15867.250000,400.000000,9.22000
18952,15867.250000,2300.000000,9.22000
18953,15867.250000,300.000000,9.22000
18954,15867.250000,200.000000,9.22000
18955,15867.250000,3000.000000,9.22000
18956,15867.250000,1318.000000,9.22000
18957,15867.450000,1982.000000,9.22000
18958,15867.450000,1718.000000,9.22000
18959,15867.670000,1582.000000,9.22000
18960,15867.670000,500.000000,9.22000
18961,15867.670000,1000.000000,9.22000
18962,15867.670000,200.000000,9.22000
18963,15867.670000,1200.000000,9.22000
18964,15867.670000,5000.000000,9.22000
18965,15867.670000,500.000000,9.22000
18966,15867.670000,1000.000000,9.22000
18967,15867.670000,10000.000000,9.22000
18968,15867.670000,1000.000000,9.22000
18969,15867.670000,300.000000,9.22000
18970,15867.670000,1200.000000,9.22000
18971,15867.670000,300.000000,9.22000
18972,15867.670000,500.000000,9.22000
18973,15867.670000,2300.000000,9.22000
18974,15867.670000,300.000000,9.22000
18975,15867.670000,2000.000000,9.22000
18976,15867.670000,100.000000,9.22000
18977,15867.670000,500.000000,9.22000
18978,15867.670000,200.000000,9.22000
18979,15867.670000,500.000000,9.22000
18980,15867.670000,1000.000000,9.22000
18981,15867.670000,500.000000,9.22000
18982,15867.670000,3400.000000,9.22000
18983,15867.670000,300.000000,9.22000
18984,15867.670000,1000.000000,9.22000
18985,15867.670000,300.000000,9.22000
18986,15867.670000,2000.000000,9.22000
18987,15867.670000,118.000000,9.22000
18988,15868.340000,300.000000,9.22000
18989,15868.380000,900.000000,9.22000
18990,15869.020000,500.000000,9.22000
18991,15869.980000,200.000000,9.22000
18992,15870.140000,17982.000000,9.22000
18993,15870.140000,1000.000000,9.22000
18994,15870.140000,1100.000000,9.22000
18995,15870.140000,300.000000,9.22000
18996,15870.140000,1500.000000,9.22000
18997,15870.140000,10000.000000,9.22000
18998,15870.140000,600.000000,9.22000
18999,15870.140000,718.000000,9.22000
19000,15871.180000,900.000000,9.23000
19001,15878.230000,400.000000,9.22000
19002,15880.000000,200.000000,9.22000
19003,15882.170000,500.000000,9.22000
19004,15884.480000,1582.000000,9.22000
19005,15884.480000,518.000000,9.22000
19006,15890.020000,200.000000,9.22000
19007,15891.660000,782.000000,9.22000
19008,15891.660000,1400.000000,9.22000
19009,15891.660000,600.000000,9.22000
19010,15891.660000,2000.000000,9.22000
19011,15891.660000,3500.000000,9.22000
19012,15891.660000,100.000000,9.22000
19013,15891.660000,718.000000,9.22000
19014,15892.320000,282.000000,9.22000
19015,15892.320000,218.000000,9.22000
19016,15894.300000,882.000000,9.22000
19017,15894.300000,300.000000,9.22000
19018,15894.300000,2100.000000,9.22000
19019,15894.300000,1000.000000,9.22000
19020,15894.300000,300.000000,9.22000
19021,15894.300000,500.000000,9.22000
19022,15894.300000,700.000000,9.22000
19023,15894.300000,100.000000,9.22000
19024,15894.300000,500.000000,9.22000
19025,15894.300000,900.000000,9.22000
19026,15894.300000,16000.000000,9.22000
19027,15894.300000,100.000000,9.22000
19028,15894.300000,2518.000000,9.22000
19029,15895.190000,2482.000000,9.22000
19030,15895.190000,1018.000000,9.22000
19031,15898.160000,82.000000,9.22000
19032,15898.160000,418.000000,9.22000
19033,15898.320000,2582.000000,9.22000
19034,15898.320000,600.000000,9.22000
19035,15898.320000,700.000000,9.22000
19036,15898.320000,2000.000000,9.22000
19037,15898.320000,10100.000000,9.22000
19038,15898.320000,300.000000,9.22000
19039,15898.320000,500.000000,9.22000
19040,15898.320000,500.000000,9.22000
19041,15898.320000,100.000000,9.22000
19042,15898.320000,800.000000,9.22000
19043,15898.320000,200.000000,9.22000
19044,15898.320000,1618.000000,9.22000
19045,15900.030000,200.000000,9.22000
19046,15901.410000,200.000000,9.22000
19047,15904.240000,82.000000,9.22000
19048,15904.240000,2000.000000,9.22000
19049,15904.240000,1218.000000,9.22000
19050,15905.100000,782.000000,9.22000
19051,15905.100000,100.000000,9.22000
19052,15905.100000,3000.000000,9.22000
19053,15905.100000,1118.000000,9.22000
19054,15908.230000,100.000000,9.22000
19055,15910.050000,200.000000,9.22000
19056,15910.590000,582.000000,9.22000
19057,15910.590000,318.000000,9.22000
19058,15911.420000,300.000000,9.23000
19059,15912.500000,5000.000000,9.23000
19060,15914.510000,182.000000,9.22000
19061,15914.510000,500.000000,9.22000
19062,15914.510000,500.000000,9.22000
19063,15914.510000,818.000000,9.22000
19064,15920.070000,182.000000,9.22000
19065,15920.070000,18.000000,9.22000
19066,15920.390000,1000.000000,9.22000
19067,15922.210000,300.000000,9.23000
19068,15926.920000,1682.000000,9.22000
19069,15926.920000,2018.000000,9.22000
19070,15930.080000,200.000000,9.22000
19071,15932.940000,300.000000,9.23000
19072,15934.900000,2782.000000,9.22000
19073,15934.900000,1000.000000,9.22000
19074,15934.900000,1218.000000,9.22000
19075,15935.610000,1000.000000,9.22000
19076,15938.220000,100.000000,9.22000
19077,15938.820000,100.000000,9.22000
19078,15938.880000,100.000000,9.22000
19079,15940.090000,200.000000,9.22000
19080,15942.550000,200.000000,9.23000
19081,15944.530000,2100.000000,9.22000
19082,15950.100000,200.000000,9.22000
19083,15951.450000,2000.000000,9.22000
19084,15955.170000,1300.000000,9.23000
19085,15955.860000,2982.000000,9.22000
19086,15955.860000,200.000000,9.22000
19087,15955.860000,618.000000,9.22000
19088,15957.090000,382.000000,9.22000
19089,15957.090000,400.000000,9.22000
19090,15957.090000,1000.000000,9.22000
19091,15957.090000,3100.000000,9.22000
19092,15957.090000,10800.000000,9.22000
19093,15957.090000,1000.000000,9.22000
19094,15957.090000,500.000000,9.22000
19095,15957.090000,2000.000000,9.22000
19096,15957.090000,800.000000,9.22000
19097,15957.090000,100.000000,9.22000
19098,15957.090000,1000.000000,9.22000
19099,15957.090000,1000.000000,9.22000
19100,15957.090000,2000.000000,9.22000
19101,15957.090000,2000.000000,9.22000
19102,15957.090000,500.000000,9.22000
19103,15957.090000,200.000000,9.22000
19104,15957.090000,300.000000,9.22000
19105,15957.090000,1018.000000,9.22000
19106,15960.110000,182.000000,9.22000
19107,15960.110000,18.000000,9.22000
19108,15963.660000,82.000000,9.22000
19109,15963.660000,1500.000000,9.22000
19110,15963.660000,5500.000000,9.22000
19111,15963.660000,3918.000000,9.22000
19112,15964.270000,1682.000000,9.22000
19113,15964.270000,100.000000,9.22000
19114,15964.270000,518.000000,9.22000
19115,15965.790000,482.000000,9.22000
19116,15965.790000,400.000000,9.22000
19117,15965.790000,118.000000,9.22000
19118,15966.510000,5500.000000,9.22000
19119,15968.210000,100.000000,9.22000
19120,15970.130000,100.000000,9.22000
19121,15971.020000,4182.000000,9.22000
19122,15971.020000,1100.000000,9.22000
19123,15971.020000,900.000000,9.22000
19124,15971.020000,318.000000,9.22000
19125,15974.550000,682.000000,9.22000
19126,15974.550000,1000.000000,9.22000
19127,15974.550000,318.000000,9.22000
19128,15981.430000,682.000000,9.22000
19129,15981.430000,600.000000,9.22000
19130,15981.430000,418.000000,9.22000
19131,15981.430000,1600.000000,9.22000
19132,15981.460000,3200.000000,9.22000
19133,15981.600000,2200.000000,9.22000
19134,15981.750000,2200.000000,9.22000
19135,15981.850000,1000.000000,9.22000
19136,15981.850000,1000.000000,9.22000
19137,15984.940000,1082.000000,9.22000
19138,15984.940000,3700.000000,9.22000
19139,15984.940000,800.000000,9.22000
19140,15984.940000,418.000000,9.22000
19141,15985.250000,582.000000,9.22000
19142,15985.250000,600.000000,9.22000
19143,15985.250000,5018.000000,9.22000
19144,15985.340000,3800.000000,9.22000
19145,15985.370000,6600.000000,9.22000
19146,15985.600000,200.000000,9.22000
19147,15986.540000,1300.000000,9.22000
19148,15986.560000,2000.000000,9.22000
19149,15987.010000,1200.000000,9.22000
19150,15987.090000,500.000000,9.22000
19151,15988.320000,382.000000,9.22000
19152,15988.320000,2818.000000,9.22000
19153,15988.480000,2900.000000,9.22000
19154,15988.510000,500.000000,9.22000
19155,15988.590000,3200.000000,9.22000
19156,15989.350000,400.000000,9.22000
19157,15989.680000,182.000000,9.22000
19158,15989.680000,2118.000000,9.22000
19159,15990.160000,100.000000,9.22000
19160,15990.720000,900.000000,9.22000
19161,15991.270000,1500.000000,9.22000
19162,15991.300000,700.000000,9.22000
19163,15991.300000,1400.000000,9.22000
19164,15991.300000,2600.000000,9.22000
19165,15991.830000,4100.000000,9.22000
19166,15992.710000,1000.000000,9.22000
19167,15993.100000,500.000000,9.22000
19168,15993.460000,5082.000000,9.22000
19169,15993.460000,100.000000,9.22000
19170,15993.460000,1000.000000,9.22000
19171,15993.460000,100.000000,9.22000
19172,15993.460000,200.000000,9.22000
19173,15993.460000,2718.000000,9.22000
19174,15993.680000,2982.000000,9.22000
19175,15993.680000,100.000000,9.22000
19176,15993.680000,1000.000000,9.22000
19177,15993.680000,1000.000000,9.22000
19178,15993.680000,1100.000000,9.22000
19179,15993.680000,918.000000,9.22000
19180,15993.720000,582.000000,9.22000
19181,15993.720000,1000.000000,9.22000
19182,15993.720000,800.000000,9.22000
19183,15993.720000,600.000000,9.22000
19184,15993.720000,1200.000000,9.22000
19185,15993.720000,200.000000,9.22000
19186,15993.720000,100.000000,9.22000
19187,15993.720000,500.000000,9.22000
19188,15993.720000,1000.000000,9.22000
19189,15993.720000,1000.000000,9.22000
19190,15993.720000,600.000000,9.22000
19191,15993.720000,400.000000,9.22000
19192,15993.720000,500.000000,9.22000
19193,15993.720000,600.000000,9.22000
19194,15993.720000,300.000000,9.22000
19195,15993.720000,200.000000,9.22000
19196,15993.720000,600.000000,9.22000
19197,15993.720000,1000.000000,9.22000
19198,15993.720000,100.000000,9.22000
19199,15993.720000,5000.000000,9.22000
19200,15993.720000,4000.000000,9.22000
19201,15993.720000,400.000000,9.22000
19202,15993.720000,1000.000000,9.22000
19203,15993.720000,400.000000,9.22000
19204,15993.720000,500.000000,9.22000
19205,15993.720000,1000.000000,9.22000
19206,15993.720000,10000.000000,9.22000
19207,15993.720000,800.000000,9.22000
19208,15993.720000,1000.000000,9.22000
19209,15993.720000,500.000000,9.22000
19210,15993.720000,1000.000000,9.22000
19211,15993.720000,200.000000,9.22000
19212,15993.720000,1500.000000,9.22000
19213,15993.720000,800.000000,9.22000
19214,15993.720000,2000.000000,9.22000
19215,15993.720000,500.000000,9.22000
19216,15993.720000,5000.000000,9.22000
19217,15993.720000,400.000000,9.22000
19218,15993.720000,200.000000,9.22000
19219,15993.720000,200.000000,9.22000
19220,15993.720000,1000.000000,9.22000
19221,15993.720000,1000.000000,9.22000
19222,15993.720000,100.000000,9.22000
19223,15993.720000,15500.000000,9.22000
19224,15993.720000,200.000000,9.22000
19225,15993.720000,1400.000000,9.22000
19226,15993.720000,300.000000,9.22000
19227,15993.720000,2700.000000,9.22000
19228,15993.720000,3000.000000,9.22000
19229,15993.720000,10000.000000,9.22000
19230,15993.720000,2000.000000,9.22000
19231,15993.720000,100.000000,9.22000
19232,15993.720000,500.000000,9.22000
19233,15993.720000,600.000000,9.22000
19234,15993.720000,900.000000,9.22000
19235,15993.720000,1200.000000,9.22000
19236,15993.720000,500.000000,9.22000
19237,15993.720000,3700.000000,9.22000
19238,15993.720000,300.000000,9.22000
19239,15993.720000,200.000000,9.22000
19240,15993.720000,500.000000,9.22000
19241,15993.720000,300.000000,9.22000
19242,15993.720000,100.000000,9.22000
19243,15993.720000,2000.000000,9.22000
19244,15993.720000,500.000000,9.22000
19245,15993.720000,1100.000000,9.22000
19246,15993.720000,200.000000,9.22000
19247,15993.720000,300.000000,9.22000
19248,15993.720000,600.000000,9.22000
19249,15993.720000,500.000000,9.22000
19250,15993.720000,1018.000000,9.22000
19251,15994.610000,500.000000,9.22000
19252,15995.460000,2600.000000,9.22000
19253,15995.810000,200.000000,9.22000
19254,15996.210000,3100.000000,9.22000
19255,15996.270000,200.000000,9.22000
19256,15996.360000,4282.000000,9.22000
19257,15996.360000,1000.000000,9.22000
19258,15996.360000,400.000000,9.22000
19259,15996.360000,600.000000,9.22000
19260,15996.360000,500.000000,9.22000
19261,15996.360000,100.000000,9.22000
19262,15996.360000,10800.000000,9.22000
19263,15996.360000,2200.000000,9.22000
19264,15996.360000,2000.000000,9.22000
19265,15996.360000,100.000000,9.22000
19266,15996.360000,100.000000,9.22000
19267,15996.360000,400.000000,9.22000
19268,15996.360000,800.000000,9.22000
19269,15996.360000,300.000000,9.22000
19270,15996.360000,4400.000000,9.22000
19271,15996.360000,1000.000000,9.22000
19272,15996.360000,1018.000000,9.22000
19273,15997.090000,500.000000,9.22000
19274,15997.290000,1600.000000,9.22000
19275,15997.290000,782.000000,9.22000
19276,15997.290000,1000.000000,9.22000
19277,15997.290000,200.000000,9.22000
19278,15997.290000,918.000000,9.22000
19279,15997.290000,382.000000,9.22000
19280,15997.290000,600.000000,9.22000
19281,15997.290000,300.000000,9.22000
19282,15997.290000,1000.000000,9.22000
19283,15997.290000,18.000000,9.22000
19284,15998.210000,100.000000,9.22000
19285,15998.350000,182.000000,9.22000
19286,15998.350000,318.000000,9.22000
19287,15999.240000,82.000000,9.22000
19288,15999.240000,400.000000,9.22000
19289,15999.240000,1600.000000,9.22000
19290,15999.240000,5000.000000,9.22000
19291,15999.240000,800.000000,9.22000
19292,15999.240000,900.000000,9.22000
19293,15999.240000,12100.000000,9.22000
19294,15999.240000,1300.000000,9.22000
19295,15999.240000,300.000000,9.22000
19296,15999.240000,1300.000000,9.22000
19297,15999.240000,300.000000,9.22000
19298,15999.240000,3000.000000,9.22000
19299,15999.240000,1000.000000,9.22000
19300,15999.240000,400.000000,9.22000
19301,15999.240000,200.000000,9.22000
19302,15999.240000,1000.000000,9.22000
19303,15999.240000,1400.000000,9.22000
19304,15999.240000,300.000000,9.22000
19305,15999.240000,200.000000,9.22000
19306,15999.240000,1000.000000,9.22000
19307,15999.240000,200.000000,9.22000
19308,15999.240000,2000.000000,9.22000
19309,15999.240000,2800.000000,9.22000
19310,15999.240000,400.000000,9.22000
19311,15999.240000,1000.000000,9.22000
19312,15999.240000,1300.000000,9.22000
19313,15999.240000,1400.000000,9.22000
19314,15999.240000,3400.000000,9.22000
19315,15999.240000,200.000000,9.22000
19316,15999.240000,3300.000000,9.22000
19317,15999.240000,2200.000000,9.22000
19318,15999.240000,3400.000000,9.22000
19319,15999.240000,2118.000000,9.22000
19320,16000.080000,300.000000,9.22000
19321,16000.150000,582.000000,9.22000
19322,16000.150000,1400.000000,9.22000
19323,16000.150000,1518.000000,9.22000
19324,16000.160000,4100.000000,9.22000
19325,16000.380000,3000.000000,9.22000
19326,16000.540000,900.000000,9.22000
19327,16000.570000,482.000000,9.22000
19328,16000.570000,18.000000,9.22000
19329,16000.760000,1000.000000,9.22000
19330,16001.290000,500.000000,9.22000
19331,16001.600000,1182.000000,9.22000
19332,16001.600000,100.000000,9.22000
19333,16001.600000,2000.000000,9.22000
19334,16001.600000,718.000000,9.22000
19335,16001.870000,3282.000000,9.22000
19336,16001.870000,818.000000,9.22000
19337,16002.070000,182.000000,9.22000
19338,16002.070000,1300.000000,9.22000
19339,16002.070000,2318.000000,9.22000
19340,16002.090000,182.000000,9.22000
19341,16002.090000,400.000000,9.22000
19342,16002.090000,4118.000000,9.22000
19343,16002.100000,1200.000000,9.22000
19344,16002.190000,3200.000000,9.22000
19345,16003.750000,500.000000,9.22000
19346,16005.000000,2100.000000,9.22000
19347,16005.250000,500.000000,9.22000
19348,16005.670000,8382.000000,9.22000
19349,16005.670000,1618.000000,9.22000
19350,16006.470000,100.000000,9.22000
19351,16006.520000,4382.000000,9.22000
19352,16006.520000,100.000000,9.22000
19353,16006.520000,1000.000000,9.22000
19354,16006.520000,1518.000000,9.22000
19355,16006.550000,100.000000,9.22000
19356,16007.400000,500.000000,9.22000
19357,16007.540000,882.000000,9.22000
19358,16007.540000,200.000000,9.22000
19359,16007.540000,518.000000,9.22000
19360,16007.720000,182.000000,9.22000
19361,16007.720000,500.000000,9.22000
19362,16007.720000,11000.000000,9.22000
19363,16007.720000,3000.000000,9.22000
19364,16007.720000,5000.000000,9.22000
19365,16007.720000,400.000000,9.22000
19366,16007.720000,200.000000,9.22000
19367,16007.720000,800.000000,9.22000
19368,16007.720000,7200.000000,9.22000
19369,16007.720000,600.000000,9.22000
19370,16007.720000,1100.000000,9.22000
19371,16007.720000,2100.000000,9.22000
19372,16007.720000,400.000000,9.22000
19373,16007.720000,500.000000,9.22000
19374,16007.720000,200.000000,9.22000
19375,16007.720000,200.000000,9.22000
19376,16007.720000,5000.000000,9.22000
19377,16007.720000,1000.000000,9.22000
19378,16007.720000,5000.000000,9.22000
19379,16007.720000,400.000000,9.22000
19380,16007.720000,1100.000000,9.22000
19381,16007.720000,500.000000,9.22000
19382,16007.720000,2200.000000,9.22000
19383,16007.720000,200.000000,9.22000
19384,16007.720000,5000.000000,9.22000
19385,16007.720000,1200.000000,9.22000
19386,16007.720000,10000.000000,9.22000
19387,16007.720000,3000.000000,9.22000
19388,16007.720000,2000.000000,9.22000
19389,16007.720000,1200.000000,9.22000
19390,16007.720000,1000.000000,9.22000
19391,16007.720000,1000.000000,9.22000
19392,16007.720000,2000.000000,9.22000
19393,16007.720000,500.000000,9.22000
19394,16007.720000,200.000000,9.22000
19395,16007.720000,1300.000000,9.22000
19396,16007.720000,4300.000000,9.22000
19397,16007.720000,400.000000,9.22000
19398,16007.720000,3000.000000,9.22000
19399,16007.720000,200.000000,9.22000
19400,16007.720000,1000.000000,9.22000
19401,16007.720000,500.000000,9.22000
19402,16007.720000,500.000000,9.22000
19403,16007.720000,800.000000,9.22000
19404,16007.720000,400.000000,9.22000
19405,16007.720000,400.000000,9.22000
19406,16007.720000,300.000000,9.22000
19407,16007.720000,3000.000000,9.22000
19408,16007.720000,100.000000,9.22000
19409,16007.720000,5000.000000,9.22000
19410,16007.720000,100.000000,9.22000
19411,16007.720000,500.000000,9.22000
19412,16007.720000,100.000000,9.22000
19413,16007.720000,2000.000000,9.22000
19414,16007.720000,1000.000000,9.22000
19415,16007.720000,200.000000,9.22000
19416,16007.720000,1000.000000,9.22000
19417,16007.720000,1000.000000,9.22000
19418,16007.720000,20000.000000,9.22000
19419,16007.720000,3000.000000,9.22000
19420,16007.720000,600.000000,9.22000
19421,16007.720000,1000.000000,9.22000
19422,16007.720000,1900.000000,9.22000
19423,16007.720000,100.000000,9.22000
19424,16007.720000,2000.000000,9.22000
19425,16007.720000,300.000000,9.22000
19426,16007.720000,500.000000,9.22000
19427,16007.720000,1300.000000,9.22000
19428,16007.720000,400.000000,9.22000
19429,16007.720000,100.000000,9.22000
19430,16007.720000,100.000000,9.22000
19431,16007.720000,500.000000,9.22000
19432,16007.720000,500.000000,9.22000
19433,16007.720000,300.000000,9.22000
19434,16007.720000,100.000000,9.22000
19435,16007.720000,1800.000000,9.22000
19436,16007.720000,500.000000,9.22000
19437,16007.720000,1000.000000,9.22000
19438,16007.720000,800.000000,9.22000
19439,16007.720000,1000.000000,9.22000
19440,16007.720000,200.000000,9.22000
19441,16007.720000,500.000000,9.22000
19442,16007.720000,300.000000,9.22000
19443,16007.720000,1000.000000,9.22000
19444,16007.720000,1000.000000,9.22000
19445,16007.720000,1700.000000,9.22000
19446,16007.720000,14700.000000,9.22000
19447,16007.720000,500.000000,9.22000
19448,16007.720000,200.000000,9.22000
19449,16007.720000,10000.000000,9.22000
19450,16007.720000,100.000000,9.22000
19451,16007.720000,300.000000,9.22000
19452,16007.720000,300.000000,9.22000
19453,16007.720000,100.000000,9.22000
19454,16007.720000,100.000000,9.22000
19455,16007.720000,2100.000000,9.22000
19456,16007.720000,2600.000000,9.22000
19457,16007.720000,300.000000,9.22000
19458,16007.720000,400.000000,9.22000
19459,16007.720000,100.000000,9.22000
19460,16007.720000,200.000000,9.22000
19461,16007.720000,2100.000000,9.22000
19462,16007.720000,500.000000,9.22000
19463,16007.720000,1000.000000,9.22000
19464,16007.720000,400.000000,9.22000
19465,16007.720000,100.000000,9.22000
19466,16007.720000,200.000000,9.22000
19467,16007.720000,400.000000,9.22000
19468,16007.720000,2000.000000,9.22000
19469,16007.720000,1200.000000,9.22000
19470,16007.720000,1900.000000,9.22000
19471,16007.720000,100.000000,9.22000
19472,16007.720000,1100.000000,9.22000
19473,16007.720000,1100.000000,9.22000
19474,16007.720000,200.000000,9.22000
19475,16007.720000,500.000000,9.22000
19476,16007.720000,2100.000000,9.22000
19477,16007.720000,100.000000,9.22000
19478,16007.720000,100.000000,9.22000
19479,16007.720000,200.000000,9.22000
19480,16007.720000,1100.000000,9.22000
19481,16007.720000,400.000000,9.22000
19482,16007.720000,3200.000000,9.22000
19483,16007.720000,1000.000000,9.22000
19484,16007.720000,500.000000,9.22000
19485,16007.720000,2700.000000,9.22000
19486,16007.720000,4000.000000,9.22000
19487,16007.720000,600.000000,9.22000
19488,16007.720000,400.000000,9.22000
19489,16007.720000,2100.000000,9.22000
19490,16007.720000,1000.000000,9.22000
19491,16007.720000,4200.000000,9.22000
19492,16007.720000,900.000000,9.22000
19493,16007.720000,500.000000,9.22000
19494,16007.720000,100.000000,9.22000
19495,16007.720000,100.000000,9.22000
19496,16007.720000,400.000000,9.22000
19497,16007.720000,2100.000000,9.22000
19498,16007.720000,300.000000,9.22000
19499,16007.720000,100.000000,9.22000
19500,16007.720000,400.000000,9.22000
19501,16007.720000,1100.000000,9.22000
19502,16007.720000,5000.000000,9.22000
19503,16007.720000,5318.000000,9.22000
19504,16007.720000,5882.000000,9.22000
19505,16007.720000,100.000000,9.22000
19506,16007.720000,100.000000,9.22000
19507,16007.720000,1000.000000,9.22000
19508,16007.720000,25900.000000,9.22000
19509,16007.720000,500.000000,9.22000
19510,16007.720000,3300.000000,9.22000
19511,16007.720000,3300.000000,9.22000
19512,16007.720000,5400.000000,9.22000
19513,16007.720000,1000.000000,9.22000
19514,16007.720000,800.000000,9.22000
19515,16007.720000,59618.000000,9.22000
19516,16008.130000,3800.000000,9.22000
19517,16008.300000,100.000000,9.22000
19518,16008.340000,1600.000000,9.22000
19519,16008.340000,2600.000000,9.22000
19520,16008.340000,700.000000,9.22000
19521,16008.340000,1200.000000,9.22000
19522,16008.340000,1500.000000,9.22000
19523,16008.340000,2300.000000,9.22000
19524,16008.340000,1300.000000,9.22000
19525,16008.340000,2900.000000,9.22000
19526,16008.340000,3300.000000,9.22000
19527,16008.340000,1400.000000,9.22000
19528,16008.340000,5500.000000,9.22000
19529,16008.340000,2000.000000,9.22000
19530,16008.340000,500.000000,9.22000
19531,16008.430000,2300.000000,9.22000
19532,16008.430000,1300.000000,9.22000
19533,16008.430000,1500.000000,9.22000
19534,16008.430000,2900.000000,9.22000
19535,16008.430000,1682.000000,9.22000
19536,16008.430000,318.000000,9.22000
19537,16008.430000,1400.000000,9.22000
19538,16008.430000,1200.000000,9.22000
19539,16008.430000,700.000000,9.22000
19540,16008.430000,2600.000000,9.22000
19541,16008.430000,3300.000000,9.22000
19542,16008.430000,3482.000000,9.22000
19543,16008.430000,2018.000000,9.22000
19544,16008.430000,1600.000000,9.22000
19545,16008.510000,16382.000000,9.22000
19546,16008.510000,400.000000,9.22000
19547,16008.510000,14718.000000,9.22000
19548,16009.820000,7200.000000,9.22000
19549,16010.160000,3800.000000,9.22000
19550,16010.200000,3800.000000,9.22000
19551,16010.200000,482.000000,9.22000
19552,16010.200000,800.000000,9.22000
19553,16010.200000,100.000000,9.22000
19554,16010.200000,2318.000000,9.22000
19555,16010.350000,100.000000,9.22000
19556,16010.480000,2582.000000,9.22000
19557,16010.480000,1000.000000,9.22000
19558,16010.480000,218.000000,9.22000
19559,16010.510000,782.000000,9.22000
19560,16010.510000,1000.000000,9.22000
19561,16010.510000,700.000000,9.22000
19562,16010.510000,500.000000,9.22000
19563,16010.510000,1118.000000,9.22000
19564,16010.580000,782.000000,9.22000
19565,16010.580000,318.000000,9.22000
19566,16011.020000,600.000000,9.22000
19567,16011.160000,300.000000,9.22000
19568,16011.170000,2382.000000,9.22000
19569,16011.170000,200.000000,9.22000
19570,16011.170000,400.000000,9.22000
19571,16011.170000,100.000000,9.22000
19572,16011.170000,2200.000000,9.22000
19573,16011.170000,500.000000,9.22000
19574,16011.170000,400.000000,9.22000
19575,16011.170000,6818.000000,9.22000
19576,16011.240000,15382.000000,9.22000
19577,16011.240000,100.000000,9.22000
19578,16011.240000,6800.000000,9.22000
19579,16011.240000,400.000000,9.22000
19580,16011.240000,5000.000000,9.22000
19581,16011.240000,900.000000,9.22000
19582,16011.240000,300.000000,9.22000
19583,16011.240000,1100.000000,9.22000
19584,16011.240000,100.000000,9.22000
19585,16011.240000,400.000000,9.22000
19586,16011.240000,200.000000,9.22000
19587,16011.240000,100000.000000,9.22000
19588,16011.240000,300.000000,9.22000
19589,16011.240000,100.000000,9.22000
19590,16011.240000,500.000000,9.22000
19591,16011.240000,900.000000,9.22000
19592,16011.240000,700.000000,9.22000
19593,16011.240000,500.000000,9.22000
19594,16011.240000,100.000000,9.22000
19595,16011.240000,1000.000000,9.22000
19596,16011.240000,500.000000,9.22000
19597,16011.240000,918.000000,9.22000
19598,16011.240000,82.000000,9.22000
19599,16011.240000,100.000000,9.22000
19600,16011.240000,400.000000,9.22000
19601,16011.240000,400.000000,9.22000
19602,16011.240000,3300.000000,9.22000
19603,16011.240000,21600.000000,9.22000
19604,16011.240000,300.000000,9.22000
19605,16011.240000,20000.000000,9.22000
19606,16011.240000,200.000000,9.22000
19607,16011.240000,200.000000,9.22000
19608,16011.240000,1000.000000,9.22000
19609,16011.240000,200.000000,9.22000
19610,16011.240000,400.000000,9.22000
19611,16011.240000,100.000000,9.22000
19612,16011.240000,1100.000000,9.22000
19613,16011.240000,100.000000,9.22000
19614,16011.240000,1000.000000,9.22000
19615,16011.240000,100.000000,9.22000
19616,16011.240000,1000.000000,9.22000
19617,16011.240000,10000.000000,9.22000
19618,16011.240000,100.000000,9.22000
19619,16011.240000,2000.000000,9.22000
19620,16011.240000,100.000000,9.22000
19621,16011.240000,100.000000,9.22000
19622,16011.240000,100.000000,9.22000
19623,16011.240000,100.000000,9.22000
19624,16011.240000,500.000000,9.22000
19625,16011.240000,1000.000000,9.22000
19626,16011.240000,200.000000,9.22000
19627,16011.240000,1000.000000,9.22000
19628,16011.240000,10000.000000,9.22000
19629,16011.240000,400.000000,9.22000
19630,16011.240000,100.000000,9.22000
19631,16011.240000,600.000000,9.22000
19632,16011.240000,100.000000,9.22000
19633,16011.240000,1100.000000,9.22000
19634,16011.240000,1000.000000,9.22000
19635,16011.240000,10000.000000,9.22000
19636,16011.240000,6818.000000,9.22000
19637,16011.240000,882.000000,9.22000
19638,16011.240000,1000.000000,9.22000
19639,16011.240000,100.000000,9.22000
19640,16011.240000,800.000000,9.22000
19641,16011.240000,25318.000000,9.22000
19642,16011.360000,4400.000000,9.22000
19643,16011.550000,100.000000,9.22000
19644,16011.610000,3800.000000,9.22000
19645,16011.660000,15800.000000,9.22000
19646,16011.660000,11000.000000,9.22000
19647,16011.660000,10000.000000,9.22000
19648,16011.830000,3900.000000,9.22000
19649,16012.110000,4200.000000,9.22000
19650,16012.360000,4300.000000,9.22000
19651,16012.550000,5000.000000,9.22000
19652,16014.120000,12182.000000,9.22000
19653,16014.120000,400.000000,9.22000
19654,16014.120000,100.000000,9.22000
19655,16014.120000,1000.000000,9.22000
19656,16014.120000,2900.000000,9.22000
19657,16014.120000,1800.000000,9.22000
19658,16014.120000,1800.000000,9.22000
19659,16014.120000,700.000000,9.22000
19660,16014.120000,200.000000,9.22000
19661,16014.120000,3900.000000,9.22000
19662,16014.120000,100.000000,9.22000
19663,16014.120000,300.000000,9.22000
19664,16014.120000,1800.000000,9.22000
19665,16014.120000,300.000000,9.22000
19666,16014.120000,200.000000,9.22000
19667,16014.120000,600.000000,9.22000
19668,16014.120000,1000.000000,9.22000
19669,16014.120000,200.000000,9.22000
19670,16014.120000,500.000000,9.22000
19671,16014.120000,700.000000,9.22000
19672,16014.120000,700.000000,9.22000
19673,16014.120000,1500.000000,9.22000
19674,16014.120000,300.000000,9.22000
19675,16014.120000,400.000000,9.22000
19676,16014.120000,200.000000,9.22000
19677,16014.120000,200.000000,9.22000
19678,16014.120000,20818.000000,9.22000
19679,16014.120000,25900.000000,9.22000
19680,16014.950000,2100.000000,9.22000
19681,16015.520000,2600.000000,9.22000
19682,16016.370000,1100.000000,9.22000
19683,16017.280000,26300.000000,9.22000
19684,16017.280000,21182.000000,9.22000
19685,16017.280000,1700.000000,9.22000
19686,16017.280000,200.000000,9.22000
19687,16017.280000,200.000000,9.22000
19688,16017.280000,100.000000,9.22000
19689,16017.280000,200.000000,9.22000
19690,16017.280000,200.000000,9.22000
19691,16017.280000,1600.000000,9.22000
19692,16017.280000,6000.000000,9.22000
19693,16017.280000,5000.000000,9.22000
19694,16017.280000,3000.000000,9.22000
19695,16017.280000,2418.000000,9.22000
19696,16018.010000,200.000000,9.22000
19697,16018.080000,900.000000,9.22000
19698,16018.390000,200.000000,9.22000
19699,16018.480000,900.000000,9.22000
19700,16018.550000,3000.000000,9.22000
19701,16018.790000,100.000000,9.22000
19702,16019.420000,1000.000000,9.22000
19703,16020.790000,1000.000000,9.22000
19704,16021.170000,44400.000000,9.22000
19705,16021.200000,2000.000000,9.22000
19706,16021.230000,200.000000,9.22000
19707,16021.280000,200.000000,9.22000
19708,16023.670000,11400.000000,9.22000
19709,16023.940000,4000.000000,9.22000
19710,16025.420000,4000.000000,9.22000
19711,16025.820000,24082.000000,9.22000
19712,16025.820000,400.000000,9.22000
19713,16025.820000,2000.000000,9.22000
19714,16025.820000,300.000000,9.22000
19715,16025.820000,100.000000,9.22000
19716,16025.820000,8000.000000,9.22000
19717,16025.820000,3000.000000,9.22000
19718,16025.820000,100.000000,9.22000
19719,16025.820000,2000.000000,9.22000
19720,16025.820000,400.000000,9.22000
19721,16025.820000,10500.000000,9.22000
19722,16025.820000,2000.000000,9.22000
19723,16025.820000,200.000000,9.22000
19724,16025.820000,2000.000000,9.22000
19725,16025.820000,2500.000000,9.22000
19726,16025.820000,600.000000,9.22000
19727,16025.820000,3000.000000,9.22000
19728,16025.820000,400.000000,9.22000
19729,16025.820000,2500.000000,9.22000
19730,16025.820000,2200.000000,9.22000
19731,16025.820000,400.000000,9.22000
19732,16025.820000,1800.000000,9.22000
19733,16025.820000,700.000000,9.22000
19734,16025.820000,54400.000000,9.22000
19735,16025.820000,100.000000,9.22000
19736,16025.820000,1900.000000,9.22000
19737,16025.820000,500.000000,9.22000
19738,16025.820000,16200.000000,9.22000
19739,16025.820000,100.000000,9.22000
19740,16025.820000,900.000000,9.22000
19741,16025.820000,1100.000000,9.22000
19742,16025.820000,5000.000000,9.22000
19743,16025.820000,2400.000000,9.22000
19744,16025.820000,300.000000,9.22000
19745,16025.820000,1100.000000,9.22000
19746,16025.820000,100.000000,9.22000
19747,16025.820000,1000.000000,9.22000
19748,16025.820000,5000.000000,9.22000
19749,16025.820000,400.000000,9.22000
19750,16025.820000,1400.000000,9.22000
19751,16025.820000,500.000000,9.22000
19752,16025.820000,600.000000,9.22000
19753,16025.820000,4000.000000,9.22000
19754,16025.820000,1000.000000,9.22000
19755,16025.820000,300.000000,9.22000
19756,16025.820000,5000.000000,9.22000
19757,16025.820000,100.000000,9.22000
19758,16025.820000,5000.000000,9.22000
19759,16025.820000,3200.000000,9.22000
19760,16025.820000,400.000000,9.22000
19761,16025.820000,200.000000,9.22000
19762,16025.820000,3000.000000,9.22000
19763,16025.820000,500.000000,9.22000
19764,16025.820000,500.000000,9.22000
19765,16025.820000,500.000000,9.22000
19766,16025.820000,400.000000,9.22000
19767,16025.820000,500.000000,9.22000
19768,16025.820000,100.000000,9.22000
19769,16025.820000,8918.000000,9.22000
19770,16025.900000,1000.000000,9.22000
19771,16030.130000,200.000000,9.22000
19772,16030.150000,200.000000,9.22000
19773,16030.220000,200.000000,9.22000
19774,16030.230000,200.000000,9.22000
19775,16031.110000,600.000000,9.22000
19776,16034.170000,500.000000,9.22000
19777,16034.320000,1000.000000,9.22000
19778,16034.620000,2000.000000,9.22000
19779,16034.890000,2000.000000,9.22000
19780,16037.120000,1000.000000,9.22000
19781,16038.240000,62182.000000,9.22000
19782,16038.240000,100.000000,9.22000
19783,16038.240000,300.000000,9.22000
19784,16038.240000,100.000000,9.22000
19785,16038.240000,5818.000000,9.22000
19786,16038.240000,5982.000000,9.22000
19787,16038.240000,1100.000000,9.22000
19788,16038.240000,700.000000,9.22000
19789,16038.240000,500.000000,9.22000
19790,16038.240000,500.000000,9.22000
19791,16038.240000,4000.000000,9.22000
19792,16038.240000,500.000000,9.22000
19793,16038.240000,1000.000000,9.22000
19794,16038.240000,100.000000,9.22000
19795,16038.240000,200.000000,9.22000
19796,16038.240000,600.000000,9.22000
19797,16038.240000,500.000000,9.22000
19798,16038.240000,400.000000,9.22000
19799,16038.240000,100.000000,9.22000
19800,16038.240000,500.000000,9.22000
19801,16038.240000,2000.000000,9.22000
19802,16038.240000,20000.000000,9.22000
19803,16038.240000,1100.000000,9.22000
19804,16038.240000,4518.000000,9.22000
19805,16038.830000,7282.000000,9.22000
19806,16038.830000,65700.000000,9.22000
19807,16038.830000,7018.000000,9.22000
19808,16039.240000,3000.000000,9.22000
19809,16039.880000,500.000000,9.22000
19810,16040.090000,200.000000,9.22000
19811,16040.090000,100.000000,9.22000
19812,16040.100000,6000.000000,9.22000
19813,16040.150000,200.000000,9.22000
19814,16040.240000,200.000000,9.22000
19815,16041.190000,800.000000,9.22000
19816,16041.240000,1982.000000,9.22000
19817,16041.240000,1200.000000,9.22000
19818,16041.240000,400.000000,9.22000
19819,16041.240000,1000.000000,9.22000
19820,16041.240000,1400.000000,9.22000
19821,16041.240000,1800.000000,9.22000
19822,16041.240000,2300.000000,9.22000
19823,16041.240000,100.000000,9.22000
19824,16041.240000,15000.000000,9.22000
19825,16041.240000,500.000000,9.22000
19826,16041.240000,200.000000,9.22000
19827,16041.240000,2000.000000,9.22000
19828,16041.240000,500.000000,9.22000
19829,16041.240000,200.000000,9.22000
19830,16041.240000,600.000000,9.22000
19831,16041.240000,1500.000000,9.22000
19832,16041.240000,2000.000000,9.22000
19833,16041.240000,1000.000000,9.22000
19834,16041.240000,7018.000000,9.22000
19835,16044.380000,2500.000000,9.22000
19836,16046.310000,200.000000,9.22000
19837,16047.140000,282.000000,9.22000
19838,16047.140000,718.000000,9.22000
19839,16047.340000,600.000000,9.22000
19840,16048.520000,1282.000000,9.22000
19841,16048.520000,718.000000,9.22000
19842,16049.070000,5882.000000,9.22000
19843,16049.070000,1400.000000,9.22000
19844,16049.070000,200.000000,9.22000
19845,16049.070000,2300.000000,9.22000
19846,16049.070000,218.000000,9.22000
19847,16050.270000,200.000000,9.22000
19848,16050.490000,200.000000,9.22000
19849,16052.100000,182.000000,9.22000
19850,16052.100000,318.000000,9.22000
19851,16052.100000,582.000000,9.22000
19852,16052.100000,1100.000000,9.22000
19853,16052.100000,1000.000000,9.22000
19854,16052.100000,100.000000,9.22000
19855,16052.100000,500.000000,9.22000
19856,16052.100000,800.000000,9.22000
19857,16052.100000,3300.000000,9.22000
19858,16052.100000,1000.000000,9.22000
19859,16052.100000,500.000000,9.22000
19860,16052.100000,2300.000000,9.22000
19861,16052.100000,2300.000000,9.22000
19862,16052.100000,5000.000000,9.22000
19863,16052.100000,2300.000000,9.22000
19864,16052.100000,500.000000,9.22000
19865,16052.100000,700.000000,9.22000
19866,16052.100000,8018.000000,9.22000
19867,16054.060000,2200.000000,9.22000
19868,16055.110000,3800.000000,9.22000
19869,16056.950000,982.000000,9.22000
19870,16056.950000,500.000000,9.22000
19871,16056.950000,200.000000,9.22000
19872,16056.950000,2000.000000,9.22000
19873,16056.950000,100.000000,9.22000
19874,16056.950000,18.000000,9.22000
19875,16057.540000,882.000000,9.22000
19876,16057.540000,1000.000000,9.22000
19877,16057.540000,5000.000000,9.22000
19878,16057.540000,200.000000,9.22000
19879,16057.540000,600.000000,9.22000
19880,16057.540000,1418.000000,9.22000
19881,16058.120000,1000.000000,9.22000
19882,16058.220000,100.000000,9.22000
19883,16058.440000,500.000000,9.22000
19884,16058.510000,982.000000,9.22000
19885,16058.510000,18.000000,9.22000
19886,16060.290000,182.000000,9.22000
19887,16060.290000,18.000000,9.22000
19888,16061.380000,1982.000000,9.22000
19889,16061.380000,300.000000,9.22000
19890,16061.380000,800.000000,9.22000
19891,16061.380000,2500.000000,9.22000
19892,16061.380000,1500.000000,9.22000
19893,16061.380000,100.000000,9.22000
19894,16061.380000,100.000000,9.22000
19895,16061.380000,1600.000000,9.22000
19896,16061.380000,500.000000,9.22000
19897,16061.380000,20618.000000,9.22000
19898,16061.710000,1000.000000,9.22000
19899,16061.720000,8382.000000,9.22000
19900,16061.720000,1618.000000,9.22000
19901,16062.460000,2982.000000,9.22000
19902,16062.460000,2318.000000,9.22000
19903,16063.710000,82.000000,9.22000
19904,16063.710000,500.000000,9.22000
19905,16063.710000,418.000000,9.22000
19906,16063.960000,82.000000,9.22000
19907,16063.960000,100.000000,9.22000
19908,16063.960000,2100.000000,9.22000
19909,16063.960000,500.000000,9.22000
19910,16063.960000,1000.000000,9.22000
19911,16063.960000,1000.000000,9.22000
19912,16063.960000,300.000000,9.22000
19913,16063.960000,718.000000,9.22000
19914,16064.650000,1382.000000,9.22000
19915,16064.650000,100.000000,9.22000
19916,16064.650000,418.000000,9.22000
19917,16065.630000,482.000000,9.22000
19918,16065.630000,1500.000000,9.22000
19919,16065.630000,500.000000,9.22000
19920,16065.630000,400.000000,9.22000
19921,16065.630000,118.000000,9.22000
19922,16068.630000,1500.000000,9.22000
19923,16068.900000,400.000000,9.22000
19924,16069.630000,2982.000000,9.22000
19925,16069.630000,5400.000000,9.22000
19926,16069.630000,3000.000000,9.22000
19927,16069.630000,1600.000000,9.22000
19928,16069.630000,600.000000,9.22000
19929,16069.630000,1518.000000,9.22000
19930,16069.760000,82.000000,9.22000
19931,16069.760000,500.000000,9.22000
19932,16069.760000,2000.000000,9.22000
19933,16069.760000,100.000000,9.22000
19934,16069.760000,100.000000,9.22000
19935,16069.760000,500.000000,9.22000
19936,16069.760000,600.000000,9.22000
19937,16069.760000,500.000000,9.22000
19938,16069.760000,618.000000,9.22000
19939,16070.300000,200.000000,9.22000
19940,16072.050000,182.000000,9.22000
19941,16072.050000,3200.000000,9.22000
19942,16072.050000,200.000000,9.22000
19943,16072.050000,500.000000,9.22000
19944,16072.050000,400.000000,9.22000
19945,16072.050000,200.000000,9.22000
19946,16072.050000,500.000000,9.22000
19947,16072.050000,3900.000000,9.22000
19948,16072.050000,100.000000,9.22000
19949,16072.050000,3500.000000,9.22000
19950,16072.050000,1600.000000,9.22000
19951,16072.050000,1000.000000,9.22000
19952,16072.050000,1000.000000,9.22000
19953,16072.050000,300.000000,9.22000
19954,16072.050000,600.000000,9.22000
19955,16072.050000,100.000000,9.22000
19956,16072.050000,500.000000,9.22000
19957,16072.050000,100.000000,9.22000
19958,16072.050000,600.000000,9.22000
19959,16072.050000,1518.000000,9.22000
19960,16073.240000,82.000000,9.22000
19961,16073.240000,300.000000,9.22000
19962,16073.240000,1000.000000,9.22000
19963,16073.240000,2000.000000,9.22000
19964,16073.240000,2618.000000,9.22000
19965,16074.340000,27382.000000,9.22000
19966,16074.340000,1600.000000,9.22000
19967,16074.340000,318.000000,9.22000
19968,16074.360000,1000.000000,9.22000
19969,16075.130000,1382.000000,9.22000
19970,16075.130000,2500.000000,9.22000
19971,16075.130000,900.000000,9.22000
19972,16075.130000,600.000000,9.22000
19973,16075.130000,5800.000000,9.22000
19974,16075.130000,700.000000,9.22000
19975,16075.130000,100.000000,9.22000
19976,16075.130000,1300.000000,9.22000
19977,16075.130000,1000.000000,9.22000
19978,16075.130000,15718.000000,9.22000
19979,16080.320000,200.000000,9.22000
19980,16080.320000,2000.000000,9.22000
19981,16082.250000,3000.000000,9.22000
19982,16083.310000,5000.000000,9.22000
19983,16084.070000,1700.000000,9.22000
19984,16084.260000,2300.000000,9.22000
19985,16085.510000,3800.000000,9.22000
19986,16088.210000,100.000000,9.22000
19987,16088.550000,400.000000,9.22000
19988,16088.570000,3600.000000,9.22000
19989,16089.920000,1000.000000,9.22000
19990,16090.340000,200.000000,9.22000
19991,16090.690000,2300.000000,9.23000
19992,16091.010000,900.000000,9.22000
19993,16092.040000,200.000000,9.22000
19994,16093.370000,2000.000000,9.22000
19995,16094.660000,1900.000000,9.22000
19996,16095.150000,100.000000,9.22000
19997,16097.030000,2100.000000,9.22000
19998,16099.700000,300.000000,9.22000
19999,16100.270000,3000.000000,9.22000
20000,16101.670000,10400.000000,9.22000
20001,16101.760000,11000.000000,9.22000
20002,16105.800000,20000.000000,9.22000
20003,16107.440000,20000.000000,9.22000
20004,16108.410000,500.000000,9.22000
20005,16110.650000,10000.000000,9.22000
20006,16115.710000,3700.000000,9.22000
20007,16116.760000,3400.000000,9.22000
20008,16118.200000,100.000000,9.22000
20009,16118.350000,3640.000000,9.23000
20010,16118.350000,260.000000,9.23000
20011,16118.940000,900.000000,9.22000
20012,16121.370000,1000.000000,9.22000
20013,16123.620000,12100.000000,9.22000
20014,16125.100000,2000.000000,9.22000
20015,16125.920000,200.000000,9.22000
20016,16126.930000,4100.000000,9.22000
20017,16130.160000,900.000000,9.22000
20018,16133.920000,10000.000000,9.22000
20019,16134.120000,13382.000000,9.22000
20020,16134.120000,95918.000000,9.22000
20021,16134.780000,100.000000,9.22000
20022,16135.450000,4000.000000,9.22000
20023,16136.070000,4200.000000,9.22000
20024,16137.660000,11500.000000,9.22000
20025,16139.380000,30000.000000,9.22000
20026,16141.760000,20000.000000,9.22000
20027,16144.150000,7482.000000,9.22000
20028,16144.150000,600.000000,9.22000
20029,16144.150000,3000.000000,9.22000
20030,16144.150000,1000.000000,9.22000
20031,16144.150000,5400.000000,9.22000
20032,16144.150000,1700.000000,9.22000
20033,16144.150000,800.000000,9.22000
20034,16144.150000,500.000000,9.22000
20035,16144.150000,200.000000,9.22000
20036,16144.150000,1600.000000,9.22000
20037,16144.150000,500.000000,9.22000
20038,16144.150000,8000.000000,9.22000
20039,16144.150000,1400.000000,9.22000
20040,16144.150000,10900.000000,9.22000
20041,16144.150000,100.000000,9.22000
20042,16144.150000,1000.000000,9.22000
20043,16144.150000,1500.000000,9.22000
20044,16144.150000,100.000000,9.22000
20045,16144.150000,100.000000,9.22000
20046,16144.150000,5000.000000,9.22000
20047,16144.150000,300.000000,9.22000
20048,16144.150000,100.000000,9.22000
20049,16144.150000,500.000000,9.22000
20050,16144.150000,500.000000,9.22000
20051,16144.150000,100.000000,9.22000
20052,16144.150000,500.000000,9.22000
20053,16144.150000,900.000000,9.22000
20054,16144.150000,6300.000000,9.22000
20055,16144.150000,200.000000,9.22000
20056,16144.150000,5000.000000,9.22000
20057,16144.150000,10000.000000,9.22000
20058,16144.150000,65700.000000,9.22000
20059,16144.150000,4500.000000,9.22000
20060,16144.150000,20000.000000,9.22000
20061,16144.150000,100.000000,9.22000
20062,16144.150000,300.000000,9.22000
20063,16144.150000,8600.000000,9.22000
20064,16144.150000,500.000000,9.22000
20065,16144.150000,700.000000,9.22000
20066,16144.150000,2800.000000,9.22000
20067,16144.150000,137000.000000,9.22000
20068,16144.150000,200.000000,9.22000
20069,16144.150000,1500.000000,9.22000
20070,16144.150000,1400.000000,9.22000
20071,16144.150000,2800.000000,9.22000
20072,16144.150000,1000.000000,9.22000
20073,16144.150000,500.000000,9.22000
20074,16144.150000,500.000000,9.22000
20075,16144.150000,400.000000,9.22000
20076,16144.150000,5000.000000,9.22000
20077,16144.150000,300.000000,9.22000
20078,16144.150000,1500.000000,9.22000
20079,16144.150000,1000.000000,9.22000
20080,16144.150000,2100.000000,9.22000
20081,16144.150000,30000.000000,9.22000
20082,16144.150000,300.000000,9.22000
20083,16144.150000,1000.000000,9.22000
20084,16144.150000,1700.000000,9.22000
20085,16144.150000,200.000000,9.22000
20086,16144.150000,700.000000,9.22000
20087,16144.150000,3200.000000,9.22000
20088,16144.150000,2000.000000,9.22000
20089,16144.150000,2400.000000,9.22000
20090,16144.150000,5000.000000,9.22000
20091,16144.150000,500.000000,9.22000
20092,16144.150000,1000.000000,9.22000
20093,16144.150000,1000.000000,9.22000
20094,16144.150000,1000.000000,9.22000
20095,16144.150000,1000.000000,9.22000
20096,16144.150000,100.000000,9.22000
20097,16144.150000,2400.000000,9.22000
20098,16144.150000,300.000000,9.22000
20099,16144.150000,300.000000,9.22000
20100,16144.150000,500.000000,9.22000
20101,16144.150000,1000.000000,9.22000
20102,16144.150000,3700.000000,9.22000
20103,16144.150000,100.000000,9.22000
20104,16144.150000,600.000000,9.22000
20105,16144.150000,100.000000,9.22000
20106,16144.150000,1500.000000,9.22000
20107,16144.150000,100.000000,9.22000
20108,16144.150000,1100.000000,9.22000
20109,16144.150000,1400.000000,9.22000
20110,16144.150000,500.000000,9.22000
20111,16144.150000,2000.000000,9.22000
20112,16144.150000,2000.000000,9.22000
20113,16144.150000,24500.000000,9.22000
20114,16144.150000,32400.000000,9.22000
20115,16144.150000,8300.000000,9.22000
20116,16144.150000,2000.000000,9.22000
20117,16144.150000,1100.000000,9.22000
20118,16144.150000,100.000000,9.22000
20119,16144.150000,400.000000,9.22000
20120,16144.150000,8400.000000,9.22000
20121,16144.150000,100.000000,9.22000
20122,16144.150000,400.000000,9.22000
20123,16144.150000,32400.000000,9.22000
20124,16144.150000,1000.000000,9.22000
20125,16144.150000,3500.000000,9.22000
20126,16144.150000,1000.000000,9.22000
20127,16144.150000,2000.000000,9.22000
20128,16144.150000,1000.000000,9.22000
20129,16144.150000,1000.000000,9.22000
20130,16144.150000,200.000000,9.22000
20131,16144.150000,100.000000,9.22000
20132,16144.150000,200.000000,9.22000
20133,16144.150000,1000.000000,9.22000
20134,16144.150000,400.000000,9.22000
20135,16144.150000,700.000000,9.22000
20136,16144.150000,400.000000,9.22000
20137,16144.150000,200.000000,9.22000
20138,16144.150000,1518.000000,9.22000
20139,16146.100000,482.000000,9.22000
20140,16146.100000,118.000000,9.22000
20141,16146.130000,882.000000,9.22000
20142,16146.130000,118.000000,9.22000
20143,16146.130000,382.000000,9.22000
20144,16146.130000,500.000000,9.22000
20145,16146.130000,1100.000000,9.22000
20146,16146.130000,1618.000000,9.22000
20147,16146.130000,2182.000000,9.22000
20148,16146.130000,1100.000000,9.22000
20149,16146.130000,518.000000,9.22000
20150,16146.170000,482.000000,9.22000
20151,16146.170000,100.000000,9.22000
20152,16146.170000,1000.000000,9.22000
20153,16146.170000,500.000000,9.22000
20154,16146.170000,400.000000,9.22000
20155,16146.170000,200.000000,9.22000
20156,16146.170000,100.000000,9.22000
20157,16146.170000,818.000000,9.22000
20158,16146.180000,3600.000000,9.22000
20159,16146.180000,582.000000,9.22000
20160,16146.180000,800.000000,9.22000
20161,16146.180000,1000.000000,9.22000
20162,16146.180000,1418.000000,9.22000
20163,16147.250000,500.000000,9.22000
20164,16147.570000,600.000000,9.22000
20165,16147.570000,300.000000,9.22000
20166,16147.610000,900.000000,9.22000
20167,16148.220000,100.000000,9.22000
20168,16149.170000,1400.000000,9.22000
20169,16149.250000,17882.000000,9.22000
20170,16149.250000,5000.000000,9.22000
20171,16149.250000,1000.000000,9.22000
20172,16149.250000,2000.000000,9.22000
20173,16149.250000,500.000000,9.22000
20174,16149.250000,3000.000000,9.22000
20175,16149.250000,1000.000000,9.22000
20176,16149.250000,1400.000000,9.22000
20177,16149.250000,2000.000000,9.22000
20178,16149.250000,3000.000000,9.22000
20179,16149.250000,100.000000,9.22000
20180,16149.250000,100.000000,9.22000
20181,16149.250000,18600.000000,9.22000
20182,16149.250000,1200.000000,9.22000
20183,16149.250000,4000.000000,9.22000
20184,16149.250000,300.000000,9.22000
20185,16149.250000,100.000000,9.22000
20186,16149.250000,1000.000000,9.22000
20187,16149.250000,500.000000,9.22000
20188,16149.250000,4300.000000,9.22000
20189,16149.250000,200.000000,9.22000
20190,16149.250000,100.000000,9.22000
20191,16149.250000,10000.000000,9.22000
20192,16149.250000,100.000000,9.22000
20193,16149.250000,5000.000000,9.22000
20194,16149.250000,700.000000,9.22000
20195,16149.250000,2000.000000,9.22000
20196,16149.250000,100.000000,9.22000
20197,16149.250000,400.000000,9.22000
20198,16149.250000,200.000000,9.22000
20199,16149.250000,1600.000000,9.22000
20200,16149.250000,100.000000,9.22000
20201,16149.250000,1600.000000,9.22000
20202,16149.250000,100.000000,9.22000
20203,16149.250000,200.000000,9.22000
20204,16149.250000,100.000000,9.22000
20205,16149.250000,300.000000,9.22000
20206,16149.250000,300.000000,9.22000
20207,16149.250000,300.000000,9.22000
20208,16149.250000,200.000000,9.22000
20209,16149.250000,200.000000,9.22000
20210,16149.250000,1700.000000,9.22000
20211,16149.250000,2000.000000,9.21000
20212,16149.250000,1000.000000,9.21000
20213,16149.250000,5000.000000,9.21000
20214,16149.250000,500.000000,9.21000
20215,16149.250000,300.000000,9.21000
20216,16149.250000,2000.000000,9.21000
20217,16149.250000,900.000000,9.21000
20218,16149.250000,8600.000000,9.21000
20219,16149.250000,1000.000000,9.21000
20220,16149.250000,50000.000000,9.21000
20221,16149.250000,2000.000000,9.21000
20222,16149.250000,1400.000000,9.21000
20223,16149.250000,100.000000,9.21000
20224,16149.250000,200.000000,9.21000
20225,16149.250000,1100.000000,9.21000
20226,16149.250000,418.000000,9.21000
20227,16151.470000,1700.000000,9.23000
20228,16152.250000,582.000000,9.21000
20229,16152.250000,4700.000000,9.21000
20230,16152.250000,100.000000,9.21000
20231,16152.250000,1000.000000,9.21000
20232,16152.250000,1500.000000,9.21000
20233,16152.250000,8600.000000,9.21000
20234,16152.250000,2100.000000,9.21000
20235,16152.250000,1000.000000,9.21000
20236,16152.250000,500.000000,9.21000
20237,16152.250000,1000.000000,9.21000
20238,16152.250000,700.000000,9.21000
20239,16152.250000,2000.000000,9.21000
20240,16152.250000,1400.000000,9.21000
20241,16152.250000,1400.000000,9.21000
20242,16152.250000,1600.000000,9.21000
20243,16152.250000,600.000000,9.21000
20244,16152.250000,1000.000000,9.21000
20245,16152.250000,1900.000000,9.21000
20246,16152.250000,500.000000,9.21000
20247,16152.250000,4000.000000,9.21000
20248,16152.250000,1000.000000,9.21000
20249,16152.250000,6000.000000,9.21000
20250,16152.250000,500.000000,9.21000
20251,16152.250000,300.000000,9.21000
20252,16152.250000,500.000000,9.21000
20253,16152.250000,3000.000000,9.21000
20254,16152.250000,600.000000,9.21000
20255,16152.250000,700.000000,9.21000
20256,16152.250000,500.000000,9.21000
20257,16152.250000,1618.000000,9.21000
20258,16152.300000,482.000000,9.21000
20259,16152.300000,500.000000,9.21000
20260,16152.300000,1500.000000,9.21000
20261,16152.300000,600.000000,9.21000
20262,16152.300000,5000.000000,9.21000
20263,16152.300000,2418.000000,9.21000
20264,16153.320000,900.000000,9.23000
20265,16155.110000,1900.000000,9.21000
20266,16155.240000,5682.000000,9.21000
20267,16155.240000,500.000000,9.21000
20268,16155.240000,600.000000,9.21000
20269,16155.240000,5000.000000,9.21000
20270,16155.240000,200.000000,9.21000
20271,16155.240000,15000.000000,9.21000
20272,16155.240000,5000.000000,9.21000
20273,16155.240000,3000.000000,9.21000
20274,16155.240000,2500.000000,9.21000
20275,16155.240000,1000.000000,9.21000
20276,16155.240000,2200.000000,9.21000
20277,16155.240000,100.000000,9.21000
20278,16155.240000,1800.000000,9.21000
20279,16155.240000,1000.000000,9.21000
20280,16155.240000,2000.000000,9.21000
20281,16155.240000,200.000000,9.21000
20282,16155.240000,5000.000000,9.21000
20283,16155.240000,5000.000000,9.21000
20284,16155.240000,2100.000000,9.21000
20285,16155.240000,1000.000000,9.21000
20286,16155.240000,1000.000000,9.21000
20287,16155.240000,1000.000000,9.21000
20288,16155.240000,1100.000000,9.21000
20289,16155.240000,3700.000000,9.21000
20290,16155.240000,20000.000000,9.21000
20291,16155.240000,1000.000000,9.21000
20292,16155.240000,200.000000,9.21000
20293,16155.240000,2100.000000,9.21000
20294,16155.240000,2000.000000,9.21000
20295,16155.240000,10000.000000,9.21000
20296,16155.240000,10000.000000,9.21000
20297,16155.240000,200.000000,9.21000
20298,16155.240000,300.000000,9.21000
20299,16155.240000,400.000000,9.21000
20300,16155.240000,300.000000,9.21000
20301,16155.240000,1900.000000,9.21000
20302,16155.240000,69818.000000,9.21000
20303,16155.240000,91982.000000,9.21000
20304,16155.240000,800.000000,9.21000
20305,16155.240000,2000.000000,9.21000
20306,16155.240000,300.000000,9.21000
20307,16155.240000,2000.000000,9.21000
20308,16155.240000,2000.000000,9.21000
20309,16155.240000,900.000000,9.21000
20310,16155.240000,5000.000000,9.21000
20311,16155.240000,500.000000,9.21000
20312,16155.240000,1000.000000,9.21000
20313,16155.240000,2818.000000,9.21000
20314,16155.240000,582.000000,9.21000
20315,16155.240000,1100.000000,9.21000
20316,16155.240000,5000.000000,9.21000
20317,16155.240000,2000.000000,9.21000
20318,16155.240000,1000.000000,9.21000
20319,16155.240000,500.000000,9.21000
20320,16155.240000,300.000000,9.21000
20321,16155.240000,5000.000000,9.21000
20322,16155.240000,418.000000,9.21000
20323,16155.660000,4582.000000,9.21000
20324,16155.660000,1000.000000,9.21000
20325,16155.660000,1000.000000,9.21000
20326,16155.660000,1100.000000,9.21000
20327,16155.660000,1000.000000,9.21000
20328,16155.660000,1100.000000,9.21000
20329,16155.660000,2000.000000,9.21000
20330,16155.660000,10000.000000,9.21000
20331,16155.660000,700.000000,9.21000
20332,16155.660000,1100.000000,9.21000
20333,16155.660000,400.000000,9.21000
20334,16155.660000,318.000000,9.21000
20335,16155.660000,9682.000000,9.21000
20336,16155.660000,500.000000,9.21000
20337,16155.660000,1000.000000,9.21000
20338,16155.660000,218.000000,9.21000
20339,16155.660000,282.000000,9.21000
20340,16155.660000,2000.000000,9.21000
20341,16155.660000,100.000000,9.21000
20342,16155.660000,5000.000000,9.21000
20343,16155.660000,500.000000,9.21000
20344,16155.660000,1000.000000,9.21000
20345,16155.660000,1000.000000,9.21000
20346,16155.660000,518.000000,9.21000
20347,16155.660000,482.000000,9.21000
20348,16155.660000,1100.000000,9.21000
20349,16155.660000,2000.000000,9.21000
20350,16155.660000,1000.000000,9.21000
20351,16155.660000,3700.000000,9.21000
20352,16155.660000,1000.000000,9.21000
20353,16155.660000,2218.000000,9.21000
20354,16156.020000,782.000000,9.21000
20355,16156.020000,118.000000,9.21000
20356,16157.000000,200.000000,9.22000
20357,16157.000000,1082.000000,9.21000
20358,16157.000000,500.000000,9.21000
20359,16157.000000,200.000000,9.21000
20360,16157.000000,1618.000000,9.21000
20361,16158.130000,1382.000000,9.21000
20362,16158.130000,1000.000000,9.21000
20363,16158.130000,300.000000,9.21000
20364,16158.130000,800.000000,9.21000
20365,16158.130000,100.000000,9.21000
20366,16158.130000,10000.000000,9.21000
20367,16158.130000,100.000000,9.21000
20368,16158.130000,3000.000000,9.21000
20369,16158.130000,1100.000000,9.21000
20370,16158.130000,1000.000000,9.21000
20371,16158.130000,5000.000000,9.21000
20372,16158.130000,200.000000,9.21000
20373,16158.130000,3000.000000,9.21000
20374,16158.130000,1700.000000,9.21000
20375,16158.130000,1000.000000,9.21000
20376,16158.130000,1900.000000,9.21000
20377,16158.130000,400.000000,9.21000
20378,16158.130000,118.000000,9.21000
20379,16158.130000,1882.000000,9.21000
20380,16158.130000,4000.000000,9.21000
20381,16158.130000,1000.000000,9.21000
20382,16158.130000,2000.000000,9.21000
20383,16158.130000,3000.000000,9.21000
20384,16158.130000,5000.000000,9.21000
20385,16158.130000,1200.000000,9.21000
20386,16158.130000,600.000000,9.21000
20387,16158.130000,1000.000000,9.21000
20388,16158.130000,900.000000,9.21000
20389,16158.130000,1000.000000,9.21000
20390,16158.130000,1100.000000,9.21000
20391,16158.130000,1100.000000,9.21000
20392,16158.130000,1700.000000,9.21000
20393,16158.130000,5000.000000,9.21000
20394,16158.130000,700.000000,9.21000
20395,16158.130000,1900.000000,9.21000
20396,16158.130000,1000.000000,9.21000
20397,16158.130000,600.000000,9.21000
20398,16158.130000,2900.000000,9.21000
20399,16158.130000,400.000000,9.21000
20400,16158.130000,1000.000000,9.21000
20401,16158.130000,200.000000,9.21000
20402,16158.130000,500.000000,9.21000
20403,16158.130000,1000.000000,9.21000
20404,16158.130000,1500.000000,9.21000
20405,16158.130000,200.000000,9.21000
20406,16158.130000,500.000000,9.21000
20407,16158.130000,200.000000,9.21000
20408,16158.130000,1100.000000,9.21000
20409,16158.130000,5000.000000,9.21000
20410,16158.130000,200.000000,9.21000
20411,16158.130000,1000.000000,9.21000
20412,16158.130000,1400.000000,9.21000
20413,16158.130000,1000.000000,9.21000
20414,16158.130000,500.000000,9.21000
20415,16158.130000,500.000000,9.21000
20416,16158.130000,2100.000000,9.21000
20417,16158.130000,300.000000,9.21000
20418,16158.130000,1900.000000,9.21000
20419,16158.130000,1000.000000,9.21000
20420,16158.130000,1000.000000,9.21000
20421,16158.130000,1000.000000,9.21000
20422,16158.130000,300.000000,9.21000
20423,16158.130000,2800.000000,9.21000
20424,16158.130000,1000.000000,9.21000
20425,16158.130000,2900.000000,9.21000
20426,16158.130000,418.000000,9.21000
20427,16158.130000,4082.000000,9.21000
20428,16158.130000,1000.000000,9.21000
20429,16158.130000,4500.000000,9.21000
20430,16158.130000,500.000000,9.21000
20431,16158.130000,1000.000000,9.21000
20432,16158.130000,1000.000000,9.21000
20433,16158.130000,2000.000000,9.21000
20434,16158.130000,600.000000,9.21000
20435,16158.130000,1000.000000,9.21000
20436,16158.130000,2000.000000,9.21000
20437,16158.130000,5000.000000,9.21000
20438,16158.130000,1400.000000,9.21000
20439,16158.130000,500.000000,9.21000
20440,16158.130000,1000.000000,9.21000
20441,16158.130000,4500.000000,9.21000
20442,16158.130000,200.000000,9.21000
20443,16158.130000,600.000000,9.21000
20444,16158.130000,500.000000,9.21000
20445,16158.130000,10200.000000,9.21000
20446,16158.130000,1000.000000,9.21000
20447,16158.130000,600.000000,9.21000
20448,16158.130000,2000.000000,9.21000
20449,16158.130000,200.000000,9.21000
20450,16158.130000,1000.000000,9.21000
20451,16158.130000,1000.000000,9.21000
20452,16158.130000,1000.000000,9.21000
20453,16158.130000,1500.000000,9.21000
20454,16158.130000,3000.000000,9.21000
20455,16158.130000,1000.000000,9.21000
20456,16158.130000,3000.000000,9.21000
20457,16158.130000,600.000000,9.21000
20458,16158.130000,2000.000000,9.21000
20459,16158.130000,100.000000,9.21000
20460,16158.130000,1100.000000,9.21000
20461,16158.130000,1000.000000,9.21000
20462,16158.130000,1000.000000,9.21000
20463,16158.130000,1000.000000,9.21000
20464,16158.130000,600.000000,9.21000
20465,16158.130000,1000.000000,9.21000
20466,16158.130000,5000.000000,9.21000
20467,16158.130000,4118.000000,9.21000
20468,16158.870000,10000.000000,9.21000
20469,16158.940000,120.000000,9.21000
20470,16159.430000,100.000000,9.21000
20471,16159.630000,12100.000000,9.21000
20472,16159.630000,15100.000000,9.21000
20473,16159.630000,35900.000000,9.21000
20474,16160.540000,3800.000000,9.21000
20475,16160.570000,3700.000000,9.21000
20476,16160.570000,3800.000000,9.21000
20477,16160.580000,3600.000000,9.21000
20478,16161.250000,7662.000000,9.21000
20479,16161.250000,400.000000,9.21000
20480,16161.250000,500.000000,9.21000
20481,16161.250000,19000.000000,9.21000
20482,16161.250000,1000.000000,9.21000
20483,16161.250000,10000.000000,9.21000
20484,16161.250000,200.000000,9.21000
20485,16161.250000,1000.000000,9.21000
20486,16161.250000,2000.000000,9.21000
20487,16161.250000,1238.000000,9.21000
20488,16161.250000,762.000000,9.21000
20489,16161.250000,1000.000000,9.21000
20490,16161.250000,200.000000,9.21000
20491,16161.250000,1000.000000,9.21000
20492,16161.250000,1700.000000,9.21000
20493,16161.250000,1000.000000,9.21000
20494,16161.250000,500.000000,9.21000
20495,16161.250000,400.000000,9.21000
20496,16161.250000,1100.000000,9.21000
20497,16161.250000,1200.000000,9.21000
20498,16161.250000,10000.000000,9.21000
20499,16161.250000,100.000000,9.21000
20500,16161.250000,100.000000,9.21000
20501,16161.250000,1000.000000,9.21000
20502,16161.250000,1000.000000,9.21000
20503,16161.250000,1000.000000,9.21000
20504,16161.250000,200.000000,9.21000
20505,16161.250000,200.000000,9.21000
20506,16161.250000,500.000000,9.21000
20507,16161.250000,200.000000,9.21000
20508,16161.250000,100.000000,9.21000
20509,16161.250000,1500.000000,9.21000
20510,16161.250000,2000.000000,9.21000
20511,16161.250000,5000.000000,9.21000
20512,16161.250000,200.000000,9.21000
20513,16161.250000,138.000000,9.21000
20514,16161.280000,362.000000,9.21000
20515,16161.280000,1300.000000,9.21000
20516,16161.280000,500.000000,9.21000
20517,16161.280000,1400.000000,9.21000
20518,16161.280000,38.000000,9.21000
20519,16161.340000,2762.000000,9.21000
20520,16161.340000,800.000000,9.21000
20521,16161.340000,38.000000,9.21000
20522,16161.360000,1262.000000,9.21000
20523,16161.360000,500.000000,9.21000
20524,16161.360000,300.000000,9.21000
20525,16161.360000,1500.000000,9.21000
20526,16161.360000,638.000000,9.21000
20527,16161.400000,362.000000,9.21000
20528,16161.400000,200.000000,9.21000
20529,16161.400000,1000.000000,9.21000
20530,16161.400000,1000.000000,9.21000
20531,16161.400000,1000.000000,9.21000
20532,16161.400000,338.000000,9.21000
20533,16161.560000,62.000000,9.21000
20534,16161.560000,2000.000000,9.21000
20535,16161.560000,1000.000000,9.21000
20536,16161.560000,1338.000000,9.21000
20537,16161.600000,3500.000000,9.21000
20538,16161.670000,162.000000,9.21000
20539,16161.670000,1000.000000,9.21000
20540,16161.670000,2000.000000,9.21000
20541,16161.670000,500.000000,9.21000
20542,16161.670000,200.000000,9.21000
20543,16161.670000,1400.000000,9.21000
20544,16161.670000,100.000000,9.21000
20545,16161.670000,200.000000,9.21000
20546,16161.670000,600.000000,9.21000
20547,16161.670000,1000.000000,9.21000
20548,16161.670000,1000.000000,9.21000
20549,16161.670000,2000.000000,9.21000
20550,16161.670000,4738.000000,9.21000
20551,16161.770000,262.000000,9.21000
20552,16161.770000,3438.000000,9.21000
20553,16161.800000,1562.000000,9.21000
20554,16161.800000,500.000000,9.21000
20555,16161.800000,400.000000,9.21000
20556,16161.800000,600.000000,9.21000
20557,16161.800000,1638.000000,9.21000
20558,16162.140000,1300.000000,9.21000
20559,16164.350000,500.000000,9.21000
20560,16164.710000,562.000000,9.21000
20561,16164.710000,300.000000,9.21000
20562,16164.710000,100.000000,9.21000
20563,16164.710000,600.000000,9.21000
20564,16164.710000,438.000000,9.21000
20565,16164.850000,62.000000,9.21000
20566,16164.850000,2000.000000,9.21000
20567,16164.850000,5000.000000,9.21000
20568,16164.850000,2000.000000,9.21000
20569,16164.850000,238.000000,9.21000
20570,16165.510000,1762.000000,9.21000
20571,16165.510000,200.000000,9.21000
20572,16165.510000,1938.000000,9.21000
20573,16166.100000,3800.000000,9.21000
20574,16167.980000,62.000000,9.21000
20575,16167.980000,38.000000,9.21000
20576,16168.110000,200.000000,9.21000
20577,16168.110000,762.000000,9.21000
20578,16168.110000,138.000000,9.21000
20579,16168.450000,200.000000,9.21000
20580,16168.520000,462.000000,9.21000
20581,16168.520000,300.000000,9.21000
20582,16168.520000,138.000000,9.21000
20583,16170.250000,100.000000,9.21000
20584,16170.760000,100.000000,9.21000
20585,16174.210000,862.000000,9.21000
20586,16174.210000,638.000000,9.21000
20587,16175.330000,5162.000000,9.21000
20588,16175.330000,100.000000,9.21000
20589,16175.330000,100.000000,9.21000
20590,16175.330000,500.000000,9.21000
20591,16175.330000,10000.000000,9.21000
20592,16175.330000,400.000000,9.21000
20593,16175.330000,3000.000000,9.21000
20594,16175.330000,700.000000,9.21000
20595,16175.330000,800.000000,9.21000
20596,16175.330000,200.000000,9.21000
20597,16175.330000,1000.000000,9.21000
20598,16175.330000,1500.000000,9.21000
20599,16175.330000,1138.000000,9.21000
20600,16178.220000,100.000000,9.21000
20601,16180.760000,762.000000,9.21000
20602,16180.760000,1238.000000,9.21000
20603,16182.220000,100.000000,9.21000
20604,16182.500000,662.000000,9.21000
20605,16182.500000,638.000000,9.21000
20606,16184.180000,300.000000,9.21000
20607,16184.330000,1900.000000,9.21000
20608,16185.780000,162.000000,9.21000
20609,16185.780000,1000.000000,9.21000
20610,16185.780000,200.000000,9.21000
20611,16185.780000,1000.000000,9.21000
20612,16185.780000,100.000000,9.21000
20613,16185.780000,1000.000000,9.21000
20614,16185.780000,238.000000,9.21000
20615,16185.780000,1000.000000,9.21000
20616,16185.930000,262.000000,9.21000
20617,16185.930000,1800.000000,9.21000
20618,16185.930000,200.000000,9.21000
20619,16185.930000,1200.000000,9.21000
20620,16185.930000,538.000000,9.21000
20621,16187.450000,262.000000,9.21000
20622,16187.450000,238.000000,9.21000
