kernel_time,open,high,low,close,volume
2019-01-02T09:30:00.000000,9.37,9.43,9.29,9.43,1251200
2019-01-02T09:30:01.000000,9.43,9.43,9.40,9.41,560800
2019-01-02T09:30:02.000000,9.41,9.41,9.40,9.41,261500
2019-01-02T09:30:03.000000,9.41,9.42,9.40,9.42,3569900
2019-01-02T09:30:04.000000,9.42,9.42,9.40,9.41,391300
2019-01-02T09:30:05.000000,9.41,9.42,9.40,9.42,41900
2019-01-02T09:30:05.000000,9.41,9.42,9.40,9.42,47900
2019-01-02T09:30:06.000000,9.42,9.42,9.40,9.41,91000
2019-01-02T09:30:07.000000,9.41,9.43,9.40,9.43,39800
2019-01-02T09:30:08.000000,9.43,9.43,9.43,9.43,7000
2019-01-02T09:30:09.000000,9.43,9.43,9.43,9.43,2200
2019-01-02T09:30:10.000000,9.43,9.43,9.42,9.42,200
2019-01-02T09:30:11.000000,9.43,9.43,9.43,9.43,12900
2019-01-02T09:30:12.000000,9.43,9.43,9.41,9.41,19200
2019-01-02T09:30:13.000000,9.41,9.41,9.41,9.41,7000
2019-01-02T09:30:14.000000,9.41,9.41,9.40,9.40,17400
2019-01-02T09:30:15.000000,9.41,9.41,9.41,9.41,19300
2019-01-02T09:30:16.000000,9.41,9.41,9.40,9.41,14100
2019-01-02T09:30:17.000000,9.41,9.41,9.40,9.40,41000
2019-01-02T09:30:18.000000,9.41,9.41,9.40,9.41,22500
2019-01-02T09:30:19.000000,9.41,9.41,9.41,9.41,2000
2019-01-02T09:30:20.000000,9.41,9.41,9.41,9.41,28900
2019-01-02T09:30:21.000000,9.41,9.41,9.40,9.41,2000
2019-01-02T09:30:22.000000,9.41,9.41,9.39,9.39,4300
2019-01-02T09:30:23.000000,9.39,9.40,9.39,9.39,10200
2019-01-02T09:30:24.000000,9.39,9.41,9.39,9.41,37100
2019-01-02T09:30:25.000000,9.40,9.40,9.39,9.39,12900
2019-01-02T09:30:26.000000,9.39,9.40,9.39,9.39,5300
2019-01-02T09:30:27.000000,9.39,9.39,9.39,9.39,5000
2019-01-02T09:30:28.000000,9.39,9.39,9.39,9.39,11103
2019-01-02T09:30:29.000000,9.39,9.40,9.39,9.39,11000
2019-01-02T09:30:30.000000,9.39,9.40,9.39,9.39,24660
2019-01-02T09:30:31.000000,9.39,9.39,9.39,9.39,1100
2019-01-02T09:30:33.000000,9.39,9.39,9.39,9.39,4100
2019-01-02T09:30:34.000000,9.39,9.39,9.39,9.39,3100
2019-01-02T09:30:35.000000,9.39,9.39,9.39,9.39,34600
2019-01-02T09:30:36.000000,9.39,9.39,9.39,9.39,800
2019-01-02T09:30:37.000000,9.39,9.40,9.39,9.39,11200
2019-01-02T09:30:38.000000,9.39,9.40,9.37,9.38,4800
2019-01-02T09:30:39.000000,9.38,9.40,9.38,9.38,30670
2019-01-02T09:30:40.000000,9.39,9.39,9.37,9.37,1000
2019-01-02T09:30:41.000000,9.38,9.41,9.38,9.41,30097
2019-01-02T09:30:42.000000,9.41,9.41,9.40,9.41,6000
2019-01-02T09:30:43.000000,9.40,9.41,9.39,9.39,41103
2019-01-02T09:30:44.000000,9.39,9.39,9.37,9.38,23200
2019-01-02T09:30:45.000000,9.38,9.39,9.38,9.38,11100
2019-01-02T09:30:46.000000,9.38,9.39,9.38,9.38,9200
2019-01-02T09:30:47.000000,9.38,9.39,9.38,9.39,7700
2019-01-02T09:30:48.000000,9.38,9.39,9.38,9.39,1400
2019-01-02T09:30:50.000000,9.38,9.39,9.38,9.38,39200
2019-01-02T09:30:51.000000,9.38,9.38,9.38,9.38,7600
2019-01-02T09:30:52.000000,9.39,9.39,9.38,9.38,3500
2019-01-02T09:30:53.000000,9.38,9.39,9.37,9.38,8100
2019-01-02T09:30:54.000000,9.38,9.38,9.38,9.38,8400
2019-01-02T09:30:55.000000,9.38,9.39,9.38,9.39,1000
2019-01-02T09:30:56.000000,9.39,9.39,9.38,9.39,1000
2019-01-02T09:30:57.000000,9.39,9.39,9.39,9.39,4700
2019-01-02T09:30:58.000000,9.39,9.39,9.39,9.39,22397
2019-01-02T09:30:59.000000,9.39,9.39,9.39,9.39,400
2019-01-02T09:31:00.000000,9.39,9.39,9.39,9.39,700
2019-01-02T09:31:01.000000,9.39,9.39,9.39,9.39,2100
2019-01-02T09:31:02.000000,9.39,9.39,9.39,9.39,10000
2019-01-02T09:31:03.000000,9.39,9.39,9.39,9.39,11200
2019-01-02T09:31:04.000000,9.39,9.39,9.39,9.39,8100
2019-01-02T09:31:05.000000,9.39,9.39,9.39,9.39,6600
2019-01-02T09:31:06.000000,9.39,9.39,9.39,9.39,16400
2019-01-02T09:31:07.000000,9.39,9.39,9.36,9.37,9800
2019-01-02T09:31:08.000000,9.36,9.40,9.36,9.38,10900
2019-01-02T09:31:09.000000,9.38,9.40,9.38,9.39,3100
2019-01-02T09:31:10.000000,9.39,9.39,9.39,9.39,4300
2019-01-02T09:31:11.000000,9.39,9.39,9.39,9.39,29000
2019-01-02T09:31:12.000000,9.39,9.39,9.39,9.39,13200
2019-01-02T09:31:13.000000,9.39,9.39,9.39,9.39,6300
2019-01-02T09:31:14.000000,9.39,9.39,9.39,9.39,5900
2019-01-02T09:31:15.000000,9.39,9.39,9.39,9.39,5400
2019-01-02T09:31:16.000000,9.39,9.39,9.38,9.39,3300
2019-01-02T09:31:17.000000,9.39,9.39,9.39,9.39,14300
2019-01-02T09:31:18.000000,9.39,9.39,9.38,9.39,22000
2019-01-02T09:31:19.000000,9.39,9.39,9.36,9.37,1600
2019-01-02T09:31:20.000000,9.37,9.39,9.37,9.39,5500
2019-01-02T09:31:21.000000,9.38,9.39,9.38,9.39,20500
2019-01-02T09:31:22.000000,9.38,9.38,9.38,9.38,8600
2019-01-02T09:31:23.000000,9.38,9.39,9.38,9.38,15300
2019-01-02T09:31:24.000000,9.38,9.39,9.37,9.37,29400
2019-01-02T09:31:25.000000,9.36,9.37,9.36,9.36,3800
2019-01-02T09:31:26.000000,9.36,9.36,9.36,9.36,26600
2019-01-02T09:31:27.000000,9.36,9.37,9.36,9.36,62900
2019-01-02T09:31:28.000000,9.36,9.36,9.36,9.36,8900
2019-01-02T09:31:29.000000,9.36,9.36,9.36,9.36,29200
2019-01-02T09:31:30.000000,9.36,9.37,9.36,9.36,67400
2019-01-02T09:31:31.000000,9.36,9.37,9.36,9.36,4500
2019-01-02T09:31:32.000000,9.36,9.38,9.36,9.37,5800
2019-01-02T09:31:33.000000,9.37,9.38,9.37,9.37,9400
2019-01-02T09:31:34.000000,9.37,9.37,9.37,9.37,16700
2019-01-02T09:31:35.000000,9.37,9.37,9.37,9.37,1600
2019-01-02T09:31:36.000000,9.37,9.38,9.37,9.37,100
2019-01-02T09:31:37.000000,9.37,9.38,9.37,9.38,2300
2019-01-02T09:31:38.000000,9.37,9.38,9.37,9.37,10600
2019-01-02T09:31:39.000000,9.37,9.37,9.36,9.36,17900
2019-01-02T09:31:40.000000,9.36,9.37,9.36,9.36,19100
2019-01-02T09:31:41.000000,9.36,9.38,9.36,9.38,4500
2019-01-02T09:31:42.000000,9.38,9.38,9.37,9.38,100
2019-01-02T09:31:43.000000,9.38,9.38,9.38,9.38,1500
2019-01-02T09:31:44.000000,9.39,9.39,9.36,9.36,800
2019-01-02T09:31:45.000000,9.38,9.40,9.38,9.38,3900
2019-01-02T09:31:46.000000,9.38,9.40,9.38,9.39,29500
2019-01-02T09:31:47.000000,9.39,9.39,9.36,9.38,6600
2019-01-02T09:31:48.000000,9.38,9.38,9.36,9.36,2900
2019-01-02T09:31:49.000000,9.38,9.38,9.38,9.38,50300
2019-01-02T09:31:50.000000,9.38,9.39,9.38,9.39,1500
2019-01-02T09:31:51.000000,9.39,9.39,9.38,9.39,28900
2019-01-02T09:31:52.000000,9.39,9.39,9.39,9.39,137900
2019-01-02T09:31:53.000000,9.39,9.39,9.37,9.38,12900
2019-01-02T09:31:54.000000,9.38,9.38,9.36,9.36,7900
2019-01-02T09:31:55.000000,9.36,9.38,9.36,9.38,81300
2019-01-02T09:31:56.000000,9.39,9.39,9.39,9.39,1000
2019-01-02T09:31:57.000000,9.39,9.39,9.39,9.39,55200
2019-01-02T09:31:58.000000,9.39,9.39,9.39,9.39,9900
2019-01-02T09:31:59.000000,9.39,9.39,9.39,9.39,11700
2019-01-02T09:32:00.000000,9.39,9.39,9.39,9.39,3000
2019-01-02T09:32:01.000000,9.39,9.39,9.39,9.39,16600
2019-01-02T09:32:02.000000,9.39,9.39,9.38,9.39,200
2019-01-02T09:32:03.000000,9.39,9.39,9.39,9.39,2200
2019-01-02T09:32:04.000000,9.39,9.39,9.39,9.39,5000
2019-01-02T09:32:05.000000,9.39,9.39,9.37,9.38,7600
2019-01-02T09:32:06.000000,9.38,9.38,9.38,9.38,700
2019-01-02T09:32:07.000000,9.38,9.39,9.38,9.39,1100
2019-01-02T09:32:08.000000,9.39,9.39,9.39,9.39,23500
2019-01-02T09:32:09.000000,9.39,9.39,9.38,9.38,55100
2019-01-02T09:32:10.000000,9.38,9.38,9.38,9.38,2000
2019-01-02T09:32:11.000000,9.39,9.39,9.38,9.39,101400
2019-01-02T09:32:12.000000,9.39,9.39,9.38,9.38,4100
2019-01-02T09:32:13.000000,9.39,9.39,9.38,9.39,133500
2019-01-02T09:32:14.000000,9.39,9.39,9.39,9.39,3700
2019-01-02T09:32:15.000000,9.39,9.39,9.39,9.39,7300
2019-01-02T09:32:16.000000,9.39,9.39,9.38,9.38,6100
2019-01-02T09:32:17.000000,9.39,9.39,9.39,9.39,3100
2019-01-02T09:32:18.000000,9.39,9.39,9.39,9.39,1300
2019-01-02T09:32:19.000000,9.39,9.39,9.39,9.39,1700
2019-01-02T09:32:20.000000,9.39,9.39,9.38,9.38,14600
2019-01-02T09:32:21.000000,9.39,9.39,9.39,9.39,1100
2019-01-02T09:32:22.000000,9.39,9.39,9.39,9.39,500
2019-01-02T09:32:23.000000,9.39,9.39,9.39,9.39,14800
2019-01-02T09:32:24.000000,9.39,9.39,9.38,9.39,2200
2019-01-02T09:32:25.000000,9.39,9.39,9.39,9.39,1500
2019-01-02T09:32:26.000000,9.39,9.39,9.38,9.39,18600
2019-01-02T09:32:28.000000,9.39,9.39,9.38,9.39,3000
2019-01-02T09:32:29.000000,9.39,9.39,9.39,9.39,4000
2019-01-02T09:32:30.000000,9.39,9.39,9.39,9.39,3000
2019-01-02T09:32:31.000000,9.39,9.39,9.39,9.39,2400
2019-01-02T09:32:32.000000,9.39,9.39,9.39,9.39,4500
2019-01-02T09:32:33.000000,9.39,9.39,9.38,9.39,4700
2019-01-02T09:32:34.000000,9.39,9.39,9.39,9.39,3900
2019-01-02T09:32:35.000000,9.39,9.39,9.38,9.39,7900
2019-01-02T09:32:36.000000,9.39,9.39,9.38,9.39,10000
2019-01-02T09:32:37.000000,9.39,9.39,9.39,9.39,1500
2019-01-02T09:32:38.000000,9.39,9.39,9.39,9.39,600
2019-01-02T09:32:40.000000,9.39,9.39,9.39,9.39,100
2019-01-02T09:32:41.000000,9.39,9.39,9.39,9.39,18600
2019-01-02T09:32:42.000000,9.39,9.39,9.38,9.39,10000
2019-01-02T09:32:43.000000,9.39,9.39,9.39,9.39,13900
2019-01-02T09:32:44.000000,9.39,9.39,9.39,9.39,6200
2019-01-02T09:32:45.000000,9.39,9.39,9.39,9.39,300
2019-01-02T09:32:46.000000,9.39,9.39,9.38,9.38,0
2019-01-02T09:32:47.000000,9.39,9.39,9.39,9.39,2300
2019-01-02T09:32:48.000000,9.39,9.39,9.39,9.39,1700
2019-01-02T09:32:49.000000,9.39,9.39,9.39,9.39,1200
2019-01-02T09:32:50.000000,9.39,9.39,9.39,9.39,23200
2019-01-02T09:32:51.000000,9.39,9.39,9.39,9.39,18400
2019-01-02T09:32:52.000000,9.39,9.39,9.39,9.39,100
2019-01-02T09:32:53.000000,9.39,9.39,9.38,9.38,300
2019-01-02T09:32:54.000000,9.39,9.39,9.38,9.39,16100
2019-01-02T09:32:55.000000,9.39,9.39,9.38,9.38,3300
2019-01-02T09:32:56.000000,9.39,9.39,9.39,9.39,1000
2019-01-02T09:32:57.000000,9.39,9.39,9.38,9.39,19700
2019-01-02T09:32:58.000000,9.39,9.39,9.39,9.39,12600
2019-01-02T09:32:59.000000,9.39,9.39,9.39,9.39,3200
2019-01-02T09:33:00.000000,9.39,9.39,9.38,9.39,27800
2019-01-02T09:33:01.000000,9.39,9.39,9.39,9.39,23700
2019-01-02T09:33:02.000000,9.39,9.39,9.39,9.39,6900
2019-01-02T09:33:03.000000,9.39,9.39,9.39,9.39,187400
2019-01-02T09:33:04.000000,9.39,9.39,9.39,9.39,8900
2019-01-02T09:33:05.000000,9.39,9.39,9.39,9.39,5800
2019-01-02T09:33:06.000000,9.39,9.39,9.38,9.39,1500
2019-01-02T09:33:07.000000,9.39,9.39,9.39,9.39,3500
2019-01-02T09:33:08.000000,9.39,9.39,9.38,9.39,1600
2019-01-02T09:33:09.000000,9.39,9.39,9.39,9.39,1500
2019-01-02T09:33:10.000000,9.39,9.39,9.39,9.39,8500
2019-01-02T09:33:11.000000,9.39,9.39,9.38,9.39,1900
2019-01-02T09:33:12.000000,9.38,9.39,9.38,9.39,1600
2019-01-02T09:33:13.000000,9.39,9.39,9.39,9.39,6000
2019-01-02T09:33:14.000000,9.39,9.39,9.39,9.39,12600
2019-01-02T09:33:15.000000,9.39,9.39,9.39,9.39,9800
2019-01-02T09:33:16.000000,9.39,9.39,9.38,9.39,900
2019-01-02T09:33:17.000000,9.39,9.39,9.39,9.39,7700
2019-01-02T09:33:18.000000,9.39,9.39,9.38,9.39,1100
2019-01-02T09:33:19.000000,9.39,9.39,9.38,9.39,116300
2019-01-02T09:33:20.000000,9.39,9.39,9.39,9.39,3700
2019-01-02T09:33:21.000000,9.39,9.39,9.39,9.39,3400
2019-01-02T09:33:22.000000,9.39,9.39,9.39,9.39,53600
2019-01-02T09:33:23.000000,9.39,9.39,9.38,9.39,71500
2019-01-02T09:33:24.000000,9.39,9.39,9.39,9.39,1800
2019-01-02T09:33:25.000000,9.38,9.39,9.38,9.38,0
2019-01-02T09:33:26.000000,9.39,9.39,9.39,9.39,500
2019-01-02T09:33:27.000000,9.39,9.39,9.38,9.39,800
2019-01-02T09:33:28.000000,9.39,9.39,9.39,9.39,12200
2019-01-02T09:33:29.000000,9.39,9.39,9.38,9.39,0
2019-01-02T09:33:30.000000,9.39,9.39,9.38,9.38,3200
2019-01-02T09:33:31.000000,9.39,9.39,9.38,9.39,12000
2019-01-02T09:33:32.000000,9.39,9.39,9.38,9.39,4300
2019-01-02T09:33:33.000000,9.39,9.39,9.38,9.38,4200
2019-01-02T09:33:34.000000,9.39,9.39,9.37,9.38,50500
2019-01-02T09:33:35.000000,9.38,9.38,9.38,9.38,14500
2019-01-02T09:33:36.000000,9.38,9.38,9.36,9.36,19300
2019-01-02T09:33:37.000000,9.36,9.36,9.36,9.36,93200
2019-01-02T09:33:38.000000,9.36,9.37,9.36,9.36,7100
2019-01-02T09:33:39.000000,9.36,9.36,9.36,9.36,14500
2019-01-02T09:33:40.000000,9.36,9.37,9.36,9.36,28900
2019-01-02T09:33:41.000000,9.37,9.37,9.36,9.37,1300
2019-01-02T09:33:42.000000,9.36,9.37,9.36,9.36,1200
2019-01-02T09:33:43.000000,9.36,9.36,9.35,9.35,7600
2019-01-02T09:33:44.000000,9.36,9.36,9.36,9.36,21300
2019-01-02T09:33:45.000000,9.36,9.36,9.35,9.36,114300
2019-01-02T09:33:46.000000,9.36,9.36,9.34,9.34,403400
2019-01-02T09:33:47.000000,9.34,9.35,9.34,9.35,94300
2019-01-02T09:33:48.000000,9.34,9.34,9.34,9.34,49200
2019-01-02T09:33:49.000000,9.34,9.35,9.33,9.35,3300
2019-01-02T09:33:50.000000,9.34,9.34,9.33,9.34,1000
2019-01-02T09:33:51.000000,9.34,9.34,9.33,9.33,34900
2019-01-02T09:33:52.000000,9.34,9.34,9.33,9.33,0
2019-01-02T09:33:53.000000,9.34,9.34,9.34,9.34,2300
2019-01-02T09:33:54.000000,9.34,9.34,9.33,9.33,0
2019-01-02T09:33:55.000000,9.34,9.35,9.33,9.34,19400
2019-01-02T09:33:56.000000,9.33,9.34,9.33,9.34,5000
2019-01-02T09:33:57.000000,9.34,9.34,9.33,9.33,28733
2019-01-02T09:33:58.000000,9.34,9.34,9.34,9.34,7900
2019-01-02T09:33:59.000000,9.34,9.34,9.33,9.34,5100
2019-01-02T09:34:00.000000,9.34,9.34,9.32,9.32,11800
2019-01-02T09:34:01.000000,9.32,9.32,9.32,9.32,2500
2019-01-02T09:34:02.000000,9.33,9.34,9.32,9.34,65100
2019-01-02T09:34:03.000000,9.34,9.34,9.33,9.34,28100
2019-01-02T09:34:04.000000,9.34,9.34,9.33,9.34,8100
2019-01-02T09:34:05.000000,9.34,9.34,9.34,9.34,61500
2019-01-02T09:34:06.000000,9.34,9.34,9.33,9.34,1700
2019-01-02T09:34:07.000000,9.34,9.34,9.34,9.34,320300
2019-01-02T09:34:08.000000,9.34,9.34,9.34,9.34,25400
2019-01-02T09:34:09.000000,9.34,9.34,9.34,9.34,7500
2019-01-02T09:34:10.000000,9.34,9.35,9.34,9.34,24100
2019-01-02T09:34:11.000000,9.34,9.34,9.34,9.34,22900
2019-01-02T09:34:12.000000,9.34,9.35,9.34,9.34,8300
2019-01-02T09:34:13.000000,9.34,9.34,9.34,9.34,4000
2019-01-02T09:34:14.000000,9.34,9.35,9.34,9.35,2100
2019-01-02T09:34:15.000000,9.34,9.34,9.34,9.34,9800
2019-01-02T09:34:16.000000,9.34,9.34,9.34,9.34,8200
2019-01-02T09:34:17.000000,9.34,9.35,9.34,9.35,600
2019-01-02T09:34:18.000000,9.34,9.34,9.34,9.34,34100
2019-01-02T09:34:19.000000,9.34,9.35,9.34,9.34,14200
2019-01-02T09:34:20.000000,9.34,9.34,9.34,9.34,400
2019-01-02T09:34:21.000000,9.34,9.34,9.34,9.34,21100
2019-01-02T09:34:22.000000,9.34,9.34,9.34,9.34,20100
2019-01-02T09:34:23.000000,9.34,9.35,9.34,9.34,4500
2019-01-02T09:34:24.000000,9.34,9.34,9.34,9.34,24600
2019-01-02T09:34:25.000000,9.34,9.34,9.34,9.34,9600
2019-01-02T09:34:26.000000,9.34,9.35,9.34,9.35,0
2019-01-02T09:34:27.000000,9.34,9.35,9.34,9.34,20200
2019-01-02T09:34:28.000000,9.34,9.34,9.34,9.34,300
2019-01-02T09:34:29.000000,9.34,9.35,9.34,9.34,32500
2019-01-02T09:34:30.000000,9.34,9.35,9.34,9.34,24700
2019-01-02T09:34:31.000000,9.34,9.34,9.34,9.34,2800
2019-01-02T09:34:32.000000,9.34,9.35,9.34,9.35,300
2019-01-02T09:34:33.000000,9.34,9.34,9.34,9.34,3400
2019-01-02T09:34:35.000000,9.34,9.34,9.34,9.34,5200
2019-01-02T09:34:36.000000,9.34,9.35,9.34,9.34,16700
2019-01-02T09:34:37.000000,9.34,9.35,9.34,9.34,25000
2019-01-02T09:34:38.000000,9.34,9.35,9.34,9.34,34800
2019-01-02T09:34:39.000000,9.34,9.35,9.34,9.34,44400
2019-01-02T09:34:40.000000,9.34,9.35,9.34,9.34,18500
2019-01-02T09:34:41.000000,9.34,9.35,9.34,9.35,1400
2019-01-02T09:34:42.000000,9.34,9.34,9.34,9.34,23200
2019-01-02T09:34:43.000000,9.34,9.35,9.34,9.34,35700
2019-01-02T09:34:44.000000,9.34,9.34,9.34,9.34,4000
2019-01-02T09:34:45.000000,9.34,9.35,9.34,9.34,37200
2019-01-02T09:34:46.000000,9.34,9.35,9.34,9.34,5000
2019-01-02T09:34:47.000000,9.34,9.35,9.34,9.35,3800
2019-01-02T09:34:48.000000,9.34,9.35,9.34,9.34,19800
2019-01-02T09:34:49.000000,9.34,9.34,9.34,9.34,13700
2019-01-02T09:34:50.000000,9.34,9.35,9.34,9.34,3000
2019-01-02T09:34:51.000000,9.34,9.34,9.34,9.34,37800
2019-01-02T09:34:52.000000,9.34,9.35,9.34,9.34,11000
2019-01-02T09:34:53.000000,9.34,9.35,9.34,9.34,5400
2019-01-02T09:34:54.000000,9.34,9.34,9.34,9.34,45300
2019-01-02T09:34:55.000000,9.34,9.34,9.34,9.34,2800
2019-01-02T09:34:56.000000,9.34,9.35,9.34,9.34,29800
2019-01-02T09:34:57.000000,9.34,9.34,9.34,9.34,25500
2019-01-02T09:34:58.000000,9.34,9.34,9.34,9.34,1800
2019-01-02T09:34:59.000000,9.34,9.34,9.34,9.34,9800
2019-01-02T09:35:00.000000,9.34,9.35,9.34,9.34,24200
2019-01-02T09:35:01.000000,9.34,9.35,9.34,9.34,6700
2019-01-02T09:35:02.000000,9.34,9.35,9.34,9.34,500
2019-01-02T09:35:03.000000,9.34,9.35,9.34,9.35,21900
2019-01-02T09:35:04.000000,9.34,9.34,9.34,9.34,7000
2019-01-02T09:35:05.000000,9.34,9.34,9.34,9.34,49100
2019-01-02T09:35:06.000000,9.34,9.34,9.34,9.34,69200
2019-01-02T09:35:07.000000,9.34,9.35,9.34,9.34,29500
2019-01-02T09:35:08.000000,9.34,9.35,9.34,9.35,3000
2019-01-02T09:35:09.000000,9.34,9.34,9.34,9.34,7400
2019-01-02T09:35:10.000000,9.34,9.35,9.34,9.34,2300
2019-01-02T09:35:11.000000,9.34,9.34,9.34,9.34,60300
2019-01-02T09:35:12.000000,9.35,9.35,9.34,9.34,3600
2019-01-02T09:35:13.000000,9.34,9.35,9.34,9.34,37300
2019-01-02T09:35:14.000000,9.34,9.34,9.34,9.34,4700
2019-01-02T09:35:15.000000,9.34,9.35,9.34,9.34,14000
2019-01-02T09:35:16.000000,9.34,9.34,9.34,9.34,5000
2019-01-02T09:35:17.000000,9.34,9.35,9.34,9.34,53100
2019-01-02T09:35:18.000000,9.34,9.34,9.34,9.34,800
2019-01-02T09:35:19.000000,9.34,9.35,9.34,9.34,3000
2019-01-02T09:35:20.000000,9.34,9.34,9.34,9.34,102100
2019-01-02T09:35:21.000000,9.34,9.34,9.34,9.34,2000
2019-01-02T09:35:22.000000,9.34,9.35,9.34,9.35,11000
2019-01-02T09:35:23.000000,9.34,9.34,9.34,9.34,6600
2019-01-02T09:35:24.000000,9.34,9.35,9.34,9.34,12800
2019-01-02T09:35:25.000000,9.34,9.34,9.34,9.34,1800
2019-01-02T09:35:26.000000,9.34,9.35,9.34,9.34,7700
2019-01-02T09:35:27.000000,9.34,9.34,9.34,9.34,100
2019-01-02T09:35:28.000000,9.34,9.34,9.34,9.34,6400
2019-01-02T09:35:29.000000,9.34,9.34,9.34,9.34,25100
2019-01-02T09:35:30.000000,9.34,9.34,9.34,9.34,100
2019-01-02T09:35:31.000000,9.34,9.34,9.34,9.34,3000
2019-01-02T09:35:32.000000,9.34,9.35,9.34,9.34,9300
2019-01-02T09:35:33.000000,9.34,9.34,9.34,9.34,3400
2019-01-02T09:35:34.000000,9.34,9.34,9.34,9.34,8100
2019-01-02T09:35:35.000000,9.34,9.35,9.34,9.34,17700
2019-01-02T09:35:36.000000,9.34,9.35,9.34,9.35,8000
2019-01-02T09:35:37.000000,9.34,9.34,9.34,9.34,16900
2019-01-02T09:35:38.000000,9.34,9.35,9.34,9.34,6200
2019-01-02T09:35:39.000000,9.34,9.35,9.34,9.34,4400
2019-01-02T09:35:40.000000,9.34,9.34,9.34,9.34,20700
2019-01-02T09:35:41.000000,9.34,9.34,9.34,9.34,9500
2019-01-02T09:35:42.000000,9.34,9.35,9.34,9.34,11900
2019-01-02T09:35:43.000000,9.34,9.34,9.34,9.34,10100
2019-01-02T09:35:44.000000,9.34,9.34,9.34,9.34,5600
2019-01-02T09:35:45.000000,9.35,9.35,9.34,9.34,11400
2019-01-02T09:35:46.000000,9.34,9.34,9.34,9.34,1000
2019-01-02T09:35:47.000000,9.34,9.35,9.34,9.35,13500
2019-01-02T09:35:48.000000,9.34,9.34,9.34,9.34,14800
2019-01-02T09:35:49.000000,9.34,9.34,9.34,9.34,3400
2019-01-02T09:35:50.000000,9.34,9.34,9.34,9.34,4900
2019-01-02T09:35:51.000000,9.34,9.34,9.34,9.34,12000
2019-01-02T09:35:52.000000,9.34,9.34,9.34,9.34,3600
2019-01-02T09:35:53.000000,9.34,9.35,9.34,9.35,75000
2019-01-02T09:35:54.000000,9.34,9.35,9.34,9.34,5700
2019-01-02T09:35:55.000000,9.34,9.34,9.34,9.34,13500
2019-01-02T09:35:56.000000,9.34,9.34,9.34,9.34,61000
2019-01-02T09:35:57.000000,9.34,9.35,9.34,9.34,1200
2019-01-02T09:35:58.000000,9.34,9.34,9.34,9.34,35400
2019-01-02T09:35:59.000000,9.34,9.35,9.34,9.34,3200
2019-01-02T09:36:00.000000,9.34,9.35,9.34,9.34,63600
2019-01-02T09:36:01.000000,9.34,9.34,9.34,9.34,3500
2019-01-02T09:36:02.000000,9.34,9.35,9.34,9.34,2400
2019-01-02T09:36:03.000000,9.34,9.34,9.34,9.34,20500
2019-01-02T09:36:04.000000,9.34,9.34,9.34,9.34,7800
2019-01-02T09:36:05.000000,9.34,9.35,9.34,9.34,14700
2019-01-02T09:36:06.000000,9.34,9.34,9.34,9.34,6700
2019-01-02T09:36:07.000000,9.34,9.34,9.34,9.34,3700
2019-01-02T09:36:08.000000,9.34,9.34,9.34,9.34,23100
2019-01-02T09:36:09.000000,9.34,9.34,9.34,9.34,101600
2019-01-02T09:36:10.000000,9.34,9.35,9.34,9.34,1500
2019-01-02T09:36:11.000000,9.34,9.35,9.34,9.35,3200
2019-01-02T09:36:12.000000,9.34,9.35,9.34,9.34,10200
2019-01-02T09:36:13.000000,9.34,9.34,9.34,9.34,2000
2019-01-02T09:36:14.000000,9.34,9.35,9.34,9.34,2400
2019-01-02T09:36:15.000000,9.34,9.35,9.34,9.35,24200
2019-01-02T09:36:16.000000,9.34,9.35,9.34,9.34,4300
2019-01-02T09:36:17.000000,9.34,9.35,9.34,9.34,21100
2019-01-02T09:36:18.000000,9.34,9.34,9.34,9.34,8100
2019-01-02T09:36:19.000000,9.34,9.34,9.34,9.34,3100
2019-01-02T09:36:20.000000,9.34,9.34,9.34,9.34,4400
2019-01-02T09:36:21.000000,9.34,9.35,9.34,9.34,3400
2019-01-02T09:36:22.000000,9.34,9.34,9.34,9.34,2000
2019-01-02T09:36:23.000000,9.34,9.35,9.34,9.35,600
2019-01-02T09:36:24.000000,9.34,9.35,9.34,9.35,7500
2019-01-02T09:36:25.000000,9.34,9.34,9.34,9.34,50500
2019-01-02T09:36:26.000000,9.34,9.34,9.34,9.34,6000
2019-01-02T09:36:27.000000,9.34,9.34,9.34,9.34,5000
2019-01-02T09:36:28.000000,9.34,9.35,9.34,9.35,0
2019-01-02T09:36:29.000000,9.34,9.34,9.34,9.34,17500
2019-01-02T09:36:30.000000,9.34,9.35,9.34,9.34,1700
2019-01-02T09:36:31.000000,9.35,9.35,9.34,9.34,6000
2019-01-02T09:36:32.000000,9.34,9.35,9.34,9.34,5000
2019-01-02T09:36:33.000000,9.34,9.35,9.34,9.34,1000
2019-01-02T09:36:34.000000,9.34,9.35,9.34,9.34,1500
2019-01-02T09:36:35.000000,9.34,9.35,9.34,9.34,2200
2019-01-02T09:36:36.000000,9.34,9.34,9.34,9.34,2400
2019-01-02T09:36:37.000000,9.34,9.34,9.34,9.34,15200
2019-01-02T09:36:38.000000,9.34,9.35,9.34,9.35,100
2019-01-02T09:36:39.000000,9.34,9.34,9.34,9.34,3400
2019-01-02T09:36:41.000000,9.34,9.34,9.34,9.34,2800
2019-01-02T09:36:42.000000,9.34,9.35,9.34,9.35,100
2019-01-02T09:36:43.000000,9.34,9.34,9.34,9.34,2000
2019-01-02T09:36:44.000000,9.34,9.35,9.34,9.35,10500
2019-01-02T09:36:45.000000,9.34,9.35,9.34,9.35,13500
2019-01-02T09:36:46.000000,9.34,9.34,9.34,9.34,11000
2019-01-02T09:36:47.000000,9.34,9.35,9.34,9.35,1600
2019-01-02T09:36:48.000000,9.34,9.34,9.34,9.34,1000
2019-01-02T09:36:49.000000,9.34,9.34,9.34,9.34,3700
2019-01-02T09:36:50.000000,9.34,9.35,9.34,9.34,3200
2019-01-02T09:36:51.000000,9.34,9.35,9.34,9.34,8200
2019-01-02T09:36:52.000000,9.34,9.35,9.34,9.35,58000
2019-01-02T09:36:53.000000,9.34,9.34,9.34,9.34,23200
2019-01-02T09:36:54.000000,9.34,9.35,9.34,9.34,121300
2019-01-02T09:36:55.000000,9.34,9.34,9.34,9.34,34300
2019-01-02T09:36:56.000000,9.34,9.35,9.34,9.35,300
2019-01-02T09:36:57.000000,9.34,9.34,9.34,9.34,1000
2019-01-02T09:36:58.000000,9.34,9.34,9.34,9.34,1500
2019-01-02T09:36:59.000000,9.34,9.35,9.34,9.35,1500
2019-01-02T09:37:00.000000,9.34,9.35,9.34,9.35,4700
2019-01-02T09:37:02.000000,9.34,9.35,9.34,9.35,0
2019-01-02T09:37:03.000000,9.34,9.35,9.34,9.35,0
2019-01-02T09:37:04.000000,9.34,9.35,9.34,9.34,300
2019-01-02T09:37:05.000000,9.34,9.35,9.34,9.35,0
2019-01-02T09:37:07.000000,9.34,9.34,9.34,9.34,21700
2019-01-02T09:37:08.000000,9.34,9.34,9.34,9.34,6900
2019-01-02T09:37:09.000000,9.34,9.35,9.34,9.35,7960
2019-01-02T09:37:10.000000,9.34,9.34,9.34,9.34,1100
2019-01-02T09:37:11.000000,9.35,9.35,9.34,9.35,3700
2019-01-02T09:37:12.000000,9.34,9.35,9.34,9.34,1200
2019-01-02T09:37:13.000000,9.34,9.34,9.34,9.34,4600
2019-01-02T09:37:14.000000,9.34,9.34,9.34,9.34,3000
2019-01-02T09:37:15.000000,9.34,9.35,9.34,9.34,48600
2019-01-02T09:37:16.000000,9.34,9.35,9.34,9.34,2400
2019-01-02T09:37:17.000000,9.34,9.35,9.34,9.34,5800
2019-01-02T09:37:18.000000,9.34,9.34,9.34,9.34,52200
2019-01-02T09:37:19.000000,9.34,9.35,9.34,9.34,8000
2019-01-02T09:37:20.000000,9.34,9.34,9.34,9.34,2900
2019-01-02T09:37:21.000000,9.34,9.35,9.34,9.35,2100
2019-01-02T09:37:22.000000,9.34,9.34,9.34,9.34,93960
2019-01-02T09:37:23.000000,9.34,9.34,9.34,9.34,14800
2019-01-02T09:37:24.000000,9.34,9.35,9.34,9.35,2600
2019-01-02T09:37:25.000000,9.34,9.34,9.34,9.34,1100
2019-01-02T09:37:26.000000,9.34,9.35,9.34,9.35,45900
2019-01-02T09:37:27.000000,9.34,9.35,9.34,9.35,0
2019-01-02T09:37:28.000000,9.34,9.35,9.34,9.35,0
2019-01-02T09:37:29.000000,9.34,9.35,9.34,9.35,100
2019-01-02T09:37:30.000000,9.34,9.34,9.34,9.34,21000
2019-01-02T09:37:32.000000,9.34,9.34,9.34,9.34,1200
2019-01-02T09:37:33.000000,9.34,9.35,9.34,9.34,7500
2019-01-02T09:37:34.000000,9.34,9.35,9.34,9.34,2000
2019-01-02T09:37:35.000000,9.34,9.35,9.34,9.34,19200
2019-01-02T09:37:36.000000,9.34,9.35,9.34,9.34,5600
2019-01-02T09:37:37.000000,9.35,9.35,9.34,9.34,700
2019-01-02T09:37:38.000000,9.34,9.34,9.34,9.34,13800
2019-01-02T09:37:39.000000,9.35,9.35,9.34,9.34,1000
2019-01-02T09:37:40.000000,9.34,9.34,9.34,9.34,2500
2019-01-02T09:37:41.000000,9.34,9.35,9.34,9.35,500
2019-01-02T09:37:42.000000,9.34,9.35,9.34,9.35,0
2019-01-02T09:37:43.000000,9.34,9.34,9.34,9.34,6200
2019-01-02T09:37:44.000000,9.34,9.35,9.34,9.34,7000
2019-01-02T09:37:45.000000,9.35,9.35,9.34,9.34,1300
2019-01-02T09:37:46.000000,9.34,9.35,9.34,9.35,0
2019-01-02T09:37:47.000000,9.34,9.34,9.34,9.34,10000
2019-01-02T09:37:48.000000,9.34,9.35,9.34,9.35,62100
2019-01-02T09:37:49.000000,9.34,9.34,9.34,9.34,5200
2019-01-02T09:37:50.000000,9.35,9.35,9.34,9.35,0
2019-01-02T09:37:51.000000,9.34,9.35,9.34,9.35,1800
2019-01-02T09:37:52.000000,9.34,9.34,9.34,9.34,70000
2019-01-02T09:37:53.000000,9.35,9.35,9.34,9.34,2100
2019-01-02T09:37:54.000000,9.34,9.35,9.34,9.35,400
2019-01-02T09:37:55.000000,9.34,9.34,9.34,9.34,200
2019-01-02T09:37:56.000000,9.34,9.35,9.34,9.34,5500
2019-01-02T09:37:58.000000,9.34,9.34,9.34,9.34,21300
2019-01-02T09:37:59.000000,9.34,9.35,9.34,9.34,9000
2019-01-02T09:38:00.000000,9.34,9.35,9.34,9.34,200
2019-01-02T09:38:01.000000,9.35,9.35,9.34,9.34,20500
2019-01-02T09:38:02.000000,9.34,9.34,9.34,9.34,4100
2019-01-02T09:38:03.000000,9.34,9.35,9.34,9.34,61200
2019-01-02T09:38:04.000000,9.34,9.35,9.34,9.34,10300
2019-01-02T09:38:05.000000,9.34,9.36,9.34,9.34,300
2019-01-02T09:38:06.000000,9.34,9.36,9.34,9.34,20700
2019-01-02T09:38:07.000000,9.34,9.34,9.34,9.34,6000
2019-01-02T09:38:08.000000,9.36,9.36,9.35,9.36,6500
2019-01-02T09:38:09.000000,9.35,9.36,9.35,9.35,5200
2019-01-02T09:38:10.000000,9.35,9.36,9.35,9.35,1800
2019-01-02T09:38:11.000000,9.35,9.36,9.35,9.35,3200
2019-01-02T09:38:12.000000,9.35,9.35,9.35,9.35,9800
2019-01-02T09:38:13.000000,9.35,9.36,9.34,9.35,800
2019-01-02T09:38:14.000000,9.35,9.36,9.35,9.35,4000
2019-01-02T09:38:15.000000,9.35,9.35,9.35,9.35,3000
2019-01-02T09:38:16.000000,9.35,9.35,9.35,9.35,13500
2019-01-02T09:38:17.000000,9.35,9.36,9.34,9.34,1200
2019-01-02T09:38:18.000000,9.34,9.34,9.34,9.34,4700
2019-01-02T09:38:19.000000,9.34,9.34,9.34,9.34,3000
2019-01-02T09:38:20.000000,9.34,9.34,9.34,9.34,1100
2019-01-02T09:38:21.000000,9.34,9.34,9.34,9.34,1600
2019-01-02T09:38:22.000000,9.34,9.36,9.34,9.36,100
2019-01-02T09:38:23.000000,9.35,9.35,9.35,9.35,1100
2019-01-02T09:38:24.000000,9.35,9.36,9.35,9.36,300
2019-01-02T09:38:25.000000,9.35,9.36,9.35,9.35,2500
2019-01-02T09:38:26.000000,9.36,9.36,9.35,9.35,0
2019-01-02T09:38:27.000000,9.36,9.36,9.35,9.35,3900
2019-01-02T09:38:28.000000,9.35,9.36,9.34,9.36,11500
2019-01-02T09:38:29.000000,9.36,9.36,9.36,9.36,100
2019-01-02T09:38:30.000000,9.36,9.36,9.36,9.36,500
2019-01-02T09:38:31.000000,9.36,9.36,9.36,9.36,9100
2019-01-02T09:38:32.000000,9.36,9.36,9.36,9.36,0
2019-01-02T09:38:33.000000,9.36,9.36,9.36,9.36,1400
2019-01-02T09:38:34.000000,9.36,9.36,9.36,9.36,3400
2019-01-02T09:38:35.000000,9.36,9.36,9.36,9.36,5000
2019-01-02T09:38:36.000000,9.36,9.36,9.36,9.36,1100
2019-01-02T09:38:37.000000,9.36,9.36,9.36,9.36,4000
2019-01-02T09:38:38.000000,9.36,9.36,9.36,9.36,2500
2019-01-02T09:38:39.000000,9.36,9.36,9.35,9.36,100
2019-01-02T09:38:40.000000,9.36,9.36,9.35,9.36,5100
2019-01-02T09:38:41.000000,9.36,9.36,9.36,9.36,7800
2019-01-02T09:38:42.000000,9.36,9.36,9.34,9.36,1400
2019-01-02T09:38:43.000000,9.35,9.35,9.35,9.35,7500
2019-01-02T09:38:44.000000,9.35,9.36,9.35,9.36,5300
2019-01-02T09:38:45.000000,9.36,9.36,9.35,9.35,2100
2019-01-02T09:38:46.000000,9.35,9.35,9.35,9.35,12700
2019-01-02T09:38:48.000000,9.34,9.34,9.34,9.34,4600
2019-01-02T09:38:49.000000,9.34,9.35,9.34,9.34,3200
2019-01-02T09:38:50.000000,9.34,9.35,9.34,9.34,2400
2019-01-02T09:38:51.000000,9.34,9.35,9.34,9.35,1000
2019-01-02T09:38:52.000000,9.35,9.36,9.34,9.36,0
2019-01-02T09:38:53.000000,9.35,9.35,9.34,9.34,0
2019-01-02T09:38:54.000000,9.34,9.35,9.34,9.34,3500
2019-01-02T09:38:55.000000,9.34,9.36,9.34,9.36,5300
2019-01-02T09:38:56.000000,9.35,9.35,9.34,9.35,23800
2019-01-02T09:38:57.000000,9.35,9.35,9.35,9.35,109800
2019-01-02T09:38:58.000000,9.35,9.36,9.35,9.36,2900
2019-01-02T09:38:59.000000,9.36,9.36,9.36,9.36,300
2019-01-02T09:39:00.000000,9.36,9.36,9.36,9.36,2000
2019-01-02T09:39:01.000000,9.36,9.36,9.34,9.36,4800
2019-01-02T09:39:02.000000,9.35,9.35,9.34,9.35,187500
2019-01-02T09:39:03.000000,9.35,9.35,9.35,9.35,11000
2019-01-02T09:39:04.000000,9.35,9.35,9.35,9.35,400
2019-01-02T09:39:05.000000,9.35,9.35,9.35,9.35,2100
2019-01-02T09:39:08.000000,9.35,9.35,9.35,9.35,2000
2019-01-02T09:39:09.000000,9.35,9.35,9.34,9.34,5200
2019-01-02T09:39:10.000000,9.34,9.35,9.34,9.35,200
2019-01-02T09:39:11.000000,9.34,9.36,9.34,9.36,1000
2019-01-02T09:39:12.000000,9.36,9.36,9.35,9.36,3700
2019-01-02T09:39:13.000000,9.36,9.36,9.36,9.36,11500
2019-01-02T09:39:14.000000,9.36,9.36,9.36,9.36,2500
2019-01-02T09:39:15.000000,9.36,9.36,9.36,9.36,39200
2019-01-02T09:39:16.000000,9.36,9.36,9.34,9.34,10700
2019-01-02T09:39:17.000000,9.34,9.34,9.34,9.34,4100
2019-01-02T09:39:18.000000,9.34,9.36,9.34,9.36,1400
2019-01-02T09:39:19.000000,9.35,9.35,9.35,9.35,4500
2019-01-02T09:39:20.000000,9.35,9.36,9.35,9.35,6900
2019-01-02T09:39:21.000000,9.35,9.35,9.35,9.35,4800
2019-01-02T09:39:22.000000,9.36,9.36,9.36,9.36,3100
2019-01-02T09:39:23.000000,9.36,9.36,9.34,9.34,20900
2019-01-02T09:39:24.000000,9.36,9.36,9.35,9.36,6900
2019-01-02T09:39:25.000000,9.36,9.36,9.36,9.36,1000
2019-01-02T09:39:26.000000,9.36,9.36,9.36,9.36,15100
2019-01-02T09:39:27.000000,9.36,9.36,9.36,9.36,1700
2019-01-02T09:39:28.000000,9.36,9.36,9.36,9.36,6700
2019-01-02T09:39:30.000000,9.36,9.36,9.36,9.36,3300
2019-01-02T09:39:32.000000,9.36,9.36,9.36,9.36,3500
2019-01-02T09:39:33.000000,9.36,9.36,9.36,9.36,24200
2019-01-02T09:39:34.000000,9.36,9.36,9.35,9.35,400
2019-01-02T09:39:35.000000,9.36,9.36,9.36,9.36,3800
2019-01-02T09:39:36.000000,9.36,9.36,9.36,9.36,24800
2019-01-02T09:39:37.000000,9.36,9.36,9.36,9.36,75800
2019-01-02T09:39:38.000000,9.36,9.36,9.36,9.36,3400
2019-01-02T09:39:39.000000,9.36,9.36,9.36,9.36,19300
2019-01-02T09:39:40.000000,9.36,9.36,9.36,9.36,18300
2019-01-02T09:39:41.000000,9.36,9.36,9.36,9.36,13600
2019-01-02T09:39:42.000000,9.36,9.36,9.36,9.36,98700
2019-01-02T09:39:43.000000,9.36,9.36,9.36,9.36,7200
2019-01-02T09:39:44.000000,9.36,9.36,9.36,9.36,3200
2019-01-02T09:39:45.000000,9.36,9.36,9.34,9.34,257400
2019-01-02T09:39:46.000000,9.34,9.34,9.34,9.34,36400
2019-01-02T09:39:47.000000,9.34,9.34,9.34,9.34,9200
2019-01-02T09:39:48.000000,9.34,9.35,9.34,9.34,114000
2019-01-02T09:39:49.000000,9.34,9.34,9.34,9.34,27500
2019-01-02T09:39:50.000000,9.34,9.34,9.34,9.34,1100
2019-01-02T09:39:51.000000,9.34,9.34,9.34,9.34,3300
2019-01-02T09:39:52.000000,9.34,9.34,9.34,9.34,3500
2019-01-02T09:39:53.000000,9.34,9.35,9.34,9.34,0
2019-01-02T09:39:54.000000,9.34,9.35,9.34,9.34,1100
2019-01-02T09:39:55.000000,9.34,9.34,9.34,9.34,5000
2019-01-02T09:39:56.000000,9.34,9.34,9.34,9.34,200
2019-01-02T09:39:57.000000,9.34,9.34,9.34,9.34,12200
2019-01-02T09:39:58.000000,9.34,9.34,9.34,9.34,1000
2019-01-02T09:39:59.000000,9.34,9.34,9.34,9.34,800
2019-01-02T09:40:00.000000,9.34,9.34,9.34,9.34,2100
2019-01-02T09:40:01.000000,9.34,9.34,9.34,9.34,800
2019-01-02T09:40:02.000000,9.34,9.34,9.34,9.34,4000
2019-01-02T09:40:03.000000,9.34,9.35,9.34,9.34,32300
2019-01-02T09:40:04.000000,9.34,9.35,9.34,9.34,400
2019-01-02T09:40:05.000000,9.34,9.34,9.34,9.34,14500
2019-01-02T09:40:06.000000,9.34,9.34,9.34,9.34,18300
2019-01-02T09:40:07.000000,9.34,9.34,9.34,9.34,4700
2019-01-02T09:40:08.000000,9.34,9.35,9.34,9.34,22200
2019-01-02T09:40:09.000000,9.34,9.34,9.34,9.34,3700
2019-01-02T09:40:10.000000,9.34,9.34,9.34,9.34,19000
2019-01-02T09:40:11.000000,9.34,9.34,9.34,9.34,0
2019-01-02T09:40:12.000000,9.34,9.34,9.34,9.34,8100
2019-01-02T09:40:13.000000,9.34,9.34,9.34,9.34,4000
2019-01-02T09:40:14.000000,9.34,9.35,9.34,9.35,1300
2019-01-02T09:40:15.000000,9.34,9.35,9.34,9.34,500
2019-01-02T09:40:16.000000,9.34,9.35,9.34,9.34,17500
2019-01-02T09:40:17.000000,9.34,9.34,9.34,9.34,18800
2019-01-02T09:40:18.000000,9.34,9.34,9.34,9.34,3800
2019-01-02T09:40:19.000000,9.34,9.34,9.34,9.34,3300
2019-01-02T09:40:20.000000,9.34,9.35,9.34,9.34,2000
2019-01-02T09:40:21.000000,9.34,9.35,9.34,9.34,6900
2019-01-02T09:40:22.000000,9.34,9.35,9.34,9.34,13000
2019-01-02T09:40:24.000000,9.34,9.34,9.34,9.34,10600
2019-01-02T09:40:25.000000,9.34,9.34,9.34,9.34,6600
2019-01-02T09:40:26.000000,9.34,9.34,9.34,9.34,0
2019-01-02T09:40:27.000000,9.34,9.34,9.34,9.34,12000
2019-01-02T09:40:28.000000,9.34,9.34,9.34,9.34,6400
2019-01-02T09:40:29.000000,9.35,9.35,9.34,9.34,800
2019-01-02T09:40:30.000000,9.34,9.34,9.34,9.34,26600
2019-01-02T09:40:31.000000,9.35,9.35,9.34,9.35,11000
2019-01-02T09:40:32.000000,9.34,9.34,9.34,9.34,2500
2019-01-02T09:40:33.000000,9.34,9.34,9.34,9.34,249700
2019-01-02T09:40:34.000000,9.34,9.35,9.34,9.35,1100
2019-01-02T09:40:35.000000,9.34,9.34,9.34,9.34,28300
2019-01-02T09:40:36.000000,9.34,9.34,9.34,9.34,0
2019-01-02T09:40:38.000000,9.34,9.34,9.34,9.34,2100
2019-01-02T09:40:39.000000,9.34,9.34,9.34,9.34,14200
2019-01-02T09:40:40.000000,9.34,9.35,9.34,9.34,8700
2019-01-02T09:40:41.000000,9.34,9.34,9.34,9.34,10000
2019-01-02T09:40:42.000000,9.34,9.35,9.34,9.34,18900
2019-01-02T09:40:43.000000,9.34,9.35,9.34,9.34,1300
2019-01-02T09:40:44.000000,9.34,9.35,9.34,9.34,300
2019-01-02T09:40:45.000000,9.34,9.34,9.34,9.34,1000
2019-01-02T09:40:46.000000,9.34,9.34,9.34,9.34,2200
2019-01-02T09:40:47.000000,9.34,9.34,9.34,9.34,4000
2019-01-02T09:40:48.000000,9.34,9.34,9.34,9.34,1000
2019-01-02T09:40:49.000000,9.34,9.34,9.34,9.34,1600
2019-01-02T09:40:50.000000,9.34,9.34,9.34,9.34,3400
2019-01-02T09:40:51.000000,9.34,9.34,9.34,9.34,2900
2019-01-02T09:40:52.000000,9.34,9.34,9.34,9.34,14200
2019-01-02T09:40:53.000000,9.34,9.34,9.34,9.34,5100
2019-01-02T09:40:54.000000,9.34,9.35,9.34,9.35,3500
2019-01-02T09:40:55.000000,9.34,9.34,9.34,9.34,4200
2019-01-02T09:40:56.000000,9.34,9.34,9.34,9.34,5600
2019-01-02T09:40:57.000000,9.34,9.35,9.34,9.35,6300
2019-01-02T09:40:58.000000,9.34,9.34,9.34,9.34,300
2019-01-02T09:40:59.000000,9.34,9.34,9.34,9.34,18100
2019-01-02T09:41:00.000000,9.34,9.34,9.34,9.34,0
2019-01-02T09:41:01.000000,9.34,9.34,9.34,9.34,5900
2019-01-02T09:41:02.000000,9.35,9.35,9.34,9.34,0
2019-01-02T09:41:03.000000,9.34,9.34,9.34,9.34,105800
2019-01-02T09:41:04.000000,9.34,9.34,9.34,9.34,4200
2019-01-02T09:41:05.000000,9.34,9.34,9.34,9.34,1000
2019-01-02T09:41:06.000000,9.34,9.35,9.34,9.34,26900
2019-01-02T09:41:07.000000,9.34,9.34,9.34,9.34,16100
2019-01-02T09:41:08.000000,9.34,9.34,9.34,9.34,48000
2019-01-02T09:41:09.000000,9.34,9.34,9.34,9.34,100
2019-01-02T09:41:10.000000,9.34,9.34,9.34,9.34,2900
2019-01-02T09:41:11.000000,9.34,9.34,9.34,9.34,0
2019-01-02T09:41:12.000000,9.34,9.34,9.34,9.34,42000
2019-01-02T09:41:13.000000,9.35,9.35,9.34,9.34,0
2019-01-02T09:41:14.000000,9.34,9.34,9.34,9.34,13000
2019-01-02T09:41:15.000000,9.34,9.34,9.34,9.34,12600
2019-01-02T09:41:16.000000,9.34,9.34,9.34,9.34,1200
2019-01-02T09:41:17.000000,9.34,9.35,9.34,9.34,13900
2019-01-02T09:41:18.000000,9.34,9.35,9.34,9.35,0
2019-01-02T09:41:19.000000,9.34,9.34,9.34,9.34,3000
2019-01-02T09:41:20.000000,9.34,9.34,9.34,9.34,4400
2019-01-02T09:41:21.000000,9.34,9.34,9.34,9.34,33100
2019-01-02T09:41:22.000000,9.34,9.35,9.34,9.34,1200
2019-01-02T09:41:23.000000,9.34,9.35,9.34,9.35,0
2019-01-02T09:41:24.000000,9.34,9.35,9.34,9.34,200
2019-01-02T09:41:25.000000,9.34,9.34,9.34,9.34,10200
2019-01-02T09:41:26.000000,9.34,9.35,9.34,9.34,1400
2019-01-02T09:41:27.000000,9.34,9.35,9.34,9.34,126200
2019-01-02T09:41:28.000000,9.34,9.34,9.34,9.34,10900
2019-01-02T09:41:29.000000,9.34,9.35,9.34,9.35,5900
2019-01-02T09:41:30.000000,9.34,9.34,9.34,9.34,1000
2019-01-02T09:41:31.000000,9.34,9.34,9.34,9.34,102100
2019-01-02T09:41:32.000000,9.34,9.34,9.34,9.34,4400
2019-01-02T09:41:33.000000,9.34,9.34,9.34,9.34,6300
2019-01-02T09:41:34.000000,9.34,9.35,9.34,9.34,500
2019-01-02T09:41:35.000000,9.35,9.35,9.34,9.34,0
2019-01-02T09:41:36.000000,9.34,9.34,9.34,9.34,22100
2019-01-02T09:41:37.000000,9.34,9.35,9.34,9.34,1000
2019-01-02T09:41:38.000000,9.34,9.34,9.34,9.34,7700
2019-01-02T09:41:39.000000,9.34,9.34,9.34,9.34,1000
2019-01-02T09:41:40.000000,9.34,9.34,9.34,9.34,9100
2019-01-02T09:41:41.000000,9.34,9.34,9.34,9.34,9300
2019-01-02T09:41:42.000000,9.34,9.34,9.34,9.34,3400
2019-01-02T09:41:43.000000,9.34,9.34,9.34,9.34,18000
2019-01-02T09:41:44.000000,9.35,9.35,9.34,9.34,10800
2019-01-02T09:41:45.000000,9.34,9.35,9.34,9.34,12000
2019-01-02T09:41:46.000000,9.34,9.34,9.34,9.34,4600
2019-01-02T09:41:47.000000,9.34,9.34,9.34,9.34,900
2019-01-02T09:41:48.000000,9.34,9.35,9.34,9.34,17300
2019-01-02T09:41:49.000000,9.34,9.35,9.34,9.35,11000
2019-01-02T09:41:50.000000,9.34,9.34,9.34,9.34,3000
2019-01-02T09:41:51.000000,9.34,9.34,9.34,9.34,1300
2019-01-02T09:41:52.000000,9.34,9.34,9.34,9.34,200
2019-01-02T09:41:53.000000,9.34,9.34,9.34,9.34,7100
2019-01-02T09:41:54.000000,9.34,9.34,9.34,9.34,1500
2019-01-02T09:41:55.000000,9.34,9.34,9.34,9.34,3400
2019-01-02T09:41:56.000000,9.34,9.34,9.34,9.34,700
2019-01-02T09:41:57.000000,9.34,9.34,9.34,9.34,12100
2019-01-02T09:41:58.000000,9.34,9.34,9.34,9.34,12500
2019-01-02T09:41:59.000000,9.34,9.34,9.34,9.34,8300
2019-01-02T09:42:00.000000,9.34,9.34,9.34,9.34,5200
2019-01-02T09:42:01.000000,9.34,9.34,9.34,9.34,4100
2019-01-02T09:42:02.000000,9.34,9.34,9.34,9.34,12000
2019-01-02T09:42:03.000000,9.34,9.34,9.34,9.34,1600
2019-01-02T09:42:04.000000,9.34,9.35,9.34,9.34,5200
2019-01-02T09:42:05.000000,9.34,9.34,9.34,9.34,3000
2019-01-02T09:42:06.000000,9.34,9.35,9.34,9.34,9000
2019-01-02T09:42:07.000000,9.34,9.34,9.34,9.34,10300
2019-01-02T09:42:08.000000,9.34,9.34,9.34,9.34,100
2019-01-02T09:42:09.000000,9.34,9.35,9.34,9.34,10000
2019-01-02T09:42:10.000000,9.34,9.35,9.34,9.35,500
2019-01-02T09:42:11.000000,9.35,9.35,9.34,9.34,400
2019-01-02T09:42:12.000000,9.34,9.35,9.34,9.34,14000
2019-01-02T09:42:13.000000,9.34,9.34,9.34,9.34,4000
2019-01-02T09:42:14.000000,9.34,9.34,9.34,9.34,25500
2019-01-02T09:42:15.000000,9.34,9.34,9.34,9.34,3300
2019-01-02T09:42:16.000000,9.34,9.34,9.34,9.34,10900
2019-01-02T09:42:17.000000,9.34,9.34,9.34,9.34,26600
2019-01-02T09:42:18.000000,9.34,9.34,9.34,9.34,37100
2019-01-02T09:42:19.000000,9.34,9.35,9.34,9.35,25000
2019-01-02T09:42:20.000000,9.34,9.34,9.34,9.34,0
2019-01-02T09:42:21.000000,9.34,9.35,9.34,9.35,76700
2019-01-02T09:42:22.000000,9.34,9.34,9.34,9.34,12500
2019-01-02T09:42:23.000000,9.34,9.34,9.34,9.34,13700
2019-01-02T09:42:24.000000,9.35,9.35,9.34,9.34,3700
2019-01-02T09:42:25.000000,9.34,9.34,9.34,9.34,2200
2019-01-02T09:42:26.000000,9.34,9.35,9.34,9.34,9900
2019-01-02T09:42:27.000000,9.34,9.35,9.34,9.34,50400
2019-01-02T09:42:28.000000,9.34,9.35,9.34,9.34,1000
2019-01-02T09:42:29.000000,9.34,9.35,9.34,9.35,2600
2019-01-02T09:42:30.000000,9.34,9.35,9.34,9.34,6300
2019-01-02T09:42:31.000000,9.34,9.35,9.34,9.34,3800
2019-01-02T09:42:32.000000,9.34,9.35,9.34,9.34,1500
2019-01-02T09:42:33.000000,9.34,9.34,9.34,9.34,10700
2019-01-02T09:42:34.000000,9.34,9.34,9.34,9.34,13300
2019-01-02T09:42:35.000000,9.35,9.35,9.34,9.34,0
2019-01-02T09:42:36.000000,9.34,9.35,9.34,9.34,400
2019-01-02T09:42:37.000000,9.34,9.34,9.34,9.34,5000
2019-01-02T09:42:38.000000,9.34,9.34,9.34,9.34,100
2019-01-02T09:42:39.000000,9.34,9.34,9.34,9.34,16700
2019-01-02T09:42:40.000000,9.34,9.34,9.34,9.34,11300
2019-01-02T09:42:41.000000,9.34,9.34,9.34,9.34,8500
2019-01-02T09:42:42.000000,9.34,9.34,9.34,9.34,2100
2019-01-02T09:42:43.000000,9.34,9.35,9.34,9.34,0
2019-01-02T09:42:44.000000,9.34,9.35,9.34,9.34,13600
2019-01-02T09:42:45.000000,9.34,9.34,9.34,9.34,5000
2019-01-02T09:42:46.000000,9.34,9.34,9.34,9.34,2600
2019-01-02T09:42:47.000000,9.34,9.35,9.34,9.34,30300
2019-01-02T09:42:48.000000,9.34,9.34,9.34,9.34,3200
2019-01-02T09:42:49.000000,9.34,9.35,9.34,9.34,100800
2019-01-02T09:42:50.000000,9.34,9.34,9.34,9.34,17300
2019-01-02T09:42:51.000000,9.34,9.34,9.34,9.34,6900
2019-01-02T09:42:52.000000,9.34,9.34,9.34,9.34,600
2019-01-02T09:42:53.000000,9.34,9.35,9.34,9.34,47100
2019-01-02T09:42:54.000000,9.34,9.34,9.34,9.34,100
2019-01-02T09:42:55.000000,9.34,9.34,9.34,9.34,3800
2019-01-02T09:42:56.000000,9.35,9.35,9.34,9.34,0
2019-01-02T09:42:57.000000,9.34,9.35,9.34,9.35,1400
2019-01-02T09:42:58.000000,9.35,9.35,9.34,9.34,25000
2019-01-02T09:42:59.000000,9.34,9.35,9.34,9.34,2000
2019-01-02T09:43:00.000000,9.34,9.35,9.34,9.34,81100
2019-01-02T09:43:01.000000,9.34,9.34,9.34,9.34,300
2019-01-02T09:43:02.000000,9.34,9.34,9.34,9.34,7300
2019-01-02T09:43:03.000000,9.35,9.35,9.34,9.34,5500
2019-01-02T09:43:04.000000,9.35,9.35,9.34,9.34,0
2019-01-02T09:43:05.000000,9.34,9.34,9.34,9.34,3200
2019-01-02T09:43:08.000000,9.34,9.34,9.34,9.34,11100
2019-01-02T09:43:09.000000,9.34,9.35,9.34,9.35,1200
2019-01-02T09:43:10.000000,9.34,9.35,9.34,9.34,6400
2019-01-02T09:43:11.000000,9.34,9.35,9.34,9.35,200
2019-01-02T09:43:12.000000,9.34,9.35,9.34,9.34,3400
2019-01-02T09:43:13.000000,9.34,9.34,9.34,9.34,8200
2019-01-02T09:43:14.000000,9.34,9.35,9.34,9.35,0
2019-01-02T09:43:15.000000,9.34,9.35,9.34,9.34,14600
2019-01-02T09:43:16.000000,9.34,9.34,9.34,9.34,2600
2019-01-02T09:43:17.000000,9.34,9.35,9.34,9.35,9500
2019-01-02T09:43:18.000000,9.34,9.35,9.34,9.35,6000
2019-01-02T09:43:19.000000,9.34,9.34,9.34,9.34,20300
2019-01-02T09:43:20.000000,9.34,9.35,9.34,9.35,0
2019-01-02T09:43:21.000000,9.34,9.35,9.34,9.34,9600
2019-01-02T09:43:22.000000,9.34,9.35,9.34,9.34,3800
2019-01-02T09:43:23.000000,9.34,9.35,9.34,9.35,22200
2019-01-02T09:43:24.000000,9.35,9.35,9.34,9.34,3800
2019-01-02T09:43:25.000000,9.34,9.34,9.34,9.34,25900
2019-01-02T09:43:26.000000,9.34,9.34,9.34,9.34,16600
2019-01-02T09:43:27.000000,9.34,9.35,9.34,9.35,13000
2019-01-02T09:43:28.000000,9.34,9.34,9.34,9.34,4000
2019-01-02T09:43:29.000000,9.34,9.35,9.34,9.34,4000
2019-01-02T09:43:30.000000,9.34,9.34,9.34,9.34,7000
2019-01-02T09:43:31.000000,9.34,9.34,9.34,9.34,3900
2019-01-02T09:43:32.000000,9.34,9.34,9.34,9.34,4700
2019-01-02T09:43:33.000000,9.34,9.35,9.34,9.35,5500
2019-01-02T09:43:34.000000,9.34,9.34,9.34,9.34,3600
2019-01-02T09:43:35.000000,9.34,9.35,9.34,9.35,10000
2019-01-02T09:43:36.000000,9.34,9.34,9.34,9.34,2100
2019-01-02T09:43:37.000000,9.34,9.35,9.34,9.35,8900
2019-01-02T09:43:38.000000,9.34,9.34,9.34,9.34,13300
2019-01-02T09:43:39.000000,9.34,9.34,9.34,9.34,7400
2019-01-02T09:43:40.000000,9.34,9.34,9.34,9.34,7500
2019-01-02T09:43:41.000000,9.34,9.34,9.34,9.34,3800
2019-01-02T09:43:42.000000,9.34,9.35,9.34,9.34,3800
2019-01-02T09:43:43.000000,9.34,9.35,9.34,9.35,8900
2019-01-02T09:43:44.000000,9.34,9.35,9.34,9.34,4800
2019-01-02T09:43:45.000000,9.34,9.34,9.34,9.34,2700
2019-01-02T09:43:46.000000,9.34,9.35,9.34,9.34,2500
2019-01-02T09:43:47.000000,9.34,9.35,9.34,9.34,5300
2019-01-02T09:43:48.000000,9.34,9.34,9.34,9.34,0
2019-01-02T09:43:49.000000,9.34,9.35,9.34,9.34,100500
2019-01-02T09:43:50.000000,9.34,9.34,9.34,9.34,19400
2019-01-02T09:43:51.000000,9.34,9.34,9.34,9.34,117400
2019-01-02T09:43:52.000000,9.34,9.35,9.34,9.34,80600
2019-01-02T09:43:53.000000,9.34,9.34,9.34,9.34,12400
2019-01-02T09:43:54.000000,9.34,9.35,9.34,9.34,18900
2019-01-02T09:43:55.000000,9.34,9.35,9.34,9.35,1100
2019-01-02T09:43:56.000000,9.34,9.34,9.34,9.34,3000
2019-01-02T09:43:57.000000,9.34,9.34,9.34,9.34,0
2019-01-02T09:43:58.000000,9.34,9.35,9.34,9.34,700
2019-01-02T09:43:59.000000,9.34,9.34,9.34,9.34,200
2019-01-02T09:44:00.000000,9.34,9.35,9.34,9.34,5900
2019-01-02T09:44:03.000000,9.34,9.34,9.34,9.34,14100
2019-01-02T09:44:04.000000,9.34,9.35,9.34,9.34,1200
2019-01-02T09:44:05.000000,9.34,9.34,9.34,9.34,0
2019-01-02T09:44:06.000000,9.34,9.34,9.34,9.34,20500
2019-01-02T09:44:07.000000,9.34,9.34,9.34,9.34,2600
2019-01-02T09:44:08.000000,9.34,9.35,9.34,9.35,0
2019-01-02T09:44:09.000000,9.34,9.35,9.34,9.35,900
2019-01-02T09:44:10.000000,9.35,9.35,9.34,9.34,8000
2019-01-02T09:44:11.000000,9.34,9.34,9.34,9.34,2800
2019-01-02T09:44:12.000000,9.34,9.35,9.34,9.34,4500
2019-01-02T09:44:13.000000,9.34,9.35,9.34,9.34,2200
2019-01-02T09:44:14.000000,9.34,9.34,9.34,9.34,7000
2019-01-02T09:44:15.000000,9.34,9.34,9.34,9.34,10100
2019-01-02T09:44:16.000000,9.34,9.34,9.34,9.34,14200
2019-01-02T09:44:17.000000,9.34,9.35,9.34,9.34,800
2019-01-02T09:44:18.000000,9.34,9.34,9.34,9.34,700
2019-01-02T09:44:19.000000,9.34,9.34,9.34,9.34,2800
2019-01-02T09:44:20.000000,9.34,9.34,9.34,9.34,3100
2019-01-02T09:44:21.000000,9.34,9.34,9.34,9.34,9100
2019-01-02T09:44:22.000000,9.34,9.34,9.34,9.34,80000
2019-01-02T09:44:23.000000,9.34,9.34,9.34,9.34,5000
2019-01-02T09:44:24.000000,9.34,9.34,9.34,9.34,1300
2019-01-02T09:44:25.000000,9.34,9.35,9.34,9.35,10800
2019-01-02T09:44:26.000000,9.35,9.35,9.34,9.34,64800
2019-01-02T09:44:27.000000,9.34,9.34,9.34,9.34,110200
2019-01-02T09:44:28.000000,9.34,9.34,9.34,9.34,500
2019-01-02T09:44:29.000000,9.34,9.34,9.34,9.34,10900
2019-01-02T09:44:30.000000,9.34,9.34,9.34,9.34,15800
2019-01-02T09:44:31.000000,9.34,9.34,9.34,9.34,28800
2019-01-02T09:44:32.000000,9.34,9.34,9.34,9.34,3500
2019-01-02T09:44:33.000000,9.34,9.34,9.34,9.34,129000
2019-01-02T09:44:34.000000,9.34,9.34,9.34,9.34,300
2019-01-02T09:44:35.000000,9.34,9.34,9.34,9.34,2400
2019-01-02T09:44:36.000000,9.35,9.35,9.34,9.34,14200
2019-01-02T09:44:37.000000,9.34,9.35,9.34,9.34,2300
2019-01-02T09:44:38.000000,9.34,9.34,9.34,9.34,3100
2019-01-02T09:44:39.000000,9.34,9.34,9.34,9.34,15000
2019-01-02T09:44:40.000000,9.34,9.34,9.34,9.34,6100
2019-01-02T09:44:41.000000,9.34,9.34,9.34,9.34,4600
2019-01-02T09:44:42.000000,9.34,9.34,9.34,9.34,35200
2019-01-02T09:44:43.000000,9.34,9.34,9.34,9.34,164500
2019-01-02T09:44:44.000000,9.34,9.34,9.34,9.34,2700
2019-01-02T09:44:45.000000,9.34,9.34,9.34,9.34,13000
2019-01-02T09:44:46.000000,9.34,9.35,9.34,9.34,3100
2019-01-02T09:44:47.000000,9.34,9.34,9.34,9.34,1100
2019-01-02T09:44:48.000000,9.34,9.34,9.33,9.34,8100
2019-01-02T09:44:49.000000,9.34,9.34,9.33,9.33,11200
2019-01-02T09:44:50.000000,9.34,9.34,9.33,9.34,55400
2019-01-02T09:44:51.000000,9.34,9.34,9.33,9.34,49900
2019-01-02T09:44:52.000000,9.34,9.34,9.33,9.34,6100
2019-01-02T09:44:53.000000,9.34,9.34,9.34,9.34,1200
2019-01-02T09:44:54.000000,9.34,9.34,9.33,9.34,34100
2019-01-02T09:44:55.000000,9.33,9.34,9.33,9.33,0
2019-01-02T09:44:56.000000,9.34,9.34,9.33,9.33,3200
2019-01-02T09:44:57.000000,9.33,9.34,9.33,9.34,900
2019-01-02T09:44:58.000000,9.34,9.34,9.33,9.34,90500
2019-01-02T09:44:59.000000,9.34,9.34,9.33,9.34,9000
2019-01-02T09:45:00.000000,9.34,9.34,9.33,9.34,4600
2019-01-02T09:45:01.000000,9.34,9.34,9.33,9.34,16300
2019-01-02T09:45:02.000000,9.34,9.34,9.33,9.34,51100
2019-01-02T09:45:03.000000,9.34,9.34,9.33,9.33,4300
2019-01-02T09:45:04.000000,9.34,9.34,9.33,9.33,169400
2019-01-02T09:45:05.000000,9.33,9.34,9.33,9.34,6600
2019-01-02T09:45:06.000000,9.34,9.34,9.32,9.32,300
2019-01-02T09:45:07.000000,9.33,9.33,9.32,9.32,38300
2019-01-02T09:45:08.000000,9.32,9.32,9.32,9.32,64500
2019-01-02T09:45:09.000000,9.32,9.32,9.32,9.32,5300
2019-01-02T09:45:10.000000,9.32,9.32,9.30,9.32,34000
2019-01-02T09:45:11.000000,9.32,9.32,9.32,9.32,56700
2019-01-02T09:45:12.000000,9.32,9.32,9.30,9.30,12500
2019-01-02T09:45:13.000000,9.30,9.30,9.30,9.30,249100
2019-01-02T09:45:14.000000,9.30,9.30,9.30,9.30,3600
2019-01-02T09:45:15.000000,9.30,9.30,9.30,9.30,4000
2019-01-02T09:45:16.000000,9.30,9.30,9.29,9.29,32600
2019-01-02T09:45:17.000000,9.30,9.31,9.29,9.30,109737
2019-01-02T09:45:18.000000,9.30,9.31,9.28,9.30,15200
2019-01-02T09:45:19.000000,9.30,9.31,9.30,9.31,14700
2019-01-02T09:45:20.000000,9.30,9.30,9.28,9.29,7100
2019-01-02T09:45:21.000000,9.29,9.29,9.28,9.29,5500
2019-01-02T09:45:22.000000,9.29,9.29,9.28,9.28,5300
2019-01-02T09:45:23.000000,9.28,9.29,9.28,9.29,272000
2019-01-02T09:45:24.000000,9.28,9.29,9.28,9.28,10500
2019-01-02T09:45:25.000000,9.28,9.29,9.28,9.29,2900
2019-01-02T09:45:26.000000,9.28,9.29,9.28,9.29,41600
2019-01-02T09:45:27.000000,9.29,9.29,9.28,9.29,1200
2019-01-02T09:45:28.000000,9.29,9.29,9.28,9.29,1000
2019-01-02T09:45:29.000000,9.29,9.29,9.28,9.29,157700
2019-01-02T09:45:30.000000,9.29,9.29,9.27,9.27,45084
2019-01-02T09:45:31.000000,9.27,9.27,9.27,9.27,700
2019-01-02T09:45:32.000000,9.27,9.27,9.27,9.27,16500
2019-01-02T09:45:33.000000,9.27,9.27,9.27,9.27,19400
2019-01-02T09:45:34.000000,9.27,9.27,9.27,9.27,5800
2019-01-02T09:45:35.000000,9.27,9.27,9.27,9.27,1000
2019-01-02T09:45:36.000000,9.27,9.27,9.27,9.27,8000
2019-01-02T09:45:37.000000,9.27,9.28,9.26,9.27,9500
2019-01-02T09:45:38.000000,9.27,9.27,9.26,9.27,54900
2019-01-02T09:45:39.000000,9.27,9.27,9.26,9.27,83000
2019-01-02T09:45:40.000000,9.27,9.27,9.26,9.26,10800
2019-01-02T09:45:41.000000,9.27,9.27,9.26,9.27,7600
2019-01-02T09:45:42.000000,9.26,9.27,9.26,9.27,3500
2019-01-02T09:45:43.000000,9.26,9.27,9.26,9.27,11200
2019-01-02T09:45:44.000000,9.26,9.27,9.26,9.27,13600
2019-01-02T09:45:45.000000,9.27,9.27,9.26,9.27,29100
2019-01-02T09:45:46.000000,9.27,9.27,9.26,9.27,17200
2019-01-02T09:45:47.000000,9.27,9.27,9.27,9.27,26900
2019-01-02T09:45:48.000000,9.27,9.27,9.27,9.27,81647
2019-01-02T09:45:49.000000,9.27,9.27,9.27,9.27,7000
2019-01-02T09:45:50.000000,9.27,9.28,9.27,9.27,13900
2019-01-02T09:45:51.000000,9.27,9.27,9.27,9.27,7500
2019-01-02T09:45:52.000000,9.27,9.28,9.27,9.27,32500
2019-01-02T09:45:53.000000,9.27,9.28,9.27,9.27,25600
2019-01-02T09:45:54.000000,9.27,9.27,9.27,9.27,10300
2019-01-02T09:45:55.000000,9.27,9.27,9.27,9.27,19500
2019-01-02T09:45:56.000000,9.27,9.27,9.26,9.27,27700
2019-01-02T09:45:57.000000,9.27,9.28,9.26,9.27,5700
2019-01-02T09:45:58.000000,9.27,9.27,9.26,9.27,8200
2019-01-02T09:45:59.000000,9.27,9.27,9.27,9.27,19100
2019-01-02T09:46:00.000000,9.27,9.27,9.27,9.27,18400
2019-01-02T09:46:01.000000,9.26,9.27,9.26,9.27,87800
2019-01-02T09:46:02.000000,9.27,9.27,9.25,9.27,40500
2019-01-02T09:46:03.000000,9.27,9.27,9.27,9.27,120700
2019-01-02T09:46:04.000000,9.27,9.27,9.27,9.27,40600
2019-01-02T09:46:05.000000,9.27,9.27,9.27,9.27,136800
2019-01-02T09:46:06.000000,9.27,9.28,9.27,9.27,24000
2019-01-02T09:46:07.000000,9.27,9.28,9.27,9.27,27100
2019-01-02T09:46:08.000000,9.27,9.27,9.27,9.27,14200
2019-01-02T09:46:09.000000,9.27,9.28,9.27,9.27,10500
2019-01-02T09:46:10.000000,9.27,9.28,9.27,9.27,7700
2019-01-02T09:46:11.000000,9.27,9.27,9.27,9.27,19100
2019-01-02T09:46:12.000000,9.28,9.28,9.27,9.27,9900
2019-01-02T09:46:13.000000,9.27,9.27,9.27,9.27,14500
2019-01-02T09:46:14.000000,9.27,9.28,9.27,9.27,38000
2019-01-02T09:46:15.000000,9.27,9.29,9.27,9.28,15816
2019-01-02T09:46:16.000000,9.28,9.29,9.27,9.27,1700
2019-01-02T09:46:17.000000,9.28,9.29,9.28,9.29,5900
2019-01-02T09:46:18.000000,9.29,9.29,9.27,9.28,28000
2019-01-02T09:46:19.000000,9.28,9.28,9.28,9.28,26100
2019-01-02T09:46:20.000000,9.28,9.29,9.27,9.29,17700
2019-01-02T09:46:21.000000,9.29,9.29,9.27,9.27,33184
2019-01-02T09:46:22.000000,9.27,9.28,9.27,9.28,19016
2019-01-02T09:46:23.000000,9.28,9.29,9.28,9.29,16500
2019-01-02T09:46:24.000000,9.29,9.29,9.27,9.27,16600
2019-01-02T09:46:25.000000,9.28,9.28,9.28,9.28,207100
2019-01-02T09:46:26.000000,9.28,9.29,9.28,9.29,121100
2019-01-02T09:46:27.000000,9.27,9.28,9.27,9.27,5484
2019-01-02T09:46:28.000000,9.27,9.29,9.27,9.27,12616
2019-01-02T09:46:29.000000,9.27,9.29,9.27,9.29,16200
2019-01-02T09:46:30.000000,9.29,9.29,9.27,9.29,79000
2019-01-02T09:46:31.000000,9.29,9.29,9.28,9.29,11200
2019-01-02T09:46:32.000000,9.29,9.29,9.29,9.29,27700
2019-01-02T09:46:33.000000,9.29,9.29,9.28,9.29,5700
2019-01-02T09:46:34.000000,9.29,9.29,9.28,9.29,111000
2019-01-02T09:46:35.000000,9.28,9.29,9.28,9.29,54500
2019-01-02T09:46:36.000000,9.28,9.29,9.28,9.28,2700
2019-01-02T09:46:37.000000,9.28,9.29,9.28,9.29,5000
2019-01-02T09:46:38.000000,9.29,9.29,9.29,9.29,3000
2019-01-02T09:46:39.000000,9.29,9.29,9.28,9.29,11000
2019-01-02T09:46:40.000000,9.29,9.29,9.28,9.29,109200
2019-01-02T09:46:41.000000,9.29,9.29,9.28,9.29,6000
2019-01-02T09:46:42.000000,9.29,9.29,9.27,9.28,5000
2019-01-02T09:46:43.000000,9.28,9.29,9.28,9.28,20800
2019-01-02T09:46:44.000000,9.28,9.29,9.27,9.29,38200
2019-01-02T09:46:45.000000,9.29,9.29,9.27,9.27,15700
2019-01-02T09:46:46.000000,9.27,9.27,9.27,9.27,3300
2019-01-02T09:46:47.000000,9.27,9.28,9.27,9.27,15300
2019-01-02T09:46:48.000000,9.27,9.28,9.27,9.28,600
2019-01-02T09:46:49.000000,9.27,9.28,9.27,9.27,4700
2019-01-02T09:46:50.000000,9.27,9.28,9.27,9.27,32400
2019-01-02T09:46:51.000000,9.27,9.28,9.25,9.26,56184
2019-01-02T09:46:52.000000,9.25,9.26,9.25,9.25,6100
2019-01-02T09:46:53.000000,9.25,9.26,9.25,9.26,17600
2019-01-02T09:46:54.000000,9.25,9.26,9.25,9.26,29700
2019-01-02T09:46:55.000000,9.25,9.26,9.25,9.25,17000
2019-01-02T09:46:56.000000,9.25,9.26,9.25,9.25,1400
2019-01-02T09:46:57.000000,9.25,9.26,9.25,9.25,3100
2019-01-02T09:46:58.000000,9.25,9.26,9.25,9.25,6000
2019-01-02T09:46:59.000000,9.26,9.26,9.25,9.25,10400
2019-01-02T09:47:00.000000,9.25,9.26,9.25,9.25,106700
2019-01-02T09:47:01.000000,9.25,9.27,9.25,9.27,47116
2019-01-02T09:47:02.000000,9.27,9.27,9.27,9.27,64800
2019-01-02T09:47:03.000000,9.27,9.28,9.27,9.27,33300
2019-01-02T09:47:04.000000,9.27,9.27,9.27,9.27,16600
2019-01-02T09:47:05.000000,9.27,9.28,9.27,9.27,11200
2019-01-02T09:47:06.000000,9.27,9.27,9.27,9.27,33900
2019-01-02T09:47:07.000000,9.28,9.28,9.27,9.27,14500
2019-01-02T09:47:08.000000,9.27,9.27,9.27,9.27,11000
2019-01-02T09:47:09.000000,9.27,9.27,9.26,9.27,36084
2019-01-02T09:47:10.000000,9.27,9.28,9.27,9.27,6300
2019-01-02T09:47:11.000000,9.27,9.28,9.26,9.27,23300
2019-01-02T09:47:12.000000,9.27,9.27,9.26,9.26,10700
2019-01-02T09:47:13.000000,9.26,9.27,9.26,9.27,21700
2019-01-02T09:47:14.000000,9.27,9.27,9.27,9.27,7600
2019-01-02T09:47:15.000000,9.27,9.27,9.27,9.27,1300
2019-01-02T09:47:16.000000,9.27,9.27,9.27,9.27,4500
2019-01-02T09:47:17.000000,9.27,9.27,9.27,9.27,15600
2019-01-02T09:47:18.000000,9.27,9.27,9.26,9.27,71400
2019-01-02T09:47:19.000000,9.27,9.28,9.26,9.26,33100
2019-01-02T09:47:20.000000,9.27,9.28,9.26,9.27,13000
2019-01-02T09:47:21.000000,9.27,9.27,9.26,9.27,23500
2019-01-02T09:47:22.000000,9.27,9.27,9.27,9.27,45800
2019-01-02T09:47:23.000000,9.27,9.28,9.27,9.27,21600
2019-01-02T09:47:24.000000,9.27,9.27,9.27,9.27,21100
2019-01-02T09:47:25.000000,9.27,9.27,9.27,9.27,31600
2019-01-02T09:47:26.000000,9.27,9.27,9.27,9.27,5800
2019-01-02T09:47:27.000000,9.27,9.27,9.27,9.27,15000
2019-01-02T09:47:28.000000,9.27,9.27,9.26,9.26,23400
2019-01-02T09:47:29.000000,9.27,9.27,9.26,9.27,6000
2019-01-02T09:47:30.000000,9.27,9.27,9.26,9.27,6100
2019-01-02T09:47:31.000000,9.27,9.27,9.26,9.27,27400
2019-01-02T09:47:32.000000,9.27,9.27,9.26,9.27,17500
2019-01-02T09:47:33.000000,9.27,9.27,9.26,9.27,3600
2019-01-02T09:47:34.000000,9.27,9.28,9.27,9.27,18100
2019-01-02T09:47:35.000000,9.27,9.28,9.27,9.27,6200
2019-01-02T09:47:36.000000,9.27,9.28,9.26,9.26,1000
2019-01-02T09:47:37.000000,9.27,9.27,9.27,9.27,92400
2019-01-02T09:47:38.000000,9.27,9.27,9.27,9.27,5800
2019-01-02T09:47:39.000000,9.27,9.28,9.27,9.27,13900
2019-01-02T09:47:40.000000,9.27,9.28,9.27,9.27,23800
2019-01-02T09:47:41.000000,9.27,9.27,9.26,9.26,21300
2019-01-02T09:47:42.000000,9.27,9.27,9.26,9.27,115700
2019-01-02T09:47:43.000000,9.27,9.28,9.27,9.27,14400
2019-01-02T09:47:44.000000,9.27,9.27,9.27,9.27,5600
2019-01-02T09:47:45.000000,9.27,9.27,9.26,9.27,36500
2019-01-02T09:47:46.000000,9.26,9.27,9.26,9.26,5500
2019-01-02T09:47:47.000000,9.27,9.27,9.26,9.27,103500
2019-01-02T09:47:48.000000,9.27,9.27,9.27,9.27,14500
2019-01-02T09:47:49.000000,9.27,9.27,9.27,9.27,7700
2019-01-02T09:47:50.000000,9.27,9.28,9.27,9.27,30500
2019-01-02T09:47:51.000000,9.27,9.27,9.27,9.27,6600
2019-01-02T09:47:52.000000,9.28,9.28,9.26,9.27,18800
2019-01-02T09:47:53.000000,9.27,9.27,9.26,9.27,39100
2019-01-02T09:47:54.000000,9.27,9.27,9.26,9.27,44500
2019-01-02T09:47:55.000000,9.27,9.27,9.26,9.27,28500
2019-01-02T09:47:56.000000,9.27,9.27,9.26,9.27,58800
2019-01-02T09:47:57.000000,9.27,9.27,9.26,9.26,14300
2019-01-02T09:47:58.000000,9.27,9.27,9.26,9.27,4000
2019-01-02T09:47:59.000000,9.27,9.27,9.26,9.27,14600
2019-01-02T09:48:00.000000,9.27,9.27,9.25,9.27,6500
2019-01-02T09:48:01.000000,9.27,9.27,9.25,9.27,2600
2019-01-02T09:48:02.000000,9.27,9.27,9.26,9.26,0
2019-01-02T09:48:03.000000,9.26,9.27,9.26,9.27,10600
2019-01-02T09:48:04.000000,9.27,9.27,9.25,9.27,53400
2019-01-02T09:48:05.000000,9.27,9.27,9.26,9.27,9500
2019-01-02T09:48:06.000000,9.26,9.27,9.26,9.27,7100
2019-01-02T09:48:07.000000,9.27,9.27,9.26,9.27,32400
2019-01-02T09:48:08.000000,9.27,9.27,9.26,9.27,60500
2019-01-02T09:48:09.000000,9.27,9.27,9.25,9.26,70560
2019-01-02T09:48:10.000000,9.27,9.27,9.26,9.26,22600
2019-01-02T09:48:11.000000,9.26,9.27,9.26,9.27,12600
2019-01-02T09:48:12.000000,9.27,9.27,9.25,9.26,32000
2019-01-02T09:48:13.000000,9.25,9.26,9.25,9.25,800
2019-01-02T09:48:14.000000,9.25,9.25,9.25,9.25,3400
2019-01-02T09:48:15.000000,9.25,9.26,9.25,9.25,8200
2019-01-02T09:48:16.000000,9.25,9.27,9.25,9.25,352900
2019-01-02T09:48:17.000000,9.27,9.27,9.27,9.27,6800
2019-01-02T09:48:18.000000,9.27,9.27,9.25,9.27,59900
2019-01-02T09:48:19.000000,9.27,9.27,9.25,9.25,71900
2019-01-02T09:48:20.000000,9.25,9.25,9.25,9.25,21600
2019-01-02T09:48:21.000000,9.25,9.25,9.23,9.23,141000
2019-01-02T09:48:22.000000,9.24,9.24,9.24,9.24,63600
2019-01-02T09:48:23.000000,9.24,9.27,9.24,9.27,60800
2019-01-02T09:48:24.000000,9.27,9.27,9.23,9.23,16500
2019-01-02T09:48:25.000000,9.23,9.24,9.23,9.23,5000
2019-01-02T09:48:26.000000,9.23,9.24,9.23,9.24,41000
2019-01-02T09:48:27.000000,9.23,9.24,9.23,9.24,54300
2019-01-02T09:48:28.000000,9.26,9.26,9.23,9.23,11400
2019-01-02T09:48:29.000000,9.24,9.25,9.23,9.25,10100
2019-01-02T09:48:30.000000,9.25,9.27,9.23,9.24,20100
2019-01-02T09:48:31.000000,9.24,9.24,9.24,9.24,4000
2019-01-02T09:48:32.000000,9.25,9.25,9.24,9.25,51200
2019-01-02T09:48:33.000000,9.25,9.25,9.23,9.23,40200
2019-01-02T09:48:34.000000,9.23,9.24,9.23,9.23,28100
2019-01-02T09:48:35.000000,9.23,9.24,9.23,9.23,2700
2019-01-02T09:48:36.000000,9.23,9.24,9.23,9.23,116100
2019-01-02T09:48:37.000000,9.23,9.24,9.22,9.23,300
2019-01-02T09:48:38.000000,9.24,9.24,9.22,9.23,26200
2019-01-02T09:48:39.000000,9.23,9.24,9.22,9.23,5200
2019-01-02T09:48:40.000000,9.23,9.24,9.22,9.23,33600
2019-01-02T09:48:41.000000,9.23,9.23,9.23,9.23,17200
2019-01-02T09:48:42.000000,9.23,9.24,9.22,9.23,6300
2019-01-02T09:48:43.000000,9.23,9.23,9.23,9.23,13400
2019-01-02T09:48:44.000000,9.23,9.23,9.23,9.23,3900
2019-01-02T09:48:45.000000,9.23,9.23,9.23,9.23,24200
2019-01-02T09:48:46.000000,9.23,9.23,9.23,9.23,39100
2019-01-02T09:48:47.000000,9.23,9.23,9.23,9.23,32900
2019-01-02T09:48:48.000000,9.23,9.24,9.23,9.23,10500
2019-01-02T09:48:49.000000,9.23,9.23,9.23,9.23,194400
2019-01-02T09:48:50.000000,9.23,9.23,9.23,9.23,21400
2019-01-02T09:48:51.000000,9.23,9.24,9.23,9.23,22400
2019-01-02T09:48:52.000000,9.23,9.24,9.23,9.23,22300
2019-01-02T09:48:53.000000,9.23,9.23,9.23,9.23,25900
2019-01-02T09:48:54.000000,9.23,9.23,9.23,9.23,19700
2019-01-02T09:48:55.000000,9.23,9.24,9.23,9.23,2800
2019-01-02T09:48:56.000000,9.23,9.23,9.23,9.23,78400
2019-01-02T09:48:57.000000,9.24,9.24,9.23,9.24,17200
2019-01-02T09:48:58.000000,9.23,9.23,9.23,9.23,26900
2019-01-02T09:48:59.000000,9.23,9.24,9.23,9.23,7400
2019-01-02T09:49:00.000000,9.23,9.23,9.23,9.23,8500
2019-01-02T09:49:01.000000,9.23,9.24,9.23,9.24,12700
2019-01-02T09:49:02.000000,9.23,9.23,9.23,9.23,6300
2019-01-02T09:49:03.000000,9.23,9.24,9.23,9.23,24600
2019-01-02T09:49:04.000000,9.23,9.24,9.23,9.23,15500
2019-01-02T09:49:05.000000,9.23,9.24,9.22,9.24,75100
2019-01-02T09:49:06.000000,9.23,9.23,9.22,9.23,37700
2019-01-02T09:49:07.000000,9.23,9.23,9.23,9.23,14800
2019-01-02T09:49:08.000000,9.23,9.24,9.23,9.23,14000
2019-01-02T09:49:09.000000,9.23,9.24,9.23,9.23,18500
2019-01-02T09:49:10.000000,9.23,9.23,9.23,9.23,25300
2019-01-02T09:49:11.000000,9.23,9.24,9.23,9.23,12000
2019-01-02T09:49:12.000000,9.23,9.24,9.23,9.23,8300
2019-01-02T09:49:13.000000,9.23,9.24,9.23,9.23,13000
2019-01-02T09:49:14.000000,9.23,9.24,9.23,9.23,6400
2019-01-02T09:49:15.000000,9.23,9.24,9.23,9.23,165200
2019-01-02T09:49:16.000000,9.23,9.23,9.23,9.23,7300
2019-01-02T09:49:17.000000,9.23,9.23,9.23,9.23,14300
2019-01-02T09:49:18.000000,9.23,9.24,9.23,9.23,150600
2019-01-02T09:49:19.000000,9.23,9.24,9.23,9.23,16000
2019-01-02T09:49:20.000000,9.23,9.24,9.23,9.24,8600
2019-01-02T09:49:21.000000,9.23,9.24,9.23,9.23,32900
2019-01-02T09:49:22.000000,9.23,9.23,9.23,9.23,25600
2019-01-02T09:49:23.000000,9.23,9.24,9.23,9.23,15400
2019-01-02T09:49:24.000000,9.23,9.23,9.23,9.23,19500
2019-01-02T09:49:25.000000,9.23,9.23,9.23,9.23,69200
2019-01-02T09:49:26.000000,9.23,9.24,9.23,9.23,10600
2019-01-02T09:49:27.000000,9.22,9.24,9.22,9.23,40800
2019-01-02T09:49:28.000000,9.23,9.24,9.23,9.23,5200
2019-01-02T09:49:29.000000,9.23,9.24,9.23,9.23,249100
2019-01-02T09:49:30.000000,9.23,9.24,9.23,9.23,172300
2019-01-02T09:49:31.000000,9.24,9.24,9.23,9.23,13400
2019-01-02T09:49:32.000000,9.23,9.24,9.23,9.24,110200
2019-01-02T09:49:33.000000,9.23,9.25,9.23,9.25,10200
2019-01-02T09:49:34.000000,9.25,9.25,9.25,9.25,17000
2019-01-02T09:49:35.000000,9.25,9.25,9.24,9.25,57400
2019-01-02T09:49:36.000000,9.25,9.25,9.25,9.25,54200
2019-01-02T09:49:37.000000,9.25,9.25,9.25,9.25,6700
2019-01-02T09:49:38.000000,9.25,9.25,9.24,9.25,19100
2019-01-02T09:49:39.000000,9.25,9.25,9.25,9.25,41600
2019-01-02T09:49:40.000000,9.25,9.25,9.25,9.25,17500
2019-01-02T09:49:41.000000,9.26,9.26,9.24,9.25,12600
2019-01-02T09:49:42.000000,9.25,9.25,9.24,9.25,59600
2019-01-02T09:49:43.000000,9.25,9.26,9.24,9.25,16800
2019-01-02T09:49:44.000000,9.25,9.25,9.25,9.25,69400
2019-01-02T09:49:45.000000,9.25,9.25,9.25,9.25,14900
2019-01-02T09:49:46.000000,9.25,9.25,9.25,9.25,104200
2019-01-02T09:49:47.000000,9.25,9.25,9.25,9.25,26900
2019-01-02T09:49:48.000000,9.25,9.25,9.25,9.25,28000
2019-01-02T09:49:49.000000,9.25,9.25,9.25,9.25,28000
2019-01-02T09:49:50.000000,9.25,9.26,9.25,9.25,6300
2019-01-02T09:49:51.000000,9.25,9.27,9.24,9.27,33900
2019-01-02T09:49:52.000000,9.27,9.27,9.26,9.27,14500
2019-01-02T09:49:53.000000,9.27,9.27,9.27,9.27,6100
2019-01-02T09:49:54.000000,9.27,9.27,9.26,9.27,75400
2019-01-02T09:49:55.000000,9.27,9.27,9.27,9.27,22600
2019-01-02T09:49:56.000000,9.27,9.27,9.27,9.27,15700
2019-01-02T09:49:57.000000,9.27,9.27,9.27,9.27,10600
2019-01-02T09:49:58.000000,9.27,9.27,9.25,9.27,37100
2019-01-02T09:49:59.000000,9.27,9.27,9.26,9.27,14360
2019-01-02T09:50:00.000000,9.26,9.27,9.25,9.25,9300
2019-01-02T09:50:01.000000,9.25,9.26,9.25,9.25,30500
2019-01-02T09:50:02.000000,9.25,9.25,9.25,9.25,9300
2019-01-02T09:50:03.000000,9.25,9.25,9.25,9.25,14100
2019-01-02T09:50:04.000000,9.25,9.25,9.25,9.25,106800
2019-01-02T09:50:05.000000,9.25,9.25,9.25,9.25,19500
2019-01-02T09:50:06.000000,9.25,9.26,9.25,9.25,49000
2019-01-02T09:50:07.000000,9.25,9.25,9.25,9.25,26100
2019-01-02T09:50:08.000000,9.25,9.25,9.25,9.25,1100
2019-01-02T09:50:09.000000,9.25,9.25,9.25,9.25,4100
2019-01-02T09:50:10.000000,9.25,9.25,9.25,9.25,15900
2019-01-02T09:50:11.000000,9.25,9.25,9.25,9.25,16300
2019-01-02T09:50:12.000000,9.25,9.25,9.24,9.25,30200
2019-01-02T09:50:13.000000,9.25,9.25,9.25,9.25,86200
2019-01-02T09:50:14.000000,9.25,9.26,9.25,9.25,9300
2019-01-02T09:50:15.000000,9.25,9.25,9.25,9.25,123400
2019-01-02T09:50:16.000000,9.25,9.25,9.25,9.25,36200
2019-01-02T09:50:17.000000,9.26,9.26,9.25,9.25,23600
2019-01-02T09:50:18.000000,9.25,9.25,9.25,9.25,13300
2019-01-02T09:50:19.000000,9.25,9.26,9.25,9.25,23100
2019-01-02T09:50:20.000000,9.25,9.26,9.25,9.25,9700
2019-01-02T09:50:21.000000,9.25,9.25,9.25,9.25,27500
2019-01-02T09:50:22.000000,9.25,9.25,9.25,9.25,27400
2019-01-02T09:50:23.000000,9.25,9.26,9.25,9.25,106800
2019-01-02T09:50:24.000000,9.25,9.26,9.25,9.25,8600
2019-01-02T09:50:25.000000,9.26,9.26,9.25,9.25,10700
2019-01-02T09:50:26.000000,9.25,9.26,9.25,9.25,17100
2019-01-02T09:50:27.000000,9.25,9.26,9.25,9.25,31100
2019-01-02T09:50:28.000000,9.26,9.26,9.25,9.25,12100
2019-01-02T09:50:29.000000,9.25,9.25,9.25,9.25,2500
2019-01-02T09:50:30.000000,9.25,9.26,9.25,9.25,108800
2019-01-02T09:50:31.000000,9.25,9.26,9.25,9.25,10900
2019-01-02T09:50:32.000000,9.25,9.26,9.25,9.25,22000
2019-01-02T09:50:33.000000,9.25,9.26,9.25,9.26,700
2019-01-02T09:50:34.000000,9.25,9.26,9.25,9.25,23000
2019-01-02T09:50:35.000000,9.25,9.26,9.25,9.25,68500
2019-01-02T09:50:36.000000,9.25,9.26,9.25,9.26,32300
2019-01-02T09:50:37.000000,9.25,9.25,9.25,9.25,8800
2019-01-02T09:50:38.000000,9.25,9.26,9.25,9.25,54400
2019-01-02T09:50:39.000000,9.25,9.25,9.25,9.25,1100
2019-01-02T09:50:40.000000,9.25,9.26,9.25,9.25,18200
2019-01-02T09:50:41.000000,9.25,9.26,9.25,9.25,143500
2019-01-02T09:50:42.000000,9.25,9.26,9.25,9.25,22700
2019-01-02T09:50:43.000000,9.25,9.26,9.25,9.25,9600
2019-01-02T09:50:44.000000,9.25,9.25,9.25,9.25,43100
2019-01-02T09:50:45.000000,9.25,9.26,9.25,9.25,10400
2019-01-02T09:50:46.000000,9.25,9.26,9.25,9.25,91000
2019-01-02T09:50:47.000000,9.25,9.26,9.25,9.25,900
2019-01-02T09:50:48.000000,9.25,9.26,9.25,9.25,4700
2019-01-02T09:50:49.000000,9.25,9.25,9.25,9.25,7700
2019-01-02T09:50:50.000000,9.25,9.25,9.25,9.25,9000
2019-01-02T09:50:51.000000,9.25,9.25,9.25,9.25,117900
2019-01-02T09:50:52.000000,9.25,9.26,9.25,9.25,14300
2019-01-02T09:50:53.000000,9.25,9.25,9.25,9.25,12600
2019-01-02T09:50:54.000000,9.25,9.26,9.25,9.25,35900
2019-01-02T09:50:55.000000,9.26,9.26,9.25,9.25,29400
2019-01-02T09:50:56.000000,9.25,9.25,9.25,9.25,23000
2019-01-02T09:50:57.000000,9.25,9.26,9.25,9.25,1600
2019-01-02T09:50:58.000000,9.25,9.25,9.25,9.25,35400
2019-01-02T09:50:59.000000,9.25,9.25,9.25,9.25,27800
2019-01-02T09:51:00.000000,9.25,9.25,9.25,9.25,7100
2019-01-02T09:51:01.000000,9.25,9.26,9.25,9.25,20000
2019-01-02T09:51:02.000000,9.25,9.25,9.25,9.25,18800
2019-01-02T09:51:03.000000,9.25,9.25,9.25,9.25,6100
2019-01-02T09:51:04.000000,9.26,9.26,9.25,9.26,9700
2019-01-02T09:51:05.000000,9.25,9.26,9.25,9.25,7000
2019-01-02T09:51:06.000000,9.25,9.25,9.25,9.25,18500
2019-01-02T09:51:07.000000,9.25,9.26,9.25,9.25,6300
2019-01-02T09:51:08.000000,9.25,9.26,9.25,9.25,112200
2019-01-02T09:51:09.000000,9.25,9.25,9.25,9.25,4100
2019-01-02T09:51:10.000000,9.25,9.26,9.25,9.26,8000
2019-01-02T09:51:11.000000,9.25,9.26,9.25,9.25,8700
2019-01-02T09:51:12.000000,9.25,9.25,9.25,9.25,7000
2019-01-02T09:51:13.000000,9.25,9.26,9.25,9.25,49900
2019-01-02T09:51:14.000000,9.25,9.26,9.25,9.25,28500
2019-01-02T09:51:15.000000,9.25,9.26,9.25,9.25,12800
2019-01-02T09:51:16.000000,9.25,9.26,9.25,9.25,14800
2019-01-02T09:51:17.000000,9.25,9.26,9.25,9.26,8900
2019-01-02T09:51:18.000000,9.25,9.25,9.25,9.25,12600
2019-01-02T09:51:19.000000,9.25,9.25,9.25,9.25,52600
2019-01-02T09:51:20.000000,9.25,9.26,9.25,9.26,33500
2019-01-02T09:51:21.000000,9.25,9.27,9.25,9.26,50700
2019-01-02T09:51:22.000000,9.26,9.27,9.26,9.26,30500
2019-01-02T09:51:23.000000,9.26,9.27,9.25,9.25,58500
2019-01-02T09:51:24.000000,9.25,9.26,9.25,9.25,53900
2019-01-02T09:51:25.000000,9.25,9.25,9.25,9.25,8200
2019-01-02T09:51:26.000000,9.25,9.25,9.25,9.25,16000
2019-01-02T09:51:27.000000,9.25,9.26,9.25,9.25,8300
2019-01-02T09:51:28.000000,9.25,9.26,9.25,9.25,6100
2019-01-02T09:51:29.000000,9.25,9.25,9.25,9.25,3000
2019-01-02T09:51:30.000000,9.25,9.26,9.25,9.26,10900
2019-01-02T09:51:31.000000,9.26,9.26,9.25,9.25,3800
2019-01-02T09:51:32.000000,9.25,9.26,9.25,9.25,1200
2019-01-02T09:51:33.000000,9.25,9.26,9.25,9.25,102300
2019-01-02T09:51:34.000000,9.25,9.26,9.25,9.25,1800
2019-01-02T09:51:35.000000,9.25,9.26,9.25,9.25,2700
2019-01-02T09:51:36.000000,9.25,9.26,9.25,9.25,55800
2019-01-02T09:51:37.000000,9.25,9.26,9.25,9.26,300
2019-01-02T09:51:38.000000,9.25,9.26,9.25,9.25,10500
2019-01-02T09:51:39.000000,9.25,9.26,9.25,9.25,9700
2019-01-02T09:51:40.000000,9.25,9.26,9.25,9.25,3400
2019-01-02T09:51:41.000000,9.25,9.25,9.25,9.25,14300
2019-01-02T09:51:42.000000,9.25,9.25,9.25,9.25,200
2019-01-02T09:51:43.000000,9.25,9.26,9.25,9.25,7700
2019-01-02T09:51:44.000000,9.25,9.26,9.25,9.25,17500
2019-01-02T09:51:45.000000,9.25,9.25,9.25,9.25,5300
2019-01-02T09:51:46.000000,9.25,9.26,9.25,9.26,153200
2019-01-02T09:51:47.000000,9.25,9.26,9.25,9.25,2900
2019-01-02T09:51:48.000000,9.25,9.25,9.25,9.25,3200
2019-01-02T09:51:49.000000,9.25,9.26,9.25,9.25,3500
2019-01-02T09:51:50.000000,9.25,9.26,9.25,9.25,6100
2019-01-02T09:51:51.000000,9.26,9.26,9.25,9.26,3300
2019-01-02T09:51:52.000000,9.25,9.26,9.25,9.25,7100
2019-01-02T09:51:53.000000,9.25,9.27,9.25,9.27,36400
2019-01-02T09:51:54.000000,9.27,9.27,9.27,9.27,10700
2019-01-02T09:51:55.000000,9.27,9.27,9.26,9.27,7700
2019-01-02T09:51:56.000000,9.27,9.27,9.26,9.27,3300
2019-01-02T09:51:57.000000,9.27,9.27,9.27,9.27,9100
2019-01-02T09:51:58.000000,9.27,9.27,9.26,9.27,34200
2019-01-02T09:51:59.000000,9.26,9.27,9.25,9.25,25200
2019-01-02T09:52:00.000000,9.25,9.25,9.25,9.25,39000
2019-01-02T09:52:01.000000,9.25,9.27,9.25,9.27,3500
2019-01-02T09:52:02.000000,9.26,9.27,9.25,9.27,19400
2019-01-02T09:52:03.000000,9.27,9.27,9.26,9.27,39100
2019-01-02T09:52:04.000000,9.27,9.27,9.26,9.27,78300
2019-01-02T09:52:05.000000,9.27,9.27,9.27,9.27,15100
2019-01-02T09:52:06.000000,9.26,9.27,9.25,9.26,29000
2019-01-02T09:52:07.000000,9.25,9.26,9.25,9.25,5500
2019-01-02T09:52:08.000000,9.26,9.26,9.25,9.25,23400
2019-01-02T09:52:09.000000,9.25,9.26,9.25,9.25,1500
2019-01-02T09:52:10.000000,9.25,9.27,9.25,9.27,94900
2019-01-02T09:52:11.000000,9.27,9.27,9.26,9.27,18000
2019-01-02T09:52:12.000000,9.26,9.27,9.26,9.27,4900
2019-01-02T09:52:14.000000,9.27,9.27,9.27,9.27,26500
2019-01-02T09:52:15.000000,9.27,9.27,9.26,9.27,2200
2019-01-02T09:52:16.000000,9.27,9.27,9.26,9.26,12000
2019-01-02T09:52:17.000000,9.27,9.27,9.27,9.27,7500
2019-01-02T09:52:18.000000,9.27,9.27,9.27,9.27,11500
2019-01-02T09:52:19.000000,9.27,9.27,9.27,9.27,66700
2019-01-02T09:52:20.000000,9.27,9.27,9.27,9.27,700
2019-01-02T09:52:21.000000,9.26,9.27,9.26,9.27,83000
2019-01-02T09:52:22.000000,9.27,9.27,9.27,9.27,2900
2019-01-02T09:52:23.000000,9.27,9.27,9.27,9.27,15600
2019-01-02T09:52:24.000000,9.27,9.27,9.27,9.27,9500
2019-01-02T09:52:25.000000,9.27,9.27,9.27,9.27,8700
2019-01-02T09:52:26.000000,9.27,9.27,9.26,9.27,9900
2019-01-02T09:52:27.000000,9.27,9.27,9.26,9.27,4200
2019-01-02T09:52:28.000000,9.27,9.27,9.27,9.27,28100
2019-01-02T09:52:29.000000,9.27,9.27,9.26,9.27,17600
2019-01-02T09:52:30.000000,9.27,9.27,9.27,9.27,25700
2019-01-02T09:52:31.000000,9.27,9.27,9.27,9.27,15500
2019-01-02T09:52:32.000000,9.27,9.27,9.27,9.27,1800
2019-01-02T09:52:33.000000,9.27,9.27,9.26,9.27,6400
2019-01-02T09:52:34.000000,9.27,9.27,9.27,9.27,5500
2019-01-02T09:52:35.000000,9.27,9.27,9.27,9.27,20700
2019-01-02T09:52:36.000000,9.27,9.27,9.26,9.27,34900
2019-01-02T09:52:37.000000,9.27,9.27,9.26,9.27,27500
2019-01-02T09:52:38.000000,9.27,9.27,9.27,9.27,28600
2019-01-02T09:52:39.000000,9.27,9.27,9.27,9.27,12000
2019-01-02T09:52:40.000000,9.27,9.27,9.27,9.27,1600
2019-01-02T09:52:41.000000,9.27,9.27,9.27,9.27,35300
2019-01-02T09:52:42.000000,9.27,9.27,9.26,9.27,7200
2019-01-02T09:52:43.000000,9.27,9.27,9.27,9.27,16200
2019-01-02T09:52:44.000000,9.27,9.27,9.27,9.27,200
2019-01-02T09:52:45.000000,9.27,9.27,9.26,9.27,36000
2019-01-02T09:52:46.000000,9.27,9.27,9.27,9.27,25300
2019-01-02T09:52:47.000000,9.27,9.27,9.27,9.27,1700
2019-01-02T09:52:48.000000,9.27,9.27,9.26,9.27,1800
2019-01-02T09:52:49.000000,9.27,9.27,9.27,9.27,25000
2019-01-02T09:52:50.000000,9.27,9.27,9.26,9.26,7000
2019-01-02T09:52:51.000000,9.27,9.27,9.27,9.27,13500
2019-01-02T09:52:52.000000,9.27,9.27,9.27,9.27,114700
2019-01-02T09:52:53.000000,9.27,9.27,9.27,9.27,27200
2019-01-02T09:52:54.000000,9.27,9.27,9.27,9.27,9500
2019-01-02T09:52:55.000000,9.27,9.27,9.27,9.27,11000
2019-01-02T09:52:56.000000,9.27,9.27,9.27,9.27,10300
2019-01-02T09:52:57.000000,9.27,9.27,9.26,9.27,9000
2019-01-02T09:52:58.000000,9.27,9.27,9.27,9.27,5900
2019-01-02T09:52:59.000000,9.27,9.27,9.26,9.27,18000
2019-01-02T09:53:00.000000,9.27,9.27,9.27,9.27,58100
2019-01-02T09:53:01.000000,9.27,9.27,9.27,9.27,16400
2019-01-02T09:53:02.000000,9.27,9.27,9.27,9.27,7800
2019-01-02T09:53:03.000000,9.27,9.27,9.27,9.27,23600
2019-01-02T09:53:04.000000,9.27,9.27,9.27,9.27,10900
2019-01-02T09:53:05.000000,9.27,9.27,9.27,9.27,60500
2019-01-02T09:53:06.000000,9.27,9.27,9.27,9.27,2000
2019-01-02T09:53:07.000000,9.27,9.27,9.27,9.27,9000
2019-01-02T09:53:08.000000,9.27,9.27,9.27,9.27,8600
2019-01-02T09:53:09.000000,9.27,9.27,9.27,9.27,20100
2019-01-02T09:53:10.000000,9.27,9.27,9.26,9.27,4600
2019-01-02T09:53:11.000000,9.27,9.27,9.27,9.27,9900
2019-01-02T09:53:12.000000,9.27,9.27,9.27,9.27,2000
2019-01-02T09:53:13.000000,9.27,9.27,9.27,9.27,58300
2019-01-02T09:53:14.000000,9.27,9.27,9.27,9.27,36900
2019-01-02T09:53:15.000000,9.27,9.27,9.27,9.27,1300
2019-01-02T09:53:16.000000,9.27,9.27,9.27,9.27,12600
2019-01-02T09:53:17.000000,9.27,9.27,9.27,9.27,200
2019-01-02T09:53:18.000000,9.27,9.27,9.27,9.27,3900
2019-01-02T09:53:19.000000,9.27,9.27,9.27,9.27,5200
2019-01-02T09:53:20.000000,9.27,9.27,9.27,9.27,12300
2019-01-02T09:53:21.000000,9.27,9.27,9.26,9.27,3000
2019-01-02T09:53:22.000000,9.27,9.27,9.27,9.27,15900
2019-01-02T09:53:23.000000,9.27,9.27,9.27,9.27,1200
2019-01-02T09:53:24.000000,9.27,9.27,9.27,9.27,19600
2019-01-02T09:53:25.000000,9.27,9.27,9.27,9.27,6600
2019-01-02T09:53:26.000000,9.27,9.27,9.27,9.27,117000
2019-01-02T09:53:27.000000,9.27,9.27,9.27,9.27,56300
2019-01-02T09:53:28.000000,9.27,9.27,9.27,9.27,500
2019-01-02T09:53:29.000000,9.27,9.27,9.27,9.27,5500
2019-01-02T09:53:30.000000,9.27,9.27,9.27,9.27,400
2019-01-02T09:53:31.000000,9.27,9.27,9.27,9.27,0
2019-01-02T09:53:32.000000,9.27,9.27,9.26,9.26,3100
2019-01-02T09:53:33.000000,9.27,9.27,9.27,9.27,800
2019-01-02T09:53:34.000000,9.27,9.27,9.27,9.27,12000
2019-01-02T09:53:35.000000,9.27,9.27,9.27,9.27,7700
2019-01-02T09:53:36.000000,9.27,9.27,9.27,9.27,4400
2019-01-02T09:53:37.000000,9.27,9.27,9.27,9.27,22100
2019-01-02T09:53:38.000000,9.27,9.27,9.27,9.27,107000
2019-01-02T09:53:39.000000,9.27,9.27,9.27,9.27,22000
2019-01-02T09:53:40.000000,9.27,9.27,9.27,9.27,5000
2019-01-02T09:53:41.000000,9.27,9.27,9.27,9.27,26900
2019-01-02T09:53:42.000000,9.27,9.28,9.27,9.28,3100
2019-01-02T09:53:43.000000,9.27,9.28,9.26,9.27,1400
2019-01-02T09:53:44.000000,9.27,9.28,9.27,9.27,5100
2019-01-02T09:53:45.000000,9.27,9.27,9.26,9.27,107300
2019-01-02T09:53:46.000000,9.27,9.28,9.27,9.28,20300
2019-01-02T09:53:47.000000,9.27,9.28,9.27,9.27,16800
2019-01-02T09:53:48.000000,9.27,9.28,9.27,9.27,24300
2019-01-02T09:53:49.000000,9.27,9.28,9.27,9.27,1200
2019-01-02T09:53:50.000000,9.27,9.28,9.27,9.27,900
2019-01-02T09:53:51.000000,9.27,9.27,9.27,9.27,15400
2019-01-02T09:53:52.000000,9.27,9.28,9.27,9.27,150300
2019-01-02T09:53:53.000000,9.27,9.27,9.27,9.27,17100
2019-01-02T09:53:54.000000,9.27,9.28,9.27,9.27,38300
2019-01-02T09:53:55.000000,9.27,9.28,9.27,9.27,136840
2019-01-02T09:53:56.000000,9.27,9.28,9.27,9.27,210399
2019-01-02T09:53:57.000000,9.27,9.28,9.27,9.27,19200
2019-01-02T09:53:58.000000,9.28,9.28,9.27,9.28,800
2019-01-02T09:53:59.000000,9.27,9.27,9.27,9.27,16300
2019-01-02T09:54:00.000000,9.27,9.28,9.27,9.27,14200
2019-01-02T09:54:01.000000,9.27,9.28,9.27,9.27,16399
2019-01-02T09:54:02.000000,9.27,9.27,9.27,9.27,1800
2019-01-02T09:54:03.000000,9.27,9.28,9.27,9.27,39900
2019-01-02T09:54:04.000000,9.27,9.28,9.27,9.27,2200
2019-01-02T09:54:05.000000,9.27,9.28,9.27,9.27,6700
2019-01-02T09:54:06.000000,9.27,9.27,9.27,9.27,1900
2019-01-02T09:54:07.000000,9.27,9.27,9.27,9.27,32200
2019-01-02T09:54:08.000000,9.28,9.28,9.27,9.28,800
2019-01-02T09:54:09.000000,9.27,9.28,9.27,9.27,14200
2019-01-02T09:54:10.000000,9.27,9.27,9.27,9.27,1900
2019-01-02T09:54:11.000000,9.28,9.28,9.27,9.27,107300
2019-01-02T09:54:12.000000,9.28,9.28,9.27,9.27,25200
2019-01-02T09:54:13.000000,9.27,9.28,9.27,9.27,14800
2019-01-02T09:54:14.000000,9.27,9.28,9.27,9.28,9800
2019-01-02T09:54:15.000000,9.27,9.27,9.27,9.27,134500
2019-01-02T09:54:16.000000,9.27,9.27,9.27,9.27,10600
2019-01-02T09:54:17.000000,9.27,9.27,9.26,9.27,11900
2019-01-02T09:54:18.000000,9.27,9.27,9.27,9.27,45600
2019-01-02T09:54:19.000000,9.27,9.27,9.27,9.27,21100
2019-01-02T09:54:20.000000,9.27,9.27,9.27,9.27,2100
2019-01-02T09:54:21.000000,9.27,9.27,9.27,9.27,17200
2019-01-02T09:54:22.000000,9.27,9.27,9.27,9.27,26100
2019-01-02T09:54:23.000000,9.27,9.27,9.27,9.27,0
2019-01-02T09:54:24.000000,9.27,9.27,9.27,9.27,45900
2019-01-02T09:54:25.000000,9.27,9.27,9.27,9.27,46300
2019-01-02T09:54:26.000000,9.27,9.27,9.27,9.27,15400
2019-01-02T09:54:27.000000,9.27,9.27,9.27,9.27,15500
2019-01-02T09:54:28.000000,9.27,9.27,9.26,9.27,1300
2019-01-02T09:54:29.000000,9.27,9.27,9.27,9.27,1800
2019-01-02T09:54:30.000000,9.27,9.27,9.26,9.27,8900
2019-01-02T09:54:31.000000,9.27,9.27,9.27,9.27,1400
2019-01-02T09:54:32.000000,9.27,9.27,9.27,9.27,3800
2019-01-02T09:54:33.000000,9.27,9.27,9.27,9.27,4000
2019-01-02T09:54:34.000000,9.27,9.27,9.27,9.27,8300
2019-01-02T09:54:35.000000,9.27,9.27,9.26,9.27,1600
2019-01-02T09:54:36.000000,9.27,9.27,9.27,9.27,17000
2019-01-02T09:54:37.000000,9.27,9.27,9.26,9.26,31600
2019-01-02T09:54:38.000000,9.27,9.27,9.27,9.27,43100
2019-01-02T09:54:39.000000,9.27,9.27,9.26,9.26,15600
2019-01-02T09:54:40.000000,9.27,9.27,9.27,9.27,14900
2019-01-02T09:54:41.000000,9.26,9.27,9.26,9.27,49300
2019-01-02T09:54:42.000000,9.27,9.27,9.27,9.27,80000
2019-01-02T09:54:43.000000,9.27,9.27,9.27,9.27,12800
2019-01-02T09:54:44.000000,9.27,9.27,9.27,9.27,3600
2019-01-02T09:54:45.000000,9.27,9.27,9.26,9.27,14700
2019-01-02T09:54:46.000000,9.27,9.27,9.27,9.27,5500
2019-01-02T09:54:48.000000,9.27,9.27,9.27,9.27,18700
2019-01-02T09:54:49.000000,9.27,9.27,9.26,9.27,17400
2019-01-02T09:54:50.000000,9.27,9.27,9.26,9.27,700
2019-01-02T09:54:51.000000,9.27,9.27,9.27,9.27,33400
2019-01-02T09:54:52.000000,9.27,9.27,9.27,9.27,41000
2019-01-02T09:54:53.000000,9.27,9.27,9.27,9.27,12500
2019-01-02T09:54:54.000000,9.26,9.27,9.26,9.27,0
2019-01-02T09:54:55.000000,9.27,9.27,9.27,9.27,4000
2019-01-02T09:54:56.000000,9.27,9.27,9.27,9.27,2000
2019-01-02T09:54:57.000000,9.27,9.27,9.27,9.27,1300
2019-01-02T09:54:58.000000,9.27,9.27,9.26,9.27,11500
2019-01-02T09:54:59.000000,9.27,9.27,9.26,9.27,34600
2019-01-02T09:55:00.000000,9.27,9.27,9.26,9.27,900
2019-01-02T09:55:01.000000,9.27,9.27,9.26,9.27,12500
2019-01-02T09:55:02.000000,9.27,9.27,9.27,9.27,8900
2019-01-02T09:55:03.000000,9.27,9.27,9.25,9.25,4800
2019-01-02T09:55:04.000000,9.25,9.25,9.25,9.25,1300
2019-01-02T09:55:05.000000,9.25,9.25,9.25,9.25,3300
2019-01-02T09:55:06.000000,9.25,9.25,9.25,9.25,4600
2019-01-02T09:55:07.000000,9.25,9.28,9.25,9.27,600
2019-01-02T09:55:08.000000,9.27,9.27,9.25,9.25,6300
2019-01-02T09:55:09.000000,9.27,9.27,9.25,9.27,8700
2019-01-02T09:55:10.000000,9.27,9.27,9.25,9.25,0
2019-01-02T09:55:11.000000,9.27,9.28,9.25,9.25,5900
2019-01-02T09:55:12.000000,9.27,9.27,9.25,9.26,28500
2019-01-02T09:55:13.000000,9.25,9.28,9.25,9.27,6800
2019-01-02T09:55:14.000000,9.25,9.27,9.25,9.25,0
2019-01-02T09:55:15.000000,9.27,9.27,9.25,9.27,14100
2019-01-02T09:55:16.000000,9.27,9.27,9.25,9.25,4000
2019-01-02T09:55:17.000000,9.27,9.28,9.25,9.25,15900
2019-01-02T09:55:18.000000,9.25,9.25,9.25,9.25,10000
2019-01-02T09:55:19.000000,9.25,9.25,9.24,9.24,1500
2019-01-02T09:55:20.000000,9.25,9.25,9.25,9.25,6900
2019-01-02T09:55:21.000000,9.25,9.26,9.24,9.25,23100
2019-01-02T09:55:22.000000,9.25,9.25,9.24,9.25,11800
2019-01-02T09:55:23.000000,9.25,9.25,9.24,9.25,4100
2019-01-02T09:55:24.000000,9.25,9.25,9.24,9.24,11700
2019-01-02T09:55:25.000000,9.25,9.25,9.24,9.25,43600
2019-01-02T09:55:26.000000,9.25,9.25,9.25,9.25,10000
2019-01-02T09:55:27.000000,9.25,9.25,9.24,9.25,500
2019-01-02T09:55:28.000000,9.25,9.25,9.24,9.25,54800
2019-01-02T09:55:29.000000,9.24,9.25,9.24,9.25,8600
2019-01-02T09:55:30.000000,9.25,9.25,9.24,9.25,4200
2019-01-02T09:55:31.000000,9.25,9.25,9.25,9.25,10000
2019-01-02T09:55:32.000000,9.25,9.25,9.24,9.25,5600
2019-01-02T09:55:33.000000,9.25,9.25,9.25,9.25,20700
2019-01-02T09:55:34.000000,9.25,9.25,9.24,9.25,25000
2019-01-02T09:55:35.000000,9.25,9.25,9.24,9.25,2400
2019-01-02T09:55:36.000000,9.25,9.25,9.24,9.25,10800
2019-01-02T09:55:37.000000,9.25,9.25,9.24,9.25,105400
2019-01-02T09:55:38.000000,9.25,9.25,9.24,9.25,300000
2019-01-02T09:55:39.000000,9.25,9.25,9.24,9.25,3500
2019-01-02T09:55:40.000000,9.25,9.25,9.25,9.25,8800
2019-01-02T09:55:41.000000,9.25,9.25,9.25,9.25,10200
2019-01-02T09:55:42.000000,9.25,9.25,9.25,9.25,3000
2019-01-02T09:55:43.000000,9.25,9.25,9.25,9.25,4600
2019-01-02T09:55:44.000000,9.25,9.28,9.24,9.28,1700
2019-01-02T09:55:45.000000,9.26,9.26,9.24,9.26,6500
2019-01-02T09:55:46.000000,9.26,9.26,9.24,9.26,165600
2019-01-02T09:55:47.000000,9.26,9.26,9.26,9.26,20200
2019-01-02T09:55:48.000000,9.26,9.26,9.25,9.25,65700
2019-01-02T09:55:49.000000,9.25,9.25,9.24,9.25,44800
2019-01-02T09:55:50.000000,9.25,9.25,9.25,9.25,14800
2019-01-02T09:55:51.000000,9.25,9.25,9.24,9.25,182900
2019-01-02T09:55:52.000000,9.25,9.25,9.24,9.25,10900
2019-01-02T09:55:53.000000,9.25,9.25,9.25,9.25,18700
2019-01-02T09:55:54.000000,9.25,9.25,9.24,9.25,4000
2019-01-02T09:55:55.000000,9.25,9.25,9.25,9.25,28900
2019-01-02T09:55:56.000000,9.25,9.25,9.24,9.24,3300
2019-01-02T09:55:57.000000,9.25,9.25,9.25,9.25,8600
2019-01-02T09:55:58.000000,9.25,9.25,9.25,9.25,63100
2019-01-02T09:55:59.000000,9.25,9.25,9.24,9.24,600
2019-01-02T09:56:00.000000,9.25,9.25,9.25,9.25,59600
2019-01-02T09:56:01.000000,9.25,9.26,9.25,9.26,400
2019-01-02T09:56:02.000000,9.25,9.25,9.25,9.25,8900
2019-01-02T09:56:03.000000,9.25,9.25,9.24,9.24,10100
2019-01-02T09:56:04.000000,9.25,9.25,9.24,9.25,12000
2019-01-02T09:56:05.000000,9.25,9.25,9.25,9.25,11600
2019-01-02T09:56:06.000000,9.25,9.25,9.25,9.25,3900
2019-01-02T09:56:07.000000,9.25,9.25,9.25,9.25,3700
2019-01-02T09:56:08.000000,9.25,9.25,9.25,9.25,14900
2019-01-02T09:56:09.000000,9.25,9.25,9.24,9.25,68800
2019-01-02T09:56:10.000000,9.25,9.25,9.25,9.25,2700
2019-01-02T09:56:11.000000,9.24,9.25,9.24,9.25,2000
2019-01-02T09:56:12.000000,9.25,9.25,9.25,9.25,12100
2019-01-02T09:56:13.000000,9.25,9.25,9.25,9.25,1200
2019-01-02T09:56:14.000000,9.25,9.25,9.24,9.25,18200
2019-01-02T09:56:15.000000,9.25,9.25,9.25,9.25,31700
2019-01-02T09:56:16.000000,9.25,9.25,9.25,9.25,32900
2019-01-02T09:56:17.000000,9.25,9.25,9.25,9.25,3500
2019-01-02T09:56:18.000000,9.25,9.25,9.25,9.25,34500
2019-01-02T09:56:19.000000,9.25,9.25,9.25,9.25,9000
2019-01-02T09:56:20.000000,9.25,9.26,9.25,9.25,4500
2019-01-02T09:56:21.000000,9.25,9.26,9.25,9.26,19900
2019-01-02T09:56:23.000000,9.25,9.25,9.25,9.25,12000
2019-01-02T09:56:24.000000,9.25,9.25,9.25,9.25,163300
2019-01-02T09:56:25.000000,9.25,9.25,9.25,9.25,500
2019-01-02T09:56:26.000000,9.25,9.25,9.25,9.25,4600
2019-01-02T09:56:27.000000,9.25,9.25,9.25,9.25,0
2019-01-02T09:56:28.000000,9.25,9.25,9.25,9.25,1200
2019-01-02T09:56:29.000000,9.25,9.25,9.25,9.25,200
2019-01-02T09:56:30.000000,9.25,9.25,9.25,9.25,2500
2019-01-02T09:56:31.000000,9.25,9.26,9.25,9.25,39800
2019-01-02T09:56:32.000000,9.25,9.25,9.25,9.25,150000
2019-01-02T09:56:33.000000,9.25,9.25,9.25,9.25,5000
2019-01-02T09:56:34.000000,9.25,9.26,9.25,9.25,5500
2019-01-02T09:56:35.000000,9.25,9.25,9.25,9.25,3400
2019-01-02T09:56:36.000000,9.25,9.25,9.25,9.25,18400
2019-01-02T09:56:37.000000,9.25,9.26,9.25,9.25,6100
2019-01-02T09:56:38.000000,9.25,9.26,9.25,9.25,6000
2019-01-02T09:56:39.000000,9.25,9.25,9.25,9.25,18100
2019-01-02T09:56:40.000000,9.25,9.25,9.25,9.25,3500
2019-01-02T09:56:41.000000,9.25,9.25,9.25,9.25,6500
2019-01-02T09:56:42.000000,9.25,9.25,9.25,9.25,4200
2019-01-02T09:56:43.000000,9.25,9.25,9.25,9.25,2800
2019-01-02T09:56:44.000000,9.25,9.25,9.25,9.25,6500
2019-01-02T09:56:45.000000,9.25,9.25,9.25,9.25,26300
2019-01-02T09:56:46.000000,9.26,9.26,9.25,9.25,79100
2019-01-02T09:56:47.000000,9.25,9.25,9.25,9.25,8300
2019-01-02T09:56:48.000000,9.26,9.26,9.25,9.25,2700
2019-01-02T09:56:49.000000,9.25,9.25,9.25,9.25,230000
2019-01-02T09:56:50.000000,9.25,9.25,9.25,9.25,4700
2019-01-02T09:56:51.000000,9.25,9.25,9.25,9.25,12700
2019-01-02T09:56:52.000000,9.25,9.25,9.25,9.25,38900
2019-01-02T09:56:53.000000,9.25,9.26,9.25,9.25,16500
2019-01-02T09:56:54.000000,9.25,9.25,9.25,9.25,36100
2019-01-02T09:56:55.000000,9.25,9.25,9.25,9.25,7800
2019-01-02T09:56:56.000000,9.25,9.25,9.25,9.25,5200
2019-01-02T09:56:57.000000,9.25,9.25,9.25,9.25,24400
2019-01-02T09:56:58.000000,9.25,9.25,9.25,9.25,5700
2019-01-02T09:56:59.000000,9.25,9.25,9.25,9.25,7200
2019-01-02T09:57:00.000000,9.25,9.25,9.25,9.25,39000
2019-01-02T09:57:01.000000,9.25,9.26,9.25,9.25,3900
2019-01-02T09:57:02.000000,9.25,9.25,9.25,9.25,21000
2019-01-02T09:57:03.000000,9.25,9.25,9.25,9.25,61300
2019-01-02T09:57:04.000000,9.25,9.25,9.25,9.25,2300
2019-01-02T09:57:05.000000,9.25,9.25,9.25,9.25,5000
2019-01-02T09:57:06.000000,9.25,9.25,9.25,9.25,4800
2019-01-02T09:57:07.000000,9.25,9.25,9.25,9.25,163600
2019-01-02T09:57:08.000000,9.25,9.25,9.25,9.25,5000
2019-01-02T09:57:09.000000,9.25,9.25,9.25,9.25,2500
2019-01-02T09:57:10.000000,9.25,9.25,9.25,9.25,2000
2019-01-02T09:57:11.000000,9.25,9.26,9.24,9.25,7200
2019-01-02T09:57:12.000000,9.25,9.25,9.24,9.25,5600
2019-01-02T09:57:13.000000,9.25,9.25,9.25,9.25,36800
2019-01-02T09:57:14.000000,9.25,9.25,9.25,9.25,15400
2019-01-02T09:57:15.000000,9.25,9.25,9.25,9.25,4100
2019-01-02T09:57:16.000000,9.25,9.26,9.25,9.25,33600
2019-01-02T09:57:17.000000,9.25,9.25,9.25,9.25,266600
2019-01-02T09:57:18.000000,9.25,9.25,9.25,9.25,4400
2019-01-02T09:57:19.000000,9.25,9.25,9.25,9.25,28500
2019-01-02T09:57:20.000000,9.25,9.25,9.24,9.25,15200
2019-01-02T09:57:21.000000,9.25,9.25,9.25,9.25,99900
2019-01-02T09:57:22.000000,9.25,9.25,9.24,9.25,500
2019-01-02T09:57:23.000000,9.25,9.25,9.25,9.25,1800
2019-01-02T09:57:24.000000,9.25,9.25,9.24,9.25,34700
2019-01-02T09:57:25.000000,9.25,9.25,9.25,9.25,5000
2019-01-02T09:57:26.000000,9.25,9.25,9.24,9.24,24400
2019-01-02T09:57:27.000000,9.24,9.25,9.24,9.25,2300
2019-01-02T09:57:28.000000,9.25,9.25,9.25,9.25,100
2019-01-02T09:57:29.000000,9.25,9.25,9.25,9.25,6500
2019-01-02T09:57:30.000000,9.25,9.25,9.25,9.25,50500
2019-01-02T09:57:31.000000,9.25,9.25,9.25,9.25,12200
2019-01-02T09:57:32.000000,9.25,9.25,9.25,9.25,1500
2019-01-02T09:57:33.000000,9.25,9.25,9.25,9.25,47000
2019-01-02T09:57:34.000000,9.25,9.25,9.25,9.25,15000
2019-01-02T09:57:35.000000,9.25,9.25,9.24,9.25,48800
2019-01-02T09:57:36.000000,9.25,9.25,9.25,9.25,10700
2019-01-02T09:57:37.000000,9.25,9.25,9.25,9.25,4100
2019-01-02T09:57:38.000000,9.25,9.25,9.25,9.25,5400
2019-01-02T09:57:39.000000,9.25,9.25,9.25,9.25,17700
2019-01-02T09:57:40.000000,9.25,9.25,9.25,9.25,5400
2019-01-02T09:57:41.000000,9.25,9.25,9.25,9.25,2000
2019-01-02T09:57:42.000000,9.25,9.25,9.24,9.24,8700
2019-01-02T09:57:43.000000,9.25,9.25,9.25,9.25,3600
2019-01-02T09:57:44.000000,9.25,9.25,9.24,9.25,21700
2019-01-02T09:57:45.000000,9.25,9.25,9.24,9.25,11200
2019-01-02T09:57:46.000000,9.25,9.25,9.24,9.25,32100
2019-01-02T09:57:47.000000,9.25,9.25,9.25,9.25,400
2019-01-02T09:57:48.000000,9.25,9.25,9.25,9.25,2200
2019-01-02T09:57:49.000000,9.25,9.25,9.25,9.25,1100
2019-01-02T09:57:50.000000,9.25,9.25,9.25,9.25,800
2019-01-02T09:57:51.000000,9.25,9.25,9.25,9.25,4100
2019-01-02T09:57:52.000000,9.25,9.25,9.24,9.25,6100
2019-01-02T09:57:53.000000,9.25,9.25,9.24,9.25,12600
2019-01-02T09:57:54.000000,9.25,9.25,9.24,9.25,20000
2019-01-02T09:57:55.000000,9.25,9.25,9.25,9.25,8400
2019-01-02T09:57:56.000000,9.25,9.25,9.25,9.25,1200
2019-01-02T09:57:57.000000,9.25,9.25,9.24,9.25,4800
2019-01-02T09:57:58.000000,9.25,9.25,9.24,9.25,4500
2019-01-02T09:57:59.000000,9.25,9.25,9.25,9.25,100
2019-01-02T09:58:00.000000,9.25,9.25,9.24,9.24,2500
2019-01-02T09:58:01.000000,9.25,9.25,9.25,9.25,6400
2019-01-02T09:58:02.000000,9.25,9.25,9.25,9.25,5000
2019-01-02T09:58:03.000000,9.25,9.25,9.24,9.25,9400
2019-01-02T09:58:04.000000,9.25,9.25,9.25,9.25,27400
2019-01-02T09:58:05.000000,9.25,9.25,9.24,9.25,8000
2019-01-02T09:58:06.000000,9.25,9.25,9.24,9.25,26200
2019-01-02T09:58:07.000000,9.25,9.25,9.25,9.25,12700
2019-01-02T09:58:08.000000,9.25,9.25,9.24,9.25,25100
2019-01-02T09:58:09.000000,9.25,9.25,9.24,9.25,5000
2019-01-02T09:58:10.000000,9.25,9.25,9.24,9.25,800
2019-01-02T09:58:11.000000,9.25,9.25,9.24,9.24,7800
2019-01-02T09:58:12.000000,9.25,9.25,9.24,9.25,2000
2019-01-02T09:58:13.000000,9.25,9.25,9.25,9.25,200
2019-01-02T09:58:14.000000,9.24,9.25,9.24,9.25,4200
2019-01-02T09:58:15.000000,9.25,9.25,9.25,9.25,29700
2019-01-02T09:58:16.000000,9.25,9.25,9.24,9.25,17400
2019-01-02T09:58:17.000000,9.25,9.26,9.25,9.25,3100
2019-01-02T09:58:18.000000,9.25,9.25,9.24,9.25,8700
2019-01-02T09:58:19.000000,9.25,9.25,9.24,9.25,600
2019-01-02T09:58:20.000000,9.25,9.25,9.25,9.25,12300
2019-01-02T09:58:21.000000,9.25,9.25,9.25,9.25,31000
2019-01-02T09:58:22.000000,9.25,9.25,9.25,9.25,1000
2019-01-02T09:58:23.000000,9.25,9.25,9.25,9.25,34400
2019-01-02T09:58:24.000000,9.25,9.25,9.24,9.24,0
2019-01-02T09:58:25.000000,9.25,9.25,9.25,9.25,10900
2019-01-02T09:58:26.000000,9.25,9.25,9.25,9.25,1300
2019-01-02T09:58:27.000000,9.25,9.25,9.25,9.25,115100
2019-01-02T09:58:28.000000,9.25,9.25,9.25,9.25,6200
2019-01-02T09:58:29.000000,9.25,9.25,9.25,9.25,2500
2019-01-02T09:58:30.000000,9.25,9.25,9.25,9.25,26600
2019-01-02T09:58:31.000000,9.25,9.25,9.25,9.25,5500
2019-01-02T09:58:32.000000,9.25,9.25,9.25,9.25,4300
2019-01-02T09:58:33.000000,9.25,9.25,9.25,9.25,0
2019-01-02T09:58:34.000000,9.25,9.25,9.25,9.25,4600
2019-01-02T09:58:35.000000,9.25,9.26,9.25,9.25,1800
2019-01-02T09:58:36.000000,9.25,9.26,9.25,9.25,9400
2019-01-02T09:58:37.000000,9.25,9.26,9.25,9.25,20100
2019-01-02T09:58:38.000000,9.25,9.25,9.25,9.25,22300
2019-01-02T09:58:39.000000,9.25,9.25,9.25,9.25,9600
2019-01-02T09:58:40.000000,9.25,9.26,9.25,9.26,1000
2019-01-02T09:58:41.000000,9.25,9.26,9.25,9.26,19600
2019-01-02T09:58:42.000000,9.25,9.25,9.25,9.25,6500
2019-01-02T09:58:43.000000,9.25,9.25,9.25,9.25,55000
2019-01-02T09:58:44.000000,9.25,9.25,9.25,9.25,2300
2019-01-02T09:58:45.000000,9.25,9.26,9.25,9.25,8600
2019-01-02T09:58:46.000000,9.25,9.25,9.25,9.25,72700
2019-01-02T09:58:47.000000,9.24,9.25,9.24,9.25,2500
2019-01-02T09:58:48.000000,9.25,9.25,9.25,9.25,14100
2019-01-02T09:58:49.000000,9.25,9.25,9.25,9.25,3800
2019-01-02T09:58:50.000000,9.25,9.25,9.24,9.25,4300
2019-01-02T09:58:51.000000,9.25,9.25,9.24,9.25,7500
2019-01-02T09:58:52.000000,9.25,9.25,9.24,9.25,7900
2019-01-02T09:58:53.000000,9.25,9.25,9.24,9.25,15700
2019-01-02T09:58:54.000000,9.25,9.25,9.25,9.25,17000
2019-01-02T09:58:55.000000,9.25,9.25,9.25,9.25,53100
2019-01-02T09:58:56.000000,9.25,9.25,9.25,9.25,51200
2019-01-02T09:58:57.000000,9.25,9.25,9.25,9.25,32600
2019-01-02T09:58:58.000000,9.25,9.25,9.24,9.25,41800
2019-01-02T09:58:59.000000,9.25,9.25,9.24,9.25,6100
2019-01-02T09:59:00.000000,9.25,9.25,9.25,9.25,700
2019-01-02T09:59:01.000000,9.25,9.25,9.25,9.25,7800
2019-01-02T09:59:02.000000,9.25,9.25,9.24,9.25,9200
2019-01-02T09:59:03.000000,9.24,9.25,9.24,9.25,0
2019-01-02T09:59:04.000000,9.25,9.25,9.25,9.25,37700
2019-01-02T09:59:05.000000,9.25,9.25,9.25,9.25,11000
2019-01-02T09:59:06.000000,9.25,9.25,9.25,9.25,97500
2019-01-02T09:59:07.000000,9.25,9.25,9.25,9.25,9900
2019-01-02T09:59:08.000000,9.25,9.25,9.24,9.25,3200
2019-01-02T09:59:09.000000,9.25,9.25,9.24,9.25,3800
2019-01-02T09:59:10.000000,9.25,9.25,9.25,9.25,25000
2019-01-02T09:59:11.000000,9.25,9.25,9.24,9.25,1000100
2019-01-02T09:59:12.000000,9.25,9.25,9.25,9.25,6000
2019-01-02T09:59:13.000000,9.25,9.25,9.25,9.25,1022300
2019-01-02T09:59:14.000000,9.25,9.25,9.24,9.25,3000
2019-01-02T09:59:15.000000,9.25,9.25,9.25,9.25,1013500
2019-01-02T09:59:16.000000,9.25,9.25,9.25,9.25,1200
2019-01-02T09:59:18.000000,9.25,9.25,9.25,9.25,134900
2019-01-02T09:59:19.000000,9.25,9.25,9.25,9.25,300
2019-01-02T09:59:20.000000,9.25,9.25,9.25,9.25,4000
2019-01-02T09:59:21.000000,9.25,9.25,9.25,9.25,2000
2019-01-02T09:59:22.000000,9.25,9.25,9.25,9.25,61000
2019-01-02T09:59:23.000000,9.25,9.25,9.25,9.25,5400
2019-01-02T09:59:24.000000,9.25,9.25,9.25,9.25,1300
2019-01-02T09:59:25.000000,9.24,9.25,9.24,9.25,800
2019-01-02T09:59:26.000000,9.25,9.25,9.24,9.24,10500
2019-01-02T09:59:27.000000,9.25,9.25,9.25,9.25,17200
2019-01-02T09:59:28.000000,9.25,9.25,9.24,9.25,2400
2019-01-02T09:59:29.000000,9.25,9.25,9.25,9.25,400
2019-01-02T09:59:30.000000,9.25,9.25,9.24,9.25,2100
2019-01-02T09:59:31.000000,9.25,9.25,9.25,9.25,9200
2019-01-02T09:59:32.000000,9.25,9.25,9.25,9.25,2700
2019-01-02T09:59:33.000000,9.25,9.25,9.25,9.25,15400
2019-01-02T09:59:34.000000,9.25,9.25,9.25,9.25,1300
2019-01-02T09:59:35.000000,9.25,9.25,9.24,9.25,13500
2019-01-02T09:59:36.000000,9.25,9.25,9.24,9.24,21900
2019-01-02T09:59:37.000000,9.25,9.25,9.25,9.25,55700
2019-01-02T09:59:38.000000,9.25,9.25,9.25,9.25,0
2019-01-02T09:59:39.000000,9.25,9.25,9.24,9.25,1000
2019-01-02T09:59:40.000000,9.25,9.25,9.25,9.25,35200
2019-01-02T09:59:41.000000,9.25,9.25,9.25,9.25,3800
2019-01-02T09:59:42.000000,9.25,9.25,9.25,9.25,56300
2019-01-02T09:59:43.000000,9.25,9.25,9.25,9.25,73100
2019-01-02T09:59:44.000000,9.25,9.25,9.25,9.25,124600
2019-01-02T09:59:45.000000,9.25,9.25,9.25,9.25,1300
2019-01-02T09:59:46.000000,9.25,9.25,9.25,9.25,11200
2019-01-02T09:59:47.000000,9.25,9.25,9.24,9.25,68700
2019-01-02T09:59:48.000000,9.25,9.25,9.25,9.25,15600
2019-01-02T09:59:49.000000,9.25,9.25,9.25,9.25,5000
2019-01-02T09:59:50.000000,9.25,9.25,9.24,9.25,2200
2019-01-02T09:59:51.000000,9.25,9.25,9.25,9.25,11600
2019-01-02T09:59:52.000000,9.25,9.25,9.24,9.25,6500
2019-01-02T09:59:53.000000,9.25,9.25,9.24,9.25,6200
2019-01-02T09:59:54.000000,9.25,9.25,9.24,9.25,12000
2019-01-02T09:59:55.000000,9.25,9.25,9.25,9.25,23100
2019-01-02T09:59:56.000000,9.25,9.25,9.24,9.25,3700
2019-01-02T09:59:57.000000,9.25,9.25,9.24,9.25,1100
2019-01-02T09:59:58.000000,9.25,9.25,9.24,9.24,1000
2019-01-02T09:59:59.000000,9.25,9.25,9.24,9.25,13800
2019-01-02T10:00:00.000000,9.25,9.25,9.24,9.25,14500
2019-01-02T10:00:01.000000,9.25,9.25,9.25,9.25,1000
2019-01-02T10:00:02.000000,9.25,9.25,9.24,9.25,7800
2019-01-02T10:00:03.000000,9.25,9.25,9.25,9.25,6300
2019-01-02T10:00:04.000000,9.25,9.25,9.24,9.25,1000
2019-01-02T10:00:05.000000,9.25,9.26,9.24,9.25,16800
2019-01-02T10:00:06.000000,9.25,9.25,9.25,9.25,33700
2019-01-02T10:00:07.000000,9.25,9.26,9.24,9.25,14300
2019-01-02T10:00:08.000000,9.25,9.25,9.25,9.25,7100
2019-01-02T10:00:09.000000,9.26,9.26,9.25,9.25,33300
2019-01-02T10:00:10.000000,9.25,9.25,9.25,9.25,34100
2019-01-02T10:00:12.000000,9.25,9.26,9.25,9.25,5100
2019-01-02T10:00:13.000000,9.25,9.25,9.25,9.25,65100
2019-01-02T10:00:14.000000,9.25,9.25,9.25,9.25,17600
2019-01-02T10:00:15.000000,9.25,9.25,9.25,9.25,10600
2019-01-02T10:00:16.000000,9.25,9.26,9.25,9.26,3800
2019-01-02T10:00:17.000000,9.25,9.26,9.25,9.25,24800
2019-01-02T10:00:18.000000,9.25,9.25,9.25,9.25,27600
2019-01-02T10:00:19.000000,9.25,9.25,9.25,9.25,6800
2019-01-02T10:00:20.000000,9.25,9.25,9.25,9.25,1100
2019-01-02T10:00:21.000000,9.25,9.25,9.25,9.25,2500
2019-01-02T10:00:22.000000,9.25,9.25,9.25,9.25,9300
2019-01-02T10:00:23.000000,9.25,9.25,9.25,9.25,3400
2019-01-02T10:00:24.000000,9.25,9.26,9.25,9.25,2500
2019-01-02T10:00:25.000000,9.25,9.25,9.25,9.25,2200
2019-01-02T10:00:26.000000,9.26,9.26,9.25,9.25,400
2019-01-02T10:00:27.000000,9.25,9.25,9.25,9.25,19000
2019-01-02T10:00:28.000000,9.25,9.25,9.25,9.25,10300
2019-01-02T10:00:29.000000,9.25,9.26,9.25,9.25,2100
2019-01-02T10:00:30.000000,9.25,9.25,9.25,9.25,33200
2019-01-02T10:00:31.000000,9.25,9.26,9.25,9.25,89200
2019-01-02T10:00:32.000000,9.25,9.25,9.25,9.25,10200
2019-01-02T10:00:33.000000,9.25,9.26,9.25,9.25,37100
2019-01-02T10:00:34.000000,9.25,9.26,9.25,9.25,8500
2019-01-02T10:00:35.000000,9.25,9.26,9.25,9.25,18900
2019-01-02T10:00:36.000000,9.25,9.26,9.25,9.25,6800
2019-01-02T10:00:37.000000,9.25,9.25,9.25,9.25,11100
2019-01-02T10:00:38.000000,9.25,9.26,9.25,9.25,84300
2019-01-02T10:00:39.000000,9.25,9.26,9.25,9.25,22100
2019-01-02T10:00:40.000000,9.25,9.26,9.25,9.25,1500
2019-01-02T10:00:41.000000,9.25,9.25,9.25,9.25,0
2019-01-02T10:00:42.000000,9.26,9.26,9.25,9.25,11100
2019-01-02T10:00:43.000000,9.25,9.26,9.25,9.25,4900
2019-01-02T10:00:44.000000,9.25,9.25,9.25,9.25,58200
2019-01-02T10:00:45.000000,9.25,9.25,9.25,9.25,20600
2019-01-02T10:00:46.000000,9.25,9.25,9.25,9.25,46700
2019-01-02T10:00:47.000000,9.25,9.26,9.25,9.25,107800
2019-01-02T10:00:48.000000,9.25,9.25,9.25,9.25,11100
2019-01-02T10:00:49.000000,9.25,9.26,9.25,9.25,4400
2019-01-02T10:00:50.000000,9.26,9.26,9.25,9.25,0
2019-01-02T10:00:51.000000,9.25,9.26,9.25,9.26,3000
2019-01-02T10:00:52.000000,9.25,9.25,9.25,9.25,500
2019-01-02T10:00:53.000000,9.25,9.25,9.25,9.25,2000
2019-01-02T10:00:54.000000,9.25,9.25,9.25,9.25,100
2019-01-02T10:00:55.000000,9.25,9.26,9.25,9.25,20500
2019-01-02T10:00:56.000000,9.25,9.25,9.25,9.25,800
2019-01-02T10:00:57.000000,9.25,9.25,9.25,9.25,8100
2019-01-02T10:00:58.000000,9.25,9.26,9.25,9.25,3000
2019-01-02T10:00:59.000000,9.25,9.25,9.25,9.25,2500
2019-01-02T10:01:00.000000,9.25,9.25,9.25,9.25,15800
2019-01-02T10:01:01.000000,9.25,9.26,9.25,9.26,2100
2019-01-02T10:01:02.000000,9.25,9.25,9.25,9.25,1100
2019-01-02T10:01:03.000000,9.25,9.26,9.25,9.25,64000
2019-01-02T10:01:04.000000,9.25,9.25,9.25,9.25,1700
2019-01-02T10:01:05.000000,9.25,9.25,9.25,9.25,16500
2019-01-02T10:01:06.000000,9.25,9.25,9.25,9.25,1500
2019-01-02T10:01:07.000000,9.26,9.26,9.25,9.25,9800
2019-01-02T10:01:08.000000,9.25,9.25,9.25,9.25,10800
2019-01-02T10:01:09.000000,9.25,9.25,9.25,9.25,5000
2019-01-02T10:01:10.000000,9.25,9.25,9.25,9.25,200
2019-01-02T10:01:11.000000,9.25,9.25,9.25,9.25,0
2019-01-02T10:01:12.000000,9.25,9.26,9.25,9.26,21900
2019-01-02T10:01:13.000000,9.25,9.25,9.25,9.25,22100
2019-01-02T10:01:14.000000,9.25,9.25,9.25,9.25,2000
2019-01-02T10:01:15.000000,9.25,9.25,9.25,9.25,2600
2019-01-02T10:01:16.000000,9.25,9.25,9.25,9.25,12700
2019-01-02T10:01:17.000000,9.25,9.26,9.25,9.25,1000
2019-01-02T10:01:18.000000,9.25,9.25,9.25,9.25,200
2019-01-02T10:01:19.000000,9.25,9.25,9.25,9.25,26300
2019-01-02T10:01:20.000000,9.25,9.25,9.25,9.25,4700
2019-01-02T10:01:21.000000,9.25,9.25,9.25,9.25,3400
2019-01-02T10:01:22.000000,9.26,9.26,9.25,9.25,9400
2019-01-02T10:01:23.000000,9.25,9.25,9.25,9.25,1400
2019-01-02T10:01:24.000000,9.25,9.25,9.25,9.25,1000
2019-01-02T10:01:25.000000,9.25,9.25,9.25,9.25,29800
2019-01-02T10:01:26.000000,9.25,9.25,9.25,9.25,23700
2019-01-02T10:01:27.000000,9.25,9.25,9.25,9.25,16400
2019-01-02T10:01:28.000000,9.25,9.25,9.25,9.25,3600
2019-01-02T10:01:29.000000,9.25,9.25,9.25,9.25,2500
2019-01-02T10:01:30.000000,9.25,9.25,9.25,9.25,500
2019-01-02T10:01:31.000000,9.25,9.26,9.25,9.25,9400
2019-01-02T10:01:32.000000,9.25,9.26,9.25,9.25,1800
2019-01-02T10:01:33.000000,9.25,9.25,9.25,9.25,141600
2019-01-02T10:01:34.000000,9.25,9.26,9.25,9.25,2000
2019-01-02T10:01:35.000000,9.25,9.25,9.25,9.25,4100
2019-01-02T10:01:36.000000,9.25,9.25,9.25,9.25,28100
2019-01-02T10:01:37.000000,9.25,9.25,9.25,9.25,56600
2019-01-02T10:01:38.000000,9.25,9.25,9.25,9.25,300
2019-01-02T10:01:39.000000,9.25,9.25,9.25,9.25,18100
2019-01-02T10:01:40.000000,9.25,9.25,9.25,9.25,14500
2019-01-02T10:01:41.000000,9.25,9.25,9.25,9.25,7000
2019-01-02T10:01:42.000000,9.25,9.25,9.25,9.25,87800
2019-01-02T10:01:43.000000,9.25,9.25,9.25,9.25,1100
2019-01-02T10:01:44.000000,9.26,9.26,9.25,9.25,1000
2019-01-02T10:01:45.000000,9.25,9.25,9.25,9.25,3000
2019-01-02T10:01:46.000000,9.25,9.26,9.25,9.25,13000
2019-01-02T10:01:47.000000,9.25,9.25,9.25,9.25,2800
2019-01-02T10:01:48.000000,9.25,9.25,9.25,9.25,100
2019-01-02T10:01:49.000000,9.25,9.26,9.25,9.25,12400
2019-01-02T10:01:50.000000,9.25,9.26,9.25,9.25,300
2019-01-02T10:01:51.000000,9.25,9.25,9.25,9.25,36100
2019-01-02T10:01:52.000000,9.25,9.25,9.25,9.25,9700
2019-01-02T10:01:53.000000,9.25,9.25,9.25,9.25,17000
2019-01-02T10:01:54.000000,9.25,9.25,9.25,9.25,12600
2019-01-02T10:01:55.000000,9.25,9.25,9.25,9.25,2000
2019-01-02T10:01:56.000000,9.25,9.25,9.25,9.25,1300
2019-01-02T10:01:57.000000,9.25,9.26,9.25,9.26,3600
2019-01-02T10:01:58.000000,9.25,9.25,9.25,9.25,56500
2019-01-02T10:02:00.000000,9.25,9.25,9.25,9.25,2000
2019-01-02T10:02:01.000000,9.25,9.25,9.25,9.25,300
2019-01-02T10:02:02.000000,9.25,9.26,9.25,9.25,9200
2019-01-02T10:02:03.000000,9.25,9.26,9.25,9.25,3700
2019-01-02T10:02:04.000000,9.25,9.26,9.25,9.25,3000
2019-01-02T10:02:05.000000,9.25,9.25,9.25,9.25,44300
2019-01-02T10:02:06.000000,9.25,9.25,9.25,9.25,7200
2019-01-02T10:02:07.000000,9.25,9.26,9.25,9.26,1000
2019-01-02T10:02:08.000000,9.25,9.25,9.25,9.25,2000
2019-01-02T10:02:09.000000,9.25,9.26,9.25,9.25,2300
2019-01-02T10:02:10.000000,9.26,9.26,9.25,9.25,6600
2019-01-02T10:02:11.000000,9.25,9.25,9.25,9.25,4200
2019-01-02T10:02:12.000000,9.25,9.25,9.25,9.25,600
2019-01-02T10:02:13.000000,9.25,9.25,9.25,9.25,0
2019-01-02T10:02:14.000000,9.25,9.25,9.25,9.25,50000
2019-01-02T10:02:15.000000,9.25,9.25,9.25,9.25,24500
2019-01-02T10:02:16.000000,9.25,9.26,9.25,9.25,6800
2019-01-02T10:02:17.000000,9.25,9.25,9.25,9.25,500
2019-01-02T10:02:18.000000,9.25,9.26,9.25,9.26,0
2019-01-02T10:02:19.000000,9.25,9.25,9.25,9.25,2200
2019-01-02T10:02:20.000000,9.25,9.25,9.25,9.25,10000
2019-01-02T10:02:21.000000,9.25,9.25,9.25,9.25,2700
2019-01-02T10:02:22.000000,9.25,9.25,9.25,9.25,2200
2019-01-02T10:02:23.000000,9.25,9.25,9.25,9.25,13400
2019-01-02T10:02:24.000000,9.25,9.25,9.25,9.25,14300
2019-01-02T10:02:25.000000,9.25,9.26,9.25,9.25,2700
2019-01-02T10:02:26.000000,9.25,9.25,9.25,9.25,1500
2019-01-02T10:02:27.000000,9.25,9.25,9.25,9.25,101200
2019-01-02T10:02:28.000000,9.25,9.25,9.25,9.25,2300
2019-01-02T10:02:29.000000,9.25,9.25,9.25,9.25,3900
2019-01-02T10:02:30.000000,9.25,9.26,9.25,9.25,185100
2019-01-02T10:02:31.000000,9.25,9.25,9.25,9.25,1300
2019-01-02T10:02:32.000000,9.25,9.25,9.25,9.25,25900
2019-01-02T10:02:33.000000,9.26,9.26,9.25,9.25,0
2019-01-02T10:02:34.000000,9.25,9.26,9.25,9.25,600
2019-01-02T10:02:35.000000,9.25,9.26,9.25,9.25,3700
2019-01-02T10:02:36.000000,9.26,9.26,9.25,9.25,1000
2019-01-02T10:02:37.000000,9.25,9.26,9.25,9.26,3200
2019-01-02T10:02:38.000000,9.25,9.26,9.25,9.26,1200
2019-01-02T10:02:39.000000,9.25,9.26,9.25,9.25,9700
2019-01-02T10:02:40.000000,9.25,9.26,9.25,9.25,17000
2019-01-02T10:02:41.000000,9.25,9.26,9.25,9.25,800
2019-01-02T10:02:42.000000,9.25,9.26,9.25,9.25,15500
2019-01-02T10:02:43.000000,9.25,9.25,9.25,9.25,6500
2019-01-02T10:02:44.000000,9.25,9.25,9.25,9.25,0
2019-01-02T10:02:45.000000,9.26,9.26,9.25,9.25,600
2019-01-02T10:02:46.000000,9.25,9.25,9.25,9.25,3900
2019-01-02T10:02:47.000000,9.25,9.25,9.25,9.25,2300
2019-01-02T10:02:48.000000,9.25,9.25,9.25,9.25,23200
2019-01-02T10:02:49.000000,9.25,9.26,9.25,9.26,1100
2019-01-02T10:02:50.000000,9.25,9.25,9.25,9.25,2100
2019-01-02T10:02:51.000000,9.25,9.26,9.25,9.25,2600
2019-01-02T10:02:52.000000,9.25,9.26,9.25,9.25,12300
2019-01-02T10:02:53.000000,9.25,9.25,9.25,9.25,700
2019-01-02T10:02:54.000000,9.25,9.26,9.25,9.25,2800
2019-01-02T10:02:55.000000,9.25,9.25,9.25,9.25,6400
2019-01-02T10:02:56.000000,9.25,9.25,9.25,9.25,300
2019-01-02T10:02:57.000000,9.25,9.26,9.25,9.25,1500
2019-01-02T10:02:58.000000,9.25,9.25,9.25,9.25,900
2019-01-02T10:02:59.000000,9.25,9.26,9.25,9.25,21600
2019-01-02T10:03:00.000000,9.25,9.26,9.25,9.25,7600
2019-01-02T10:03:01.000000,9.25,9.25,9.25,9.25,1000
2019-01-02T10:03:02.000000,9.25,9.26,9.25,9.26,2700
2019-01-02T10:03:03.000000,9.25,9.26,9.25,9.26,20000
2019-01-02T10:03:04.000000,9.25,9.26,9.25,9.25,19900
2019-01-02T10:03:05.000000,9.25,9.26,9.25,9.25,5600
2019-01-02T10:03:06.000000,9.25,9.26,9.25,9.25,2600
2019-01-02T10:03:07.000000,9.25,9.25,9.25,9.25,900
2019-01-02T10:03:08.000000,9.26,9.26,9.25,9.25,85400
2019-01-02T10:03:09.000000,9.25,9.26,9.25,9.25,37900
2019-01-02T10:03:10.000000,9.25,9.26,9.25,9.25,3200
2019-01-02T10:03:11.000000,9.25,9.25,9.25,9.25,6000
2019-01-02T10:03:12.000000,9.25,9.26,9.25,9.25,10900
2019-01-02T10:03:13.000000,9.25,9.25,9.25,9.25,4200
2019-01-02T10:03:14.000000,9.25,9.26,9.25,9.26,1000
2019-01-02T10:03:15.000000,9.25,9.26,9.25,9.25,5200
2019-01-02T10:03:16.000000,9.25,9.25,9.25,9.25,1100
2019-01-02T10:03:17.000000,9.25,9.26,9.25,9.25,3300
2019-01-02T10:03:18.000000,9.26,9.26,9.25,9.26,7800
2019-01-02T10:03:19.000000,9.25,9.25,9.25,9.25,600
2019-01-02T10:03:20.000000,9.25,9.26,9.25,9.26,500
2019-01-02T10:03:21.000000,9.25,9.26,9.25,9.25,3600
2019-01-02T10:03:22.000000,9.26,9.26,9.25,9.25,0
2019-01-02T10:03:23.000000,9.25,9.25,9.25,9.25,7400
2019-01-02T10:03:24.000000,9.25,9.26,9.25,9.25,1000
2019-01-02T10:03:25.000000,9.25,9.26,9.25,9.25,20000
2019-01-02T10:03:26.000000,9.25,9.26,9.25,9.25,40400
2019-01-02T10:03:27.000000,9.25,9.26,9.25,9.25,50900
2019-01-02T10:03:28.000000,9.25,9.26,9.25,9.25,1500
2019-01-02T10:03:29.000000,9.25,9.26,9.25,9.26,2000
2019-01-02T10:03:31.000000,9.25,9.26,9.25,9.26,4000
2019-01-02T10:03:32.000000,9.25,9.26,9.25,9.25,39100
2019-01-02T10:03:33.000000,9.25,9.26,9.25,9.25,0
2019-01-02T10:03:34.000000,9.25,9.26,9.25,9.25,2000
2019-01-02T10:03:35.000000,9.25,9.26,9.25,9.25,3800
2019-01-02T10:03:36.000000,9.25,9.26,9.25,9.25,30600
2019-01-02T10:03:37.000000,9.25,9.26,9.25,9.25,8700
2019-01-02T10:03:38.000000,9.25,9.26,9.25,9.25,1300
2019-01-02T10:03:39.000000,9.25,9.26,9.25,9.25,600
2019-01-02T10:03:40.000000,9.25,9.26,9.25,9.26,0
2019-01-02T10:03:41.000000,9.25,9.26,9.25,9.26,11100
2019-01-02T10:03:42.000000,9.25,9.26,9.25,9.26,700
2019-01-02T10:03:43.000000,9.25,9.26,9.25,9.25,17500
2019-01-02T10:03:44.000000,9.25,9.25,9.25,9.25,22700
2019-01-02T10:03:45.000000,9.26,9.26,9.25,9.26,500
2019-01-02T10:03:46.000000,9.25,9.26,9.25,9.25,3100
2019-01-02T10:03:47.000000,9.25,9.26,9.25,9.25,900
2019-01-02T10:03:48.000000,9.25,9.26,9.25,9.25,5000
2019-01-02T10:03:49.000000,9.25,9.25,9.25,9.25,15600
2019-01-02T10:03:50.000000,9.25,9.26,9.25,9.26,5100
2019-01-02T10:03:51.000000,9.25,9.25,9.25,9.25,4000
2019-01-02T10:03:52.000000,9.25,9.26,9.25,9.26,4500
2019-01-02T10:03:53.000000,9.25,9.25,9.25,9.25,200
2019-01-02T10:03:54.000000,9.25,9.26,9.25,9.26,10900
2019-01-02T10:03:55.000000,9.25,9.26,9.25,9.25,8200
2019-01-02T10:03:56.000000,9.26,9.26,9.25,9.26,1200
2019-01-02T10:03:57.000000,9.25,9.26,9.25,9.25,6200
2019-01-02T10:03:58.000000,9.25,9.26,9.25,9.26,45000
2019-01-02T10:03:59.000000,9.25,9.26,9.25,9.25,1100
2019-01-02T10:04:00.000000,9.25,9.27,9.25,9.27,175400
2019-01-02T10:04:01.000000,9.27,9.27,9.27,9.27,100
2019-01-02T10:04:02.000000,9.27,9.27,9.27,9.27,4800
2019-01-02T10:04:03.000000,9.27,9.27,9.27,9.27,0
2019-01-02T10:04:04.000000,9.27,9.27,9.27,9.27,27500
2019-01-02T10:04:05.000000,9.27,9.27,9.27,9.27,5900
2019-01-02T10:04:06.000000,9.27,9.27,9.27,9.27,10000
2019-01-02T10:04:07.000000,9.27,9.27,9.27,9.27,6300
2019-01-02T10:04:08.000000,9.27,9.27,9.27,9.27,160200
2019-01-02T10:04:09.000000,9.27,9.27,9.27,9.27,58100
2019-01-02T10:04:10.000000,9.27,9.27,9.27,9.27,2000
2019-01-02T10:04:11.000000,9.27,9.27,9.26,9.27,100
2019-01-02T10:04:12.000000,9.27,9.27,9.26,9.26,2700
2019-01-02T10:04:13.000000,9.27,9.27,9.27,9.27,4900
2019-01-02T10:04:14.000000,9.27,9.27,9.27,9.27,5000
2019-01-02T10:04:15.000000,9.27,9.27,9.27,9.27,3500
2019-01-02T10:04:16.000000,9.27,9.27,9.27,9.27,2000
2019-01-02T10:04:17.000000,9.27,9.27,9.27,9.27,80700
2019-01-02T10:04:18.000000,9.27,9.27,9.27,9.27,116200
2019-01-02T10:04:19.000000,9.27,9.27,9.27,9.27,22000
2019-01-02T10:04:20.000000,9.27,9.27,9.27,9.27,10100
2019-01-02T10:04:21.000000,9.27,9.27,9.27,9.27,17400
2019-01-02T10:04:22.000000,9.27,9.27,9.27,9.27,5500
2019-01-02T10:04:23.000000,9.27,9.27,9.26,9.26,1000
2019-01-02T10:04:24.000000,9.27,9.27,9.27,9.27,5900
2019-01-02T10:04:25.000000,9.27,9.27,9.27,9.27,7300
2019-01-02T10:04:26.000000,9.27,9.27,9.27,9.27,29300
2019-01-02T10:04:28.000000,9.27,9.27,9.27,9.27,14700
2019-01-02T10:04:29.000000,9.27,9.27,9.27,9.27,10400
2019-01-02T10:04:30.000000,9.27,9.27,9.26,9.27,17900
2019-01-02T10:04:31.000000,9.27,9.27,9.27,9.27,1500
2019-01-02T10:04:32.000000,9.27,9.27,9.27,9.27,5000
2019-01-02T10:04:33.000000,9.27,9.27,9.27,9.27,89600
2019-01-02T10:04:34.000000,9.27,9.27,9.26,9.26,0
2019-01-02T10:04:35.000000,9.27,9.27,9.27,9.27,1000
2019-01-02T10:04:36.000000,9.27,9.27,9.27,9.27,53600
2019-01-02T10:04:37.000000,9.27,9.27,9.27,9.27,5400
2019-01-02T10:04:38.000000,9.27,9.27,9.27,9.27,2600
2019-01-02T10:04:39.000000,9.27,9.27,9.27,9.27,4900
2019-01-02T10:04:40.000000,9.27,9.27,9.27,9.27,6200
2019-01-02T10:04:41.000000,9.27,9.27,9.27,9.27,2900
2019-01-02T10:04:42.000000,9.27,9.27,9.27,9.27,3300
2019-01-02T10:04:43.000000,9.27,9.27,9.27,9.27,7100
2019-01-02T10:04:44.000000,9.27,9.27,9.27,9.27,0
2019-01-02T10:04:45.000000,9.27,9.27,9.26,9.27,3000
2019-01-02T10:04:46.000000,9.27,9.27,9.27,9.27,1300
2019-01-02T10:04:47.000000,9.27,9.27,9.27,9.27,2000
2019-01-02T10:04:48.000000,9.27,9.27,9.27,9.27,22200
2019-01-02T10:04:49.000000,9.27,9.27,9.27,9.27,6600
2019-01-02T10:04:50.000000,9.27,9.27,9.27,9.27,18400
2019-01-02T10:04:51.000000,9.27,9.27,9.27,9.27,500
2019-01-02T10:04:52.000000,9.27,9.27,9.27,9.27,7800
2019-01-02T10:04:53.000000,9.27,9.27,9.27,9.27,800
2019-01-02T10:04:54.000000,9.27,9.27,9.27,9.27,7600
2019-01-02T10:04:55.000000,9.27,9.27,9.27,9.27,5700
2019-01-02T10:04:56.000000,9.27,9.27,9.26,9.27,2300
2019-01-02T10:04:57.000000,9.27,9.27,9.27,9.27,21300
2019-01-02T10:04:58.000000,9.27,9.27,9.27,9.27,15200
2019-01-02T10:04:59.000000,9.27,9.27,9.27,9.27,900
2019-01-02T10:05:00.000000,9.27,9.27,9.27,9.27,2500
2019-01-02T10:05:01.000000,9.27,9.27,9.27,9.27,25700
2019-01-02T10:05:02.000000,9.27,9.27,9.27,9.27,14500
2019-01-02T10:05:03.000000,9.27,9.27,9.27,9.27,202900
2019-01-02T10:05:04.000000,9.27,9.27,9.27,9.27,5000
2019-01-02T10:05:05.000000,9.27,9.27,9.27,9.27,4800
2019-01-02T10:05:06.000000,9.27,9.27,9.27,9.27,4000
2019-01-02T10:05:07.000000,9.27,9.27,9.26,9.26,400
2019-01-02T10:05:08.000000,9.27,9.27,9.26,9.27,76000
2019-01-02T10:05:09.000000,9.27,9.27,9.26,9.27,3100
2019-01-02T10:05:10.000000,9.27,9.27,9.27,9.27,10000
2019-01-02T10:05:11.000000,9.27,9.27,9.27,9.27,8000
2019-01-02T10:05:12.000000,9.27,9.27,9.27,9.27,1000
2019-01-02T10:05:13.000000,9.27,9.27,9.27,9.27,1000
2019-01-02T10:05:14.000000,9.27,9.27,9.27,9.27,1600
2019-01-02T10:05:15.000000,9.27,9.27,9.27,9.27,2300
2019-01-02T10:05:16.000000,9.27,9.27,9.27,9.27,6200
2019-01-02T10:05:17.000000,9.27,9.27,9.27,9.27,24400
2019-01-02T10:05:18.000000,9.27,9.27,9.26,9.27,88100
2019-01-02T10:05:19.000000,9.27,9.27,9.27,9.27,1200
2019-01-02T10:05:20.000000,9.27,9.27,9.27,9.27,1000
2019-01-02T10:05:21.000000,9.27,9.27,9.26,9.27,25800
2019-01-02T10:05:22.000000,9.27,9.27,9.27,9.27,1400
2019-01-02T10:05:23.000000,9.27,9.27,9.26,9.27,1000
2019-01-02T10:05:24.000000,9.27,9.27,9.27,9.27,500
2019-01-02T10:05:25.000000,9.27,9.27,9.27,9.27,5800
2019-01-02T10:05:26.000000,9.27,9.27,9.27,9.27,31800
2019-01-02T10:05:27.000000,9.27,9.27,9.26,9.26,0
2019-01-02T10:05:28.000000,9.27,9.27,9.27,9.27,0
2019-01-02T10:05:29.000000,9.27,9.27,9.26,9.26,0
2019-01-02T10:05:30.000000,9.27,9.27,9.27,9.27,19900
2019-01-02T10:05:31.000000,9.27,9.27,9.27,9.27,17700
2019-01-02T10:05:32.000000,9.27,9.27,9.27,9.27,1700
2019-01-02T10:05:33.000000,9.27,9.27,9.27,9.27,16300
2019-01-02T10:05:34.000000,9.27,9.27,9.27,9.27,50000
2019-01-02T10:05:35.000000,9.27,9.27,9.27,9.27,200
2019-01-02T10:05:36.000000,9.27,9.27,9.27,9.27,17200
2019-01-02T10:05:37.000000,9.26,9.27,9.26,9.27,24500
2019-01-02T10:05:38.000000,9.27,9.27,9.27,9.27,0
2019-01-02T10:05:39.000000,9.27,9.27,9.27,9.27,4400
2019-01-02T10:05:40.000000,9.27,9.27,9.27,9.27,11663
2019-01-02T10:05:41.000000,9.27,9.27,9.27,9.27,19900
2019-01-02T10:05:42.000000,9.27,9.27,9.27,9.27,0
2019-01-02T10:05:43.000000,9.27,9.27,9.27,9.27,23200
2019-01-02T10:05:44.000000,9.27,9.27,9.27,9.27,22100
2019-01-02T10:05:45.000000,9.27,9.27,9.27,9.27,25200
2019-01-02T10:05:47.000000,9.27,9.27,9.27,9.27,23100
2019-01-02T10:05:48.000000,9.27,9.27,9.27,9.27,21700
2019-01-02T10:05:49.000000,9.27,9.27,9.27,9.27,5500
2019-01-02T10:05:50.000000,9.27,9.27,9.27,9.27,25100
2019-01-02T10:05:51.000000,9.27,9.27,9.27,9.27,25300
2019-01-02T10:05:52.000000,9.27,9.27,9.27,9.27,2000
2019-01-02T10:05:53.000000,9.27,9.27,9.27,9.27,23500
2019-01-02T10:05:54.000000,9.27,9.27,9.27,9.27,24400
2019-01-02T10:05:55.000000,9.27,9.27,9.26,9.27,1000
2019-01-02T10:05:56.000000,9.27,9.27,9.27,9.27,15000
2019-01-02T10:05:57.000000,9.27,9.27,9.27,9.27,11800
2019-01-02T10:05:58.000000,9.27,9.27,9.27,9.27,1200
2019-01-02T10:05:59.000000,9.27,9.27,9.27,9.27,19500
2019-01-02T10:06:00.000000,9.27,9.27,9.27,9.27,16200
2019-01-02T10:06:01.000000,9.27,9.27,9.27,9.27,2500
2019-01-02T10:06:02.000000,9.27,9.27,9.27,9.27,15700
2019-01-02T10:06:03.000000,9.27,9.27,9.27,9.27,93800
2019-01-02T10:06:04.000000,9.27,9.27,9.27,9.27,21400
2019-01-02T10:06:05.000000,9.27,9.27,9.27,9.27,71800
2019-01-02T10:06:06.000000,9.27,9.27,9.27,9.27,11000
2019-01-02T10:06:07.000000,9.26,9.27,9.26,9.27,1000
2019-01-02T10:06:08.000000,9.27,9.27,9.27,9.27,0
2019-01-02T10:06:09.000000,9.27,9.27,9.27,9.27,3300
2019-01-02T10:06:10.000000,9.27,9.27,9.27,9.27,22000
2019-01-02T10:06:11.000000,9.27,9.27,9.27,9.27,3000
2019-01-02T10:06:12.000000,9.27,9.27,9.27,9.27,195600
2019-01-02T10:06:13.000000,9.27,9.27,9.26,9.26,0
2019-01-02T10:06:14.000000,9.27,9.27,9.27,9.27,2000
2019-01-02T10:06:15.000000,9.27,9.27,9.27,9.27,3000
2019-01-02T10:06:16.000000,9.27,9.27,9.27,9.27,11100
2019-01-02T10:06:17.000000,9.27,9.27,9.27,9.27,3100
2019-01-02T10:06:18.000000,9.27,9.27,9.27,9.27,17600
2019-01-02T10:06:19.000000,9.27,9.27,9.27,9.27,15400
2019-01-02T10:06:20.000000,9.27,9.27,9.27,9.27,300
2019-01-02T10:06:21.000000,9.27,9.27,9.27,9.27,0
2019-01-02T10:06:22.000000,9.27,9.27,9.27,9.27,26100
2019-01-02T10:06:23.000000,9.27,9.27,9.27,9.27,14300
2019-01-02T10:06:24.000000,9.27,9.27,9.26,9.27,30700
2019-01-02T10:06:25.000000,9.27,9.28,9.27,9.28,66300
2019-01-02T10:06:26.000000,9.27,9.27,9.27,9.27,15800
2019-01-02T10:06:27.000000,9.27,9.28,9.27,9.28,0
2019-01-02T10:06:28.000000,9.27,9.27,9.27,9.27,400
2019-01-02T10:06:29.000000,9.27,9.27,9.27,9.27,8000
2019-01-02T10:06:30.000000,9.27,9.27,9.27,9.27,3500
2019-01-02T10:06:31.000000,9.27,9.28,9.27,9.27,5000
2019-01-02T10:06:32.000000,9.27,9.27,9.27,9.27,55100
2019-01-02T10:06:33.000000,9.27,9.28,9.27,9.27,54372
2019-01-02T10:06:34.000000,9.28,9.28,9.27,9.27,500
2019-01-02T10:06:35.000000,9.27,9.27,9.27,9.27,30400
2019-01-02T10:06:36.000000,9.27,9.27,9.27,9.27,100
2019-01-02T10:06:37.000000,9.27,9.28,9.27,9.28,3500
2019-01-02T10:06:38.000000,9.27,9.28,9.27,9.27,26100
2019-01-02T10:06:39.000000,9.27,9.28,9.27,9.28,6500
2019-01-02T10:06:40.000000,9.27,9.27,9.27,9.27,14800
2019-01-02T10:06:41.000000,9.27,9.28,9.27,9.27,13600
2019-01-02T10:06:42.000000,9.27,9.28,9.27,9.28,1600
2019-01-02T10:06:44.000000,9.27,9.27,9.27,9.27,5100
2019-01-02T10:06:45.000000,9.27,9.28,9.27,9.27,7800
2019-01-02T10:06:46.000000,9.27,9.27,9.27,9.27,0
2019-01-02T10:06:47.000000,9.27,9.28,9.27,9.27,600
2019-01-02T10:06:48.000000,9.27,9.27,9.27,9.27,200800
2019-01-02T10:06:49.000000,9.27,9.27,9.27,9.27,1500
2019-01-02T10:06:50.000000,9.27,9.27,9.27,9.27,1400
2019-01-02T10:06:51.000000,9.27,9.27,9.27,9.27,16700
2019-01-02T10:06:52.000000,9.27,9.27,9.27,9.27,14800
2019-01-02T10:06:53.000000,9.27,9.28,9.27,9.27,1300
2019-01-02T10:06:54.000000,9.27,9.28,9.27,9.27,1600
2019-01-02T10:06:55.000000,9.27,9.27,9.27,9.27,6600
2019-01-02T10:06:56.000000,9.27,9.27,9.27,9.27,5700
2019-01-02T10:06:57.000000,9.27,9.27,9.27,9.27,600
2019-01-02T10:06:58.000000,9.27,9.27,9.27,9.27,6580
2019-01-02T10:06:59.000000,9.27,9.27,9.27,9.27,4600
2019-01-02T10:07:00.000000,9.27,9.28,9.27,9.27,5500
2019-01-02T10:07:01.000000,9.27,9.28,9.27,9.27,6100
2019-01-02T10:07:02.000000,9.27,9.27,9.27,9.27,500
2019-01-02T10:07:03.000000,9.27,9.28,9.27,9.28,51400
2019-01-02T10:07:04.000000,9.27,9.27,9.27,9.27,7600
2019-01-02T10:07:05.000000,9.27,9.28,9.27,9.28,500
2019-01-02T10:07:06.000000,9.27,9.27,9.27,9.27,4200
2019-01-02T10:07:07.000000,9.27,9.27,9.27,9.27,29000
2019-01-02T10:07:08.000000,9.28,9.28,9.27,9.27,0
2019-01-02T10:07:09.000000,9.27,9.27,9.27,9.27,8000
2019-01-02T10:07:11.000000,9.27,9.28,9.27,9.27,21500
2019-01-02T10:07:12.000000,9.27,9.27,9.27,9.27,1100
2019-01-02T10:07:13.000000,9.27,9.27,9.27,9.27,2000
2019-01-02T10:07:14.000000,9.27,9.27,9.27,9.27,2100
2019-01-02T10:07:15.000000,9.27,9.27,9.27,9.27,400
2019-01-02T10:07:16.000000,9.27,9.27,9.27,9.27,2100
2019-01-02T10:07:17.000000,9.27,9.28,9.27,9.27,16000
2019-01-02T10:07:18.000000,9.27,9.27,9.27,9.27,2600
2019-01-02T10:07:19.000000,9.27,9.28,9.27,9.27,4700
2019-01-02T10:07:20.000000,9.27,9.27,9.27,9.27,2400
2019-01-02T10:07:21.000000,9.27,9.27,9.27,9.27,500
2019-01-02T10:07:22.000000,9.27,9.27,9.27,9.27,13000
2019-01-02T10:07:23.000000,9.27,9.28,9.27,9.27,0
2019-01-02T10:07:24.000000,9.27,9.28,9.27,9.27,6300
2019-01-02T10:07:25.000000,9.27,9.27,9.27,9.27,600
2019-01-02T10:07:26.000000,9.27,9.27,9.27,9.27,45700
2019-01-02T10:07:27.000000,9.27,9.27,9.27,9.27,900
2019-01-02T10:07:28.000000,9.27,9.27,9.27,9.27,100
2019-01-02T10:07:29.000000,9.27,9.28,9.27,9.28,5300
2019-01-02T10:07:30.000000,9.27,9.27,9.27,9.27,29300
2019-01-02T10:07:31.000000,9.27,9.27,9.27,9.27,0
2019-01-02T10:07:32.000000,9.27,9.28,9.27,9.28,600
2019-01-02T10:07:33.000000,9.27,9.27,9.27,9.27,85000
2019-01-02T10:07:34.000000,9.27,9.27,9.27,9.27,78300
2019-01-02T10:07:35.000000,9.27,9.27,9.27,9.27,500
2019-01-02T10:07:36.000000,9.27,9.28,9.27,9.27,9600
2019-01-02T10:07:37.000000,9.27,9.28,9.27,9.27,70500
2019-01-02T10:07:38.000000,9.27,9.27,9.27,9.27,3000
2019-01-02T10:07:40.000000,9.27,9.27,9.27,9.27,1900
2019-01-02T10:07:42.000000,9.27,9.27,9.27,9.27,500
2019-01-02T10:07:43.000000,9.28,9.28,9.27,9.27,2000
2019-01-02T10:07:45.000000,9.27,9.27,9.27,9.27,1000
2019-01-02T10:07:46.000000,9.27,9.27,9.27,9.27,200
2019-01-02T10:07:47.000000,9.27,9.27,9.27,9.27,34700
2019-01-02T10:07:48.000000,9.27,9.27,9.27,9.27,14000
2019-01-02T10:07:49.000000,9.27,9.27,9.27,9.27,2100
2019-01-02T10:07:50.000000,9.27,9.27,9.27,9.27,1000
2019-01-02T10:07:51.000000,9.27,9.27,9.27,9.27,200
2019-01-02T10:07:52.000000,9.27,9.28,9.27,9.28,3300
2019-01-02T10:07:53.000000,9.28,9.28,9.27,9.27,3000
2019-01-02T10:07:54.000000,9.27,9.27,9.27,9.27,4000
2019-01-02T10:07:56.000000,9.27,9.27,9.27,9.27,1100
2019-01-02T10:07:57.000000,9.27,9.27,9.27,9.27,75100
2019-01-02T10:07:58.000000,9.27,9.27,9.27,9.27,100
2019-01-02T10:08:00.000000,9.27,9.27,9.27,9.27,0
2019-01-02T10:08:01.000000,9.27,9.27,9.27,9.27,1100
2019-01-02T10:08:02.000000,9.27,9.27,9.27,9.27,13300
2019-01-02T10:08:03.000000,9.28,9.28,9.27,9.27,4000
2019-01-02T10:08:04.000000,9.27,9.27,9.27,9.27,11900
2019-01-02T10:08:06.000000,9.27,9.27,9.27,9.27,2000
2019-01-02T10:08:07.000000,9.27,9.27,9.27,9.27,1700
2019-01-02T10:08:08.000000,9.27,9.28,9.27,9.28,0
2019-01-02T10:08:09.000000,9.27,9.28,9.27,9.27,79700
2019-01-02T10:08:10.000000,9.27,9.27,9.27,9.27,800
2019-01-02T10:08:11.000000,9.27,9.28,9.27,9.27,9828
2019-01-02T10:08:12.000000,9.27,9.27,9.26,9.26,0
2019-01-02T10:08:13.000000,9.27,9.27,9.27,9.27,7000
2019-01-02T10:08:14.000000,9.27,9.27,9.27,9.27,9600
2019-01-02T10:08:15.000000,9.27,9.27,9.27,9.27,400
2019-01-02T10:08:16.000000,9.27,9.27,9.27,9.27,3600
2019-01-02T10:08:17.000000,9.27,9.27,9.27,9.27,300
2019-01-02T10:08:18.000000,9.27,9.27,9.27,9.27,37900
2019-01-02T10:08:19.000000,9.27,9.27,9.27,9.27,3000
2019-01-02T10:08:21.000000,9.27,9.27,9.27,9.27,100
2019-01-02T10:08:22.000000,9.27,9.27,9.27,9.27,1000
2019-01-02T10:08:23.000000,9.27,9.27,9.27,9.27,9600
2019-01-02T10:08:24.000000,9.27,9.27,9.27,9.27,5300
2019-01-02T10:08:25.000000,9.27,9.27,9.27,9.27,1700
2019-01-02T10:08:26.000000,9.27,9.27,9.27,9.27,18672
2019-01-02T10:08:27.000000,9.27,9.27,9.27,9.27,12500
2019-01-02T10:08:29.000000,9.27,9.27,9.27,9.27,1700
2019-01-02T10:08:30.000000,9.27,9.27,9.27,9.27,18000
2019-01-02T10:08:31.000000,9.27,9.28,9.27,9.28,500
2019-01-02T10:08:32.000000,9.27,9.27,9.27,9.27,0
2019-01-02T10:08:33.000000,9.27,9.27,9.27,9.27,500
2019-01-02T10:08:34.000000,9.27,9.27,9.27,9.27,7400
2019-01-02T10:08:35.000000,9.28,9.28,9.27,9.27,1000
2019-01-02T10:08:36.000000,9.27,9.27,9.27,9.27,2600
2019-01-02T10:08:37.000000,9.27,9.27,9.27,9.27,3000
2019-01-02T10:08:38.000000,9.27,9.27,9.27,9.27,5000
2019-01-02T10:08:39.000000,9.28,9.28,9.27,9.27,4000
2019-01-02T10:08:40.000000,9.27,9.27,9.27,9.27,15000
2019-01-02T10:08:41.000000,9.27,9.28,9.27,9.27,2500
2019-01-02T10:08:42.000000,9.27,9.27,9.27,9.27,3200
2019-01-02T10:08:44.000000,9.27,9.28,9.27,9.27,15000
2019-01-02T10:08:45.000000,9.27,9.27,9.27,9.27,1000
2019-01-02T10:08:46.000000,9.27,9.27,9.27,9.27,5000
2019-01-02T10:08:47.000000,9.27,9.27,9.27,9.27,6300
2019-01-02T10:08:48.000000,9.27,9.27,9.27,9.27,1000
2019-01-02T10:08:49.000000,9.27,9.27,9.27,9.27,500
2019-01-02T10:08:50.000000,9.27,9.27,9.27,9.27,600
2019-01-02T10:08:51.000000,9.27,9.27,9.27,9.27,0
2019-01-02T10:08:52.000000,9.27,9.27,9.27,9.27,0
2019-01-02T10:08:53.000000,9.27,9.28,9.27,9.27,400
2019-01-02T10:08:54.000000,9.27,9.28,9.27,9.28,0
2019-01-02T10:08:55.000000,9.27,9.28,9.27,9.27,1300
2019-01-02T10:08:56.000000,9.27,9.27,9.27,9.27,3500
2019-01-02T10:08:58.000000,9.27,9.27,9.27,9.27,21300
2019-01-02T10:08:59.000000,9.27,9.28,9.27,9.28,11300
2019-01-02T10:09:00.000000,9.27,9.27,9.27,9.27,400
2019-01-02T10:09:01.000000,9.27,9.27,9.27,9.27,23100
2019-01-02T10:09:02.000000,9.27,9.27,9.27,9.27,11100
2019-01-02T10:09:03.000000,9.27,9.27,9.27,9.27,200
2019-01-02T10:09:04.000000,9.27,9.27,9.27,9.27,44700
2019-01-02T10:09:05.000000,9.27,9.27,9.27,9.27,61700
2019-01-02T10:09:06.000000,9.27,9.28,9.27,9.28,0
2019-01-02T10:09:07.000000,9.27,9.27,9.27,9.27,12100
2019-01-02T10:09:08.000000,9.27,9.27,9.27,9.27,1600
2019-01-02T10:09:09.000000,9.27,9.28,9.27,9.27,500
2019-01-02T10:09:10.000000,9.27,9.28,9.27,9.27,1000
2019-01-02T10:09:11.000000,9.27,9.27,9.27,9.27,19200
2019-01-02T10:09:12.000000,9.27,9.28,9.27,9.28,0
2019-01-02T10:09:13.000000,9.27,9.28,9.27,9.28,0
2019-01-02T10:09:14.000000,9.27,9.28,9.27,9.28,600
2019-01-02T10:09:15.000000,9.27,9.27,9.27,9.27,17600
2019-01-02T10:09:16.000000,9.28,9.28,9.27,9.27,0
2019-01-02T10:09:17.000000,9.27,9.28,9.27,9.27,5000
2019-01-02T10:09:19.000000,9.27,9.27,9.27,9.27,26700
2019-01-02T10:09:20.000000,9.28,9.28,9.27,9.27,0
2019-01-02T10:09:21.000000,9.27,9.27,9.27,9.27,0
2019-01-02T10:09:22.000000,9.27,9.27,9.27,9.27,21900
2019-01-02T10:09:23.000000,9.27,9.27,9.27,9.27,7600
2019-01-02T10:09:24.000000,9.27,9.28,9.27,9.27,20000
2019-01-02T10:09:25.000000,9.27,9.28,9.27,9.28,0
2019-01-02T10:09:26.000000,9.27,9.27,9.27,9.27,148800
2019-01-02T10:09:27.000000,9.28,9.28,9.27,9.27,3000
2019-01-02T10:09:28.000000,9.28,9.28,9.27,9.27,18800
2019-01-02T10:09:30.000000,9.27,9.27,9.27,9.27,20200
2019-01-02T10:09:32.000000,9.27,9.27,9.27,9.27,10500
2019-01-02T10:09:33.000000,9.27,9.28,9.27,9.28,0
2019-01-02T10:09:34.000000,9.27,9.27,9.27,9.27,2400
2019-01-02T10:09:36.000000,9.27,9.28,9.27,9.28,0
2019-01-02T10:09:37.000000,9.27,9.27,9.27,9.27,800
2019-01-02T10:09:38.000000,9.27,9.27,9.27,9.27,13300
2019-01-02T10:09:40.000000,9.27,9.27,9.27,9.27,2000
2019-01-02T10:09:41.000000,9.27,9.28,9.27,9.28,1000
2019-01-02T10:09:43.000000,9.27,9.27,9.27,9.27,2000
2019-01-02T10:09:44.000000,9.27,9.27,9.27,9.27,38300
2019-01-02T10:09:45.000000,9.27,9.27,9.27,9.27,2000
2019-01-02T10:09:46.000000,9.27,9.27,9.27,9.27,10000
2019-01-02T10:09:47.000000,9.27,9.27,9.27,9.27,1300
2019-01-02T10:09:49.000000,9.27,9.28,9.27,9.28,3600
2019-01-02T10:09:50.000000,9.27,9.28,9.27,9.27,35000
2019-01-02T10:09:51.000000,9.27,9.27,9.27,9.27,10700
2019-01-02T10:09:52.000000,9.27,9.27,9.27,9.27,18200
2019-01-02T10:09:53.000000,9.27,9.27,9.27,9.27,10000
2019-01-02T10:09:54.000000,9.27,9.27,9.27,9.27,1500
2019-01-02T10:09:55.000000,9.27,9.27,9.27,9.27,10000
2019-01-02T10:09:56.000000,9.27,9.27,9.27,9.27,2000
2019-01-02T10:09:57.000000,9.27,9.27,9.27,9.27,1000
2019-01-02T10:09:58.000000,9.27,9.27,9.27,9.27,305000
2019-01-02T10:09:59.000000,9.27,9.27,9.27,9.27,3200
2019-01-02T10:10:00.000000,9.27,9.27,9.27,9.27,2100
2019-01-02T10:10:01.000000,9.27,9.28,9.27,9.28,0
2019-01-02T10:10:02.000000,9.27,9.28,9.27,9.28,0
2019-01-02T10:10:03.000000,9.27,9.27,9.27,9.27,2700
2019-01-02T10:10:04.000000,9.27,9.28,9.27,9.28,700
2019-01-02T10:10:05.000000,9.27,9.27,9.27,9.27,16500
2019-01-02T10:10:06.000000,9.27,9.28,9.27,9.27,21400
2019-01-02T10:10:08.000000,9.27,9.27,9.27,9.27,15000
2019-01-02T10:10:09.000000,9.27,9.27,9.27,9.27,13900
2019-01-02T10:10:10.000000,9.27,9.27,9.27,9.27,0
2019-01-02T10:10:11.000000,9.27,9.27,9.27,9.27,900
2019-01-02T10:10:12.000000,9.27,9.28,9.27,9.27,600
2019-01-02T10:10:14.000000,9.28,9.28,9.27,9.27,50200
2019-01-02T10:10:15.000000,9.27,9.27,9.27,9.27,1100
2019-01-02T10:10:16.000000,9.27,9.28,9.27,9.27,11800
2019-01-02T10:10:17.000000,9.27,9.27,9.27,9.27,0
2019-01-02T10:10:18.000000,9.27,9.27,9.27,9.27,300
2019-01-02T10:10:19.000000,9.27,9.27,9.27,9.27,800
2019-01-02T10:10:20.000000,9.27,9.28,9.27,9.28,100
2019-01-02T10:10:21.000000,9.27,9.27,9.26,9.26,14448
2019-01-02T10:10:22.000000,9.27,9.27,9.27,9.27,3800
2019-01-02T10:10:23.000000,9.27,9.27,9.27,9.27,7800
2019-01-02T10:10:24.000000,9.27,9.27,9.27,9.27,1300
2019-01-02T10:10:25.000000,9.27,9.27,9.27,9.27,1700
2019-01-02T10:10:27.000000,9.27,9.27,9.26,9.26,6700
2019-01-02T10:10:28.000000,9.27,9.27,9.27,9.27,22700
2019-01-02T10:10:29.000000,9.27,9.27,9.26,9.27,1000
2019-01-02T10:10:30.000000,9.27,9.27,9.27,9.27,26720
2019-01-02T10:10:31.000000,9.27,9.27,9.27,9.27,22700
2019-01-02T10:10:32.000000,9.27,9.27,9.27,9.27,5000
2019-01-02T10:10:33.000000,9.27,9.27,9.27,9.27,4300
2019-01-02T10:10:34.000000,9.26,9.27,9.26,9.26,0
2019-01-02T10:10:35.000000,9.27,9.27,9.27,9.27,23800
2019-01-02T10:10:36.000000,9.27,9.27,9.27,9.27,15000
2019-01-02T10:10:37.000000,9.27,9.27,9.27,9.27,1000
2019-01-02T10:10:38.000000,9.27,9.27,9.26,9.27,2500
2019-01-02T10:10:39.000000,9.27,9.27,9.26,9.27,11200
2019-01-02T10:10:40.000000,9.27,9.27,9.27,9.27,3800
2019-01-02T10:10:41.000000,9.27,9.27,9.27,9.27,5000
2019-01-02T10:10:42.000000,9.27,9.27,9.27,9.27,2000
2019-01-02T10:10:45.000000,9.27,9.27,9.27,9.27,1200
2019-01-02T10:10:46.000000,9.27,9.27,9.27,9.27,47600
2019-01-02T10:10:47.000000,9.27,9.27,9.27,9.27,13000
2019-01-02T10:10:48.000000,9.27,9.27,9.27,9.27,800
2019-01-02T10:10:49.000000,9.27,9.27,9.26,9.27,10400
2019-01-02T10:10:50.000000,9.27,9.27,9.27,9.27,10200
2019-01-02T10:10:51.000000,9.27,9.27,9.27,9.27,7400
2019-01-02T10:10:52.000000,9.27,9.27,9.27,9.27,2200
2019-01-02T10:10:53.000000,9.27,9.27,9.27,9.27,2300
2019-01-02T10:10:54.000000,9.27,9.27,9.27,9.27,1700
2019-01-02T10:10:55.000000,9.27,9.27,9.27,9.27,400
2019-01-02T10:10:56.000000,9.27,9.27,9.27,9.27,40300
2019-01-02T10:10:57.000000,9.27,9.27,9.27,9.27,200
2019-01-02T10:10:58.000000,9.27,9.27,9.27,9.27,4200
2019-01-02T10:10:59.000000,9.27,9.27,9.27,9.27,0
2019-01-02T10:11:00.000000,9.27,9.27,9.26,9.27,0
2019-01-02T10:11:01.000000,9.27,9.27,9.27,9.27,500
2019-01-02T10:11:02.000000,9.27,9.27,9.27,9.27,2000
2019-01-02T10:11:03.000000,9.27,9.27,9.27,9.27,10200
2019-01-02T10:11:04.000000,9.27,9.27,9.27,9.27,2100
2019-01-02T10:11:05.000000,9.27,9.27,9.26,9.26,0
2019-01-02T10:11:06.000000,9.27,9.27,9.27,9.27,2200
2019-01-02T10:11:07.000000,9.27,9.27,9.26,9.27,6400
2019-01-02T10:11:08.000000,9.27,9.27,9.27,9.27,17200
2019-01-02T10:11:10.000000,9.27,9.27,9.27,9.27,1500
2019-01-02T10:11:11.000000,9.27,9.27,9.26,9.26,60200
2019-01-02T10:11:12.000000,9.27,9.27,9.27,9.27,1400
2019-01-02T10:11:13.000000,9.27,9.27,9.26,9.26,2000
2019-01-02T10:11:14.000000,9.27,9.27,9.27,9.27,500
2019-01-02T10:11:15.000000,9.27,9.27,9.26,9.27,230200
2019-01-02T10:11:16.000000,9.27,9.27,9.27,9.27,4800
2019-01-02T10:11:17.000000,9.27,9.27,9.26,9.27,200
2019-01-02T10:11:18.000000,9.27,9.27,9.27,9.27,700
2019-01-02T10:11:19.000000,9.27,9.27,9.27,9.27,7200
2019-01-02T10:11:20.000000,9.27,9.27,9.27,9.27,600
2019-01-02T10:11:21.000000,9.27,9.27,9.27,9.27,1000
2019-01-02T10:11:22.000000,9.27,9.27,9.26,9.26,2000
2019-01-02T10:11:23.000000,9.27,9.27,9.27,9.27,100
2019-01-02T10:11:24.000000,9.27,9.27,9.26,9.26,0
2019-01-02T10:11:25.000000,9.26,9.27,9.26,9.27,0
2019-01-02T10:11:26.000000,9.27,9.27,9.27,9.27,5000
2019-01-02T10:11:28.000000,9.27,9.27,9.27,9.27,1700
2019-01-02T10:11:29.000000,9.27,9.27,9.26,9.26,0
2019-01-02T10:11:30.000000,9.27,9.27,9.26,9.27,8800
2019-01-02T10:11:31.000000,9.26,9.27,9.26,9.27,3800
2019-01-02T10:11:32.000000,9.27,9.27,9.26,9.27,2500
2019-01-02T10:11:33.000000,9.27,9.27,9.26,9.27,8900
2019-01-02T10:11:34.000000,9.27,9.27,9.26,9.27,5700
2019-01-02T10:11:35.000000,9.27,9.27,9.26,9.27,2000
2019-01-02T10:11:36.000000,9.27,9.27,9.26,9.26,17000
2019-01-02T10:11:37.000000,9.27,9.27,9.26,9.27,7300
2019-01-02T10:11:38.000000,9.27,9.27,9.27,9.27,700
2019-01-02T10:11:39.000000,9.27,9.27,9.27,9.27,31000
2019-01-02T10:11:40.000000,9.27,9.27,9.27,9.27,500
2019-01-02T10:11:41.000000,9.27,9.27,9.26,9.26,4100
2019-01-02T10:11:42.000000,9.27,9.27,9.26,9.26,0
2019-01-02T10:11:43.000000,9.26,9.27,9.26,9.27,0
2019-01-02T10:11:44.000000,9.27,9.27,9.26,9.27,6600
2019-01-02T10:11:45.000000,9.27,9.27,9.26,9.27,12400
2019-01-02T10:11:46.000000,9.26,9.27,9.26,9.27,1600
2019-01-02T10:11:47.000000,9.27,9.27,9.25,9.26,4900
2019-01-02T10:11:48.000000,9.26,9.27,9.25,9.27,21900
2019-01-02T10:11:49.000000,9.27,9.27,9.26,9.26,1000
2019-01-02T10:11:50.000000,9.27,9.27,9.27,9.27,28800
2019-01-02T10:11:51.000000,9.27,9.27,9.26,9.27,13000
2019-01-02T10:11:52.000000,9.27,9.27,9.26,9.27,14100
2019-01-02T10:11:53.000000,9.27,9.27,9.27,9.27,6900
2019-01-02T10:11:54.000000,9.26,9.27,9.26,9.27,1100
2019-01-02T10:11:55.000000,9.27,9.27,9.25,9.25,3200
2019-01-02T10:11:56.000000,9.25,9.25,9.25,9.25,1100
2019-01-02T10:11:57.000000,9.25,9.25,9.25,9.25,19000
2019-01-02T10:11:58.000000,9.25,9.25,9.25,9.25,2000
2019-01-02T10:11:59.000000,9.25,9.25,9.25,9.25,11900
2019-01-02T10:12:00.000000,9.25,9.25,9.25,9.25,10000
2019-01-02T10:12:01.000000,9.25,9.25,9.25,9.25,4000
2019-01-02T10:12:02.000000,9.25,9.25,9.25,9.25,1900
2019-01-02T10:12:03.000000,9.25,9.25,9.25,9.25,34300
2019-01-02T10:12:04.000000,9.25,9.25,9.25,9.25,2200
2019-01-02T10:12:05.000000,9.25,9.25,9.25,9.25,1000
2019-01-02T10:12:06.000000,9.25,9.25,9.25,9.25,6100
2019-01-02T10:12:08.000000,9.25,9.25,9.25,9.25,6900
2019-01-02T10:12:09.000000,9.25,9.25,9.25,9.25,41400
2019-01-02T10:12:10.000000,9.25,9.26,9.25,9.25,100
2019-01-02T10:12:11.000000,9.25,9.25,9.25,9.25,2700
2019-01-02T10:12:12.000000,9.25,9.25,9.25,9.25,43700
2019-01-02T10:12:13.000000,9.25,9.26,9.25,9.25,22800
2019-01-02T10:12:14.000000,9.25,9.25,9.25,9.25,8900
2019-01-02T10:12:15.000000,9.25,9.25,9.25,9.25,5000
2019-01-02T10:12:16.000000,9.25,9.25,9.25,9.25,3000
2019-01-02T10:12:17.000000,9.25,9.25,9.25,9.25,4000
2019-01-02T10:12:18.000000,9.25,9.25,9.25,9.25,10800
2019-01-02T10:12:19.000000,9.25,9.25,9.25,9.25,1400
2019-01-02T10:12:20.000000,9.25,9.25,9.25,9.25,1000
2019-01-02T10:12:21.000000,9.25,9.25,9.25,9.25,19000
2019-01-02T10:12:22.000000,9.25,9.25,9.25,9.25,1500
2019-01-02T10:12:23.000000,9.25,9.25,9.25,9.25,5900
2019-01-02T10:12:24.000000,9.25,9.25,9.25,9.25,37800
2019-01-02T10:12:25.000000,9.25,9.26,9.25,9.25,1500
2019-01-02T10:12:26.000000,9.25,9.25,9.25,9.25,1300
2019-01-02T10:12:27.000000,9.25,9.25,9.25,9.25,14700
2019-01-02T10:12:28.000000,9.25,9.25,9.25,9.25,10400
2019-01-02T10:12:29.000000,9.25,9.25,9.25,9.25,19900
2019-01-02T10:12:30.000000,9.25,9.25,9.25,9.25,17700
2019-01-02T10:12:31.000000,9.25,9.25,9.25,9.25,11600
2019-01-02T10:12:32.000000,9.25,9.26,9.25,9.25,10500
2019-01-02T10:12:33.000000,9.25,9.25,9.25,9.25,11800
2019-01-02T10:12:34.000000,9.25,9.25,9.25,9.25,600
2019-01-02T10:12:35.000000,9.25,9.25,9.25,9.25,9800
2019-01-02T10:12:36.000000,9.25,9.25,9.25,9.25,56300
2019-01-02T10:12:37.000000,9.25,9.25,9.25,9.25,12400
2019-01-02T10:12:38.000000,9.25,9.25,9.25,9.25,2500
2019-01-02T10:12:39.000000,9.25,9.25,9.25,9.25,99300
2019-01-02T10:12:40.000000,9.25,9.26,9.25,9.25,6900
2019-01-02T10:12:41.000000,9.25,9.25,9.25,9.25,8800
2019-01-02T10:12:42.000000,9.25,9.25,9.25,9.25,16600
2019-01-02T10:12:44.000000,9.25,9.26,9.25,9.26,37700
2019-01-02T10:12:45.000000,9.25,9.25,9.25,9.25,36700
2019-01-02T10:12:46.000000,9.25,9.25,9.25,9.25,4400
2019-01-02T10:12:47.000000,9.25,9.25,9.25,9.25,0
2019-01-02T10:12:48.000000,9.25,9.25,9.25,9.25,6000
2019-01-02T10:12:49.000000,9.25,9.25,9.25,9.25,6500
2019-01-02T10:12:50.000000,9.25,9.25,9.25,9.25,0
2019-01-02T10:12:51.000000,9.25,9.25,9.25,9.25,6300
2019-01-02T10:12:52.000000,9.25,9.25,9.25,9.25,10200
2019-01-02T10:12:53.000000,9.25,9.25,9.25,9.25,5900
2019-01-02T10:12:54.000000,9.25,9.26,9.25,9.25,6600
2019-01-02T10:12:55.000000,9.25,9.25,9.25,9.25,4100
2019-01-02T10:12:56.000000,9.25,9.25,9.25,9.25,11500
2019-01-02T10:12:57.000000,9.25,9.25,9.25,9.25,42500
2019-01-02T10:12:58.000000,9.25,9.25,9.25,9.25,2300
2019-01-02T10:12:59.000000,9.25,9.25,9.25,9.25,5400
2019-01-02T10:13:00.000000,9.25,9.25,9.25,9.25,3800
2019-01-02T10:13:01.000000,9.25,9.25,9.25,9.25,2700
2019-01-02T10:13:02.000000,9.25,9.26,9.25,9.25,2200
2019-01-02T10:13:03.000000,9.25,9.26,9.25,9.26,3700
2019-01-02T10:13:04.000000,9.25,9.25,9.25,9.25,3800
2019-01-02T10:13:05.000000,9.25,9.25,9.25,9.25,100
2019-01-02T10:13:06.000000,9.25,9.25,9.25,9.25,33100
2019-01-02T10:13:07.000000,9.25,9.25,9.25,9.25,13300
2019-01-02T10:13:08.000000,9.25,9.25,9.25,9.25,700
2019-01-02T10:13:09.000000,9.25,9.25,9.25,9.25,3000
2019-01-02T10:13:10.000000,9.25,9.25,9.25,9.25,20000
2019-01-02T10:13:11.000000,9.25,9.25,9.25,9.25,8200
2019-01-02T10:13:12.000000,9.25,9.25,9.25,9.25,55900
2019-01-02T10:13:13.000000,9.25,9.26,9.25,9.25,8400
2019-01-02T10:13:14.000000,9.25,9.26,9.25,9.25,2700
2019-01-02T10:13:15.000000,9.25,9.25,9.25,9.25,19600
2019-01-02T10:13:16.000000,9.25,9.26,9.25,9.26,400
2019-01-02T10:13:17.000000,9.25,9.25,9.25,9.25,4500
2019-01-02T10:13:18.000000,9.25,9.25,9.25,9.25,6000
2019-01-02T10:13:19.000000,9.25,9.25,9.25,9.25,5700
2019-01-02T10:13:20.000000,9.25,9.25,9.25,9.25,5000
2019-01-02T10:13:21.000000,9.25,9.25,9.25,9.25,2200
2019-01-02T10:13:23.000000,9.25,9.26,9.25,9.25,3800
2019-01-02T10:13:24.000000,9.25,9.26,9.25,9.25,1200
2019-01-02T10:13:25.000000,9.25,9.25,9.25,9.25,3100
2019-01-02T10:13:26.000000,9.25,9.25,9.25,9.25,42900
2019-01-02T10:13:27.000000,9.25,9.25,9.25,9.25,1900
2019-01-02T10:13:28.000000,9.25,9.26,9.25,9.25,3900
2019-01-02T10:13:29.000000,9.25,9.26,9.25,9.25,2300
2019-01-02T10:13:30.000000,9.25,9.26,9.25,9.25,7900
2019-01-02T10:13:31.000000,9.25,9.25,9.25,9.25,48400
2019-01-02T10:13:32.000000,9.25,9.26,9.25,9.25,17500
2019-01-02T10:13:33.000000,9.25,9.26,9.25,9.25,22300
2019-01-02T10:13:34.000000,9.25,9.25,9.24,9.25,2400
2019-01-02T10:13:35.000000,9.25,9.25,9.24,9.25,7100
2019-01-02T10:13:36.000000,9.25,9.25,9.25,9.25,40100
2019-01-02T10:13:37.000000,9.25,9.25,9.25,9.25,1800
2019-01-02T10:13:38.000000,9.25,9.25,9.25,9.25,11600
2019-01-02T10:13:39.000000,9.25,9.25,9.25,9.25,10400
2019-01-02T10:13:40.000000,9.25,9.25,9.25,9.25,41900
2019-01-02T10:13:41.000000,9.25,9.26,9.25,9.25,19300
2019-01-02T10:13:42.000000,9.25,9.25,9.25,9.25,1800
2019-01-02T10:13:43.000000,9.25,9.25,9.25,9.25,10800
2019-01-02T10:13:44.000000,9.25,9.25,9.25,9.25,9000
2019-01-02T10:13:45.000000,9.25,9.25,9.25,9.25,7100
2019-01-02T10:13:46.000000,9.25,9.25,9.24,9.25,3000
2019-01-02T10:13:47.000000,9.25,9.25,9.25,9.25,14600
2019-01-02T10:13:48.000000,9.25,9.25,9.25,9.25,200000
2019-01-02T10:13:49.000000,9.25,9.25,9.25,9.25,3400
2019-01-02T10:13:50.000000,9.25,9.25,9.25,9.25,14100
2019-01-02T10:13:51.000000,9.25,9.25,9.25,9.25,2000
2019-01-02T10:13:52.000000,9.25,9.25,9.25,9.25,10500
2019-01-02T10:13:53.000000,9.25,9.25,9.25,9.25,3300
2019-01-02T10:13:54.000000,9.25,9.25,9.25,9.25,44900
2019-01-02T10:13:55.000000,9.25,9.25,9.25,9.25,11700
2019-01-02T10:13:56.000000,9.25,9.25,9.25,9.25,5400
2019-01-02T10:13:57.000000,9.25,9.25,9.24,9.24,26800
2019-01-02T10:13:58.000000,9.25,9.25,9.25,9.25,4500
2019-01-02T10:13:59.000000,9.25,9.25,9.25,9.25,6100
2019-01-02T10:14:00.000000,9.25,9.25,9.25,9.25,33600
2019-01-02T10:14:02.000000,9.25,9.25,9.25,9.25,12600
2019-01-02T10:14:03.000000,9.25,9.25,9.25,9.25,10000
2019-01-02T10:14:04.000000,9.25,9.25,9.25,9.25,10000
2019-01-02T10:14:05.000000,9.25,9.25,9.24,9.25,42500
2019-01-02T10:14:06.000000,9.25,9.25,9.25,9.25,120400
2019-01-02T10:14:07.000000,9.25,9.25,9.25,9.25,67400
2019-01-02T10:14:08.000000,9.25,9.25,9.24,9.24,300
2019-01-02T10:14:09.000000,9.25,9.25,9.25,9.25,68500
2019-01-02T10:14:10.000000,9.25,9.25,9.25,9.25,21300
2019-01-02T10:14:11.000000,9.25,9.25,9.25,9.25,58500
2019-01-02T10:14:12.000000,9.25,9.25,9.24,9.25,3000
2019-01-02T10:14:13.000000,9.25,9.25,9.25,9.25,5000
2019-01-02T10:14:14.000000,9.25,9.25,9.24,9.25,1500
2019-01-02T10:14:15.000000,9.25,9.25,9.25,9.25,100
2019-01-02T10:14:16.000000,9.25,9.25,9.25,9.25,1300
2019-01-02T10:14:17.000000,9.25,9.25,9.25,9.25,47900
2019-01-02T10:14:18.000000,9.25,9.25,9.25,9.25,19000
2019-01-02T10:14:19.000000,9.25,9.25,9.24,9.25,2000
2019-01-02T10:14:20.000000,9.25,9.25,9.25,9.25,68200
2019-01-02T10:14:21.000000,9.25,9.25,9.24,9.25,900
2019-01-02T10:14:22.000000,9.25,9.25,9.25,9.25,8000
2019-01-02T10:14:23.000000,9.25,9.25,9.24,9.25,2200
2019-01-02T10:14:24.000000,9.25,9.25,9.25,9.25,1900
2019-01-02T10:14:25.000000,9.25,9.25,9.25,9.25,10300
2019-01-02T10:14:26.000000,9.25,9.25,9.24,9.25,4200
2019-01-02T10:14:27.000000,9.25,9.25,9.25,9.25,17200
2019-01-02T10:14:28.000000,9.25,9.25,9.25,9.25,19900
2019-01-02T10:14:29.000000,9.25,9.25,9.25,9.25,11200
2019-01-02T10:14:30.000000,9.25,9.25,9.24,9.25,12000
2019-01-02T10:14:31.000000,9.25,9.25,9.24,9.25,3700
2019-01-02T10:14:32.000000,9.25,9.25,9.25,9.25,89800
2019-01-02T10:14:33.000000,9.25,9.25,9.24,9.25,5900
2019-01-02T10:14:34.000000,9.24,9.25,9.24,9.25,2600
2019-01-02T10:14:35.000000,9.25,9.25,9.25,9.25,72900
2019-01-02T10:14:36.000000,9.25,9.25,9.25,9.25,15900
2019-01-02T10:14:37.000000,9.25,9.25,9.24,9.25,17100
2019-01-02T10:14:38.000000,9.25,9.25,9.25,9.25,203000
2019-01-02T10:14:39.000000,9.25,9.25,9.25,9.25,4600
2019-01-02T10:14:40.000000,9.25,9.25,9.25,9.25,1700
2019-01-02T10:14:41.000000,9.25,9.25,9.24,9.25,16900
2019-01-02T10:14:42.000000,9.25,9.25,9.24,9.25,3000
2019-01-02T10:14:43.000000,9.25,9.25,9.25,9.25,3000
2019-01-02T10:14:44.000000,9.25,9.25,9.25,9.25,2600
2019-01-02T10:14:45.000000,9.25,9.25,9.24,9.25,1600
2019-01-02T10:14:47.000000,9.25,9.25,9.25,9.25,2000
2019-01-02T10:14:48.000000,9.25,9.25,9.25,9.25,4700
2019-01-02T10:14:49.000000,9.25,9.25,9.25,9.25,6000
2019-01-02T10:14:50.000000,9.25,9.25,9.25,9.25,14600
2019-01-02T10:14:51.000000,9.25,9.25,9.25,9.25,5900
2019-01-02T10:14:52.000000,9.25,9.25,9.25,9.25,10300
2019-01-02T10:14:53.000000,9.24,9.25,9.24,9.25,7400
2019-01-02T10:14:54.000000,9.25,9.25,9.25,9.25,1300
2019-01-02T10:14:55.000000,9.25,9.25,9.25,9.25,100
2019-01-02T10:14:56.000000,9.25,9.25,9.25,9.25,9800
2019-01-02T10:14:57.000000,9.25,9.25,9.25,9.25,15700
2019-01-02T10:14:58.000000,9.25,9.25,9.25,9.25,12500
2019-01-02T10:14:59.000000,9.25,9.25,9.25,9.25,7000
2019-01-02T10:15:00.000000,9.25,9.25,9.25,9.25,14700
2019-01-02T10:15:01.000000,9.25,9.25,9.25,9.25,8900
2019-01-02T10:15:02.000000,9.25,9.25,9.25,9.25,2900
2019-01-02T10:15:03.000000,9.25,9.25,9.24,9.24,4000
2019-01-02T10:15:04.000000,9.25,9.25,9.25,9.25,11400
2019-01-02T10:15:05.000000,9.25,9.25,9.24,9.25,8900
2019-01-02T10:15:06.000000,9.25,9.25,9.25,9.25,1000
2019-01-02T10:15:07.000000,9.25,9.25,9.24,9.25,5300
2019-01-02T10:15:08.000000,9.25,9.25,9.25,9.25,17400
2019-01-02T10:15:09.000000,9.25,9.25,9.25,9.25,7000
2019-01-02T10:15:10.000000,9.25,9.25,9.24,9.24,4300
2019-01-02T10:15:11.000000,9.25,9.25,9.25,9.25,5600
2019-01-02T10:15:12.000000,9.25,9.25,9.24,9.25,4600
2019-01-02T10:15:13.000000,9.25,9.25,9.25,9.25,13900
2019-01-02T10:15:14.000000,9.25,9.25,9.24,9.24,15000
2019-01-02T10:15:15.000000,9.25,9.25,9.25,9.25,40600
2019-01-02T10:15:16.000000,9.25,9.25,9.25,9.25,10700
2019-01-02T10:15:17.000000,9.25,9.25,9.25,9.25,2000
2019-01-02T10:15:18.000000,9.25,9.25,9.25,9.25,5500
2019-01-02T10:15:19.000000,9.25,9.25,9.25,9.25,9500
2019-01-02T10:15:20.000000,9.25,9.25,9.25,9.25,5600
2019-01-02T10:15:21.000000,9.25,9.25,9.25,9.25,2900
2019-01-02T10:15:22.000000,9.25,9.25,9.25,9.25,11700
2019-01-02T10:15:23.000000,9.25,9.25,9.24,9.25,400
2019-01-02T10:15:24.000000,9.25,9.25,9.25,9.25,6200
2019-01-02T10:15:25.000000,9.25,9.25,9.24,9.24,8100
2019-01-02T10:15:26.000000,9.25,9.25,9.25,9.25,2000
2019-01-02T10:15:27.000000,9.25,9.25,9.24,9.25,300
2019-01-02T10:15:28.000000,9.25,9.25,9.25,9.25,2100
2019-01-02T10:15:29.000000,9.25,9.25,9.25,9.25,11900
2019-01-02T10:15:30.000000,9.25,9.25,9.25,9.25,2300
2019-01-02T10:15:31.000000,9.25,9.25,9.25,9.25,16000
2019-01-02T10:15:32.000000,9.25,9.25,9.25,9.25,7000
2019-01-02T10:15:33.000000,9.25,9.25,9.25,9.25,9000
2019-01-02T10:15:34.000000,9.25,9.25,9.24,9.25,11000
2019-01-02T10:15:35.000000,9.25,9.25,9.24,9.24,15100
2019-01-02T10:15:36.000000,9.25,9.25,9.24,9.25,10800
2019-01-02T10:15:37.000000,9.25,9.25,9.25,9.25,7500
2019-01-02T10:15:38.000000,9.25,9.25,9.25,9.25,3100
2019-01-02T10:15:39.000000,9.25,9.25,9.25,9.25,5800
2019-01-02T10:15:40.000000,9.25,9.25,9.24,9.24,1100
2019-01-02T10:15:41.000000,9.25,9.25,9.25,9.25,5000
2019-01-02T10:15:42.000000,9.25,9.25,9.24,9.25,12500
2019-01-02T10:15:43.000000,9.25,9.25,9.24,9.24,2100
2019-01-02T10:15:44.000000,9.25,9.25,9.25,9.25,9200
2019-01-02T10:15:45.000000,9.25,9.25,9.25,9.25,300
2019-01-02T10:15:46.000000,9.25,9.25,9.25,9.25,1000
2019-01-02T10:15:47.000000,9.25,9.25,9.24,9.24,0
2019-01-02T10:15:48.000000,9.25,9.25,9.25,9.25,3000
2019-01-02T10:15:49.000000,9.25,9.25,9.25,9.25,4000
2019-01-02T10:15:50.000000,9.25,9.25,9.25,9.25,35100
2019-01-02T10:15:51.000000,9.25,9.25,9.25,9.25,16000
2019-01-02T10:15:52.000000,9.25,9.25,9.25,9.25,17500
2019-01-02T10:15:53.000000,9.25,9.25,9.24,9.25,10400
2019-01-02T10:15:54.000000,9.25,9.25,9.25,9.25,100
2019-01-02T10:15:55.000000,9.25,9.25,9.25,9.25,10600
2019-01-02T10:15:56.000000,9.25,9.25,9.25,9.25,14000
2019-01-02T10:15:57.000000,9.25,9.25,9.25,9.25,0
2019-01-02T10:15:58.000000,9.25,9.25,9.24,9.24,12400
2019-01-02T10:15:59.000000,9.25,9.25,9.25,9.25,7900
2019-01-02T10:16:00.000000,9.25,9.25,9.25,9.25,7200
2019-01-02T10:16:01.000000,9.25,9.25,9.25,9.25,2300
2019-01-02T10:16:02.000000,9.25,9.25,9.24,9.25,3100
2019-01-02T10:16:03.000000,9.25,9.25,9.25,9.25,62400
2019-01-02T10:16:04.000000,9.25,9.25,9.25,9.25,15000
2019-01-02T10:16:06.000000,9.25,9.25,9.24,9.25,12200
2019-01-02T10:16:07.000000,9.25,9.25,9.25,9.25,12400
2019-01-02T10:16:08.000000,9.25,9.25,9.25,9.25,2700
2019-01-02T10:16:09.000000,9.25,9.25,9.24,9.24,0
2019-01-02T10:16:10.000000,9.25,9.25,9.25,9.25,6400
2019-01-02T10:16:11.000000,9.25,9.25,9.25,9.25,1400
2019-01-02T10:16:12.000000,9.25,9.25,9.24,9.25,1000
2019-01-02T10:16:13.000000,9.25,9.25,9.24,9.25,5600
2019-01-02T10:16:14.000000,9.25,9.25,9.25,9.25,14500
2019-01-02T10:16:15.000000,9.25,9.25,9.25,9.25,3500
2019-01-02T10:16:16.000000,9.25,9.25,9.25,9.25,2000
2019-01-02T10:16:17.000000,9.25,9.25,9.25,9.25,4000
2019-01-02T10:16:18.000000,9.25,9.25,9.24,9.25,2100
2019-01-02T10:16:19.000000,9.25,9.25,9.25,9.25,10100
2019-01-02T10:16:20.000000,9.25,9.25,9.24,9.25,13200
2019-01-02T10:16:21.000000,9.25,9.25,9.25,9.25,7600
2019-01-02T10:16:22.000000,9.25,9.25,9.24,9.25,900
2019-01-02T10:16:23.000000,9.25,9.25,9.25,9.25,11100
2019-01-02T10:16:24.000000,9.25,9.25,9.24,9.25,13400
2019-01-02T10:16:25.000000,9.25,9.25,9.25,9.25,600
2019-01-02T10:16:26.000000,9.25,9.25,9.25,9.25,1600
2019-01-02T10:16:27.000000,9.25,9.25,9.25,9.25,6700
2019-01-02T10:16:28.000000,9.25,9.25,9.25,9.25,800
2019-01-02T10:16:29.000000,9.25,9.25,9.24,9.25,1100
2019-01-02T10:16:30.000000,9.25,9.25,9.25,9.25,7300
2019-01-02T10:16:31.000000,9.25,9.25,9.24,9.24,1500
2019-01-02T10:16:32.000000,9.25,9.25,9.25,9.25,1500
2019-01-02T10:16:33.000000,9.25,9.25,9.25,9.25,7600
2019-01-02T10:16:34.000000,9.25,9.25,9.25,9.25,23600
2019-01-02T10:16:35.000000,9.25,9.25,9.25,9.25,5400
2019-01-02T10:16:36.000000,9.25,9.25,9.25,9.25,7300
2019-01-02T10:16:37.000000,9.25,9.25,9.25,9.25,2000
2019-01-02T10:16:40.000000,9.24,9.25,9.24,9.25,0
2019-01-02T10:16:41.000000,9.25,9.25,9.25,9.25,22000
2019-01-02T10:16:42.000000,9.25,9.25,9.24,9.24,4200
2019-01-02T10:16:43.000000,9.25,9.25,9.25,9.25,4700
2019-01-02T10:16:44.000000,9.25,9.25,9.25,9.25,6100
2019-01-02T10:16:45.000000,9.25,9.25,9.25,9.25,43500
2019-01-02T10:16:46.000000,9.25,9.25,9.25,9.25,24400
2019-01-02T10:16:47.000000,9.25,9.25,9.24,9.25,1500
2019-01-02T10:16:48.000000,9.25,9.25,9.25,9.25,2600
2019-01-02T10:16:49.000000,9.25,9.25,9.25,9.25,51600
2019-01-02T10:16:50.000000,9.25,9.25,9.25,9.25,2000
2019-01-02T10:16:51.000000,9.25,9.25,9.25,9.25,20600
2019-01-02T10:16:52.000000,9.25,9.25,9.25,9.25,1000
2019-01-02T10:16:53.000000,9.25,9.25,9.24,9.25,5500
2019-01-02T10:16:54.000000,9.25,9.25,9.25,9.25,6200
2019-01-02T10:16:55.000000,9.25,9.25,9.25,9.25,6000
2019-01-02T10:16:56.000000,9.25,9.25,9.25,9.25,5200
2019-01-02T10:16:57.000000,9.25,9.25,9.25,9.25,500
2019-01-02T10:16:58.000000,9.25,9.25,9.25,9.25,6000
2019-01-02T10:16:59.000000,9.25,9.25,9.25,9.25,12700
2019-01-02T10:17:00.000000,9.25,9.25,9.25,9.25,1000
2019-01-02T10:17:01.000000,9.25,9.25,9.25,9.25,2600
2019-01-02T10:17:02.000000,9.25,9.25,9.25,9.25,4000
2019-01-02T10:17:03.000000,9.25,9.25,9.25,9.25,500
2019-01-02T10:17:04.000000,9.25,9.25,9.24,9.24,2800
2019-01-02T10:17:05.000000,9.25,9.25,9.25,9.25,3300
2019-01-02T10:17:06.000000,9.25,9.25,9.25,9.25,23500
2019-01-02T10:17:07.000000,9.25,9.25,9.24,9.25,5500
2019-01-02T10:17:08.000000,9.25,9.25,9.25,9.25,5500
2019-01-02T10:17:09.000000,9.25,9.25,9.25,9.25,2000
2019-01-02T10:17:10.000000,9.25,9.25,9.24,9.25,2500
2019-01-02T10:17:11.000000,9.25,9.25,9.24,9.25,3100
2019-01-02T10:17:12.000000,9.24,9.25,9.24,9.25,0
2019-01-02T10:17:13.000000,9.25,9.25,9.24,9.25,1600
2019-01-02T10:17:14.000000,9.25,9.25,9.25,9.25,1600
2019-01-02T10:17:15.000000,9.25,9.25,9.24,9.25,7400
2019-01-02T10:17:16.000000,9.25,9.25,9.25,9.25,10000
2019-01-02T10:17:17.000000,9.25,9.25,9.25,9.25,5000
2019-01-02T10:17:18.000000,9.25,9.25,9.24,9.25,2000
2019-01-02T10:17:19.000000,9.25,9.25,9.24,9.24,2000
2019-01-02T10:17:20.000000,9.24,9.25,9.24,9.25,20000
2019-01-02T10:17:21.000000,9.25,9.25,9.25,9.25,1300
2019-01-02T10:17:22.000000,9.25,9.25,9.24,9.24,2500
2019-01-02T10:17:23.000000,9.25,9.25,9.25,9.25,15800
2019-01-02T10:17:24.000000,9.25,9.25,9.24,9.25,100
2019-01-02T10:17:25.000000,9.25,9.25,9.25,9.25,15900
2019-01-02T10:17:26.000000,9.24,9.25,9.24,9.25,0
2019-01-02T10:17:27.000000,9.25,9.25,9.25,9.25,2300
2019-01-02T10:17:28.000000,9.25,9.25,9.25,9.25,7500
2019-01-02T10:17:29.000000,9.25,9.25,9.25,9.25,500
2019-01-02T10:17:30.000000,9.25,9.25,9.25,9.25,1400
2019-01-02T10:17:31.000000,9.25,9.25,9.25,9.25,100
2019-01-02T10:17:32.000000,9.25,9.25,9.24,9.25,6300
2019-01-02T10:17:33.000000,9.25,9.25,9.25,9.25,17100
2019-01-02T10:17:34.000000,9.25,9.25,9.25,9.25,7900
2019-01-02T10:17:36.000000,9.25,9.25,9.25,9.25,6000
2019-01-02T10:17:37.000000,9.25,9.25,9.24,9.25,8800
2019-01-02T10:17:38.000000,9.24,9.25,9.24,9.25,3000
2019-01-02T10:17:40.000000,9.25,9.25,9.25,9.25,300
2019-01-02T10:17:42.000000,9.25,9.25,9.24,9.24,1000
2019-01-02T10:17:43.000000,9.25,9.25,9.25,9.25,0
2019-01-02T10:17:44.000000,9.25,9.25,9.25,9.25,2100
2019-01-02T10:17:45.000000,9.25,9.25,9.25,9.25,1000
2019-01-02T10:17:46.000000,9.25,9.25,9.24,9.25,1300
2019-01-02T10:17:47.000000,9.25,9.25,9.25,9.25,100
2019-01-02T10:17:48.000000,9.25,9.25,9.24,9.25,2100
2019-01-02T10:17:50.000000,9.25,9.25,9.24,9.25,3900
2019-01-02T10:17:51.000000,9.25,9.25,9.24,9.25,4700
2019-01-02T10:17:52.000000,9.25,9.25,9.25,9.25,8700
2019-01-02T10:17:53.000000,9.25,9.25,9.25,9.25,3300
2019-01-02T10:17:54.000000,9.25,9.25,9.25,9.25,6000
2019-01-02T10:17:55.000000,9.25,9.25,9.25,9.25,700
2019-01-02T10:17:56.000000,9.25,9.25,9.25,9.25,9500
2019-01-02T10:17:57.000000,9.25,9.25,9.25,9.25,5100
2019-01-02T10:17:58.000000,9.25,9.25,9.25,9.25,700
2019-01-02T10:17:59.000000,9.25,9.25,9.24,9.25,1000
2019-01-02T10:18:01.000000,9.25,9.25,9.25,9.25,4700
2019-01-02T10:18:02.000000,9.25,9.25,9.25,9.25,28800
2019-01-02T10:18:03.000000,9.25,9.25,9.25,9.25,1300
2019-01-02T10:18:04.000000,9.25,9.25,9.25,9.25,2000
2019-01-02T10:18:05.000000,9.25,9.25,9.25,9.25,3000
2019-01-02T10:18:06.000000,9.25,9.25,9.25,9.25,13500
2019-01-02T10:18:07.000000,9.25,9.25,9.25,9.25,3600
2019-01-02T10:18:08.000000,9.25,9.25,9.25,9.25,6000
2019-01-02T10:18:09.000000,9.25,9.25,9.25,9.25,900
2019-01-02T10:18:10.000000,9.25,9.25,9.24,9.25,2300
2019-01-02T10:18:11.000000,9.25,9.25,9.25,9.25,6300
2019-01-02T10:18:12.000000,9.25,9.25,9.25,9.25,1300
2019-01-02T10:18:13.000000,9.24,9.25,9.24,9.25,11100
2019-01-02T10:18:14.000000,9.25,9.25,9.24,9.25,300
2019-01-02T10:18:15.000000,9.25,9.25,9.25,9.25,4000
2019-01-02T10:18:17.000000,9.25,9.25,9.25,9.25,13400
2019-01-02T10:18:18.000000,9.25,9.25,9.24,9.25,51900
2019-01-02T10:18:19.000000,9.25,9.25,9.25,9.25,3200
2019-01-02T10:18:20.000000,9.25,9.25,9.25,9.25,1600
2019-01-02T10:18:21.000000,9.25,9.25,9.24,9.25,300
2019-01-02T10:18:22.000000,9.25,9.25,9.25,9.25,1000
2019-01-02T10:18:23.000000,9.25,9.25,9.25,9.25,500
2019-01-02T10:18:24.000000,9.25,9.25,9.24,9.25,9500
2019-01-02T10:18:25.000000,9.25,9.25,9.25,9.25,7500
2019-01-02T10:18:26.000000,9.25,9.25,9.25,9.25,700
2019-01-02T10:18:27.000000,9.25,9.25,9.25,9.25,4800
2019-01-02T10:18:28.000000,9.25,9.25,9.25,9.25,3500
2019-01-02T10:18:29.000000,9.25,9.25,9.25,9.25,6800
2019-01-02T10:18:31.000000,9.25,9.25,9.25,9.25,4500
2019-01-02T10:18:32.000000,9.25,9.25,9.24,9.25,0
2019-01-02T10:18:33.000000,9.25,9.25,9.25,9.25,2700
2019-01-02T10:18:34.000000,9.25,9.25,9.25,9.25,1600
2019-01-02T10:18:35.000000,9.25,9.25,9.24,9.25,0
2019-01-02T10:18:36.000000,9.24,9.25,9.24,9.25,2000
2019-01-02T10:18:37.000000,9.25,9.25,9.24,9.24,4000
2019-01-02T10:18:38.000000,9.25,9.25,9.25,9.25,3700
2019-01-02T10:18:39.000000,9.25,9.25,9.25,9.25,200
2019-01-02T10:18:40.000000,9.25,9.25,9.25,9.25,1300
2019-01-02T10:18:41.000000,9.25,9.25,9.24,9.25,34400
2019-01-02T10:18:42.000000,9.25,9.25,9.24,9.25,38600
2019-01-02T10:18:43.000000,9.25,9.25,9.24,9.25,58400
2019-01-02T10:18:44.000000,9.25,9.25,9.24,9.25,13100
2019-01-02T10:18:45.000000,9.25,9.25,9.25,9.25,22400
2019-01-02T10:18:46.000000,9.25,9.25,9.24,9.25,202600
2019-01-02T10:18:47.000000,9.25,9.25,9.25,9.25,1200
2019-01-02T10:18:48.000000,9.25,9.25,9.25,9.25,700
2019-01-02T10:18:49.000000,9.25,9.25,9.25,9.25,1500
2019-01-02T10:18:50.000000,9.25,9.25,9.25,9.25,11000
2019-01-02T10:18:51.000000,9.25,9.25,9.25,9.25,1000
2019-01-02T10:18:52.000000,9.25,9.25,9.25,9.25,9700
2019-01-02T10:18:53.000000,9.24,9.25,9.24,9.24,0
2019-01-02T10:18:54.000000,9.25,9.25,9.24,9.24,3500
2019-01-02T10:18:55.000000,9.25,9.25,9.25,9.25,0
2019-01-02T10:18:56.000000,9.25,9.25,9.25,9.25,700
2019-01-02T10:18:57.000000,9.25,9.25,9.25,9.25,5300
2019-01-02T10:18:58.000000,9.25,9.25,9.25,9.25,13200
2019-01-02T10:18:59.000000,9.25,9.25,9.25,9.25,2500
2019-01-02T10:19:00.000000,9.25,9.25,9.25,9.25,13100
2019-01-02T10:19:01.000000,9.25,9.25,9.25,9.25,3100
2019-01-02T10:19:02.000000,9.25,9.25,9.25,9.25,5900
2019-01-02T10:19:03.000000,9.25,9.25,9.25,9.25,5000
2019-01-02T10:19:04.000000,9.25,9.25,9.25,9.25,200
2019-01-02T10:19:05.000000,9.25,9.25,9.24,9.24,400
2019-01-02T10:19:06.000000,9.25,9.25,9.25,9.25,5700
2019-01-02T10:19:07.000000,9.25,9.25,9.25,9.25,1200
2019-01-02T10:19:09.000000,9.25,9.25,9.25,9.25,13400
2019-01-02T10:19:10.000000,9.25,9.25,9.25,9.25,5000
2019-01-02T10:19:11.000000,9.25,9.25,9.25,9.25,100
2019-01-02T10:19:12.000000,9.24,9.25,9.24,9.25,0
2019-01-02T10:19:13.000000,9.25,9.25,9.25,9.25,0
2019-01-02T10:19:14.000000,9.25,9.25,9.25,9.25,0
2019-01-02T10:19:15.000000,9.25,9.25,9.24,9.25,1100
2019-01-02T10:19:16.000000,9.25,9.25,9.24,9.25,50100
2019-01-02T10:19:18.000000,9.25,9.25,9.25,9.25,1500
2019-01-02T10:19:19.000000,9.25,9.25,9.25,9.25,4400
2019-01-02T10:19:20.000000,9.24,9.25,9.24,9.25,3100
2019-01-02T10:19:23.000000,9.25,9.25,9.25,9.25,200
2019-01-02T10:19:24.000000,9.25,9.25,9.25,9.25,100
2019-01-02T10:19:25.000000,9.24,9.25,9.24,9.25,0
2019-01-02T10:19:27.000000,9.25,9.25,9.24,9.25,8600
2019-01-02T10:19:28.000000,9.25,9.25,9.25,9.25,0
2019-01-02T10:19:29.000000,9.25,9.25,9.25,9.25,31200
2019-01-02T10:19:31.000000,9.25,9.25,9.25,9.25,500
2019-01-02T10:19:32.000000,9.25,9.25,9.25,9.25,2100
2019-01-02T10:19:33.000000,9.25,9.25,9.25,9.25,4500
2019-01-02T10:19:34.000000,9.25,9.25,9.25,9.25,3000
2019-01-02T10:19:36.000000,9.25,9.25,9.25,9.25,3100
2019-01-02T10:19:38.000000,9.25,9.25,9.25,9.25,600
2019-01-02T10:19:39.000000,9.25,9.25,9.24,9.25,700
2019-01-02T10:19:40.000000,9.25,9.25,9.25,9.25,2100
2019-01-02T10:19:41.000000,9.25,9.25,9.25,9.25,5000
2019-01-02T10:19:42.000000,9.24,9.25,9.24,9.25,0
2019-01-02T10:19:43.000000,9.25,9.25,9.25,9.25,500
2019-01-02T10:19:44.000000,9.25,9.25,9.25,9.25,1000
2019-01-02T10:19:45.000000,9.25,9.25,9.25,9.25,5300
2019-01-02T10:19:46.000000,9.25,9.25,9.25,9.25,2000
2019-01-02T10:19:48.000000,9.25,9.25,9.25,9.25,1000
2019-01-02T10:19:49.000000,9.25,9.25,9.25,9.25,4900
2019-01-02T10:19:50.000000,9.25,9.25,9.24,9.25,3800
2019-01-02T10:19:51.000000,9.25,9.25,9.25,9.25,0
2019-01-02T10:19:52.000000,9.25,9.25,9.25,9.25,5000
2019-01-02T10:19:53.000000,9.25,9.25,9.25,9.25,14700
2019-01-02T10:19:54.000000,9.25,9.25,9.25,9.25,7500
2019-01-02T10:19:55.000000,9.25,9.25,9.25,9.25,0
2019-01-02T10:19:56.000000,9.25,9.25,9.25,9.25,5900
2019-01-02T10:19:57.000000,9.25,9.25,9.25,9.25,500
2019-01-02T10:19:58.000000,9.25,9.25,9.25,9.25,1500
2019-01-02T10:19:59.000000,9.25,9.25,9.25,9.25,1800
2019-01-02T10:20:00.000000,9.25,9.25,9.25,9.25,1400
2019-01-02T10:20:01.000000,9.25,9.25,9.24,9.25,2000
2019-01-02T10:20:02.000000,9.25,9.25,9.25,9.25,4700
2019-01-02T10:20:03.000000,9.25,9.25,9.25,9.25,7500
2019-01-02T10:20:04.000000,9.25,9.25,9.24,9.24,2200
2019-01-02T10:20:05.000000,9.25,9.25,9.25,9.25,3800
2019-01-02T10:20:06.000000,9.25,9.25,9.25,9.25,10000
2019-01-02T10:20:07.000000,9.25,9.25,9.25,9.25,0
2019-01-02T10:20:08.000000,9.25,9.25,9.25,9.25,4200
2019-01-02T10:20:09.000000,9.25,9.25,9.24,9.25,6000
2019-01-02T10:20:10.000000,9.25,9.25,9.25,9.25,11700
2019-01-02T10:20:11.000000,9.25,9.25,9.25,9.25,1500
2019-01-02T10:20:12.000000,9.25,9.25,9.24,9.24,6100
2019-01-02T10:20:13.000000,9.25,9.25,9.24,9.25,41700
2019-01-02T10:20:15.000000,9.25,9.25,9.25,9.25,1000
2019-01-02T10:20:16.000000,9.25,9.25,9.25,9.25,15500
2019-01-02T10:20:17.000000,9.25,9.25,9.24,9.25,4900
2019-01-02T10:20:18.000000,9.25,9.25,9.25,9.25,5900
2019-01-02T10:20:19.000000,9.25,9.25,9.25,9.25,1700
2019-01-02T10:20:20.000000,9.25,9.25,9.25,9.25,0
2019-01-02T10:20:21.000000,9.25,9.25,9.25,9.25,9100
2019-01-02T10:20:23.000000,9.25,9.25,9.24,9.25,9300
2019-01-02T10:20:24.000000,9.25,9.25,9.25,9.25,11700
2019-01-02T10:20:25.000000,9.25,9.25,9.25,9.25,98000
2019-01-02T10:20:26.000000,9.25,9.25,9.25,9.25,74100
2019-01-02T10:20:27.000000,9.25,9.25,9.25,9.25,3600
2019-01-02T10:20:28.000000,9.25,9.25,9.25,9.25,1000
2019-01-02T10:20:29.000000,9.25,9.25,9.25,9.25,3100
2019-01-02T10:20:31.000000,9.25,9.25,9.25,9.25,900
2019-01-02T10:20:32.000000,9.26,9.26,9.25,9.25,10000
2019-01-02T10:20:33.000000,9.25,9.25,9.25,9.25,46600
2019-01-02T10:20:34.000000,9.25,9.26,9.25,9.25,0
2019-01-02T10:20:35.000000,9.25,9.25,9.25,9.25,100
2019-01-02T10:20:36.000000,9.25,9.25,9.25,9.25,1000
2019-01-02T10:20:37.000000,9.25,9.25,9.25,9.25,29100
2019-01-02T10:20:39.000000,9.25,9.25,9.25,9.25,200
2019-01-02T10:20:41.000000,9.25,9.25,9.25,9.25,2000
2019-01-02T10:20:42.000000,9.25,9.25,9.25,9.25,3300
2019-01-02T10:20:43.000000,9.25,9.25,9.25,9.25,6000
2019-01-02T10:20:44.000000,9.25,9.25,9.25,9.25,0
2019-01-02T10:20:45.000000,9.25,9.25,9.25,9.25,16100
2019-01-02T10:20:46.000000,9.25,9.25,9.25,9.25,2900
2019-01-02T10:20:47.000000,9.25,9.25,9.25,9.25,600
2019-01-02T10:20:48.000000,9.26,9.26,9.25,9.25,1600
2019-01-02T10:20:49.000000,9.25,9.25,9.25,9.25,4800
2019-01-02T10:20:50.000000,9.25,9.25,9.25,9.25,3000
2019-01-02T10:20:51.000000,9.25,9.25,9.25,9.25,7300
2019-01-02T10:20:54.000000,9.25,9.25,9.25,9.25,1100
2019-01-02T10:20:55.000000,9.25,9.25,9.25,9.25,10200
2019-01-02T10:20:56.000000,9.25,9.25,9.25,9.25,13900
2019-01-02T10:20:57.000000,9.25,9.25,9.25,9.25,7100
2019-01-02T10:20:58.000000,9.25,9.25,9.25,9.25,900
2019-01-02T10:21:00.000000,9.25,9.26,9.25,9.25,21800
2019-01-02T10:21:01.000000,9.25,9.25,9.25,9.25,70000
2019-01-02T10:21:02.000000,9.25,9.25,9.25,9.25,3300
2019-01-02T10:21:03.000000,9.25,9.25,9.25,9.25,2500
2019-01-02T10:21:04.000000,9.25,9.25,9.25,9.25,2000
2019-01-02T10:21:05.000000,9.25,9.25,9.25,9.25,5400
2019-01-02T10:21:06.000000,9.26,9.26,9.25,9.25,700
2019-01-02T10:21:07.000000,9.25,9.26,9.25,9.25,9900
2019-01-02T10:21:08.000000,9.25,9.25,9.25,9.25,1500
2019-01-02T10:21:09.000000,9.26,9.26,9.25,9.25,10900
2019-01-02T10:21:10.000000,9.26,9.26,9.25,9.25,0
2019-01-02T10:21:11.000000,9.25,9.26,9.25,9.25,2700
2019-01-02T10:21:12.000000,9.25,9.26,9.25,9.26,3800
2019-01-02T10:21:13.000000,9.25,9.25,9.25,9.25,6200
2019-01-02T10:21:14.000000,9.25,9.25,9.25,9.25,6800
2019-01-02T10:21:15.000000,9.25,9.25,9.25,9.25,1400
2019-01-02T10:21:16.000000,9.25,9.25,9.25,9.25,7100
2019-01-02T10:21:17.000000,9.25,9.25,9.25,9.25,3700
2019-01-02T10:21:18.000000,9.25,9.25,9.25,9.25,2400
2019-01-02T10:21:19.000000,9.25,9.26,9.25,9.25,5400
2019-01-02T10:21:20.000000,9.25,9.25,9.25,9.25,15800
2019-01-02T10:21:21.000000,9.25,9.25,9.25,9.25,2800
2019-01-02T10:21:22.000000,9.25,9.25,9.25,9.25,2600
2019-01-02T10:21:23.000000,9.25,9.25,9.25,9.25,2300
2019-01-02T10:21:24.000000,9.25,9.25,9.25,9.25,500
2019-01-02T10:21:25.000000,9.25,9.25,9.25,9.25,1000
2019-01-02T10:21:27.000000,9.25,9.25,9.25,9.25,12800
2019-01-02T10:21:28.000000,9.25,9.25,9.25,9.25,8400
2019-01-02T10:21:29.000000,9.25,9.25,9.25,9.25,4000
2019-01-02T10:21:30.000000,9.25,9.25,9.25,9.25,0
2019-01-02T10:21:31.000000,9.25,9.25,9.25,9.25,14100
2019-01-02T10:21:32.000000,9.25,9.25,9.25,9.25,1000
2019-01-02T10:21:33.000000,9.25,9.25,9.25,9.25,4400
2019-01-02T10:21:34.000000,9.26,9.26,9.25,9.25,10000
2019-01-02T10:21:35.000000,9.25,9.25,9.25,9.25,5300
2019-01-02T10:21:36.000000,9.25,9.25,9.25,9.25,100
2019-01-02T10:21:37.000000,9.25,9.25,9.25,9.25,5200
2019-01-02T10:21:38.000000,9.25,9.25,9.25,9.25,0
2019-01-02T10:21:40.000000,9.25,9.25,9.25,9.25,1600
2019-01-02T10:21:41.000000,9.25,9.25,9.25,9.25,3000
2019-01-02T10:21:42.000000,9.25,9.25,9.25,9.25,10700
2019-01-02T10:21:43.000000,9.25,9.26,9.25,9.25,4000
2019-01-02T10:21:44.000000,9.25,9.25,9.25,9.25,1500
2019-01-02T10:21:45.000000,9.25,9.25,9.25,9.25,1500
2019-01-02T10:21:46.000000,9.25,9.26,9.25,9.25,700
2019-01-02T10:21:47.000000,9.25,9.25,9.25,9.25,100
2019-01-02T10:21:49.000000,9.25,9.25,9.25,9.25,13600
2019-01-02T10:21:50.000000,9.26,9.26,9.25,9.25,9800
2019-01-02T10:21:51.000000,9.25,9.25,9.25,9.25,0
2019-01-02T10:21:52.000000,9.25,9.26,9.25,9.25,0
2019-01-02T10:21:53.000000,9.26,9.26,9.25,9.25,0
2019-01-02T10:21:54.000000,9.25,9.25,9.25,9.25,8000
2019-01-02T10:21:56.000000,9.25,9.26,9.25,9.25,4100
2019-01-02T10:21:57.000000,9.25,9.26,9.25,9.25,2600
2019-01-02T10:21:58.000000,9.25,9.26,9.25,9.25,8600
2019-01-02T10:21:59.000000,9.25,9.25,9.25,9.25,7900
2019-01-02T10:22:01.000000,9.25,9.26,9.25,9.25,12900
2019-01-02T10:22:02.000000,9.25,9.25,9.25,9.25,1200
2019-01-02T10:22:03.000000,9.25,9.26,9.25,9.25,1600
2019-01-02T10:22:04.000000,9.25,9.26,9.25,9.25,600
2019-01-02T10:22:05.000000,9.25,9.25,9.25,9.25,1000
2019-01-02T10:22:06.000000,9.25,9.25,9.25,9.25,3400
2019-01-02T10:22:07.000000,9.25,9.25,9.25,9.25,3100
2019-01-02T10:22:08.000000,9.25,9.26,9.25,9.26,3500
2019-01-02T10:22:09.000000,9.25,9.25,9.25,9.25,7400
2019-01-02T10:22:10.000000,9.26,9.26,9.25,9.26,0
2019-01-02T10:22:11.000000,9.25,9.25,9.25,9.25,1200
2019-01-02T10:22:12.000000,9.25,9.25,9.25,9.25,0
2019-01-02T10:22:13.000000,9.25,9.26,9.25,9.25,500
2019-01-02T10:22:14.000000,9.25,9.25,9.25,9.25,4000
2019-01-02T10:22:15.000000,9.25,9.25,9.25,9.25,400
2019-01-02T10:22:16.000000,9.25,9.25,9.25,9.25,3300
2019-01-02T10:22:18.000000,9.25,9.25,9.25,9.25,1800
2019-01-02T10:22:20.000000,9.25,9.26,9.25,9.25,3700
2019-01-02T10:22:21.000000,9.25,9.25,9.25,9.25,400
2019-01-02T10:22:22.000000,9.25,9.25,9.25,9.25,900
2019-01-02T10:22:24.000000,9.25,9.25,9.25,9.25,1200
2019-01-02T10:22:25.000000,9.25,9.25,9.25,9.25,200
2019-01-02T10:22:26.000000,9.25,9.25,9.25,9.25,1000
2019-01-02T10:22:27.000000,9.25,9.25,9.25,9.25,1900
2019-01-02T10:22:28.000000,9.25,9.25,9.25,9.25,1100
2019-01-02T10:22:31.000000,9.25,9.26,9.25,9.25,14000
2019-01-02T10:22:32.000000,9.25,9.26,9.25,9.25,10300
2019-01-02T10:22:34.000000,9.25,9.25,9.25,9.25,200
2019-01-02T10:22:35.000000,9.25,9.25,9.25,9.25,2200
2019-01-02T10:22:36.000000,9.25,9.25,9.25,9.25,1000
2019-01-02T10:22:37.000000,9.25,9.25,9.25,9.25,2000
2019-01-02T10:22:38.000000,9.25,9.25,9.25,9.25,0
2019-01-02T10:22:39.000000,9.25,9.25,9.25,9.25,36600
2019-01-02T10:22:40.000000,9.25,9.25,9.25,9.25,400
2019-01-02T10:22:41.000000,9.25,9.26,9.25,9.25,5800
2019-01-02T10:22:42.000000,9.25,9.26,9.25,9.25,0
2019-01-02T10:22:43.000000,9.25,9.25,9.25,9.25,10300
2019-01-02T10:22:44.000000,9.25,9.25,9.25,9.25,2500
2019-01-02T10:22:45.000000,9.25,9.25,9.25,9.25,1500
2019-01-02T10:22:46.000000,9.25,9.25,9.25,9.25,2000
2019-01-02T10:22:47.000000,9.25,9.26,9.25,9.26,0
2019-01-02T10:22:48.000000,9.25,9.26,9.25,9.25,100
2019-01-02T10:22:49.000000,9.25,9.25,9.25,9.25,16200
2019-01-02T10:22:50.000000,9.25,9.26,9.25,9.25,2600
2019-01-02T10:22:51.000000,9.25,9.25,9.25,9.25,1000
2019-01-02T10:22:52.000000,9.25,9.26,9.25,9.26,1500
2019-01-02T10:22:53.000000,9.25,9.25,9.25,9.25,800
2019-01-02T10:22:54.000000,9.25,9.25,9.25,9.25,2500
2019-01-02T10:22:55.000000,9.25,9.25,9.25,9.25,3200
2019-01-02T10:22:56.000000,9.25,9.25,9.25,9.25,5000
2019-01-02T10:22:57.000000,9.25,9.25,9.25,9.25,0
2019-01-02T10:22:58.000000,9.25,9.25,9.25,9.25,1000
2019-01-02T10:22:59.000000,9.25,9.25,9.25,9.25,3300
2019-01-02T10:23:00.000000,9.25,9.25,9.25,9.25,2600
2019-01-02T10:23:01.000000,9.25,9.26,9.25,9.25,2000
2019-01-02T10:23:02.000000,9.25,9.25,9.25,9.25,0
2019-01-02T10:23:03.000000,9.25,9.25,9.25,9.25,0
2019-01-02T10:23:05.000000,9.25,9.25,9.25,9.25,52000
2019-01-02T10:23:06.000000,9.25,9.25,9.25,9.25,1200
2019-01-02T10:23:07.000000,9.26,9.26,9.25,9.25,0
2019-01-02T10:23:08.000000,9.26,9.26,9.25,9.25,1300
2019-01-02T10:23:09.000000,9.25,9.26,9.25,9.26,0
2019-01-02T10:23:10.000000,9.25,9.25,9.25,9.25,2200
2019-01-02T10:23:12.000000,9.26,9.26,9.25,9.25,0
2019-01-02T10:23:13.000000,9.25,9.25,9.25,9.25,2200
2019-01-02T10:23:14.000000,9.25,9.26,9.25,9.25,8200
2019-01-02T10:23:16.000000,9.25,9.26,9.25,9.26,4300
2019-01-02T10:23:17.000000,9.25,9.26,9.25,9.25,200
2019-01-02T10:23:18.000000,9.25,9.25,9.25,9.25,300
2019-01-02T10:23:19.000000,9.25,9.25,9.25,9.25,2600
2019-01-02T10:23:20.000000,9.25,9.25,9.25,9.25,12500
2019-01-02T10:23:21.000000,9.25,9.26,9.25,9.26,0
2019-01-02T10:23:22.000000,9.25,9.25,9.25,9.25,3600
2019-01-02T10:23:23.000000,9.26,9.26,9.25,9.25,500
2019-01-02T10:23:24.000000,9.26,9.26,9.25,9.26,0
2019-01-02T10:23:25.000000,9.25,9.26,9.25,9.26,2000
2019-01-02T10:23:26.000000,9.25,9.25,9.25,9.25,0
2019-01-02T10:23:27.000000,9.25,9.25,9.25,9.25,1500
2019-01-02T10:23:28.000000,9.25,9.25,9.25,9.25,1200
2019-01-02T10:23:29.000000,9.25,9.25,9.25,9.25,3600
2019-01-02T10:23:30.000000,9.25,9.25,9.25,9.25,1400
2019-01-02T10:23:31.000000,9.25,9.26,9.25,9.25,2000
2019-01-02T10:23:32.000000,9.25,9.25,9.25,9.25,200
2019-01-02T10:23:33.000000,9.25,9.25,9.25,9.25,1700
2019-01-02T10:23:34.000000,9.25,9.26,9.25,9.26,700
2019-01-02T10:23:35.000000,9.25,9.25,9.25,9.25,1200
2019-01-02T10:23:36.000000,9.25,9.25,9.25,9.25,8000
2019-01-02T10:23:37.000000,9.25,9.26,9.25,9.25,7900
2019-01-02T10:23:38.000000,9.26,9.26,9.25,9.25,0
2019-01-02T10:23:39.000000,9.25,9.25,9.25,9.25,5800
2019-01-02T10:23:40.000000,9.25,9.25,9.25,9.25,0
2019-01-02T10:23:41.000000,9.25,9.26,9.25,9.25,2300
2019-01-02T10:23:42.000000,9.25,9.25,9.25,9.25,0
2019-01-02T10:23:43.000000,9.25,9.26,9.25,9.25,1100
2019-01-02T10:23:44.000000,9.25,9.26,9.25,9.26,8800
2019-01-02T10:23:45.000000,9.25,9.25,9.25,9.25,1000
2019-01-02T10:23:46.000000,9.25,9.25,9.25,9.25,400
2019-01-02T10:23:47.000000,9.25,9.25,9.25,9.25,700
2019-01-02T10:23:48.000000,9.25,9.25,9.25,9.25,7600
2019-01-02T10:23:49.000000,9.25,9.26,9.25,9.25,5200
2019-01-02T10:23:50.000000,9.25,9.25,9.25,9.25,1500
2019-01-02T10:23:52.000000,9.25,9.25,9.25,9.25,100
2019-01-02T10:23:53.000000,9.25,9.25,9.25,9.25,6300
2019-01-02T10:23:54.000000,9.26,9.26,9.25,9.25,100
2019-01-02T10:23:55.000000,9.25,9.25,9.25,9.25,4600
2019-01-02T10:23:56.000000,9.26,9.26,9.25,9.25,3500
2019-01-02T10:23:57.000000,9.25,9.25,9.25,9.25,1000
2019-01-02T10:23:58.000000,9.25,9.25,9.25,9.25,5000
2019-01-02T10:23:59.000000,9.25,9.26,9.25,9.25,6300
2019-01-02T10:24:00.000000,9.25,9.25,9.25,9.25,3300
2019-01-02T10:24:01.000000,9.25,9.26,9.25,9.25,1400
2019-01-02T10:24:02.000000,9.25,9.26,9.25,9.25,3000
2019-01-02T10:24:03.000000,9.25,9.26,9.25,9.25,1000
2019-01-02T10:24:05.000000,9.25,9.25,9.25,9.25,600
2019-01-02T10:24:06.000000,9.25,9.25,9.25,9.25,7700
2019-01-02T10:24:07.000000,9.25,9.25,9.25,9.25,3700
2019-01-02T10:24:08.000000,9.25,9.25,9.25,9.25,11000
2019-01-02T10:24:09.000000,9.26,9.26,9.25,9.25,1500
2019-01-02T10:24:10.000000,9.25,9.25,9.25,9.25,6800
2019-01-02T10:24:11.000000,9.25,9.25,9.25,9.25,1200
2019-01-02T10:24:12.000000,9.25,9.25,9.25,9.25,0
2019-01-02T10:24:13.000000,9.25,9.25,9.25,9.25,7100
2019-01-02T10:24:14.000000,9.25,9.25,9.25,9.25,2500
2019-01-02T10:24:15.000000,9.25,9.26,9.25,9.25,5500
2019-01-02T10:24:16.000000,9.25,9.25,9.25,9.25,400
2019-01-02T10:24:17.000000,9.25,9.26,9.25,9.25,16700
2019-01-02T10:24:18.000000,9.25,9.25,9.25,9.25,1000
2019-01-02T10:24:19.000000,9.25,9.25,9.25,9.25,0
2019-01-02T10:24:20.000000,9.25,9.25,9.25,9.25,800
2019-01-02T10:24:22.000000,9.25,9.25,9.25,9.25,2200
2019-01-02T10:24:23.000000,9.25,9.25,9.25,9.25,20000
2019-01-02T10:24:24.000000,9.25,9.25,9.25,9.25,11000
2019-01-02T10:24:25.000000,9.25,9.25,9.25,9.25,4400
2019-01-02T10:24:26.000000,9.25,9.25,9.25,9.25,0
2019-01-02T10:24:27.000000,9.25,9.26,9.25,9.26,1000
2019-01-02T10:24:29.000000,9.25,9.25,9.25,9.25,2000
2019-01-02T10:24:31.000000,9.25,9.26,9.25,9.25,1200
2019-01-02T10:24:32.000000,9.26,9.26,9.25,9.25,0
2019-01-02T10:24:33.000000,9.25,9.26,9.25,9.25,3200
2019-01-02T10:24:35.000000,9.26,9.26,9.25,9.25,6000
2019-01-02T10:24:36.000000,9.25,9.25,9.25,9.25,6200
2019-01-02T10:24:38.000000,9.25,9.25,9.25,9.25,3000
2019-01-02T10:24:39.000000,9.25,9.25,9.25,9.25,3300
2019-01-02T10:24:40.000000,9.25,9.26,9.25,9.25,6200
2019-01-02T10:24:41.000000,9.25,9.25,9.25,9.25,100
2019-01-02T10:24:42.000000,9.25,9.25,9.25,9.25,3200
2019-01-02T10:24:43.000000,9.25,9.25,9.25,9.25,12700
2019-01-02T10:24:44.000000,9.25,9.25,9.25,9.25,1200
2019-01-02T10:24:45.000000,9.25,9.26,9.25,9.25,1000
2019-01-02T10:24:46.000000,9.25,9.25,9.25,9.25,600
2019-01-02T10:24:47.000000,9.25,9.25,9.25,9.25,500
2019-01-02T10:24:48.000000,9.25,9.25,9.25,9.25,0
2019-01-02T10:24:49.000000,9.25,9.26,9.25,9.25,400
2019-01-02T10:24:50.000000,9.26,9.26,9.25,9.25,1500
2019-01-02T10:24:51.000000,9.25,9.26,9.25,9.25,2400
2019-01-02T10:24:52.000000,9.25,9.25,9.25,9.25,10200
2019-01-02T10:24:53.000000,9.25,9.25,9.25,9.25,500
2019-01-02T10:24:54.000000,9.26,9.26,9.25,9.25,0
2019-01-02T10:24:55.000000,9.25,9.26,9.25,9.25,3300
2019-01-02T10:24:56.000000,9.25,9.25,9.25,9.25,3100
2019-01-02T10:24:57.000000,9.25,9.26,9.25,9.25,3500
2019-01-02T10:24:58.000000,9.25,9.25,9.25,9.25,5000
2019-01-02T10:24:59.000000,9.25,9.25,9.25,9.25,2000
2019-01-02T10:25:00.000000,9.26,9.26,9.25,9.25,0
2019-01-02T10:25:01.000000,9.25,9.25,9.25,9.25,8000
2019-01-02T10:25:02.000000,9.25,9.25,9.25,9.25,1000
2019-01-02T10:25:03.000000,9.25,9.26,9.25,9.26,1000
2019-01-02T10:25:04.000000,9.25,9.26,9.25,9.25,1700
2019-01-02T10:25:05.000000,9.25,9.25,9.25,9.25,3000
2019-01-02T10:25:06.000000,9.25,9.25,9.25,9.25,500
2019-01-02T10:25:07.000000,9.26,9.26,9.25,9.26,0
2019-01-02T10:25:08.000000,9.26,9.26,9.25,9.26,0
2019-01-02T10:25:09.000000,9.26,9.26,9.25,9.25,3000
2019-01-02T10:25:10.000000,9.25,9.25,9.25,9.25,600
2019-01-02T10:25:12.000000,9.25,9.25,9.25,9.25,24800
2019-01-02T10:25:13.000000,9.25,9.25,9.25,9.25,100
2019-01-02T10:25:14.000000,9.25,9.25,9.25,9.25,64000
2019-01-02T10:25:15.000000,9.25,9.26,9.25,9.25,5000
2019-01-02T10:25:16.000000,9.25,9.26,9.25,9.25,1300
2019-01-02T10:25:17.000000,9.25,9.26,9.25,9.25,5400
2019-01-02T10:25:19.000000,9.25,9.25,9.25,9.25,3400
2019-01-02T10:25:20.000000,9.25,9.25,9.25,9.25,0
2019-01-02T10:25:21.000000,9.25,9.25,9.25,9.25,700
2019-01-02T10:25:22.000000,9.25,9.26,9.25,9.25,11000
2019-01-02T10:25:23.000000,9.25,9.26,9.25,9.25,1000
2019-01-02T10:25:24.000000,9.25,9.25,9.25,9.25,30900
2019-01-02T10:25:25.000000,9.25,9.26,9.25,9.25,300
2019-01-02T10:25:26.000000,9.26,9.26,9.25,9.25,0
2019-01-02T10:25:27.000000,9.25,9.26,9.25,9.25,1000
2019-01-02T10:25:29.000000,9.25,9.25,9.25,9.25,700
2019-01-02T10:25:30.000000,9.25,9.25,9.25,9.25,10500
2019-01-02T10:25:31.000000,9.25,9.25,9.25,9.25,3700
2019-01-02T10:25:32.000000,9.25,9.26,9.25,9.25,1000
2019-01-02T10:25:33.000000,9.25,9.25,9.25,9.25,8000
2019-01-02T10:25:34.000000,9.25,9.26,9.25,9.25,900
2019-01-02T10:25:35.000000,9.26,9.26,9.25,9.25,0
2019-01-02T10:25:36.000000,9.25,9.26,9.25,9.25,100
2019-01-02T10:25:37.000000,9.25,9.25,9.25,9.25,2500
2019-01-02T10:25:38.000000,9.25,9.26,9.25,9.26,2000
2019-01-02T10:25:39.000000,9.25,9.25,9.25,9.25,0
2019-01-02T10:25:40.000000,9.25,9.26,9.25,9.26,0
2019-01-02T10:25:42.000000,9.25,9.25,9.25,9.25,3500
2019-01-02T10:25:43.000000,9.25,9.26,9.25,9.25,800
2019-01-02T10:25:44.000000,9.26,9.26,9.25,9.25,0
2019-01-02T10:25:45.000000,9.25,9.26,9.25,9.25,2700
2019-01-02T10:25:46.000000,9.25,9.25,9.25,9.25,8800
2019-01-02T10:25:48.000000,9.26,9.26,9.25,9.25,31800
2019-01-02T10:25:49.000000,9.26,9.26,9.25,9.25,4100
2019-01-02T10:25:50.000000,9.26,9.26,9.25,9.25,1850
2019-01-02T10:25:51.000000,9.25,9.25,9.25,9.25,13800
2019-01-02T10:25:52.000000,9.25,9.25,9.25,9.25,300
2019-01-02T10:25:53.000000,9.25,9.25,9.25,9.25,1700
2019-01-02T10:25:54.000000,9.25,9.25,9.25,9.25,1000
2019-01-02T10:25:55.000000,9.25,9.26,9.25,9.25,37100
2019-01-02T10:25:56.000000,9.25,9.26,9.25,9.26,0
2019-01-02T10:25:57.000000,9.25,9.25,9.25,9.25,12400
2019-01-02T10:25:58.000000,9.25,9.25,9.25,9.25,2200
2019-01-02T10:25:59.000000,9.25,9.26,9.25,9.26,0
2019-01-02T10:26:00.000000,9.25,9.25,9.25,9.25,23800
2019-01-02T10:26:01.000000,9.25,9.26,9.25,9.25,3300
2019-01-02T10:26:02.000000,9.25,9.25,9.25,9.25,1000
2019-01-02T10:26:03.000000,9.25,9.25,9.25,9.25,3700
2019-01-02T10:26:04.000000,9.25,9.25,9.25,9.25,600
2019-01-02T10:26:05.000000,9.25,9.25,9.25,9.25,10600
2019-01-02T10:26:06.000000,9.25,9.26,9.25,9.26,18600
2019-01-02T10:26:07.000000,9.25,9.25,9.25,9.25,4200
2019-01-02T10:26:08.000000,9.25,9.25,9.25,9.25,2500
2019-01-02T10:26:09.000000,9.25,9.26,9.25,9.26,0
2019-01-02T10:26:10.000000,9.25,9.25,9.25,9.25,2000
2019-01-02T10:26:11.000000,9.25,9.26,9.25,9.25,4800
2019-01-02T10:26:12.000000,9.25,9.25,9.25,9.25,1200
2019-01-02T10:26:13.000000,9.25,9.25,9.25,9.25,2500
2019-01-02T10:26:15.000000,9.25,9.26,9.25,9.25,5800
2019-01-02T10:26:16.000000,9.26,9.26,9.25,9.25,1000
2019-01-02T10:26:17.000000,9.25,9.25,9.25,9.25,0
2019-01-02T10:26:18.000000,9.26,9.26,9.25,9.25,4000
2019-01-02T10:26:19.000000,9.25,9.25,9.25,9.25,200
2019-01-02T10:26:20.000000,9.25,9.25,9.25,9.25,1100
2019-01-02T10:26:21.000000,9.25,9.25,9.25,9.25,11600
2019-01-02T10:26:22.000000,9.25,9.25,9.25,9.25,6700
2019-01-02T10:26:23.000000,9.25,9.25,9.25,9.25,800
2019-01-02T10:26:24.000000,9.25,9.25,9.25,9.25,15200
2019-01-02T10:26:26.000000,9.25,9.25,9.25,9.25,5800
2019-01-02T10:26:27.000000,9.25,9.25,9.25,9.25,0
2019-01-02T10:26:28.000000,9.25,9.26,9.25,9.25,0
2019-01-02T10:26:29.000000,9.25,9.25,9.25,9.25,10800
2019-01-02T10:26:31.000000,9.25,9.25,9.25,9.25,1000
2019-01-02T10:26:32.000000,9.25,9.25,9.25,9.25,200
2019-01-02T10:26:33.000000,9.25,9.25,9.25,9.25,3600
2019-01-02T10:26:34.000000,9.25,9.25,9.25,9.25,3200
2019-01-02T10:26:35.000000,9.25,9.25,9.25,9.25,1500
2019-01-02T10:26:37.000000,9.25,9.25,9.25,9.25,20000
2019-01-02T10:26:38.000000,9.25,9.26,9.25,9.25,85300
2019-01-02T10:26:39.000000,9.25,9.25,9.25,9.25,0
2019-01-02T10:26:40.000000,9.25,9.26,9.25,9.26,0
2019-01-02T10:26:42.000000,9.25,9.25,9.25,9.25,5300
2019-01-02T10:26:43.000000,9.25,9.25,9.25,9.25,4900
2019-01-02T10:26:44.000000,9.25,9.25,9.25,9.25,1000
2019-01-02T10:26:46.000000,9.25,9.25,9.25,9.25,3000
2019-01-02T10:26:47.000000,9.25,9.25,9.25,9.25,5400
2019-01-02T10:26:48.000000,9.25,9.25,9.25,9.25,500
2019-01-02T10:26:49.000000,9.25,9.25,9.25,9.25,1600
2019-01-02T10:26:50.000000,9.25,9.25,9.25,9.25,0
2019-01-02T10:26:52.000000,9.25,9.25,9.25,9.25,2700
2019-01-02T10:26:53.000000,9.25,9.25,9.25,9.25,5900
2019-01-02T10:26:55.000000,9.25,9.25,9.25,9.25,4000
2019-01-02T10:26:56.000000,9.25,9.25,9.25,9.25,37300
2019-01-02T10:26:57.000000,9.25,9.25,9.25,9.25,500
2019-01-02T10:26:58.000000,9.25,9.26,9.25,9.25,4000
2019-01-02T10:26:59.000000,9.26,9.26,9.25,9.25,0
2019-01-02T10:27:01.000000,9.25,9.25,9.25,9.25,1000
2019-01-02T10:27:02.000000,9.25,9.25,9.25,9.25,300
2019-01-02T10:27:04.000000,9.25,9.25,9.25,9.25,100
2019-01-02T10:27:05.000000,9.25,9.25,9.25,9.25,800
2019-01-02T10:27:06.000000,9.25,9.25,9.25,9.25,3300
2019-01-02T10:27:07.000000,9.25,9.25,9.25,9.25,0
2019-01-02T10:27:09.000000,9.25,9.25,9.25,9.25,1600
2019-01-02T10:27:10.000000,9.25,9.26,9.25,9.26,1000
2019-01-02T10:27:11.000000,9.25,9.25,9.25,9.25,200
2019-01-02T10:27:12.000000,9.25,9.25,9.25,9.25,0
2019-01-02T10:27:13.000000,9.25,9.26,9.25,9.25,11200
2019-01-02T10:27:14.000000,9.25,9.25,9.25,9.25,1200
2019-01-02T10:27:15.000000,9.25,9.25,9.25,9.25,2000
2019-01-02T10:27:17.000000,9.25,9.25,9.25,9.25,400
2019-01-02T10:27:18.000000,9.25,9.25,9.25,9.25,4500
2019-01-02T10:27:19.000000,9.25,9.25,9.25,9.25,4000
2019-01-02T10:27:20.000000,9.25,9.26,9.25,9.25,5700
2019-01-02T10:27:21.000000,9.26,9.26,9.25,9.25,0
2019-01-02T10:27:22.000000,9.25,9.25,9.25,9.25,0
2019-01-02T10:27:23.000000,9.25,9.26,9.25,9.25,500
2019-01-02T10:27:24.000000,9.25,9.25,9.25,9.25,2100
2019-01-02T10:27:25.000000,9.25,9.26,9.25,9.26,100
2019-01-02T10:27:26.000000,9.25,9.25,9.25,9.25,2500
2019-01-02T10:27:27.000000,9.26,9.26,9.25,9.25,0
2019-01-02T10:27:29.000000,9.25,9.25,9.25,9.25,700
2019-01-02T10:27:30.000000,9.26,9.26,9.25,9.25,0
2019-01-02T10:27:31.000000,9.25,9.25,9.25,9.25,2000
2019-01-02T10:27:32.000000,9.25,9.25,9.25,9.25,10000
2019-01-02T10:27:33.000000,9.25,9.25,9.25,9.25,200
2019-01-02T10:27:34.000000,9.25,9.25,9.25,9.25,0
2019-01-02T10:27:35.000000,9.25,9.26,9.25,9.25,3400
2019-01-02T10:27:36.000000,9.25,9.25,9.25,9.25,1000
2019-01-02T10:27:37.000000,9.25,9.25,9.25,9.25,1500
2019-01-02T10:27:38.000000,9.25,9.25,9.25,9.25,300
2019-01-02T10:27:39.000000,9.25,9.26,9.25,9.25,1800
2019-01-02T10:27:41.000000,9.25,9.26,9.25,9.26,0
2019-01-02T10:27:42.000000,9.25,9.25,9.25,9.25,300
2019-01-02T10:27:43.000000,9.25,9.26,9.25,9.25,500
2019-01-02T10:27:44.000000,9.25,9.25,9.25,9.25,70300
2019-01-02T10:27:45.000000,9.26,9.26,9.25,9.25,200
2019-01-02T10:27:46.000000,9.25,9.25,9.25,9.25,16200
2019-01-02T10:27:48.000000,9.25,9.25,9.25,9.25,0
2019-01-02T10:27:50.000000,9.25,9.26,9.25,9.25,1500
2019-01-02T10:27:51.000000,9.25,9.25,9.25,9.25,700
2019-01-02T10:27:53.000000,9.25,9.26,9.25,9.26,500
2019-01-02T10:27:54.000000,9.25,9.25,9.25,9.25,20900
2019-01-02T10:27:55.000000,9.25,9.25,9.25,9.25,4300
2019-01-02T10:27:56.000000,9.25,9.25,9.25,9.25,500
2019-01-02T10:27:57.000000,9.25,9.25,9.25,9.25,1600
2019-01-02T10:27:58.000000,9.26,9.26,9.25,9.25,2000
2019-01-02T10:28:00.000000,9.25,9.25,9.25,9.25,500
2019-01-02T10:28:01.000000,9.25,9.25,9.25,9.25,2100
2019-01-02T10:28:03.000000,9.25,9.26,9.25,9.25,3600
2019-01-02T10:28:04.000000,9.25,9.25,9.25,9.25,500
2019-01-02T10:28:05.000000,9.25,9.26,9.25,9.26,0
2019-01-02T10:28:06.000000,9.25,9.26,9.25,9.25,700
2019-01-02T10:28:07.000000,9.25,9.25,9.25,9.25,61000
2019-01-02T10:28:09.000000,9.25,9.26,9.25,9.26,1100
2019-01-02T10:28:10.000000,9.25,9.25,9.25,9.25,22000
2019-01-02T10:28:11.000000,9.25,9.25,9.25,9.25,26500
2019-01-02T10:28:12.000000,9.25,9.25,9.25,9.25,500
2019-01-02T10:28:13.000000,9.25,9.25,9.25,9.25,0
2019-01-02T10:28:14.000000,9.25,9.25,9.25,9.25,1100
2019-01-02T10:28:15.000000,9.25,9.26,9.25,9.25,100
2019-01-02T10:28:16.000000,9.25,9.25,9.25,9.25,5300
2019-01-02T10:28:17.000000,9.25,9.25,9.25,9.25,1600
2019-01-02T10:28:18.000000,9.25,9.26,9.25,9.25,0
2019-01-02T10:28:19.000000,9.25,9.25,9.25,9.25,20700
2019-01-02T10:28:20.000000,9.25,9.25,9.25,9.25,5000
2019-01-02T10:28:21.000000,9.25,9.25,9.25,9.25,5700
2019-01-02T10:28:22.000000,9.25,9.25,9.25,9.25,17300
2019-01-02T10:28:24.000000,9.25,9.25,9.25,9.25,1000
2019-01-02T10:28:25.000000,9.25,9.26,9.25,9.25,1500
2019-01-02T10:28:26.000000,9.25,9.25,9.25,9.25,1600
2019-01-02T10:28:27.000000,9.25,9.25,9.25,9.25,1700
2019-01-02T10:28:28.000000,9.25,9.26,9.25,9.25,2500
2019-01-02T10:28:29.000000,9.25,9.26,9.25,9.25,500
2019-01-02T10:28:30.000000,9.25,9.25,9.25,9.25,61500
2019-01-02T10:28:31.000000,9.25,9.26,9.25,9.25,1100
2019-01-02T10:28:32.000000,9.25,9.25,9.25,9.25,21000
2019-01-02T10:28:33.000000,9.25,9.25,9.25,9.25,3600
2019-01-02T10:28:34.000000,9.25,9.25,9.25,9.25,5100
2019-01-02T10:28:35.000000,9.25,9.26,9.25,9.25,1200
2019-01-02T10:28:36.000000,9.25,9.26,9.25,9.26,1500
2019-01-02T10:28:37.000000,9.25,9.26,9.25,9.25,500
2019-01-02T10:28:39.000000,9.25,9.25,9.25,9.25,7200
2019-01-02T10:28:40.000000,9.25,9.26,9.25,9.25,3200
2019-01-02T10:28:41.000000,9.25,9.25,9.25,9.25,700
2019-01-02T10:28:42.000000,9.25,9.25,9.25,9.25,6100
2019-01-02T10:28:43.000000,9.25,9.26,9.25,9.26,0
2019-01-02T10:28:44.000000,9.25,9.26,9.25,9.26,0
2019-01-02T10:28:45.000000,9.26,9.26,9.25,9.25,5400
2019-01-02T10:28:46.000000,9.25,9.25,9.25,9.25,1000
2019-01-02T10:28:47.000000,9.25,9.25,9.25,9.25,1000
2019-01-02T10:28:48.000000,9.25,9.25,9.25,9.25,4200
2019-01-02T10:28:49.000000,9.26,9.26,9.25,9.25,0
2019-01-02T10:28:50.000000,9.25,9.25,9.25,9.25,3000
2019-01-02T10:28:51.000000,9.25,9.25,9.25,9.25,0
2019-01-02T10:28:52.000000,9.26,9.26,9.25,9.25,1000
2019-01-02T10:28:53.000000,9.25,9.26,9.25,9.26,0
2019-01-02T10:28:54.000000,9.25,9.26,9.25,9.26,0
2019-01-02T10:28:55.000000,9.25,9.26,9.25,9.26,0
2019-01-02T10:28:56.000000,9.25,9.25,9.25,9.25,1000
2019-01-02T10:28:57.000000,9.25,9.25,9.25,9.25,8700
2019-01-02T10:28:58.000000,9.25,9.25,9.25,9.25,1000
2019-01-02T10:28:59.000000,9.25,9.26,9.25,9.25,1900
2019-01-02T10:29:00.000000,9.25,9.25,9.25,9.25,372
2019-01-02T10:29:01.000000,9.26,9.26,9.25,9.25,0
2019-01-02T10:29:02.000000,9.25,9.25,9.25,9.25,4800
2019-01-02T10:29:04.000000,9.25,9.26,9.25,9.25,0
2019-01-02T10:29:05.000000,9.25,9.25,9.25,9.25,6000
2019-01-02T10:29:06.000000,9.25,9.25,9.25,9.25,1400
2019-01-02T10:29:07.000000,9.25,9.25,9.25,9.25,3000
2019-01-02T10:29:08.000000,9.25,9.25,9.25,9.25,3000
2019-01-02T10:29:09.000000,9.25,9.25,9.25,9.25,5800
2019-01-02T10:29:11.000000,9.25,9.26,9.25,9.26,100
2019-01-02T10:29:13.000000,9.25,9.25,9.25,9.25,31600
2019-01-02T10:29:15.000000,9.25,9.26,9.25,9.25,6000
2019-01-02T10:29:16.000000,9.25,9.25,9.25,9.25,1600
2019-01-02T10:29:17.000000,9.25,9.25,9.25,9.25,2000
2019-01-02T10:29:18.000000,9.25,9.26,9.25,9.25,10000
2019-01-02T10:29:22.000000,9.25,9.25,9.25,9.25,1800
2019-01-02T10:29:23.000000,9.25,9.26,9.25,9.25,2600
2019-01-02T10:29:24.000000,9.25,9.26,9.25,9.25,200
2019-01-02T10:29:25.000000,9.25,9.25,9.25,9.25,1100
2019-01-02T10:29:26.000000,9.25,9.26,9.25,9.25,100
2019-01-02T10:29:27.000000,9.25,9.26,9.25,9.26,4900
2019-01-02T10:29:30.000000,9.25,9.25,9.25,9.25,800
2019-01-02T10:29:31.000000,9.26,9.26,9.25,9.25,1100
2019-01-02T10:29:32.000000,9.25,9.26,9.25,9.26,61000
2019-01-02T10:29:33.000000,9.25,9.25,9.25,9.25,1600
2019-01-02T10:29:34.000000,9.25,9.25,9.25,9.25,4100
2019-01-02T10:29:35.000000,9.25,9.25,9.25,9.25,1200
2019-01-02T10:29:36.000000,9.25,9.26,9.25,9.25,4500
2019-01-02T10:29:37.000000,9.25,9.25,9.25,9.25,1400
2019-01-02T10:29:38.000000,9.25,9.26,9.25,9.26,3000
2019-01-02T10:29:39.000000,9.25,9.25,9.25,9.25,100
2019-01-02T10:29:40.000000,9.25,9.25,9.25,9.25,2900
2019-01-02T10:29:41.000000,9.26,9.26,9.25,9.25,500
2019-01-02T10:29:42.000000,9.25,9.25,9.25,9.25,1800
2019-01-02T10:29:44.000000,9.25,9.25,9.25,9.25,100
2019-01-02T10:29:45.000000,9.25,9.25,9.25,9.25,1300
2019-01-02T10:29:46.000000,9.25,9.25,9.25,9.25,6100
2019-01-02T10:29:48.000000,9.25,9.25,9.25,9.25,2800
2019-01-02T10:29:49.000000,9.25,9.26,9.25,9.25,3000
2019-01-02T10:29:50.000000,9.25,9.26,9.25,9.25,100
2019-01-02T10:29:51.000000,9.25,9.25,9.25,9.25,7100
2019-01-02T10:29:53.000000,9.25,9.26,9.25,9.25,4700
2019-01-02T10:29:54.000000,9.25,9.25,9.25,9.25,1200
2019-01-02T10:29:55.000000,9.25,9.25,9.25,9.25,1000
2019-01-02T10:29:56.000000,9.25,9.25,9.25,9.25,500
2019-01-02T10:29:57.000000,9.25,9.25,9.25,9.25,3500
2019-01-02T10:29:58.000000,9.25,9.25,9.25,9.25,6100
2019-01-02T10:30:00.000000,9.25,9.25,9.25,9.25,13800
2019-01-02T10:30:01.000000,9.25,9.26,9.25,9.25,7000
2019-01-02T10:30:02.000000,9.25,9.25,9.25,9.25,0
2019-01-02T10:30:03.000000,9.25,9.25,9.25,9.25,8700
2019-01-02T10:30:05.000000,9.25,9.25,9.25,9.25,5100
2019-01-02T10:30:06.000000,9.25,9.25,9.25,9.25,2400
2019-01-02T10:30:07.000000,9.25,9.26,9.25,9.25,3900
2019-01-02T10:30:08.000000,9.25,9.25,9.25,9.25,11800
2019-01-02T10:30:09.000000,9.25,9.25,9.25,9.25,1000
2019-01-02T10:30:11.000000,9.25,9.25,9.25,9.25,3000
2019-01-02T10:30:12.000000,9.25,9.26,9.25,9.25,0
2019-01-02T10:30:13.000000,9.25,9.25,9.25,9.25,11500
2019-01-02T10:30:15.000000,9.25,9.25,9.25,9.25,8700
2019-01-02T10:30:16.000000,9.25,9.26,9.25,9.26,2600
2019-01-02T10:30:17.000000,9.25,9.26,9.25,9.25,2600
2019-01-02T10:30:18.000000,9.25,9.25,9.25,9.25,11200
2019-01-02T10:30:19.000000,9.25,9.26,9.25,9.26,0
2019-01-02T10:30:20.000000,9.25,9.25,9.25,9.25,9000
2019-01-02T10:30:21.000000,9.25,9.25,9.25,9.25,49900
2019-01-02T10:30:22.000000,9.25,9.25,9.25,9.25,26700
2019-01-02T10:30:23.000000,9.25,9.25,9.25,9.25,200
2019-01-02T10:30:24.000000,9.25,9.25,9.25,9.25,1300
2019-01-02T10:30:25.000000,9.25,9.25,9.25,9.25,5500
2019-01-02T10:30:26.000000,9.25,9.26,9.25,9.26,0
2019-01-02T10:30:27.000000,9.25,9.25,9.25,9.25,46000
2019-01-02T10:30:28.000000,9.25,9.25,9.25,9.25,500
2019-01-02T10:30:29.000000,9.25,9.26,9.25,9.25,9100
2019-01-02T10:30:30.000000,9.25,9.26,9.25,9.25,1000
2019-01-02T10:30:31.000000,9.25,9.25,9.25,9.25,100
2019-01-02T10:30:32.000000,9.25,9.25,9.25,9.25,900
2019-01-02T10:30:33.000000,9.25,9.26,9.25,9.26,100
2019-01-02T10:30:34.000000,9.25,9.25,9.25,9.25,0
2019-01-02T10:30:35.000000,9.25,9.25,9.25,9.25,4300
2019-01-02T10:30:36.000000,9.25,9.25,9.25,9.25,200
2019-01-02T10:30:37.000000,9.25,9.25,9.25,9.25,39000
2019-01-02T10:30:38.000000,9.25,9.25,9.25,9.25,0
2019-01-02T10:30:39.000000,9.25,9.26,9.25,9.26,5000
2019-01-02T10:30:40.000000,9.25,9.25,9.25,9.25,200
2019-01-02T10:30:41.000000,9.25,9.25,9.25,9.25,400
2019-01-02T10:30:42.000000,9.25,9.25,9.25,9.25,200
2019-01-02T10:30:43.000000,9.25,9.25,9.25,9.25,500
2019-01-02T10:30:44.000000,9.25,9.25,9.25,9.25,500
2019-01-02T10:30:45.000000,9.25,9.25,9.25,9.25,5100
2019-01-02T10:30:46.000000,9.25,9.25,9.25,9.25,200
2019-01-02T10:30:47.000000,9.25,9.25,9.25,9.25,1000
2019-01-02T10:30:48.000000,9.25,9.25,9.25,9.25,100
2019-01-02T10:30:49.000000,9.25,9.25,9.25,9.25,9100
2019-01-02T10:30:50.000000,9.25,9.25,9.25,9.25,20100
2019-01-02T10:30:51.000000,9.25,9.26,9.25,9.25,500
2019-01-02T10:30:52.000000,9.25,9.25,9.25,9.25,100
2019-01-02T10:30:53.000000,9.25,9.25,9.25,9.25,0
2019-01-02T10:30:54.000000,9.25,9.25,9.25,9.25,100
2019-01-02T10:30:55.000000,9.26,9.26,9.25,9.25,0
2019-01-02T10:30:56.000000,9.25,9.25,9.25,9.25,100
2019-01-02T10:30:57.000000,9.25,9.25,9.25,9.25,2000
2019-01-02T10:30:58.000000,9.25,9.25,9.25,9.25,3600
2019-01-02T10:30:59.000000,9.25,9.25,9.25,9.25,1000
2019-01-02T10:31:00.000000,9.26,9.26,9.25,9.25,1000
2019-01-02T10:31:01.000000,9.25,9.25,9.25,9.25,1000
2019-01-02T10:31:02.000000,9.25,9.25,9.25,9.25,10900
2019-01-02T10:31:03.000000,9.25,9.25,9.25,9.25,2000
2019-01-02T10:31:04.000000,9.25,9.25,9.25,9.25,5700
2019-01-02T10:31:05.000000,9.25,9.25,9.25,9.25,100
2019-01-02T10:31:06.000000,9.25,9.25,9.25,9.25,2100
2019-01-02T10:31:07.000000,9.25,9.25,9.25,9.25,500
2019-01-02T10:31:08.000000,9.25,9.25,9.25,9.25,7300
2019-01-02T10:31:09.000000,9.25,9.26,9.25,9.25,1700
2019-01-02T10:31:10.000000,9.25,9.26,9.25,9.25,4200
2019-01-02T10:31:12.000000,9.25,9.25,9.25,9.25,3000
2019-01-02T10:31:13.000000,9.25,9.26,9.25,9.25,4400
2019-01-02T10:31:14.000000,9.25,9.25,9.25,9.25,0
2019-01-02T10:31:15.000000,9.25,9.25,9.25,9.25,6100
2019-01-02T10:31:17.000000,9.25,9.25,9.25,9.25,1000
2019-01-02T10:31:18.000000,9.25,9.26,9.25,9.25,100
2019-01-02T10:31:19.000000,9.25,9.25,9.25,9.25,2000
2019-01-02T10:31:20.000000,9.25,9.25,9.25,9.25,1000
2019-01-02T10:31:21.000000,9.26,9.26,9.25,9.25,1000
2019-01-02T10:31:22.000000,9.25,9.25,9.25,9.25,2200
2019-01-02T10:31:23.000000,9.25,9.25,9.25,9.25,1200
2019-01-02T10:31:25.000000,9.25,9.25,9.25,9.25,5200
2019-01-02T10:31:26.000000,9.25,9.25,9.25,9.25,7800
2019-01-02T10:31:27.000000,9.25,9.25,9.25,9.25,6500
2019-01-02T10:31:28.000000,9.25,9.25,9.25,9.25,1000
2019-01-02T10:31:29.000000,9.25,9.25,9.25,9.25,600
2019-01-02T10:31:30.000000,9.25,9.25,9.25,9.25,35400
2019-01-02T10:31:31.000000,9.25,9.25,9.25,9.25,2000
2019-01-02T10:31:32.000000,9.25,9.25,9.25,9.25,2700
2019-01-02T10:31:33.000000,9.25,9.25,9.25,9.25,1500
2019-01-02T10:31:35.000000,9.25,9.25,9.25,9.25,400
2019-01-02T10:31:36.000000,9.25,9.25,9.25,9.25,0
2019-01-02T10:31:37.000000,9.25,9.25,9.25,9.25,4200
2019-01-02T10:31:39.000000,9.25,9.25,9.25,9.25,6600
2019-01-02T10:31:40.000000,9.25,9.26,9.25,9.25,7000
2019-01-02T10:31:41.000000,9.25,9.26,9.25,9.25,700
2019-01-02T10:31:42.000000,9.25,9.25,9.25,9.25,1500
2019-01-02T10:31:43.000000,9.25,9.26,9.25,9.26,0
2019-01-02T10:31:44.000000,9.25,9.26,9.25,9.26,12300
2019-01-02T10:31:45.000000,9.25,9.25,9.25,9.25,1000
2019-01-02T10:31:46.000000,9.25,9.25,9.25,9.25,6400
2019-01-02T10:31:47.000000,9.25,9.25,9.25,9.25,600
2019-01-02T10:31:48.000000,9.25,9.25,9.25,9.25,100
2019-01-02T10:31:49.000000,9.25,9.25,9.25,9.25,300
2019-01-02T10:31:50.000000,9.25,9.25,9.25,9.25,12300
2019-01-02T10:31:51.000000,9.25,9.25,9.25,9.25,800
2019-01-02T10:31:52.000000,9.25,9.25,9.25,9.25,13200
2019-01-02T10:31:53.000000,9.25,9.25,9.25,9.25,100
2019-01-02T10:31:54.000000,9.25,9.25,9.25,9.25,58500
2019-01-02T10:31:55.000000,9.25,9.26,9.25,9.25,1900
2019-01-02T10:31:56.000000,9.25,9.25,9.25,9.25,400
2019-01-02T10:31:58.000000,9.25,9.26,9.25,9.25,0
2019-01-02T10:31:59.000000,9.25,9.25,9.25,9.25,20500
2019-01-02T10:32:00.000000,9.25,9.25,9.25,9.25,800
2019-01-02T10:32:01.000000,9.25,9.25,9.25,9.25,500
2019-01-02T10:32:02.000000,9.25,9.26,9.25,9.25,0
2019-01-02T10:32:03.000000,9.25,9.25,9.25,9.25,800
2019-01-02T10:32:04.000000,9.25,9.25,9.24,9.24,1000
2019-01-02T10:32:05.000000,9.26,9.26,9.24,9.25,1000
2019-01-02T10:32:06.000000,9.26,9.26,9.24,9.25,2700
2019-01-02T10:32:07.000000,9.25,9.25,9.25,9.25,2100
2019-01-02T10:32:08.000000,9.25,9.25,9.24,9.25,9400
2019-01-02T10:32:09.000000,9.25,9.25,9.24,9.25,500
2019-01-02T10:32:10.000000,9.25,9.25,9.25,9.25,300
2019-01-02T10:32:12.000000,9.25,9.25,9.24,9.24,0
2019-01-02T10:32:13.000000,9.25,9.25,9.25,9.25,0
2019-01-02T10:32:14.000000,9.25,9.25,9.24,9.25,6300
2019-01-02T10:32:15.000000,9.25,9.25,9.24,9.25,3500
2019-01-02T10:32:16.000000,9.25,9.25,9.25,9.25,2000
2019-01-02T10:32:18.000000,9.25,9.25,9.25,9.25,0
2019-01-02T10:32:20.000000,9.25,9.25,9.24,9.25,19500
2019-01-02T10:32:21.000000,9.25,9.25,9.25,9.25,50000
2019-01-02T10:32:22.000000,9.25,9.25,9.24,9.24,0
2019-01-02T10:32:23.000000,9.25,9.25,9.25,9.25,100
2019-01-02T10:32:25.000000,9.25,9.25,9.25,9.25,3200
2019-01-02T10:32:26.000000,9.25,9.25,9.25,9.25,50900
2019-01-02T10:32:27.000000,9.25,9.25,9.25,9.25,46400
2019-01-02T10:32:28.000000,9.25,9.25,9.25,9.25,4700
2019-01-02T10:32:30.000000,9.25,9.25,9.25,9.25,300
2019-01-02T10:32:31.000000,9.25,9.25,9.25,9.25,3200
2019-01-02T10:32:32.000000,9.25,9.25,9.25,9.25,1000
2019-01-02T10:32:33.000000,9.25,9.25,9.25,9.25,0
2019-01-02T10:32:34.000000,9.25,9.25,9.25,9.25,500
2019-01-02T10:32:36.000000,9.25,9.25,9.25,9.25,1000
2019-01-02T10:32:37.000000,9.25,9.25,9.25,9.25,213700
2019-01-02T10:32:38.000000,9.25,9.25,9.25,9.25,1800
2019-01-02T10:32:39.000000,9.25,9.25,9.25,9.25,3900
2019-01-02T10:32:40.000000,9.25,9.25,9.25,9.25,15300
2019-01-02T10:32:41.000000,9.25,9.25,9.25,9.25,500
2019-01-02T10:32:42.000000,9.25,9.25,9.25,9.25,4100
2019-01-02T10:32:43.000000,9.25,9.26,9.25,9.25,9000
2019-01-02T10:32:44.000000,9.25,9.25,9.25,9.25,8500
2019-01-02T10:32:45.000000,9.25,9.26,9.25,9.25,100
2019-01-02T10:32:46.000000,9.25,9.25,9.25,9.25,1100
2019-01-02T10:32:47.000000,9.25,9.25,9.25,9.25,500
2019-01-02T10:32:49.000000,9.25,9.25,9.25,9.25,11500
2019-01-02T10:32:50.000000,9.25,9.25,9.25,9.25,2100
2019-01-02T10:32:51.000000,9.25,9.25,9.25,9.25,43300
2019-01-02T10:32:52.000000,9.25,9.25,9.25,9.25,400
2019-01-02T10:32:53.000000,9.25,9.25,9.25,9.25,11100
2019-01-02T10:32:54.000000,9.25,9.25,9.24,9.25,4800
2019-01-02T10:32:55.000000,9.25,9.25,9.24,9.25,84400
2019-01-02T10:32:56.000000,9.25,9.25,9.25,9.25,0
2019-01-02T10:32:57.000000,9.25,9.25,9.24,9.25,7000
2019-01-02T10:32:58.000000,9.25,9.25,9.25,9.25,0
2019-01-02T10:33:01.000000,9.25,9.25,9.25,9.25,500
2019-01-02T10:33:02.000000,9.24,9.25,9.24,9.24,300
2019-01-02T10:33:04.000000,9.25,9.25,9.25,9.25,1100
2019-01-02T10:33:05.000000,9.25,9.25,9.24,9.25,4000
2019-01-02T10:33:07.000000,9.25,9.25,9.24,9.24,11900
2019-01-02T10:33:08.000000,9.25,9.25,9.25,9.25,14100
2019-01-02T10:33:09.000000,9.25,9.25,9.25,9.25,6100
2019-01-02T10:33:10.000000,9.25,9.25,9.24,9.25,0
2019-01-02T10:33:12.000000,9.25,9.25,9.24,9.24,0
2019-01-02T10:33:14.000000,9.25,9.25,9.25,9.25,10500
2019-01-02T10:33:15.000000,9.25,9.25,9.25,9.25,2000
2019-01-02T10:33:16.000000,9.25,9.25,9.24,9.25,1100
2019-01-02T10:33:18.000000,9.24,9.25,9.24,9.25,200
2019-01-02T10:33:19.000000,9.25,9.25,9.25,9.25,23000
2019-01-02T10:33:21.000000,9.25,9.25,9.25,9.25,2100
2019-01-02T10:33:22.000000,9.25,9.25,9.25,9.25,1000
2019-01-02T10:33:23.000000,9.25,9.25,9.25,9.25,2800
2019-01-02T10:33:24.000000,9.25,9.25,9.25,9.25,5300
2019-01-02T10:33:25.000000,9.24,9.25,9.24,9.25,0
2019-01-02T10:33:26.000000,9.25,9.25,9.24,9.25,5000
2019-01-02T10:33:27.000000,9.24,9.25,9.24,9.25,4300
2019-01-02T10:33:28.000000,9.25,9.25,9.25,9.25,3300
2019-01-02T10:33:29.000000,9.25,9.25,9.25,9.25,1400
2019-01-02T10:33:30.000000,9.25,9.25,9.25,9.25,400
2019-01-02T10:33:32.000000,9.25,9.25,9.25,9.25,300
2019-01-02T10:33:33.000000,9.24,9.25,9.24,9.25,500
2019-01-02T10:33:34.000000,9.25,9.25,9.24,9.24,0
2019-01-02T10:33:35.000000,9.25,9.25,9.25,9.25,9000
2019-01-02T10:33:36.000000,9.25,9.25,9.24,9.25,4000
2019-01-02T10:33:37.000000,9.25,9.25,9.24,9.25,4100
2019-01-02T10:33:38.000000,9.25,9.25,9.24,9.25,13800
2019-01-02T10:33:39.000000,9.25,9.25,9.25,9.25,8000
2019-01-02T10:33:40.000000,9.25,9.25,9.24,9.24,6000
2019-01-02T10:33:42.000000,9.25,9.25,9.24,9.24,0
2019-01-02T10:33:43.000000,9.25,9.25,9.24,9.25,300
2019-01-02T10:33:44.000000,9.25,9.25,9.25,9.25,1100
2019-01-02T10:33:46.000000,9.25,9.25,9.25,9.25,2200
2019-01-02T10:33:47.000000,9.25,9.25,9.25,9.25,28600
2019-01-02T10:33:49.000000,9.25,9.25,9.24,9.25,1900
2019-01-02T10:33:50.000000,9.24,9.25,9.24,9.25,300
2019-01-02T10:33:51.000000,9.25,9.25,9.25,9.25,0
2019-01-02T10:33:52.000000,9.25,9.25,9.25,9.25,500
2019-01-02T10:33:53.000000,9.25,9.25,9.25,9.25,500
2019-01-02T10:33:54.000000,9.25,9.25,9.25,9.25,1400
2019-01-02T10:33:55.000000,9.25,9.25,9.25,9.25,900
2019-01-02T10:33:56.000000,9.25,9.25,9.25,9.25,5300
2019-01-02T10:33:57.000000,9.25,9.25,9.25,9.25,5200
2019-01-02T10:33:58.000000,9.24,9.25,9.24,9.25,1100
2019-01-02T10:33:59.000000,9.25,9.25,9.24,9.24,0
2019-01-02T10:34:00.000000,9.24,9.25,9.24,9.25,600
2019-01-02T10:34:01.000000,9.25,9.25,9.25,9.25,600
2019-01-02T10:34:02.000000,9.25,9.25,9.25,9.25,500
2019-01-02T10:34:03.000000,9.25,9.25,9.24,9.24,2000
2019-01-02T10:34:04.000000,9.25,9.25,9.25,9.25,4200
2019-01-02T10:34:05.000000,9.25,9.25,9.25,9.25,700
2019-01-02T10:34:06.000000,9.25,9.25,9.24,9.25,1300
2019-01-02T10:34:08.000000,9.25,9.25,9.25,9.25,3700
2019-01-02T10:34:09.000000,9.25,9.25,9.25,9.25,700
2019-01-02T10:34:10.000000,9.25,9.25,9.25,9.25,300
2019-01-02T10:34:11.000000,9.24,9.25,9.24,9.25,300
2019-01-02T10:34:12.000000,9.25,9.25,9.24,9.25,2000
2019-01-02T10:34:13.000000,9.25,9.25,9.25,9.25,800
2019-01-02T10:34:14.000000,9.24,9.26,9.24,9.24,1400
2019-01-02T10:34:15.000000,9.25,9.25,9.24,9.25,1700
2019-01-02T10:34:16.000000,9.25,9.25,9.24,9.24,0
2019-01-02T10:34:17.000000,9.25,9.25,9.25,9.25,1800
2019-01-02T10:34:18.000000,9.25,9.25,9.25,9.25,2400
2019-01-02T10:34:19.000000,9.25,9.25,9.25,9.25,1000
2019-01-02T10:34:20.000000,9.25,9.25,9.25,9.25,1200
2019-01-02T10:34:21.000000,9.25,9.25,9.25,9.25,1400
2019-01-02T10:34:22.000000,9.25,9.25,9.24,9.25,0
2019-01-02T10:34:23.000000,9.25,9.25,9.25,9.25,700
2019-01-02T10:34:24.000000,9.24,9.25,9.24,9.25,0
2019-01-02T10:34:25.000000,9.25,9.25,9.25,9.25,0
2019-01-02T10:34:27.000000,9.25,9.25,9.25,9.25,5000
2019-01-02T10:34:28.000000,9.25,9.25,9.24,9.25,20800
2019-01-02T10:34:29.000000,9.25,9.25,9.25,9.25,500
2019-01-02T10:34:30.000000,9.24,9.25,9.24,9.25,0
2019-01-02T10:34:31.000000,9.25,9.25,9.25,9.25,500
2019-01-02T10:34:32.000000,9.25,9.25,9.25,9.25,41500
2019-01-02T10:34:33.000000,9.25,9.25,9.24,9.24,0
2019-01-02T10:34:34.000000,9.25,9.25,9.25,9.25,3900
2019-01-02T10:34:35.000000,9.25,9.25,9.24,9.25,3600
2019-01-02T10:34:36.000000,9.25,9.25,9.25,9.25,11800
2019-01-02T10:34:37.000000,9.25,9.25,9.25,9.25,10000
2019-01-02T10:34:38.000000,9.24,9.25,9.24,9.25,0
2019-01-02T10:34:39.000000,9.25,9.25,9.24,9.25,2200
2019-01-02T10:34:40.000000,9.25,9.25,9.25,9.25,1500
2019-01-02T10:34:41.000000,9.25,9.25,9.25,9.25,2100
2019-01-02T10:34:42.000000,9.24,9.25,9.24,9.25,0
2019-01-02T10:34:43.000000,9.25,9.25,9.25,9.25,1000
2019-01-02T10:34:44.000000,9.25,9.25,9.24,9.24,0
2019-01-02T10:34:45.000000,9.25,9.25,9.24,9.24,0
2019-01-02T10:34:46.000000,9.25,9.25,9.24,9.24,800
2019-01-02T10:34:47.000000,9.25,9.25,9.25,9.25,2400
2019-01-02T10:34:48.000000,9.25,9.25,9.25,9.25,4500
2019-01-02T10:34:49.000000,9.25,9.25,9.25,9.25,22000
2019-01-02T10:34:50.000000,9.25,9.25,9.25,9.25,4500
2019-01-02T10:34:52.000000,9.25,9.25,9.24,9.25,4600
2019-01-02T10:34:53.000000,9.25,9.25,9.25,9.25,8100
2019-01-02T10:34:54.000000,9.24,9.25,9.24,9.25,1400
2019-01-02T10:34:55.000000,9.25,9.25,9.24,9.25,7300
2019-01-02T10:34:57.000000,9.25,9.25,9.25,9.25,3100
2019-01-02T10:34:58.000000,9.25,9.25,9.25,9.25,4300
2019-01-02T10:35:00.000000,9.25,9.25,9.25,9.25,7100
2019-01-02T10:35:01.000000,9.25,9.25,9.25,9.25,5300
2019-01-02T10:35:02.000000,9.25,9.25,9.24,9.25,3100
2019-01-02T10:35:04.000000,9.25,9.25,9.25,9.25,2000
2019-01-02T10:35:06.000000,9.25,9.25,9.24,9.25,500
2019-01-02T10:35:09.000000,9.25,9.25,9.25,9.25,9100
2019-01-02T10:35:10.000000,9.24,9.25,9.24,9.25,3000
2019-01-02T10:35:11.000000,9.25,9.25,9.25,9.25,2100
2019-01-02T10:35:12.000000,9.25,9.25,9.25,9.25,5800
2019-01-02T10:35:13.000000,9.25,9.25,9.25,9.25,9200
2019-01-02T10:35:15.000000,9.25,9.25,9.24,9.24,0
2019-01-02T10:35:17.000000,9.25,9.25,9.24,9.24,0
2019-01-02T10:35:18.000000,9.25,9.25,9.24,9.25,1500
2019-01-02T10:35:20.000000,9.25,9.25,9.24,9.25,1200
2019-01-02T10:35:21.000000,9.25,9.25,9.25,9.25,400
2019-01-02T10:35:22.000000,9.25,9.25,9.25,9.25,100
2019-01-02T10:35:23.000000,9.25,9.25,9.25,9.25,13200
2019-01-02T10:35:24.000000,9.25,9.25,9.25,9.25,10000
2019-01-02T10:35:25.000000,9.25,9.25,9.25,9.25,0
2019-01-02T10:35:26.000000,9.24,9.25,9.24,9.25,2900
2019-01-02T10:35:28.000000,9.24,9.25,9.24,9.25,2000
2019-01-02T10:35:29.000000,9.25,9.25,9.25,9.25,100
2019-01-02T10:35:31.000000,9.25,9.25,9.25,9.25,11000
2019-01-02T10:35:32.000000,9.25,9.25,9.25,9.25,9300
2019-01-02T10:35:33.000000,9.25,9.25,9.24,9.24,3000
2019-01-02T10:35:34.000000,9.25,9.25,9.24,9.25,200
2019-01-02T10:35:35.000000,9.25,9.25,9.25,9.25,1700
2019-01-02T10:35:36.000000,9.25,9.25,9.25,9.25,2000
2019-01-02T10:35:37.000000,9.25,9.25,9.25,9.25,3800
2019-01-02T10:35:38.000000,9.25,9.25,9.25,9.25,2500
2019-01-02T10:35:39.000000,9.25,9.25,9.24,9.25,5100
2019-01-02T10:35:40.000000,9.25,9.25,9.25,9.25,2100
2019-01-02T10:35:41.000000,9.25,9.25,9.25,9.25,100
2019-01-02T10:35:42.000000,9.25,9.25,9.24,9.24,400
2019-01-02T10:35:43.000000,9.25,9.25,9.25,9.25,2000
2019-01-02T10:35:44.000000,9.25,9.25,9.25,9.25,0
2019-01-02T10:35:45.000000,9.25,9.25,9.25,9.25,600
2019-01-02T10:35:46.000000,9.25,9.25,9.25,9.25,1300
2019-01-02T10:35:48.000000,9.25,9.25,9.24,9.24,19800
2019-01-02T10:35:50.000000,9.25,9.25,9.24,9.25,5500
2019-01-02T10:35:52.000000,9.25,9.25,9.25,9.25,6300
2019-01-02T10:35:53.000000,9.25,9.25,9.25,9.25,10400
2019-01-02T10:35:54.000000,9.24,9.25,9.24,9.25,1000
2019-01-02T10:35:55.000000,9.25,9.25,9.25,9.25,3200
2019-01-02T10:35:56.000000,9.25,9.25,9.25,9.25,1000
2019-01-02T10:35:57.000000,9.25,9.25,9.25,9.25,300
2019-01-02T10:35:58.000000,9.25,9.25,9.24,9.25,1700
2019-01-02T10:36:00.000000,9.25,9.25,9.24,9.24,0
2019-01-02T10:36:01.000000,9.24,9.25,9.24,9.25,800
2019-01-02T10:36:02.000000,9.25,9.25,9.25,9.25,0
2019-01-02T10:36:03.000000,9.25,9.25,9.25,9.25,1300
2019-01-02T10:36:05.000000,9.25,9.25,9.25,9.25,1000
2019-01-02T10:36:07.000000,9.24,9.25,9.24,9.25,13200
2019-01-02T10:36:08.000000,9.25,9.25,9.25,9.25,100
2019-01-02T10:36:09.000000,9.25,9.25,9.25,9.25,200
2019-01-02T10:36:11.000000,9.25,9.25,9.24,9.25,500
2019-01-02T10:36:12.000000,9.24,9.25,9.24,9.25,0
2019-01-02T10:36:13.000000,9.25,9.25,9.25,9.25,0
2019-01-02T10:36:14.000000,9.25,9.25,9.24,9.25,2900
2019-01-02T10:36:15.000000,9.25,9.25,9.25,9.25,20500
2019-01-02T10:36:16.000000,9.25,9.25,9.25,9.25,700
2019-01-02T10:36:19.000000,9.25,9.25,9.24,9.25,600
2019-01-02T10:36:20.000000,9.25,9.25,9.25,9.25,3700
2019-01-02T10:36:22.000000,9.25,9.25,9.24,9.24,0
2019-01-02T10:36:23.000000,9.25,9.25,9.24,9.25,8000
2019-01-02T10:36:24.000000,9.25,9.25,9.24,9.25,1700
2019-01-02T10:36:25.000000,9.25,9.25,9.25,9.25,1000
2019-01-02T10:36:26.000000,9.25,9.25,9.24,9.24,0
2019-01-02T10:36:27.000000,9.25,9.25,9.25,9.25,3600
2019-01-02T10:36:28.000000,9.25,9.25,9.25,9.25,0
2019-01-02T10:36:29.000000,9.25,9.25,9.25,9.25,500
2019-01-02T10:36:30.000000,9.25,9.25,9.24,9.24,1000
2019-01-02T10:36:31.000000,9.25,9.25,9.24,9.25,1400
2019-01-02T10:36:32.000000,9.25,9.25,9.25,9.25,6900
2019-01-02T10:36:34.000000,9.25,9.25,9.24,9.24,0
2019-01-02T10:36:36.000000,9.25,9.25,9.25,9.25,0
2019-01-02T10:36:38.000000,9.25,9.25,9.25,9.25,500
2019-01-02T10:36:39.000000,9.24,9.25,9.24,9.25,10000
2019-01-02T10:36:40.000000,9.24,9.25,9.24,9.25,100
2019-01-02T10:36:41.000000,9.25,9.25,9.24,9.25,100
2019-01-02T10:36:42.000000,9.25,9.25,9.24,9.24,2200
2019-01-02T10:36:43.000000,9.24,9.25,9.24,9.25,1700
2019-01-02T10:36:45.000000,9.25,9.25,9.24,9.25,300
2019-01-02T10:36:46.000000,9.25,9.25,9.24,9.25,1100
2019-01-02T10:36:47.000000,9.24,9.25,9.24,9.25,100
2019-01-02T10:36:48.000000,9.25,9.25,9.24,9.24,1100
2019-01-02T10:36:49.000000,9.25,9.25,9.25,9.25,2000
2019-01-02T10:36:50.000000,9.25,9.25,9.25,9.25,0
2019-01-02T10:36:51.000000,9.25,9.25,9.25,9.25,100
2019-01-02T10:36:52.000000,9.25,9.25,9.24,9.25,44700
2019-01-02T10:36:53.000000,9.25,9.25,9.25,9.25,200
2019-01-02T10:36:54.000000,9.25,9.25,9.25,9.25,2200
2019-01-02T10:36:55.000000,9.24,9.25,9.24,9.25,2100
2019-01-02T10:36:56.000000,9.24,9.25,9.24,9.25,11100
2019-01-02T10:36:57.000000,9.25,9.25,9.24,9.24,1100
2019-01-02T10:36:58.000000,9.25,9.25,9.25,9.25,10400
2019-01-02T10:36:59.000000,9.25,9.25,9.25,9.25,1900
2019-01-02T10:37:00.000000,9.25,9.25,9.25,9.25,4100
2019-01-02T10:37:01.000000,9.24,9.25,9.24,9.25,5100
2019-01-02T10:37:02.000000,9.25,9.25,9.25,9.25,52300
2019-01-02T10:37:03.000000,9.24,9.25,9.24,9.25,5900
2019-01-02T10:37:04.000000,9.25,9.25,9.25,9.25,1300
2019-01-02T10:37:05.000000,9.25,9.25,9.24,9.25,2000
2019-01-02T10:37:06.000000,9.24,9.25,9.24,9.25,5300
2019-01-02T10:37:07.000000,9.24,9.25,9.24,9.25,100
2019-01-02T10:37:08.000000,9.24,9.25,9.24,9.24,0
2019-01-02T10:37:09.000000,9.25,9.25,9.25,9.25,38200
2019-01-02T10:37:10.000000,9.25,9.25,9.25,9.25,1000
2019-01-02T10:37:11.000000,9.25,9.25,9.24,9.24,1300
2019-01-02T10:37:12.000000,9.25,9.25,9.24,9.25,200
2019-01-02T10:37:13.000000,9.25,9.25,9.25,9.25,400
2019-01-02T10:37:14.000000,9.25,9.25,9.25,9.25,2800
2019-01-02T10:37:15.000000,9.25,9.25,9.25,9.25,2100
2019-01-02T10:37:16.000000,9.25,9.25,9.25,9.25,100
2019-01-02T10:37:17.000000,9.25,9.25,9.25,9.25,3900
2019-01-02T10:37:18.000000,9.24,9.25,9.24,9.25,3000
2019-01-02T10:37:19.000000,9.24,9.25,9.24,9.25,1000
2019-01-02T10:37:20.000000,9.25,9.25,9.24,9.25,11000
2019-01-02T10:37:21.000000,9.24,9.25,9.24,9.25,0
2019-01-02T10:37:22.000000,9.24,9.25,9.24,9.25,0
2019-01-02T10:37:23.000000,9.24,9.25,9.24,9.25,16200
2019-01-02T10:37:24.000000,9.25,9.25,9.24,9.25,2900
2019-01-02T10:37:25.000000,9.25,9.25,9.24,9.24,5100
2019-01-02T10:37:26.000000,9.25,9.25,9.24,9.25,1700
2019-01-02T10:37:27.000000,9.25,9.25,9.24,9.25,1500
2019-01-02T10:37:28.000000,9.25,9.25,9.25,9.25,5000
2019-01-02T10:37:29.000000,9.24,9.25,9.24,9.25,1800
2019-01-02T10:37:30.000000,9.25,9.25,9.24,9.24,1100
2019-01-02T10:37:31.000000,9.24,9.25,9.24,9.25,0
2019-01-02T10:37:32.000000,9.25,9.25,9.25,9.25,200
2019-01-02T10:37:34.000000,9.24,9.25,9.24,9.25,5600
2019-01-02T10:37:35.000000,9.25,9.25,9.25,9.25,3100
2019-01-02T10:37:36.000000,9.25,9.25,9.25,9.25,500
2019-01-02T10:37:37.000000,9.25,9.25,9.25,9.25,1000
2019-01-02T10:37:39.000000,9.24,9.25,9.24,9.25,3200
2019-01-02T10:37:40.000000,9.24,9.25,9.24,9.25,2400
2019-01-02T10:37:41.000000,9.25,9.25,9.24,9.25,300
2019-01-02T10:37:42.000000,9.25,9.25,9.24,9.25,3800
2019-01-02T10:37:43.000000,9.24,9.25,9.24,9.24,0
2019-01-02T10:37:44.000000,9.25,9.25,9.24,9.24,5800
2019-01-02T10:37:45.000000,9.25,9.25,9.24,9.25,1200
2019-01-02T10:37:46.000000,9.25,9.25,9.24,9.25,24900
2019-01-02T10:37:47.000000,9.25,9.25,9.24,9.25,8500
2019-01-02T10:37:48.000000,9.24,9.25,9.24,9.25,800
2019-01-02T10:37:49.000000,9.25,9.25,9.25,9.25,1500
2019-01-02T10:37:50.000000,9.25,9.25,9.24,9.25,200
2019-01-02T10:37:51.000000,9.24,9.25,9.24,9.25,7700
2019-01-02T10:37:52.000000,9.25,9.25,9.25,9.25,800
2019-01-02T10:37:53.000000,9.25,9.25,9.25,9.25,25800
2019-01-02T10:37:54.000000,9.24,9.25,9.24,9.25,900
2019-01-02T10:37:55.000000,9.25,9.25,9.25,9.25,700
2019-01-02T10:37:56.000000,9.24,9.25,9.24,9.25,1000
2019-01-02T10:37:57.000000,9.25,9.25,9.24,9.24,0
2019-01-02T10:37:58.000000,9.25,9.25,9.25,9.25,5300
2019-01-02T10:37:59.000000,9.24,9.25,9.24,9.25,1500
2019-01-02T10:38:00.000000,9.24,9.25,9.24,9.25,6700
2019-01-02T10:38:01.000000,9.25,9.25,9.25,9.25,159100
2019-01-02T10:38:02.000000,9.25,9.25,9.24,9.25,0
2019-01-02T10:38:03.000000,9.25,9.25,9.24,9.25,5200
2019-01-02T10:38:04.000000,9.25,9.25,9.24,9.25,200
2019-01-02T10:38:05.000000,9.25,9.25,9.25,9.25,4000
2019-01-02T10:38:06.000000,9.25,9.25,9.24,9.24,500
2019-01-02T10:38:07.000000,9.25,9.25,9.25,9.25,7700
2019-01-02T10:38:08.000000,9.25,9.25,9.24,9.25,2000
2019-01-02T10:38:09.000000,9.25,9.25,9.24,9.25,21500
2019-01-02T10:38:10.000000,9.25,9.25,9.25,9.25,200
2019-01-02T10:38:11.000000,9.25,9.25,9.24,9.25,4200
2019-01-02T10:38:12.000000,9.25,9.25,9.24,9.25,1000
2019-01-02T10:38:13.000000,9.25,9.25,9.24,9.25,9100
2019-01-02T10:38:14.000000,9.24,9.25,9.24,9.25,0
2019-01-02T10:38:16.000000,9.25,9.25,9.24,9.25,1700
2019-01-02T10:38:17.000000,9.25,9.25,9.25,9.25,1000
2019-01-02T10:38:18.000000,9.25,9.25,9.25,9.25,500
2019-01-02T10:38:19.000000,9.25,9.25,9.25,9.25,1000
2019-01-02T10:38:20.000000,9.24,9.25,9.24,9.25,1000
2019-01-02T10:38:21.000000,9.25,9.25,9.25,9.25,400
2019-01-02T10:38:22.000000,9.25,9.25,9.24,9.25,2600
2019-01-02T10:38:23.000000,9.25,9.25,9.25,9.25,300
2019-01-02T10:38:24.000000,9.25,9.25,9.24,9.24,0
2019-01-02T10:38:25.000000,9.25,9.25,9.25,9.25,600
2019-01-02T10:38:26.000000,9.25,9.25,9.24,9.25,1600
2019-01-02T10:38:27.000000,9.25,9.25,9.25,9.25,3500
2019-01-02T10:38:28.000000,9.25,9.25,9.25,9.25,2900
2019-01-02T10:38:29.000000,9.25,9.25,9.24,9.25,1500
2019-01-02T10:38:30.000000,9.25,9.25,9.24,9.25,5400
2019-01-02T10:38:31.000000,9.25,9.25,9.24,9.25,200
2019-01-02T10:38:32.000000,9.25,9.25,9.25,9.25,83400
2019-01-02T10:38:33.000000,9.24,9.25,9.24,9.25,0
2019-01-02T10:38:34.000000,9.25,9.25,9.25,9.25,1500
2019-01-02T10:38:35.000000,9.25,9.25,9.24,9.24,0
2019-01-02T10:38:36.000000,9.25,9.25,9.24,9.25,2300
2019-01-02T10:38:37.000000,9.25,9.25,9.25,9.25,200
2019-01-02T10:38:38.000000,9.24,9.25,9.24,9.25,5000
2019-01-02T10:38:39.000000,9.25,9.25,9.24,9.25,800
2019-01-02T10:38:40.000000,9.25,9.25,9.25,9.25,1200
2019-01-02T10:38:41.000000,9.25,9.25,9.25,9.25,5700
2019-01-02T10:38:42.000000,9.25,9.25,9.24,9.24,5500
2019-01-02T10:38:43.000000,9.25,9.25,9.25,9.25,300
2019-01-02T10:38:44.000000,9.25,9.25,9.25,9.25,25800
2019-01-02T10:38:45.000000,9.25,9.25,9.24,9.24,0
2019-01-02T10:38:46.000000,9.25,9.25,9.24,9.25,2000
2019-01-02T10:38:47.000000,9.24,9.25,9.24,9.25,6500
2019-01-02T10:38:48.000000,9.25,9.25,9.25,9.25,23900
2019-01-02T10:38:49.000000,9.24,9.25,9.24,9.25,400
2019-01-02T10:38:50.000000,9.24,9.25,9.24,9.25,2700
2019-01-02T10:38:51.000000,9.25,9.25,9.24,9.25,200
2019-01-02T10:38:52.000000,9.25,9.25,9.25,9.25,400
2019-01-02T10:38:54.000000,9.25,9.25,9.24,9.24,2900
2019-01-02T10:38:55.000000,9.25,9.25,9.24,9.25,4500
2019-01-02T10:38:56.000000,9.25,9.25,9.25,9.25,600
2019-01-02T10:38:57.000000,9.25,9.25,9.24,9.25,200
2019-01-02T10:38:58.000000,9.24,9.25,9.24,9.25,2700
2019-01-02T10:38:59.000000,9.25,9.25,9.25,9.25,600
2019-01-02T10:39:00.000000,9.25,9.25,9.25,9.25,1700
2019-01-02T10:39:01.000000,9.25,9.25,9.24,9.25,12500
2019-01-02T10:39:02.000000,9.25,9.25,9.24,9.25,800
2019-01-02T10:39:03.000000,9.24,9.25,9.24,9.25,18700
2019-01-02T10:39:04.000000,9.25,9.25,9.25,9.25,1800
2019-01-02T10:39:05.000000,9.25,9.25,9.25,9.25,15600
2019-01-02T10:39:06.000000,9.25,9.25,9.24,9.25,1200
2019-01-02T10:39:07.000000,9.25,9.25,9.24,9.24,26500
2019-01-02T10:39:09.000000,9.25,9.25,9.24,9.25,1300
2019-01-02T10:39:10.000000,9.25,9.25,9.25,9.25,800
2019-01-02T10:39:11.000000,9.25,9.25,9.25,9.25,1100
2019-01-02T10:39:12.000000,9.25,9.25,9.25,9.25,14600
2019-01-02T10:39:13.000000,9.24,9.25,9.24,9.25,2200
2019-01-02T10:39:14.000000,9.25,9.25,9.25,9.25,4100
2019-01-02T10:39:15.000000,9.25,9.25,9.25,9.25,10200
2019-01-02T10:39:16.000000,9.25,9.25,9.24,9.24,1200
2019-01-02T10:39:17.000000,9.25,9.25,9.25,9.25,2100
2019-01-02T10:39:18.000000,9.25,9.25,9.25,9.25,13500
2019-01-02T10:39:19.000000,9.25,9.25,9.25,9.25,3300
2019-01-02T10:39:20.000000,9.25,9.25,9.24,9.25,1300
2019-01-02T10:39:21.000000,9.25,9.25,9.25,9.25,22900
2019-01-02T10:39:22.000000,9.25,9.25,9.24,9.25,9100
2019-01-02T10:39:23.000000,9.25,9.25,9.25,9.25,3100
2019-01-02T10:39:25.000000,9.25,9.25,9.24,9.25,200
2019-01-02T10:39:26.000000,9.25,9.25,9.24,9.24,2000
2019-01-02T10:39:27.000000,9.24,9.25,9.24,9.25,6300
2019-01-02T10:39:28.000000,9.25,9.25,9.25,9.25,1000
2019-01-02T10:39:29.000000,9.25,9.25,9.24,9.25,100
2019-01-02T10:39:30.000000,9.25,9.25,9.25,9.25,17800
2019-01-02T10:39:31.000000,9.25,9.25,9.24,9.25,4000
2019-01-02T10:39:33.000000,9.25,9.25,9.24,9.24,41100
2019-01-02T10:39:34.000000,9.25,9.25,9.24,9.25,500
2019-01-02T10:39:35.000000,9.25,9.25,9.25,9.25,1500
2019-01-02T10:39:36.000000,9.25,9.25,9.25,9.25,3000
2019-01-02T10:39:37.000000,9.25,9.25,9.25,9.25,3500
2019-01-02T10:39:38.000000,9.25,9.25,9.25,9.25,9000
2019-01-02T10:39:39.000000,9.25,9.25,9.24,9.25,5600
2019-01-02T10:39:40.000000,9.25,9.25,9.24,9.25,10600
2019-01-02T10:39:42.000000,9.25,9.25,9.24,9.25,9600
2019-01-02T10:39:43.000000,9.25,9.25,9.24,9.25,21600
2019-01-02T10:39:44.000000,9.25,9.25,9.25,9.25,2000
2019-01-02T10:39:45.000000,9.25,9.25,9.25,9.25,4000
2019-01-02T10:39:46.000000,9.25,9.25,9.24,9.25,52900
2019-01-02T10:39:47.000000,9.24,9.25,9.24,9.25,6000
2019-01-02T10:39:48.000000,9.25,9.25,9.24,9.25,3300
2019-01-02T10:39:49.000000,9.25,9.25,9.24,9.24,800
2019-01-02T10:39:50.000000,9.25,9.25,9.24,9.25,2600
2019-01-02T10:39:51.000000,9.25,9.25,9.25,9.25,1700
2019-01-02T10:39:52.000000,9.25,9.25,9.25,9.25,1000
2019-01-02T10:39:53.000000,9.25,9.25,9.24,9.25,5000
2019-01-02T10:39:54.000000,9.25,9.25,9.24,9.25,5500
2019-01-02T10:39:55.000000,9.25,9.25,9.24,9.25,8300
2019-01-02T10:39:56.000000,9.25,9.25,9.25,9.25,6000
2019-01-02T10:39:57.000000,9.25,9.25,9.24,9.24,9200
2019-01-02T10:39:58.000000,9.25,9.25,9.25,9.25,0
2019-01-02T10:39:59.000000,9.24,9.25,9.24,9.25,1000
2019-01-02T10:40:00.000000,9.25,9.25,9.24,9.24,6900
2019-01-02T10:40:01.000000,9.25,9.25,9.25,9.25,3000
2019-01-02T10:40:02.000000,9.25,9.25,9.25,9.25,15900
2019-01-02T10:40:03.000000,9.25,9.25,9.25,9.25,2200
2019-01-02T10:40:04.000000,9.24,9.25,9.24,9.25,10000
2019-01-02T10:40:05.000000,9.25,9.25,9.25,9.25,6100
2019-01-02T10:40:06.000000,9.25,9.25,9.24,9.24,6500
2019-01-02T10:40:07.000000,9.25,9.25,9.25,9.25,71300
2019-01-02T10:40:08.000000,9.25,9.25,9.24,9.25,1200
2019-01-02T10:40:09.000000,9.25,9.25,9.25,9.25,1100
2019-01-02T10:40:10.000000,9.25,9.25,9.25,9.25,200
2019-01-02T10:40:11.000000,9.25,9.25,9.25,9.25,2700
2019-01-02T10:40:12.000000,9.25,9.25,9.25,9.25,22000
2019-01-02T10:40:13.000000,9.24,9.25,9.24,9.25,4200
2019-01-02T10:40:14.000000,9.25,9.25,9.25,9.25,2100
2019-01-02T10:40:15.000000,9.25,9.25,9.24,9.25,3700
2019-01-02T10:40:16.000000,9.25,9.25,9.25,9.25,3600
2019-01-02T10:40:17.000000,9.25,9.25,9.25,9.25,1600
2019-01-02T10:40:20.000000,9.25,9.25,9.25,9.25,2300
2019-01-02T10:40:21.000000,9.25,9.25,9.24,9.24,400
2019-01-02T10:40:22.000000,9.25,9.25,9.25,9.25,300
2019-01-02T10:40:23.000000,9.25,9.25,9.24,9.25,20800
2019-01-02T10:40:24.000000,9.25,9.25,9.25,9.25,12900
2019-01-02T10:40:25.000000,9.25,9.25,9.25,9.25,3200
2019-01-02T10:40:26.000000,9.25,9.25,9.24,9.25,20000
2019-01-02T10:40:27.000000,9.25,9.25,9.25,9.25,4800
2019-01-02T10:40:28.000000,9.25,9.25,9.24,9.25,4700
2019-01-02T10:40:29.000000,9.25,9.25,9.24,9.25,600
2019-01-02T10:40:30.000000,9.25,9.25,9.24,9.25,12300
2019-01-02T10:40:31.000000,9.25,9.25,9.24,9.25,5100
2019-01-02T10:40:32.000000,9.25,9.25,9.25,9.25,600
2019-01-02T10:40:33.000000,9.25,9.25,9.25,9.25,1500
2019-01-02T10:40:34.000000,9.25,9.25,9.25,9.25,2500
2019-01-02T10:40:35.000000,9.25,9.25,9.24,9.25,3700
2019-01-02T10:40:36.000000,9.25,9.25,9.25,9.25,107000
2019-01-02T10:40:37.000000,9.24,9.25,9.24,9.25,2700
2019-01-02T10:40:38.000000,9.25,9.25,9.24,9.25,1000
2019-01-02T10:40:39.000000,9.25,9.25,9.24,9.25,2800
2019-01-02T10:40:40.000000,9.25,9.25,9.25,9.25,2000
2019-01-02T10:40:41.000000,9.25,9.25,9.25,9.25,2000
2019-01-02T10:40:42.000000,9.25,9.25,9.24,9.25,5000
2019-01-02T10:40:43.000000,9.25,9.25,9.24,9.25,2100
2019-01-02T10:40:44.000000,9.25,9.25,9.25,9.25,1300
2019-01-02T10:40:45.000000,9.25,9.25,9.25,9.25,1500
2019-01-02T10:40:46.000000,9.24,9.25,9.24,9.25,5000
2019-01-02T10:40:47.000000,9.25,9.25,9.24,9.24,0
2019-01-02T10:40:48.000000,9.24,9.25,9.24,9.25,11000
2019-01-02T10:40:49.000000,9.25,9.25,9.24,9.25,2700
2019-01-02T10:40:50.000000,9.25,9.25,9.25,9.25,200
2019-01-02T10:40:51.000000,9.25,9.25,9.24,9.24,7100
2019-01-02T10:40:52.000000,9.25,9.25,9.24,9.24,0
2019-01-02T10:40:53.000000,9.25,9.25,9.25,9.25,30800
2019-01-02T10:40:54.000000,9.25,9.25,9.25,9.25,800
2019-01-02T10:40:55.000000,9.24,9.25,9.24,9.25,10000
2019-01-02T10:40:56.000000,9.25,9.25,9.25,9.25,4200
2019-01-02T10:40:57.000000,9.25,9.25,9.24,9.25,2600
2019-01-02T10:40:58.000000,9.25,9.25,9.25,9.25,9400
2019-01-02T10:40:59.000000,9.25,9.25,9.24,9.24,1000
2019-01-02T10:41:00.000000,9.25,9.25,9.25,9.25,1200
2019-01-02T10:41:01.000000,9.25,9.25,9.25,9.25,7300
2019-01-02T10:41:02.000000,9.25,9.25,9.25,9.25,2100
2019-01-02T10:41:03.000000,9.25,9.25,9.25,9.25,1000
2019-01-02T10:41:04.000000,9.25,9.25,9.25,9.25,1100
2019-01-02T10:41:05.000000,9.25,9.25,9.25,9.25,500
2019-01-02T10:41:06.000000,9.25,9.25,9.25,9.25,3200
2019-01-02T10:41:07.000000,9.25,9.25,9.24,9.24,6500
2019-01-02T10:41:08.000000,9.25,9.25,9.25,9.25,300
2019-01-02T10:41:09.000000,9.25,9.25,9.25,9.25,2000
2019-01-02T10:41:10.000000,9.25,9.25,9.24,9.25,300
2019-01-02T10:41:11.000000,9.25,9.25,9.25,9.25,3400
2019-01-02T10:41:12.000000,9.25,9.25,9.24,9.24,3800
2019-01-02T10:41:13.000000,9.25,9.25,9.24,9.25,14000
2019-01-02T10:41:14.000000,9.25,9.25,9.24,9.25,1000
2019-01-02T10:41:15.000000,9.25,9.25,9.24,9.24,5800
2019-01-02T10:41:16.000000,9.25,9.25,9.25,9.25,13100
2019-01-02T10:41:17.000000,9.25,9.25,9.25,9.25,900
2019-01-02T10:41:18.000000,9.25,9.25,9.24,9.25,7000
2019-01-02T10:41:19.000000,9.25,9.25,9.25,9.25,6300
2019-01-02T10:41:20.000000,9.25,9.25,9.25,9.25,3600
2019-01-02T10:41:21.000000,9.25,9.25,9.24,9.24,5000
2019-01-02T10:41:22.000000,9.25,9.25,9.24,9.25,500
2019-01-02T10:41:23.000000,9.25,9.25,9.24,9.25,1100
2019-01-02T10:41:24.000000,9.25,9.25,9.25,9.25,32100
2019-01-02T10:41:25.000000,9.25,9.25,9.25,9.25,1400
2019-01-02T10:41:26.000000,9.25,9.25,9.25,9.25,8500
2019-01-02T10:41:27.000000,9.25,9.25,9.24,9.25,28400
2019-01-02T10:41:28.000000,9.25,9.25,9.25,9.25,900
2019-01-02T10:41:29.000000,9.25,9.25,9.25,9.25,5500
2019-01-02T10:41:30.000000,9.25,9.25,9.25,9.25,13100
2019-01-02T10:41:31.000000,9.25,9.25,9.25,9.25,2300
2019-01-02T10:41:32.000000,9.24,9.25,9.24,9.25,1000
2019-01-02T10:41:33.000000,9.25,9.25,9.25,9.25,17900
2019-01-02T10:41:34.000000,9.25,9.25,9.25,9.25,1100
2019-01-02T10:41:35.000000,9.25,9.25,9.25,9.25,24800
2019-01-02T10:41:36.000000,9.25,9.25,9.25,9.25,1200
2019-01-02T10:41:37.000000,9.25,9.25,9.25,9.25,2500
2019-01-02T10:41:38.000000,9.25,9.25,9.25,9.25,400
2019-01-02T10:41:39.000000,9.25,9.25,9.25,9.25,7300
2019-01-02T10:41:40.000000,9.25,9.25,9.25,9.25,16500
2019-01-02T10:41:41.000000,9.25,9.25,9.25,9.25,12700
2019-01-02T10:41:42.000000,9.25,9.25,9.24,9.25,2000
2019-01-02T10:41:43.000000,9.25,9.25,9.24,9.25,2000
2019-01-02T10:41:44.000000,9.25,9.25,9.25,9.25,4000
2019-01-02T10:41:45.000000,9.25,9.25,9.25,9.25,4800
2019-01-02T10:41:46.000000,9.25,9.25,9.25,9.25,2300
2019-01-02T10:41:47.000000,9.25,9.25,9.25,9.25,14800
2019-01-02T10:41:48.000000,9.25,9.25,9.24,9.25,1700
2019-01-02T10:41:49.000000,9.25,9.25,9.25,9.25,18900
2019-01-02T10:41:50.000000,9.25,9.25,9.25,9.25,2000
2019-01-02T10:41:51.000000,9.25,9.25,9.25,9.25,10100
2019-01-02T10:41:53.000000,9.25,9.25,9.25,9.25,500
2019-01-02T10:41:54.000000,9.25,9.25,9.24,9.25,4700
2019-01-02T10:41:55.000000,9.24,9.25,9.24,9.25,4200
2019-01-02T10:41:56.000000,9.25,9.25,9.24,9.25,9300
2019-01-02T10:41:57.000000,9.24,9.25,9.24,9.25,151500
2019-01-02T10:41:58.000000,9.25,9.25,9.25,9.25,15300
2019-01-02T10:41:59.000000,9.25,9.25,9.25,9.25,2500
2019-01-02T10:42:00.000000,9.25,9.25,9.24,9.25,2100
2019-01-02T10:42:01.000000,9.25,9.25,9.25,9.25,5800
2019-01-02T10:42:02.000000,9.25,9.25,9.24,9.25,59100
2019-01-02T10:42:03.000000,9.25,9.25,9.25,9.25,61900
2019-01-02T10:42:04.000000,9.24,9.25,9.24,9.25,11000
2019-01-02T10:42:05.000000,9.25,9.25,9.24,9.25,3500
2019-01-02T10:42:06.000000,9.25,9.25,9.25,9.25,11000
2019-01-02T10:42:07.000000,9.25,9.25,9.25,9.25,1400
2019-01-02T10:42:08.000000,9.25,9.25,9.24,9.25,28300
2019-01-02T10:42:09.000000,9.25,9.25,9.25,9.25,3800
2019-01-02T10:42:10.000000,9.25,9.25,9.25,9.25,5300
2019-01-02T10:42:11.000000,9.25,9.25,9.25,9.25,23600
2019-01-02T10:42:12.000000,9.25,9.25,9.24,9.25,4000
2019-01-02T10:42:13.000000,9.25,9.25,9.25,9.25,2200
2019-01-02T10:42:14.000000,9.25,9.25,9.24,9.25,3100
2019-01-02T10:42:15.000000,9.25,9.25,9.25,9.25,39000
2019-01-02T10:42:16.000000,9.24,9.25,9.24,9.25,12200
2019-01-02T10:42:17.000000,9.25,9.25,9.25,9.25,5700
2019-01-02T10:42:18.000000,9.25,9.25,9.25,9.25,600
2019-01-02T10:42:19.000000,9.25,9.25,9.25,9.25,3600
2019-01-02T10:42:21.000000,9.25,9.25,9.25,9.25,6300
2019-01-02T10:42:22.000000,9.25,9.25,9.25,9.25,8600
2019-01-02T10:42:23.000000,9.25,9.25,9.25,9.25,36900
2019-01-02T10:42:24.000000,9.25,9.25,9.25,9.25,62600
2019-01-02T10:42:25.000000,9.25,9.25,9.25,9.25,2600
2019-01-02T10:42:26.000000,9.25,9.25,9.24,9.25,200
2019-01-02T10:42:27.000000,9.25,9.25,9.24,9.25,203800
2019-01-02T10:42:28.000000,9.24,9.25,9.24,9.25,7400
2019-01-02T10:42:29.000000,9.24,9.25,9.24,9.25,3700
2019-01-02T10:42:30.000000,9.25,9.25,9.25,9.25,17600
2019-01-02T10:42:31.000000,9.25,9.25,9.24,9.25,68400
2019-01-02T10:42:32.000000,9.25,9.25,9.25,9.25,7900
2019-01-02T10:42:33.000000,9.25,9.25,9.25,9.25,66500
2019-01-02T10:42:34.000000,9.25,9.25,9.25,9.25,1100
2019-01-02T10:42:35.000000,9.25,9.25,9.25,9.25,7400
2019-01-02T10:42:36.000000,9.25,9.25,9.25,9.25,600
2019-01-02T10:42:37.000000,9.25,9.25,9.25,9.25,4700
2019-01-02T10:42:38.000000,9.25,9.25,9.24,9.25,500
2019-01-02T10:42:39.000000,9.25,9.25,9.25,9.25,13500
2019-01-02T10:42:40.000000,9.25,9.25,9.24,9.25,8700
2019-01-02T10:42:41.000000,9.25,9.25,9.25,9.25,4900
2019-01-02T10:42:42.000000,9.25,9.25,9.24,9.24,2600
2019-01-02T10:42:43.000000,9.25,9.25,9.25,9.25,16700
2019-01-02T10:42:44.000000,9.25,9.25,9.25,9.25,4100
2019-01-02T10:42:45.000000,9.25,9.25,9.25,9.25,4800
2019-01-02T10:42:46.000000,9.25,9.25,9.25,9.25,2200
2019-01-02T10:42:47.000000,9.25,9.25,9.25,9.25,400
2019-01-02T10:42:48.000000,9.25,9.25,9.25,9.25,0
2019-01-02T10:42:49.000000,9.25,9.25,9.24,9.25,4100
2019-01-02T10:42:50.000000,9.25,9.25,9.25,9.25,29400
2019-01-02T10:42:52.000000,9.25,9.25,9.25,9.25,2200
2019-01-02T10:42:53.000000,9.25,9.25,9.25,9.25,200
2019-01-02T10:42:54.000000,9.25,9.25,9.25,9.25,3600
2019-01-02T10:42:55.000000,9.25,9.25,9.25,9.25,27300
2019-01-02T10:42:56.000000,9.25,9.25,9.25,9.25,1400
2019-01-02T10:42:57.000000,9.25,9.25,9.24,9.25,5500
2019-01-02T10:42:59.000000,9.25,9.25,9.25,9.25,4300
2019-01-02T10:43:00.000000,9.24,9.25,9.24,9.25,8300
2019-01-02T10:43:01.000000,9.25,9.25,9.24,9.25,151300
2019-01-02T10:43:02.000000,9.25,9.25,9.25,9.25,13400
2019-01-02T10:43:03.000000,9.25,9.25,9.25,9.25,10600
2019-01-02T10:43:04.000000,9.25,9.25,9.25,9.25,1800
2019-01-02T10:43:05.000000,9.25,9.25,9.24,9.25,11000
2019-01-02T10:43:06.000000,9.25,9.25,9.25,9.25,1500
2019-01-02T10:43:07.000000,9.25,9.25,9.25,9.25,5000
2019-01-02T10:43:08.000000,9.25,9.25,9.25,9.25,3200
2019-01-02T10:43:09.000000,9.24,9.25,9.24,9.25,13300
2019-01-02T10:43:10.000000,9.25,9.25,9.24,9.25,1700
2019-01-02T10:43:11.000000,9.25,9.25,9.24,9.24,0
2019-01-02T10:43:12.000000,9.25,9.25,9.24,9.24,7500
2019-01-02T10:43:13.000000,9.25,9.25,9.25,9.25,1000
2019-01-02T10:43:16.000000,9.25,9.25,9.25,9.25,1200
2019-01-02T10:43:17.000000,9.25,9.25,9.25,9.25,15600
2019-01-02T10:43:18.000000,9.25,9.25,9.24,9.25,21800
2019-01-02T10:43:19.000000,9.25,9.25,9.25,9.25,2300
2019-01-02T10:43:20.000000,9.25,9.25,9.25,9.25,12200
2019-01-02T10:43:21.000000,9.25,9.25,9.25,9.25,15200
2019-01-02T10:43:22.000000,9.25,9.25,9.24,9.25,6600
2019-01-02T10:43:23.000000,9.25,9.25,9.25,9.25,3100
2019-01-02T10:43:24.000000,9.25,9.25,9.25,9.25,1800
2019-01-02T10:43:25.000000,9.25,9.25,9.24,9.25,500
2019-01-02T10:43:26.000000,9.25,9.25,9.25,9.25,10000
2019-01-02T10:43:27.000000,9.24,9.25,9.24,9.25,11500
2019-01-02T10:43:28.000000,9.25,9.25,9.25,9.25,19200
2019-01-02T10:43:29.000000,9.25,9.25,9.25,9.25,14300
2019-01-02T10:43:30.000000,9.25,9.25,9.25,9.25,18100
2019-01-02T10:43:31.000000,9.25,9.25,9.25,9.25,4400
2019-01-02T10:43:32.000000,9.25,9.25,9.25,9.25,1000
2019-01-02T10:43:33.000000,9.25,9.25,9.24,9.25,7000
2019-01-02T10:43:34.000000,9.25,9.25,9.25,9.25,2900
2019-01-02T10:43:35.000000,9.25,9.25,9.24,9.24,2600
2019-01-02T10:43:36.000000,9.25,9.25,9.25,9.25,0
2019-01-02T10:43:37.000000,9.25,9.25,9.24,9.25,33900
2019-01-02T10:43:38.000000,9.25,9.25,9.24,9.25,3700
2019-01-02T10:43:39.000000,9.25,9.25,9.25,9.25,3300
2019-01-02T10:43:40.000000,9.24,9.25,9.24,9.25,20000
2019-01-02T10:43:41.000000,9.25,9.25,9.25,9.25,4500
2019-01-02T10:43:42.000000,9.25,9.25,9.25,9.25,300
2019-01-02T10:43:43.000000,9.24,9.25,9.24,9.25,12400
2019-01-02T10:43:44.000000,9.25,9.25,9.24,9.25,1400
2019-01-02T10:43:45.000000,9.25,9.25,9.25,9.25,1700
2019-01-02T10:43:46.000000,9.25,9.25,9.25,9.25,100
2019-01-02T10:43:47.000000,9.25,9.25,9.25,9.25,2500
2019-01-02T10:43:48.000000,9.25,9.25,9.25,9.25,1900
2019-01-02T10:43:49.000000,9.25,9.25,9.25,9.25,10300
2019-01-02T10:43:50.000000,9.25,9.25,9.25,9.25,4100
2019-01-02T10:43:51.000000,9.25,9.25,9.25,9.25,8900
2019-01-02T10:43:53.000000,9.25,9.25,9.25,9.25,11600
2019-01-02T10:43:54.000000,9.25,9.25,9.24,9.25,200
2019-01-02T10:43:55.000000,9.25,9.25,9.24,9.25,27400
2019-01-02T10:43:56.000000,9.24,9.25,9.24,9.25,30200
2019-01-02T10:43:57.000000,9.25,9.25,9.24,9.24,800
2019-01-02T10:43:58.000000,9.25,9.25,9.25,9.25,2500
2019-01-02T10:43:59.000000,9.25,9.25,9.25,9.25,9100
2019-01-02T10:44:00.000000,9.25,9.25,9.25,9.25,400
2019-01-02T10:44:01.000000,9.25,9.25,9.25,9.25,1200
2019-01-02T10:44:02.000000,9.25,9.25,9.25,9.25,1800
2019-01-02T10:44:03.000000,9.25,9.25,9.25,9.25,14100
2019-01-02T10:44:04.000000,9.24,9.25,9.24,9.25,400
2019-01-02T10:44:05.000000,9.25,9.25,9.25,9.25,2900
2019-01-02T10:44:06.000000,9.25,9.25,9.24,9.25,28700
2019-01-02T10:44:07.000000,9.25,9.25,9.25,9.25,2200
2019-01-02T10:44:08.000000,9.25,9.25,9.25,9.25,46300
2019-01-02T10:44:09.000000,9.25,9.25,9.25,9.25,15100
2019-01-02T10:44:10.000000,9.25,9.25,9.25,9.25,1800
2019-01-02T10:44:11.000000,9.25,9.25,9.24,9.24,1000
2019-01-02T10:44:12.000000,9.25,9.25,9.24,9.25,21000
2019-01-02T10:44:13.000000,9.25,9.25,9.24,9.25,4000
2019-01-02T10:44:14.000000,9.25,9.25,9.24,9.24,5000
2019-01-02T10:44:15.000000,9.25,9.25,9.24,9.25,2900
2019-01-02T10:44:16.000000,9.25,9.25,9.25,9.25,1700
2019-01-02T10:44:17.000000,9.25,9.25,9.24,9.25,11400
2019-01-02T10:44:18.000000,9.25,9.25,9.25,9.25,1000
2019-01-02T10:44:19.000000,9.25,9.25,9.24,9.25,3200
2019-01-02T10:44:20.000000,9.25,9.25,9.25,9.25,2900
2019-01-02T10:44:21.000000,9.25,9.25,9.25,9.25,3500
2019-01-02T10:44:22.000000,9.25,9.25,9.25,9.25,1700
2019-01-02T10:44:23.000000,9.25,9.25,9.25,9.25,2400
2019-01-02T10:44:24.000000,9.25,9.25,9.25,9.25,5100
2019-01-02T10:44:25.000000,9.25,9.25,9.25,9.25,1000
2019-01-02T10:44:26.000000,9.25,9.25,9.25,9.25,4000
2019-01-02T10:44:27.000000,9.25,9.25,9.24,9.25,1600
2019-01-02T10:44:28.000000,9.24,9.25,9.24,9.25,2600
2019-01-02T10:44:30.000000,9.25,9.25,9.25,9.25,113400
2019-01-02T10:44:31.000000,9.25,9.25,9.25,9.25,1400
2019-01-02T10:44:32.000000,9.25,9.25,9.25,9.25,1300
2019-01-02T10:44:33.000000,9.25,9.25,9.24,9.25,11000
2019-01-02T10:44:34.000000,9.25,9.25,9.25,9.25,1000
2019-01-02T10:44:35.000000,9.25,9.25,9.24,9.25,2000
2019-01-02T10:44:36.000000,9.25,9.25,9.25,9.25,1000
2019-01-02T10:44:37.000000,9.25,9.25,9.25,9.25,2100
2019-01-02T10:44:38.000000,9.25,9.25,9.25,9.25,4200
2019-01-02T10:44:39.000000,9.25,9.25,9.24,9.25,200
2019-01-02T10:44:40.000000,9.25,9.25,9.25,9.25,11000
2019-01-02T10:44:41.000000,9.25,9.25,9.25,9.25,2400
2019-01-02T10:44:42.000000,9.25,9.25,9.24,9.25,1200
2019-01-02T10:44:43.000000,9.24,9.25,9.24,9.25,1600
2019-01-02T10:44:45.000000,9.25,9.25,9.25,9.25,4100
2019-01-02T10:44:46.000000,9.25,9.25,9.25,9.25,4900
2019-01-02T10:44:47.000000,9.25,9.25,9.25,9.25,2900
2019-01-02T10:44:48.000000,9.25,9.25,9.24,9.25,400
2019-01-02T10:44:49.000000,9.25,9.25,9.25,9.25,600
2019-01-02T10:44:50.000000,9.25,9.25,9.24,9.25,600
2019-01-02T10:44:51.000000,9.25,9.25,9.24,9.25,1500
2019-01-02T10:44:52.000000,9.25,9.25,9.25,9.25,0
2019-01-02T10:44:53.000000,9.25,9.25,9.24,9.25,0
2019-01-02T10:44:54.000000,9.25,9.25,9.25,9.25,1500
2019-01-02T10:44:55.000000,9.25,9.25,9.25,9.25,1600
2019-01-02T10:44:56.000000,9.25,9.25,9.25,9.25,21000
2019-01-02T10:44:57.000000,9.25,9.25,9.25,9.25,9100
2019-01-02T10:44:58.000000,9.25,9.25,9.25,9.25,2000
2019-01-02T10:44:59.000000,9.24,9.25,9.24,9.25,0
2019-01-02T10:45:00.000000,9.25,9.25,9.24,9.25,2600
2019-01-02T10:45:01.000000,9.25,9.25,9.25,9.25,300
2019-01-02T10:45:02.000000,9.25,9.25,9.24,9.25,3600
2019-01-02T10:45:03.000000,9.25,9.25,9.25,9.25,5700
2019-01-02T10:45:04.000000,9.25,9.25,9.25,9.25,800
2019-01-02T10:45:05.000000,9.25,9.25,9.25,9.25,1100
2019-01-02T10:45:06.000000,9.25,9.25,9.25,9.25,4400
2019-01-02T10:45:07.000000,9.25,9.25,9.25,9.25,4000
2019-01-02T10:45:08.000000,9.25,9.25,9.25,9.25,1800
2019-01-02T10:45:09.000000,9.25,9.25,9.25,9.25,3100
2019-01-02T10:45:10.000000,9.25,9.25,9.25,9.25,2000
2019-01-02T10:45:11.000000,9.25,9.25,9.25,9.25,1400
2019-01-02T10:45:12.000000,9.25,9.25,9.24,9.25,17400
2019-01-02T10:45:13.000000,9.25,9.25,9.24,9.25,1200
2019-01-02T10:45:15.000000,9.25,9.25,9.25,9.25,18000
2019-01-02T10:45:16.000000,9.25,9.25,9.25,9.25,7000
2019-01-02T10:45:17.000000,9.25,9.25,9.25,9.25,1400
2019-01-02T10:45:18.000000,9.25,9.25,9.24,9.25,4000
2019-01-02T10:45:19.000000,9.25,9.25,9.25,9.25,2400
2019-01-02T10:45:20.000000,9.25,9.25,9.25,9.25,159800
2019-01-02T10:45:21.000000,9.25,9.25,9.25,9.25,1600
2019-01-02T10:45:22.000000,9.25,9.25,9.25,9.25,4600
2019-01-02T10:45:23.000000,9.25,9.25,9.25,9.25,1100
2019-01-02T10:45:24.000000,9.24,9.25,9.24,9.25,0
2019-01-02T10:45:25.000000,9.25,9.25,9.25,9.25,8800
2019-01-02T10:45:26.000000,9.25,9.25,9.25,9.25,800
2019-01-02T10:45:27.000000,9.25,9.25,9.25,9.25,900
2019-01-02T10:45:28.000000,9.24,9.25,9.24,9.25,3500
2019-01-02T10:45:29.000000,9.25,9.25,9.25,9.25,43000
2019-01-02T10:45:31.000000,9.25,9.25,9.25,9.25,3000
2019-01-02T10:45:32.000000,9.25,9.25,9.25,9.25,4500
2019-01-02T10:45:33.000000,9.25,9.25,9.25,9.25,2400
2019-01-02T10:45:35.000000,9.25,9.25,9.24,9.25,7500
2019-01-02T10:45:38.000000,9.25,9.25,9.25,9.25,1600
2019-01-02T10:45:39.000000,9.25,9.25,9.25,9.25,100
2019-01-02T10:45:40.000000,9.25,9.25,9.25,9.25,7700
2019-01-02T10:45:41.000000,9.25,9.25,9.25,9.25,2400
2019-01-02T10:45:42.000000,9.25,9.25,9.24,9.24,200
2019-01-02T10:45:44.000000,9.25,9.25,9.24,9.25,4000
2019-01-02T10:45:45.000000,9.25,9.25,9.25,9.25,2200
2019-01-02T10:45:46.000000,9.25,9.25,9.24,9.25,0
2019-01-02T10:45:48.000000,9.24,9.25,9.24,9.25,9700
2019-01-02T10:45:49.000000,9.24,9.25,9.24,9.25,0
2019-01-02T10:45:50.000000,9.25,9.25,9.25,9.25,500
2019-01-02T10:45:51.000000,9.25,9.25,9.25,9.25,100
2019-01-02T10:45:52.000000,9.25,9.25,9.25,9.25,6500
2019-01-02T10:45:53.000000,9.24,9.25,9.24,9.25,7000
2019-01-02T10:45:54.000000,9.25,9.25,9.25,9.25,400
2019-01-02T10:45:55.000000,9.25,9.25,9.25,9.25,4400
2019-01-02T10:45:56.000000,9.25,9.25,9.24,9.25,4200
2019-01-02T10:45:57.000000,9.24,9.25,9.24,9.25,0
2019-01-02T10:45:58.000000,9.25,9.25,9.25,9.25,1300
2019-01-02T10:45:59.000000,9.25,9.25,9.24,9.25,300
2019-01-02T10:46:00.000000,9.25,9.25,9.25,9.25,2400
2019-01-02T10:46:01.000000,9.25,9.25,9.25,9.25,300
2019-01-02T10:46:04.000000,9.25,9.25,9.25,9.25,5800
2019-01-02T10:46:05.000000,9.25,9.25,9.25,9.25,10000
2019-01-02T10:46:06.000000,9.25,9.25,9.25,9.25,1500
2019-01-02T10:46:08.000000,9.24,9.25,9.24,9.24,0
2019-01-02T10:46:09.000000,9.25,9.25,9.25,9.25,1300
2019-01-02T10:46:10.000000,9.25,9.25,9.25,9.25,3200
2019-01-02T10:46:11.000000,9.25,9.25,9.25,9.25,100
2019-01-02T10:46:12.000000,9.25,9.25,9.25,9.25,2100
2019-01-02T10:46:13.000000,9.24,9.25,9.24,9.25,5000
2019-01-02T10:46:14.000000,9.25,9.25,9.24,9.25,0
2019-01-02T10:46:15.000000,9.25,9.25,9.25,9.25,2200
2019-01-02T10:46:16.000000,9.25,9.25,9.24,9.25,600
2019-01-02T10:46:17.000000,9.25,9.25,9.24,9.25,1000
2019-01-02T10:46:18.000000,9.25,9.25,9.24,9.25,200
2019-01-02T10:46:19.000000,9.25,9.25,9.24,9.25,2000
2019-01-02T10:46:20.000000,9.25,9.25,9.25,9.25,5600
2019-01-02T10:46:21.000000,9.25,9.25,9.25,9.25,1200
2019-01-02T10:46:22.000000,9.25,9.25,9.25,9.25,1200
2019-01-02T10:46:23.000000,9.25,9.25,9.25,9.25,1500
2019-01-02T10:46:24.000000,9.25,9.25,9.25,9.25,0
2019-01-02T10:46:25.000000,9.25,9.25,9.25,9.25,2000
2019-01-02T10:46:26.000000,9.25,9.25,9.25,9.25,5000
2019-01-02T10:46:27.000000,9.25,9.25,9.25,9.25,2100
2019-01-02T10:46:28.000000,9.24,9.25,9.24,9.25,0
2019-01-02T10:46:30.000000,9.24,9.25,9.24,9.25,300
2019-01-02T10:46:31.000000,9.25,9.25,9.25,9.25,600
2019-01-02T10:46:32.000000,9.25,9.25,9.25,9.25,17200
2019-01-02T10:46:33.000000,9.25,9.25,9.25,9.25,1500
2019-01-02T10:46:34.000000,9.24,9.25,9.24,9.25,4100
2019-01-02T10:46:35.000000,9.25,9.25,9.25,9.25,6000
2019-01-02T10:46:36.000000,9.25,9.25,9.25,9.25,100
2019-01-02T10:46:37.000000,9.25,9.25,9.24,9.25,12500
2019-01-02T10:46:38.000000,9.25,9.25,9.25,9.25,12900
2019-01-02T10:46:39.000000,9.25,9.25,9.24,9.24,500
2019-01-02T10:46:40.000000,9.25,9.25,9.25,9.25,1800
2019-01-02T10:46:41.000000,9.25,9.25,9.24,9.25,100
2019-01-02T10:46:42.000000,9.25,9.25,9.25,9.25,1500
2019-01-02T10:46:43.000000,9.25,9.25,9.24,9.25,500
2019-01-02T10:46:44.000000,9.25,9.25,9.24,9.25,2000
2019-01-02T10:46:45.000000,9.25,9.25,9.24,9.24,1100
2019-01-02T10:46:46.000000,9.25,9.25,9.25,9.25,2100
2019-01-02T10:46:47.000000,9.25,9.25,9.25,9.25,18500
2019-01-02T10:46:48.000000,9.25,9.25,9.25,9.25,1000
2019-01-02T10:46:49.000000,9.25,9.25,9.25,9.25,300
2019-01-02T10:46:50.000000,9.24,9.25,9.24,9.25,2300
2019-01-02T10:46:51.000000,9.25,9.25,9.25,9.25,500
2019-01-02T10:46:52.000000,9.25,9.25,9.24,9.24,1500
2019-01-02T10:46:53.000000,9.25,9.25,9.25,9.25,2000
2019-01-02T10:46:54.000000,9.25,9.25,9.25,9.25,3300
2019-01-02T10:46:55.000000,9.25,9.25,9.25,9.25,0
2019-01-02T10:46:56.000000,9.25,9.25,9.25,9.25,3100
2019-01-02T10:46:57.000000,9.25,9.25,9.24,9.24,1000
2019-01-02T10:46:58.000000,9.25,9.25,9.24,9.25,1200
2019-01-02T10:46:59.000000,9.25,9.25,9.25,9.25,10000
2019-01-02T10:47:00.000000,9.25,9.25,9.25,9.25,400
2019-01-02T10:47:01.000000,9.25,9.25,9.25,9.25,1400
2019-01-02T10:47:03.000000,9.25,9.25,9.24,9.25,1500
2019-01-02T10:47:04.000000,9.25,9.25,9.25,9.25,1000
2019-01-02T10:47:05.000000,9.25,9.25,9.25,9.25,2600
2019-01-02T10:47:07.000000,9.25,9.25,9.25,9.25,0
2019-01-02T10:47:08.000000,9.25,9.25,9.25,9.25,51000
2019-01-02T10:47:09.000000,9.25,9.25,9.25,9.25,2000
2019-01-02T10:47:11.000000,9.25,9.25,9.25,9.25,1700
2019-01-02T10:47:12.000000,9.25,9.25,9.24,9.24,0
2019-01-02T10:47:13.000000,9.25,9.25,9.25,9.25,600
2019-01-02T10:47:14.000000,9.24,9.25,9.24,9.25,0
2019-01-02T10:47:15.000000,9.25,9.25,9.25,9.25,0
2019-01-02T10:47:16.000000,9.25,9.25,9.24,9.25,5100
2019-01-02T10:47:18.000000,9.25,9.25,9.25,9.25,7800
2019-01-02T10:47:19.000000,9.25,9.25,9.25,9.25,1000
2019-01-02T10:47:20.000000,9.25,9.25,9.24,9.24,500
2019-01-02T10:47:21.000000,9.25,9.25,9.24,9.25,100
2019-01-02T10:47:22.000000,9.25,9.25,9.24,9.25,11300
2019-01-02T10:47:23.000000,9.25,9.25,9.25,9.25,3100
2019-01-02T10:47:24.000000,9.25,9.25,9.25,9.25,3500
2019-01-02T10:47:25.000000,9.25,9.25,9.24,9.25,100
2019-01-02T10:47:26.000000,9.25,9.25,9.25,9.25,12200
2019-01-02T10:47:27.000000,9.25,9.25,9.25,9.25,0
2019-01-02T10:47:28.000000,9.24,9.25,9.24,9.25,900
2019-01-02T10:47:31.000000,9.25,9.25,9.25,9.25,300
2019-01-02T10:47:32.000000,9.25,9.25,9.25,9.25,800
2019-01-02T10:47:33.000000,9.25,9.25,9.24,9.24,5400
2019-01-02T10:47:34.000000,9.24,9.25,9.24,9.25,0
2019-01-02T10:47:35.000000,9.25,9.25,9.25,9.25,0
2019-01-02T10:47:36.000000,9.24,9.25,9.24,9.25,0
2019-01-02T10:47:37.000000,9.25,9.25,9.24,9.25,300
2019-01-02T10:47:38.000000,9.25,9.25,9.25,9.25,100
2019-01-02T10:47:39.000000,9.25,9.25,9.25,9.25,40000
2019-01-02T10:47:40.000000,9.25,9.25,9.25,9.25,1500
2019-01-02T10:47:42.000000,9.24,9.25,9.24,9.25,39700
2019-01-02T10:47:44.000000,9.25,9.25,9.25,9.25,0
2019-01-02T10:47:45.000000,9.25,9.25,9.25,9.25,4400
2019-01-02T10:47:47.000000,9.25,9.25,9.24,9.24,0
2019-01-02T10:47:48.000000,9.25,9.25,9.24,9.25,800
2019-01-02T10:47:49.000000,9.25,9.25,9.25,9.25,200
2019-01-02T10:47:50.000000,9.24,9.25,9.24,9.25,17600
2019-01-02T10:47:51.000000,9.25,9.25,9.25,9.25,600
2019-01-02T10:47:52.000000,9.25,9.25,9.25,9.25,500
2019-01-02T10:47:54.000000,9.25,9.25,9.25,9.25,300
2019-01-02T10:47:55.000000,9.25,9.25,9.25,9.25,0
2019-01-02T10:47:57.000000,9.25,9.25,9.25,9.25,52500
2019-01-02T10:47:58.000000,9.25,9.25,9.24,9.25,2000
2019-01-02T10:47:59.000000,9.25,9.25,9.25,9.25,3500
2019-01-02T10:48:00.000000,9.25,9.25,9.24,9.25,200
2019-01-02T10:48:01.000000,9.25,9.25,9.25,9.25,2900
2019-01-02T10:48:02.000000,9.25,9.25,9.25,9.25,3700
2019-01-02T10:48:03.000000,9.25,9.25,9.24,9.25,4300
2019-01-02T10:48:05.000000,9.25,9.25,9.25,9.25,1000
2019-01-02T10:48:06.000000,9.25,9.25,9.25,9.25,1000
2019-01-02T10:48:08.000000,9.25,9.25,9.25,9.25,4000
2019-01-02T10:48:09.000000,9.24,9.25,9.24,9.25,0
2019-01-02T10:48:10.000000,9.25,9.25,9.25,9.25,1000
2019-01-02T10:48:11.000000,9.25,9.25,9.25,9.25,3000
2019-01-02T10:48:12.000000,9.24,9.25,9.24,9.25,0
2019-01-02T10:48:13.000000,9.25,9.25,9.24,9.25,20500
2019-01-02T10:48:14.000000,9.25,9.25,9.24,9.24,0
2019-01-02T10:48:17.000000,9.25,9.25,9.24,9.24,0
2019-01-02T10:48:18.000000,9.25,9.25,9.25,9.25,4600
2019-01-02T10:48:19.000000,9.25,9.25,9.25,9.25,600
2019-01-02T10:48:20.000000,9.24,9.25,9.24,9.25,0
2019-01-02T10:48:21.000000,9.25,9.25,9.24,9.25,1000
2019-01-02T10:48:22.000000,9.25,9.25,9.25,9.25,3000
2019-01-02T10:48:23.000000,9.25,9.25,9.25,9.25,3300
2019-01-02T10:48:24.000000,9.25,9.25,9.25,9.25,5000
2019-01-02T10:48:27.000000,9.25,9.25,9.25,9.25,18400
2019-01-02T10:48:28.000000,9.25,9.25,9.25,9.25,500
2019-01-02T10:48:29.000000,9.25,9.25,9.24,9.24,1800
2019-01-02T10:48:30.000000,9.25,9.25,9.25,9.25,45000
2019-01-02T10:48:31.000000,9.24,9.25,9.24,9.25,0
2019-01-02T10:48:32.000000,9.25,9.25,9.24,9.25,20300
2019-01-02T10:48:34.000000,9.25,9.25,9.24,9.25,600
2019-01-02T10:48:36.000000,9.25,9.25,9.24,9.25,2200
2019-01-02T10:48:37.000000,9.25,9.25,9.25,9.25,1000
2019-01-02T10:48:38.000000,9.25,9.25,9.25,9.25,1000
2019-01-02T10:48:39.000000,9.25,9.25,9.25,9.25,4100
2019-01-02T10:48:41.000000,9.25,9.25,9.24,9.25,2400
2019-01-02T10:48:42.000000,9.25,9.25,9.24,9.24,0
2019-01-02T10:48:44.000000,9.25,9.25,9.25,9.25,8900
2019-01-02T10:48:46.000000,9.25,9.25,9.25,9.25,11300
2019-01-02T10:48:47.000000,9.25,9.25,9.25,9.25,30100
2019-01-02T10:48:49.000000,9.25,9.25,9.25,9.25,1000
2019-01-02T10:48:50.000000,9.25,9.25,9.25,9.25,3000
2019-01-02T10:48:51.000000,9.25,9.25,9.25,9.25,13000
2019-01-02T10:48:53.000000,9.25,9.25,9.24,9.25,1500
2019-01-02T10:48:54.000000,9.25,9.25,9.24,9.24,0
2019-01-02T10:48:56.000000,9.25,9.25,9.24,9.24,200
2019-01-02T10:48:58.000000,9.25,9.25,9.25,9.25,2900
2019-01-02T10:48:59.000000,9.25,9.25,9.23,9.23,0
2019-01-02T10:49:00.000000,9.24,9.25,9.23,9.25,10600
2019-01-02T10:49:02.000000,9.25,9.25,9.23,9.25,1400
2019-01-02T10:49:03.000000,9.25,9.25,9.25,9.25,4000
2019-01-02T10:49:04.000000,9.25,9.25,9.24,9.25,1500
2019-01-02T10:49:05.000000,9.25,9.25,9.25,9.25,200
2019-01-02T10:49:06.000000,9.25,9.25,9.25,9.25,500
2019-01-02T10:49:09.000000,9.25,9.25,9.25,9.25,600
2019-01-02T10:49:10.000000,9.25,9.25,9.23,9.24,12700
2019-01-02T10:49:11.000000,9.24,9.24,9.24,9.24,200
2019-01-02T10:49:12.000000,9.23,9.24,9.23,9.23,0
2019-01-02T10:49:13.000000,9.24,9.25,9.24,9.25,8200
2019-01-02T10:49:14.000000,9.25,9.25,9.23,9.24,2200
2019-01-02T10:49:15.000000,9.24,9.24,9.23,9.24,7700
2019-01-02T10:49:16.000000,9.24,9.24,9.24,9.24,11000
2019-01-02T10:49:17.000000,9.24,9.24,9.23,9.23,13400
2019-01-02T10:49:18.000000,9.23,9.24,9.23,9.23,2200
2019-01-02T10:49:19.000000,9.23,9.23,9.23,9.23,5500
2019-01-02T10:49:20.000000,9.23,9.23,9.23,9.23,1300
2019-01-02T10:49:21.000000,9.23,9.23,9.23,9.23,200
2019-01-02T10:49:22.000000,9.23,9.23,9.23,9.23,2800
2019-01-02T10:49:23.000000,9.23,9.23,9.23,9.23,1500
2019-01-02T10:49:24.000000,9.23,9.23,9.23,9.23,10100
2019-01-02T10:49:25.000000,9.23,9.23,9.23,9.23,4000
2019-01-02T10:49:26.000000,9.23,9.23,9.23,9.23,3200
2019-01-02T10:49:27.000000,9.24,9.24,9.23,9.23,0
2019-01-02T10:49:29.000000,9.23,9.23,9.23,9.23,400
2019-01-02T10:49:30.000000,9.24,9.24,9.23,9.23,200
2019-01-02T10:49:31.000000,9.23,9.23,9.23,9.23,1100
2019-01-02T10:49:32.000000,9.23,9.23,9.23,9.23,400
2019-01-02T10:49:33.000000,9.23,9.23,9.23,9.23,1700
2019-01-02T10:49:34.000000,9.23,9.23,9.23,9.23,100
2019-01-02T10:49:35.000000,9.23,9.23,9.23,9.23,0
2019-01-02T10:49:36.000000,9.23,9.23,9.23,9.23,1000
2019-01-02T10:49:37.000000,9.23,9.23,9.23,9.23,6100
2019-01-02T10:49:38.000000,9.23,9.24,9.23,9.23,600
2019-01-02T10:49:39.000000,9.23,9.23,9.23,9.23,500
2019-01-02T10:49:40.000000,9.23,9.23,9.23,9.23,17200
2019-01-02T10:49:41.000000,9.23,9.23,9.23,9.23,500
2019-01-02T10:49:42.000000,9.23,9.23,9.23,9.23,200
2019-01-02T10:49:43.000000,9.24,9.24,9.23,9.23,300
2019-01-02T10:49:44.000000,9.23,9.24,9.23,9.23,20200
2019-01-02T10:49:45.000000,9.23,9.25,9.23,9.25,80500
2019-01-02T10:49:46.000000,9.25,9.25,9.25,9.25,600
2019-01-02T10:49:47.000000,9.25,9.25,9.24,9.25,1400
2019-01-02T10:49:48.000000,9.25,9.25,9.24,9.25,6900
2019-01-02T10:49:49.000000,9.25,9.25,9.25,9.25,4100
2019-01-02T10:49:50.000000,9.25,9.25,9.25,9.25,1200
2019-01-02T10:49:52.000000,9.25,9.25,9.24,9.25,2300
2019-01-02T10:49:53.000000,9.25,9.25,9.25,9.25,6500
2019-01-02T10:49:54.000000,9.25,9.25,9.25,9.25,1600
2019-01-02T10:49:55.000000,9.25,9.25,9.25,9.25,8000
2019-01-02T10:49:56.000000,9.25,9.25,9.25,9.25,1400
2019-01-02T10:49:57.000000,9.25,9.25,9.25,9.25,600
2019-01-02T10:49:58.000000,9.25,9.25,9.25,9.25,1800
2019-01-02T10:49:59.000000,9.25,9.25,9.24,9.25,1500
2019-01-02T10:50:00.000000,9.24,9.25,9.24,9.25,300
2019-01-02T10:50:01.000000,9.25,9.25,9.25,9.25,1800
2019-01-02T10:50:02.000000,9.25,9.25,9.25,9.25,4400
2019-01-02T10:50:03.000000,9.25,9.25,9.25,9.25,13000
2019-01-02T10:50:04.000000,9.25,9.25,9.25,9.25,2400
2019-01-02T10:50:05.000000,9.25,9.25,9.25,9.25,600
2019-01-02T10:50:06.000000,9.25,9.25,9.25,9.25,6200
2019-01-02T10:50:08.000000,9.25,9.25,9.25,9.25,2400
2019-01-02T10:50:09.000000,9.24,9.25,9.24,9.25,500
2019-01-02T10:50:10.000000,9.25,9.25,9.24,9.25,400
2019-01-02T10:50:11.000000,9.24,9.25,9.24,9.25,1100
2019-01-02T10:50:12.000000,9.24,9.25,9.24,9.25,3100
2019-01-02T10:50:14.000000,9.25,9.25,9.25,9.25,4400
2019-01-02T10:50:15.000000,9.25,9.25,9.24,9.25,1600
2019-01-02T10:50:16.000000,9.25,9.25,9.24,9.24,0
2019-01-02T10:50:18.000000,9.25,9.25,9.24,9.25,7500
2019-01-02T10:50:19.000000,9.25,9.25,9.25,9.25,1500
2019-01-02T10:50:20.000000,9.25,9.25,9.25,9.25,6300
2019-01-02T10:50:21.000000,9.25,9.25,9.23,9.23,56189
2019-01-02T10:50:22.000000,9.23,9.24,9.23,9.24,11
2019-01-02T10:50:23.000000,9.25,9.25,9.25,9.25,4100
2019-01-02T10:50:24.000000,9.25,9.25,9.23,9.23,2389
2019-01-02T10:50:25.000000,9.23,9.24,9.23,9.23,12000
2019-01-02T10:50:26.000000,9.23,9.24,9.23,9.23,1600
2019-01-02T10:50:27.000000,9.23,9.24,9.23,9.24,14800
2019-01-02T10:50:28.000000,9.23,9.23,9.23,9.23,3600
2019-01-02T10:50:29.000000,9.24,9.24,9.23,9.23,0
2019-01-02T10:50:30.000000,9.23,9.24,9.23,9.23,500
2019-01-02T10:50:31.000000,9.23,9.24,9.23,9.23,200
2019-01-02T10:50:32.000000,9.23,9.24,9.23,9.23,1400
2019-01-02T10:50:33.000000,9.23,9.23,9.23,9.23,33000
2019-01-02T10:50:34.000000,9.23,9.23,9.23,9.23,1000
2019-01-02T10:50:35.000000,9.23,9.24,9.23,9.23,1000
2019-01-02T10:50:36.000000,9.23,9.24,9.23,9.23,3500
2019-01-02T10:50:37.000000,9.23,9.23,9.23,9.23,10000
2019-01-02T10:50:38.000000,9.23,9.24,9.23,9.23,2100
2019-01-02T10:50:39.000000,9.23,9.23,9.23,9.23,1000
2019-01-02T10:50:41.000000,9.23,9.25,9.23,9.25,4511
2019-01-02T10:50:42.000000,9.25,9.25,9.23,9.23,1700
2019-01-02T10:50:43.000000,9.24,9.24,9.23,9.24,500
2019-01-02T10:50:44.000000,9.24,9.24,9.23,9.23,1600
2019-01-02T10:50:45.000000,9.25,9.25,9.24,9.24,0
2019-01-02T10:50:46.000000,9.25,9.25,9.23,9.23,0
2019-01-02T10:50:47.000000,9.24,9.24,9.24,9.24,1700
2019-01-02T10:50:48.000000,9.24,9.24,9.24,9.24,200
2019-01-02T10:50:49.000000,9.25,9.25,9.23,9.24,1000
2019-01-02T10:50:50.000000,9.24,9.25,9.24,9.25,700
2019-01-02T10:50:51.000000,9.24,9.24,9.23,9.23,2600
2019-01-02T10:50:52.000000,9.23,9.23,9.23,9.23,1000
2019-01-02T10:50:53.000000,9.23,9.23,9.23,9.23,200
2019-01-02T10:50:54.000000,9.23,9.23,9.23,9.23,3000
2019-01-02T10:50:55.000000,9.24,9.24,9.23,9.23,0
2019-01-02T10:50:56.000000,9.23,9.25,9.23,9.25,10400
2019-01-02T10:50:57.000000,9.25,9.25,9.23,9.23,6300
2019-01-02T10:50:59.000000,9.23,9.23,9.23,9.23,2000
2019-01-02T10:51:00.000000,9.23,9.23,9.23,9.23,1300
2019-01-02T10:51:01.000000,9.23,9.24,9.23,9.23,3400
2019-01-02T10:51:02.000000,9.23,9.24,9.23,9.24,800
2019-01-02T10:51:03.000000,9.23,9.23,9.23,9.23,1400
2019-01-02T10:51:05.000000,9.23,9.23,9.23,9.23,0
2019-01-02T10:51:06.000000,9.23,9.24,9.23,9.24,202100
2019-01-02T10:51:09.000000,9.23,9.23,9.23,9.23,1000
2019-01-02T10:51:10.000000,9.23,9.23,9.23,9.23,200
2019-01-02T10:51:11.000000,9.23,9.25,9.23,9.25,3900
2019-01-02T10:51:12.000000,9.23,9.24,9.23,9.24,0
2019-01-02T10:51:13.000000,9.23,9.24,9.23,9.24,1000
2019-01-02T10:51:15.000000,9.24,9.24,9.24,9.24,53400
2019-01-02T10:51:16.000000,9.24,9.25,9.23,9.25,3900
2019-01-02T10:51:17.000000,9.24,9.24,9.23,9.23,24000
2019-01-02T10:51:18.000000,9.24,9.24,9.23,9.23,1900
2019-01-02T10:51:19.000000,9.23,9.23,9.23,9.23,0
2019-01-02T10:51:21.000000,9.23,9.23,9.23,9.23,5000
2019-01-02T10:51:22.000000,9.23,9.24,9.23,9.24,50200
2019-01-02T10:51:23.000000,9.23,9.23,9.23,9.23,6900
2019-01-02T10:51:24.000000,9.23,9.23,9.23,9.23,2400
2019-01-02T10:51:25.000000,9.23,9.23,9.23,9.23,100
2019-01-02T10:51:27.000000,9.23,9.23,9.23,9.23,2700
2019-01-02T10:51:29.000000,9.23,9.24,9.23,9.23,700
2019-01-02T10:51:30.000000,9.23,9.23,9.23,9.23,400
2019-01-02T10:51:31.000000,9.23,9.24,9.23,9.23,7800
2019-01-02T10:51:32.000000,9.23,9.23,9.23,9.23,2600
2019-01-02T10:51:33.000000,9.23,9.23,9.23,9.23,0
2019-01-02T10:51:34.000000,9.23,9.23,9.23,9.23,1000
2019-01-02T10:51:35.000000,9.23,9.23,9.23,9.23,500
2019-01-02T10:51:36.000000,9.24,9.24,9.23,9.23,600
2019-01-02T10:51:37.000000,9.23,9.23,9.23,9.23,11000
2019-01-02T10:51:38.000000,9.23,9.23,9.23,9.23,900
2019-01-02T10:51:40.000000,9.23,9.23,9.23,9.23,700
2019-01-02T10:51:41.000000,9.23,9.23,9.23,9.23,1000
2019-01-02T10:51:42.000000,9.23,9.23,9.23,9.23,21700
2019-01-02T10:51:43.000000,9.23,9.24,9.23,9.23,8000
2019-01-02T10:51:44.000000,9.23,9.24,9.23,9.23,2000
2019-01-02T10:51:45.000000,9.23,9.24,9.23,9.23,2000
2019-01-02T10:51:47.000000,9.24,9.25,9.24,9.25,68900
2019-01-02T10:51:48.000000,9.25,9.25,9.24,9.25,5200
2019-01-02T10:51:49.000000,9.25,9.25,9.24,9.24,0
2019-01-02T10:51:50.000000,9.25,9.25,9.24,9.24,0
2019-01-02T10:51:51.000000,9.25,9.25,9.25,9.25,9900
2019-01-02T10:51:52.000000,9.23,9.24,9.23,9.24,2100
2019-01-02T10:51:53.000000,9.24,9.24,9.24,9.24,1000
2019-01-02T10:51:54.000000,9.24,9.24,9.24,9.24,500
2019-01-02T10:51:55.000000,9.24,9.24,9.24,9.24,500
2019-01-02T10:51:56.000000,9.24,9.24,9.24,9.24,700
2019-01-02T10:51:57.000000,9.24,9.24,9.23,9.23,41000
2019-01-02T10:51:58.000000,9.23,9.23,9.23,9.23,10200
2019-01-02T10:51:59.000000,9.24,9.24,9.23,9.23,20000
2019-01-02T10:52:01.000000,9.24,9.24,9.23,9.23,6500
2019-01-02T10:52:02.000000,9.23,9.23,9.23,9.23,30500
2019-01-02T10:52:03.000000,9.23,9.23,9.23,9.23,100
2019-01-02T10:52:04.000000,9.23,9.23,9.23,9.23,1500
2019-01-02T10:52:05.000000,9.23,9.23,9.23,9.23,200
2019-01-02T10:52:06.000000,9.23,9.24,9.23,9.23,0
2019-01-02T10:52:07.000000,9.23,9.23,9.23,9.23,13100
2019-01-02T10:52:08.000000,9.23,9.23,9.23,9.23,0
2019-01-02T10:52:09.000000,9.23,9.23,9.23,9.23,17100
2019-01-02T10:52:10.000000,9.23,9.23,9.23,9.23,2800
2019-01-02T10:52:11.000000,9.23,9.23,9.23,9.23,14600
2019-01-02T10:52:12.000000,9.23,9.23,9.23,9.23,0
2019-01-02T10:52:13.000000,9.23,9.23,9.23,9.23,200
2019-01-02T10:52:14.000000,9.23,9.24,9.23,9.23,1000
2019-01-02T10:52:15.000000,9.23,9.23,9.23,9.23,800
2019-01-02T10:52:16.000000,9.23,9.24,9.23,9.23,10000
2019-01-02T10:52:17.000000,9.23,9.23,9.23,9.23,400
2019-01-02T10:52:18.000000,9.24,9.24,9.23,9.23,200
2019-01-02T10:52:19.000000,9.24,9.24,9.23,9.23,4800
2019-01-02T10:52:21.000000,9.23,9.23,9.23,9.23,700
2019-01-02T10:52:22.000000,9.23,9.24,9.23,9.24,0
2019-01-02T10:52:23.000000,9.23,9.23,9.23,9.23,9100
2019-01-02T10:52:24.000000,9.23,9.23,9.23,9.23,700
2019-01-02T10:52:25.000000,9.23,9.23,9.23,9.23,7000
2019-01-02T10:52:26.000000,9.23,9.23,9.23,9.23,4300
2019-01-02T10:52:27.000000,9.23,9.23,9.23,9.23,3400
2019-01-02T10:52:28.000000,9.23,9.23,9.23,9.23,300
2019-01-02T10:52:29.000000,9.23,9.23,9.23,9.23,1200
2019-01-02T10:52:30.000000,9.24,9.24,9.23,9.23,1200
2019-01-02T10:52:31.000000,9.23,9.23,9.23,9.23,1100
2019-01-02T10:52:32.000000,9.23,9.23,9.23,9.23,1200
2019-01-02T10:52:33.000000,9.23,9.24,9.23,9.23,600
2019-01-02T10:52:34.000000,9.23,9.24,9.23,9.23,2000
2019-01-02T10:52:35.000000,9.23,9.24,9.23,9.23,3000
2019-01-02T10:52:36.000000,9.23,9.24,9.23,9.23,2100
2019-01-02T10:52:37.000000,9.23,9.23,9.23,9.23,2000
2019-01-02T10:52:38.000000,9.23,9.24,9.23,9.23,3500
2019-01-02T10:52:39.000000,9.23,9.23,9.23,9.23,10000
2019-01-02T10:52:40.000000,9.23,9.23,9.23,9.23,2600
2019-01-02T10:52:41.000000,9.23,9.24,9.23,9.23,0
2019-01-02T10:52:42.000000,9.23,9.25,9.23,9.25,35300
2019-01-02T10:52:43.000000,9.24,9.25,9.24,9.25,300
2019-01-02T10:52:44.000000,9.25,9.25,9.25,9.25,1900
2019-01-02T10:52:45.000000,9.25,9.25,9.24,9.25,8800
2019-01-02T10:52:46.000000,9.24,9.25,9.24,9.25,2000
2019-01-02T10:52:47.000000,9.25,9.25,9.24,9.25,29100
2019-01-02T10:52:48.000000,9.25,9.25,9.23,9.24,4700
2019-01-02T10:52:49.000000,9.25,9.25,9.23,9.23,56800
2019-01-02T10:52:50.000000,9.23,9.24,9.23,9.23,1000
2019-01-02T10:52:51.000000,9.23,9.23,9.23,9.23,30200
2019-01-02T10:52:52.000000,9.23,9.24,9.23,9.23,3400
2019-01-02T10:52:53.000000,9.24,9.24,9.23,9.23,4800
2019-01-02T10:52:54.000000,9.23,9.23,9.23,9.23,12700
2019-01-02T10:52:55.000000,9.24,9.24,9.23,9.23,1600
2019-01-02T10:52:56.000000,9.23,9.23,9.23,9.23,0
2019-01-02T10:52:57.000000,9.23,9.25,9.23,9.25,44400
2019-01-02T10:52:59.000000,9.25,9.25,9.25,9.25,300
2019-01-02T10:53:00.000000,9.25,9.25,9.25,9.25,200
2019-01-02T10:53:01.000000,9.25,9.25,9.24,9.24,500
2019-01-02T10:53:02.000000,9.25,9.25,9.25,9.25,7500
2019-01-02T10:53:03.000000,9.25,9.25,9.25,9.25,300
2019-01-02T10:53:04.000000,9.25,9.25,9.25,9.25,1000
2019-01-02T10:53:06.000000,9.25,9.25,9.25,9.25,11000
2019-01-02T10:53:07.000000,9.24,9.25,9.24,9.25,2700
2019-01-02T10:53:08.000000,9.25,9.25,9.25,9.25,40800
2019-01-02T10:53:11.000000,9.25,9.25,9.25,9.25,2400
2019-01-02T10:53:12.000000,9.25,9.25,9.24,9.25,4300
2019-01-02T10:53:13.000000,9.25,9.25,9.25,9.25,23000
2019-01-02T10:53:14.000000,9.25,9.25,9.25,9.25,10100
2019-01-02T10:53:15.000000,9.25,9.25,9.25,9.25,5500
2019-01-02T10:53:16.000000,9.25,9.25,9.25,9.25,51800
2019-01-02T10:53:17.000000,9.25,9.25,9.24,9.24,4100
2019-01-02T10:53:18.000000,9.25,9.25,9.24,9.25,200
2019-01-02T10:53:19.000000,9.25,9.25,9.25,9.25,4100
2019-01-02T10:53:23.000000,9.25,9.25,9.25,9.25,4000
2019-01-02T10:53:24.000000,9.25,9.25,9.25,9.25,11500
2019-01-02T10:53:25.000000,9.25,9.25,9.25,9.25,52300
2019-01-02T10:53:26.000000,9.25,9.25,9.25,9.25,10600
2019-01-02T10:53:27.000000,9.25,9.25,9.25,9.25,15600
2019-01-02T10:53:28.000000,9.25,9.25,9.25,9.25,2000
2019-01-02T10:53:29.000000,9.25,9.25,9.24,9.24,0
2019-01-02T10:53:30.000000,9.25,9.25,9.25,9.25,100
2019-01-02T10:53:31.000000,9.25,9.25,9.24,9.25,600
2019-01-02T10:53:32.000000,9.25,9.25,9.24,9.25,22600
2019-01-02T10:53:33.000000,9.25,9.25,9.25,9.25,1300
2019-01-02T10:53:34.000000,9.25,9.25,9.25,9.25,500
2019-01-02T10:53:35.000000,9.25,9.25,9.25,9.25,2500
2019-01-02T10:53:36.000000,9.25,9.25,9.25,9.25,1100
2019-01-02T10:53:37.000000,9.25,9.25,9.25,9.25,500
2019-01-02T10:53:40.000000,9.25,9.25,9.24,9.25,3000
2019-01-02T10:53:41.000000,9.25,9.25,9.25,9.25,100
2019-01-02T10:53:42.000000,9.25,9.25,9.24,9.25,10000
2019-01-02T10:53:43.000000,9.25,9.25,9.25,9.25,1000
2019-01-02T10:53:44.000000,9.25,9.25,9.25,9.25,20200
2019-01-02T10:53:45.000000,9.25,9.25,9.25,9.25,2200
2019-01-02T10:53:46.000000,9.25,9.25,9.25,9.25,600
2019-01-02T10:53:47.000000,9.25,9.25,9.24,9.24,0
2019-01-02T10:53:48.000000,9.25,9.25,9.25,9.25,2000
2019-01-02T10:53:49.000000,9.25,9.25,9.25,9.25,1600
2019-01-02T10:53:50.000000,9.25,9.25,9.24,9.25,1600
2019-01-02T10:53:51.000000,9.24,9.25,9.24,9.25,0
2019-01-02T10:53:52.000000,9.25,9.25,9.25,9.25,1000
2019-01-02T10:53:53.000000,9.24,9.25,9.24,9.25,0
2019-01-02T10:53:55.000000,9.25,9.25,9.25,9.25,40000
2019-01-02T10:53:56.000000,9.25,9.25,9.25,9.25,18000
2019-01-02T10:53:57.000000,9.24,9.25,9.24,9.25,2700
2019-01-02T10:53:58.000000,9.25,9.25,9.25,9.25,1900
2019-01-02T10:53:59.000000,9.25,9.25,9.25,9.25,1900
2019-01-02T10:54:00.000000,9.25,9.25,9.25,9.25,200
2019-01-02T10:54:01.000000,9.25,9.25,9.25,9.25,600
2019-01-02T10:54:02.000000,9.24,9.25,9.24,9.25,5100
2019-01-02T10:54:03.000000,9.25,9.25,9.25,9.25,5000
2019-01-02T10:54:05.000000,9.25,9.25,9.25,9.25,900
2019-01-02T10:54:06.000000,9.25,9.25,9.24,9.25,2500
2019-01-02T10:54:07.000000,9.25,9.25,9.25,9.25,1000
2019-01-02T10:54:09.000000,9.25,9.25,9.25,9.25,2800
2019-01-02T10:54:10.000000,9.25,9.25,9.24,9.25,1100
2019-01-02T10:54:11.000000,9.25,9.25,9.25,9.25,0
2019-01-02T10:54:12.000000,9.25,9.25,9.24,9.24,3000
2019-01-02T10:54:13.000000,9.25,9.25,9.24,9.25,11000
2019-01-02T10:54:14.000000,9.25,9.25,9.25,9.25,2300
2019-01-02T10:54:15.000000,9.25,9.25,9.25,9.25,1500
2019-01-02T10:54:16.000000,9.25,9.25,9.25,9.25,3200
2019-01-02T10:54:17.000000,9.25,9.25,9.25,9.25,12100
2019-01-02T10:54:18.000000,9.25,9.25,9.24,9.25,110300
2019-01-02T10:54:19.000000,9.25,9.25,9.25,9.25,6200
2019-01-02T10:54:20.000000,9.25,9.25,9.25,9.25,5300
2019-01-02T10:54:21.000000,9.25,9.25,9.25,9.25,36800
2019-01-02T10:54:22.000000,9.25,9.25,9.25,9.25,30900
2019-01-02T10:54:23.000000,9.25,9.25,9.25,9.25,10600
2019-01-02T10:54:24.000000,9.24,9.25,9.24,9.25,6400
2019-01-02T10:54:25.000000,9.25,9.25,9.24,9.24,18700
2019-01-02T10:54:26.000000,9.25,9.25,9.25,9.25,43800
2019-01-02T10:54:27.000000,9.25,9.25,9.24,9.25,66550
2019-01-02T10:54:28.000000,9.25,9.25,9.24,9.25,2650
2019-01-02T10:54:29.000000,9.25,9.25,9.25,9.25,2000
2019-01-02T10:54:30.000000,9.25,9.25,9.24,9.25,10600
2019-01-02T10:54:31.000000,9.25,9.25,9.24,9.24,500
2019-01-02T10:54:32.000000,9.25,9.25,9.24,9.25,12400
2019-01-02T10:54:33.000000,9.25,9.25,9.25,9.25,3700
2019-01-02T10:54:34.000000,9.25,9.25,9.25,9.25,0
2019-01-02T10:54:35.000000,9.24,9.25,9.24,9.25,3000
2019-01-02T10:54:37.000000,9.25,9.25,9.25,9.25,19800
2019-01-02T10:54:38.000000,9.24,9.25,9.24,9.25,3600
2019-01-02T10:54:39.000000,9.25,9.25,9.24,9.24,5000
2019-01-02T10:54:40.000000,9.25,9.25,9.24,9.24,0
2019-01-02T10:54:42.000000,9.25,9.25,9.24,9.25,10000
2019-01-02T10:54:43.000000,9.25,9.25,9.25,9.25,40500
2019-01-02T10:54:44.000000,9.25,9.25,9.25,9.25,0
2019-01-02T10:54:45.000000,9.25,9.25,9.25,9.25,5100
2019-01-02T10:54:46.000000,9.24,9.25,9.24,9.25,5000
2019-01-02T10:54:47.000000,9.25,9.25,9.25,9.25,2300
2019-01-02T10:54:48.000000,9.25,9.25,9.25,9.25,1000
2019-01-02T10:54:51.000000,9.25,9.25,9.24,9.25,500
2019-01-02T10:54:52.000000,9.25,9.25,9.25,9.25,6400
2019-01-02T10:54:53.000000,9.25,9.25,9.25,9.25,3700
2019-01-02T10:54:54.000000,9.25,9.25,9.25,9.25,1000
2019-01-02T10:54:55.000000,9.25,9.25,9.25,9.25,600
2019-01-02T10:54:56.000000,9.25,9.25,9.25,9.25,3400
2019-01-02T10:54:57.000000,9.25,9.25,9.24,9.25,1000
2019-01-02T10:54:58.000000,9.25,9.25,9.25,9.25,2200
2019-01-02T10:55:00.000000,9.25,9.25,9.24,9.25,8200
2019-01-02T10:55:01.000000,9.25,9.25,9.25,9.25,53100
2019-01-02T10:55:02.000000,9.25,9.25,9.25,9.25,2000
2019-01-02T10:55:03.000000,9.25,9.25,9.24,9.24,0
2019-01-02T10:55:04.000000,9.25,9.25,9.24,9.25,5800
2019-01-02T10:55:05.000000,9.25,9.25,9.25,9.25,8000
2019-01-02T10:55:06.000000,9.25,9.25,9.25,9.25,5100
2019-01-02T10:55:07.000000,9.25,9.25,9.25,9.25,31200
2019-01-02T10:55:08.000000,9.24,9.25,9.24,9.25,100
2019-01-02T10:55:09.000000,9.25,9.25,9.25,9.25,1000
2019-01-02T10:55:10.000000,9.25,9.25,9.25,9.25,1000
2019-01-02T10:55:11.000000,9.25,9.25,9.25,9.25,3300
2019-01-02T10:55:12.000000,9.25,9.25,9.25,9.25,1600
2019-01-02T10:55:13.000000,9.24,9.25,9.24,9.25,1400
2019-01-02T10:55:14.000000,9.25,9.25,9.25,9.25,300
2019-01-02T10:55:15.000000,9.25,9.25,9.25,9.25,100
2019-01-02T10:55:16.000000,9.25,9.25,9.25,9.25,700
2019-01-02T10:55:18.000000,9.25,9.25,9.25,9.25,200
2019-01-02T10:55:19.000000,9.24,9.25,9.24,9.25,0
2019-01-02T10:55:20.000000,9.25,9.25,9.25,9.25,100
2019-01-02T10:55:21.000000,9.25,9.25,9.24,9.25,400
2019-01-02T10:55:23.000000,9.25,9.25,9.25,9.25,0
2019-01-02T10:55:24.000000,9.25,9.25,9.24,9.25,1100
2019-01-02T10:55:25.000000,9.25,9.25,9.25,9.25,19700
2019-01-02T10:55:26.000000,9.25,9.25,9.25,9.25,3000
2019-01-02T10:55:28.000000,9.25,9.25,9.25,9.25,1800
2019-01-02T10:55:29.000000,9.25,9.25,9.25,9.25,2000
2019-01-02T10:55:30.000000,9.24,9.25,9.24,9.25,1000
2019-01-02T10:55:33.000000,9.25,9.25,9.24,9.25,15500
2019-01-02T10:55:34.000000,9.25,9.25,9.25,9.25,4200
2019-01-02T10:55:35.000000,9.25,9.25,9.25,9.25,10700
2019-01-02T10:55:36.000000,9.25,9.25,9.25,9.25,1000
2019-01-02T10:55:37.000000,9.25,9.25,9.25,9.25,0
2019-01-02T10:55:39.000000,9.25,9.25,9.25,9.25,400
2019-01-02T10:55:40.000000,9.25,9.25,9.25,9.25,2200
2019-01-02T10:55:41.000000,9.25,9.25,9.24,9.24,0
2019-01-02T10:55:42.000000,9.25,9.25,9.25,9.25,0
2019-01-02T10:55:43.000000,9.25,9.25,9.24,9.24,0
2019-01-02T10:55:44.000000,9.25,9.25,9.25,9.25,1000
2019-01-02T10:55:45.000000,9.24,9.25,9.24,9.25,0
2019-01-02T10:55:47.000000,9.25,9.25,9.25,9.25,6500
2019-01-02T10:55:49.000000,9.25,9.25,9.25,9.25,5000
2019-01-02T10:55:50.000000,9.25,9.25,9.24,9.24,500
2019-01-02T10:55:52.000000,9.25,9.25,9.24,9.25,1200
2019-01-02T10:55:53.000000,9.25,9.25,9.25,9.25,500
2019-01-02T10:55:54.000000,9.25,9.25,9.24,9.25,11200
2019-01-02T10:55:55.000000,9.25,9.25,9.25,9.25,4400
2019-01-02T10:55:56.000000,9.25,9.25,9.25,9.25,10000
2019-01-02T10:55:57.000000,9.25,9.25,9.25,9.25,2300
2019-01-02T10:55:58.000000,9.25,9.25,9.25,9.25,1200
2019-01-02T10:55:59.000000,9.24,9.25,9.24,9.25,0
2019-01-02T10:56:00.000000,9.24,9.25,9.24,9.25,0
2019-01-02T10:56:01.000000,9.25,9.25,9.25,9.25,10300
2019-01-02T10:56:03.000000,9.25,9.25,9.24,9.25,700
2019-01-02T10:56:04.000000,9.25,9.25,9.25,9.25,3400
2019-01-02T10:56:05.000000,9.24,9.25,9.24,9.25,0
2019-01-02T10:56:06.000000,9.24,9.25,9.24,9.25,1400
2019-01-02T10:56:07.000000,9.25,9.25,9.25,9.25,4000
2019-01-02T10:56:08.000000,9.25,9.25,9.25,9.25,1000
2019-01-02T10:56:09.000000,9.25,9.25,9.25,9.25,6400
2019-01-02T10:56:10.000000,9.25,9.25,9.24,9.25,7000
2019-01-02T10:56:11.000000,9.25,9.25,9.24,9.25,1000
2019-01-02T10:56:12.000000,9.25,9.25,9.24,9.24,1200
2019-01-02T10:56:13.000000,9.25,9.25,9.25,9.25,0
2019-01-02T10:56:14.000000,9.25,9.25,9.24,9.25,2000
2019-01-02T10:56:15.000000,9.25,9.25,9.25,9.25,2800
2019-01-02T10:56:16.000000,9.25,9.25,9.25,9.25,49800
2019-01-02T10:56:17.000000,9.25,9.25,9.24,9.24,0
2019-01-02T10:56:18.000000,9.25,9.25,9.24,9.24,0
2019-01-02T10:56:19.000000,9.25,9.25,9.25,9.25,42100
2019-01-02T10:56:20.000000,9.25,9.25,9.25,9.25,0
2019-01-02T10:56:22.000000,9.25,9.25,9.25,9.25,2000
2019-01-02T10:56:23.000000,9.24,9.25,9.24,9.25,0
2019-01-02T10:56:24.000000,9.25,9.25,9.24,9.25,0
2019-01-02T10:56:25.000000,9.24,9.25,9.24,9.25,2000
2019-01-02T10:56:26.000000,9.25,9.25,9.25,9.25,1000
2019-01-02T10:56:27.000000,9.25,9.25,9.25,9.25,1500
2019-01-02T10:56:29.000000,9.25,9.25,9.24,9.25,1500
2019-01-02T10:56:31.000000,9.24,9.25,9.24,9.25,0
2019-01-02T10:56:32.000000,9.25,9.25,9.24,9.25,100
2019-01-02T10:56:33.000000,9.25,9.25,9.24,9.25,2000
2019-01-02T10:56:34.000000,9.25,9.25,9.25,9.25,2000
2019-01-02T10:56:35.000000,9.25,9.25,9.25,9.25,300
2019-01-02T10:56:36.000000,9.25,9.25,9.24,9.25,4000
2019-01-02T10:56:37.000000,9.25,9.25,9.25,9.25,200
2019-01-02T10:56:38.000000,9.25,9.25,9.25,9.25,1000
2019-01-02T10:56:39.000000,9.25,9.25,9.25,9.25,3000
2019-01-02T10:56:40.000000,9.25,9.25,9.24,9.24,200
2019-01-02T10:56:41.000000,9.25,9.25,9.25,9.25,2300
2019-01-02T10:56:42.000000,9.25,9.25,9.24,9.25,600
2019-01-02T10:56:44.000000,9.25,9.25,9.25,9.25,1100
2019-01-02T10:56:46.000000,9.25,9.25,9.25,9.25,300
2019-01-02T10:56:47.000000,9.24,9.25,9.24,9.25,100
2019-01-02T10:56:48.000000,9.25,9.25,9.24,9.25,800
2019-01-02T10:56:49.000000,9.24,9.25,9.24,9.25,8400
2019-01-02T10:56:50.000000,9.25,9.25,9.25,9.25,5600
2019-01-02T10:56:51.000000,9.25,9.25,9.25,9.25,8500
2019-01-02T10:56:52.000000,9.25,9.25,9.24,9.25,0
2019-01-02T10:56:53.000000,9.25,9.25,9.25,9.25,1000
2019-01-02T10:56:55.000000,9.24,9.25,9.24,9.25,700
2019-01-02T10:56:56.000000,9.24,9.25,9.24,9.25,400
2019-01-02T10:56:57.000000,9.25,9.25,9.25,9.25,1000
2019-01-02T10:56:58.000000,9.24,9.25,9.24,9.24,1000
2019-01-02T10:57:00.000000,9.25,9.25,9.24,9.24,0
2019-01-02T10:57:01.000000,9.25,9.25,9.24,9.24,0
2019-01-02T10:57:02.000000,9.25,9.25,9.25,9.25,1300
2019-01-02T10:57:03.000000,9.25,9.25,9.25,9.25,6200
2019-01-02T10:57:04.000000,9.25,9.25,9.24,9.25,200
2019-01-02T10:57:06.000000,9.25,9.25,9.24,9.25,2400
2019-01-02T10:57:08.000000,9.25,9.25,9.25,9.25,300
2019-01-02T10:57:09.000000,9.25,9.25,9.24,9.25,25100
2019-01-02T10:57:10.000000,9.25,9.25,9.24,9.25,17500
2019-01-02T10:57:11.000000,9.25,9.25,9.25,9.25,2000
2019-01-02T10:57:12.000000,9.25,9.25,9.23,9.23,19600
2019-01-02T10:57:13.000000,9.23,9.23,9.23,9.23,1000
2019-01-02T10:57:14.000000,9.23,9.23,9.23,9.23,2800
2019-01-02T10:57:15.000000,9.23,9.23,9.23,9.23,8700
2019-01-02T10:57:16.000000,9.23,9.23,9.23,9.23,13300
2019-01-02T10:57:17.000000,9.24,9.24,9.23,9.23,0
2019-01-02T10:57:18.000000,9.23,9.23,9.23,9.23,500
2019-01-02T10:57:19.000000,9.23,9.23,9.23,9.23,4000
2019-01-02T10:57:20.000000,9.23,9.23,9.23,9.23,900
2019-01-02T10:57:21.000000,9.23,9.24,9.23,9.23,2000
2019-01-02T10:57:22.000000,9.23,9.24,9.23,9.23,200
2019-01-02T10:57:23.000000,9.23,9.24,9.23,9.24,22600
2019-01-02T10:57:24.000000,9.23,9.23,9.23,9.23,8700
2019-01-02T10:57:25.000000,9.23,9.24,9.23,9.24,0
2019-01-02T10:57:27.000000,9.23,9.24,9.23,9.24,3800
2019-01-02T10:57:28.000000,9.23,9.24,9.23,9.24,17500
2019-01-02T10:57:31.000000,9.23,9.23,9.23,9.23,0
2019-01-02T10:57:32.000000,9.23,9.23,9.23,9.23,3500
2019-01-02T10:57:33.000000,9.23,9.23,9.23,9.23,1100
2019-01-02T10:57:34.000000,9.23,9.23,9.23,9.23,3700
2019-01-02T10:57:35.000000,9.23,9.23,9.23,9.23,1000
2019-01-02T10:57:36.000000,9.23,9.23,9.23,9.23,2300
2019-01-02T10:57:37.000000,9.23,9.24,9.23,9.23,99000
2019-01-02T10:57:39.000000,9.23,9.23,9.23,9.23,500
2019-01-02T10:57:40.000000,9.24,9.24,9.23,9.23,0
2019-01-02T10:57:42.000000,9.23,9.23,9.23,9.23,1000
2019-01-02T10:57:43.000000,9.23,9.23,9.23,9.23,67100
2019-01-02T10:57:45.000000,9.23,9.23,9.23,9.23,24600
2019-01-02T10:57:47.000000,9.23,9.24,9.23,9.24,300
2019-01-02T10:57:48.000000,9.23,9.23,9.23,9.23,1300
2019-01-02T10:57:49.000000,9.23,9.23,9.23,9.23,5800
2019-01-02T10:57:50.000000,9.23,9.23,9.23,9.23,2000
2019-01-02T10:57:51.000000,9.23,9.23,9.23,9.23,3900
2019-01-02T10:57:52.000000,9.23,9.23,9.23,9.23,100
2019-01-02T10:57:53.000000,9.23,9.23,9.23,9.23,1000
2019-01-02T10:57:54.000000,9.23,9.24,9.23,9.23,10000
2019-01-02T10:57:55.000000,9.23,9.23,9.23,9.23,0
2019-01-02T10:57:56.000000,9.23,9.23,9.23,9.23,1700
2019-01-02T10:57:57.000000,9.23,9.23,9.23,9.23,9200
2019-01-02T10:57:58.000000,9.23,9.24,9.23,9.23,10200
2019-01-02T10:58:00.000000,9.23,9.23,9.23,9.23,2500
2019-01-02T10:58:01.000000,9.23,9.23,9.23,9.23,3000
2019-01-02T10:58:02.000000,9.23,9.23,9.23,9.23,2200
2019-01-02T10:58:03.000000,9.23,9.23,9.23,9.23,5000
2019-01-02T10:58:04.000000,9.23,9.23,9.23,9.23,0
2019-01-02T10:58:05.000000,9.23,9.24,9.23,9.23,0
2019-01-02T10:58:06.000000,9.23,9.23,9.23,9.23,700
2019-01-02T10:58:07.000000,9.23,9.23,9.23,9.23,2900
2019-01-02T10:58:08.000000,9.23,9.23,9.23,9.23,12900
2019-01-02T10:58:09.000000,9.23,9.23,9.23,9.23,200
2019-01-02T10:58:11.000000,9.23,9.23,9.23,9.23,400
2019-01-02T10:58:12.000000,9.23,9.23,9.23,9.23,18100
2019-01-02T10:58:14.000000,9.23,9.24,9.23,9.23,4000
2019-01-02T10:58:15.000000,9.23,9.23,9.23,9.23,11700
2019-01-02T10:58:16.000000,9.23,9.24,9.23,9.23,3500
2019-01-02T10:58:17.000000,9.23,9.23,9.23,9.23,41800
2019-01-02T10:58:18.000000,9.23,9.23,9.23,9.23,5000
2019-01-02T10:58:19.000000,9.23,9.24,9.23,9.23,2700
2019-01-02T10:58:20.000000,9.23,9.23,9.23,9.23,2300
2019-01-02T10:58:21.000000,9.23,9.23,9.23,9.23,1000
2019-01-02T10:58:23.000000,9.23,9.23,9.23,9.23,1000
2019-01-02T10:58:24.000000,9.23,9.23,9.23,9.23,3100
2019-01-02T10:58:26.000000,9.23,9.23,9.23,9.23,3600
2019-01-02T10:58:27.000000,9.23,9.23,9.23,9.23,7500
2019-01-02T10:58:28.000000,9.24,9.24,9.23,9.23,0
2019-01-02T10:58:29.000000,9.23,9.24,9.23,9.23,5000
2019-01-02T10:58:30.000000,9.23,9.23,9.23,9.23,900
2019-01-02T10:58:31.000000,9.23,9.23,9.23,9.23,1500
2019-01-02T10:58:32.000000,9.23,9.23,9.23,9.23,500
2019-01-02T10:58:33.000000,9.23,9.23,9.23,9.23,600
2019-01-02T10:58:34.000000,9.23,9.24,9.23,9.23,0
2019-01-02T10:58:35.000000,9.24,9.24,9.23,9.23,3100
2019-01-02T10:58:36.000000,9.23,9.23,9.23,9.23,300
2019-01-02T10:58:37.000000,9.23,9.23,9.23,9.23,3500
2019-01-02T10:58:38.000000,9.23,9.23,9.23,9.23,0
2019-01-02T10:58:39.000000,9.23,9.23,9.23,9.23,2900
2019-01-02T10:58:40.000000,9.23,9.24,9.23,9.23,700
2019-01-02T10:58:41.000000,9.23,9.23,9.23,9.23,3300
2019-01-02T10:58:42.000000,9.23,9.23,9.23,9.23,0
2019-01-02T10:58:43.000000,9.23,9.23,9.23,9.23,2000
2019-01-02T10:58:44.000000,9.23,9.23,9.23,9.23,500
2019-01-02T10:58:45.000000,9.23,9.24,9.23,9.23,3600
2019-01-02T10:58:47.000000,9.23,9.24,9.23,9.23,1300
2019-01-02T10:58:48.000000,9.23,9.23,9.23,9.23,1000
2019-01-02T10:58:49.000000,9.23,9.23,9.23,9.23,1700
2019-01-02T10:58:50.000000,9.23,9.24,9.23,9.23,8600
2019-01-02T10:58:51.000000,9.23,9.23,9.23,9.23,8800
2019-01-02T10:58:53.000000,9.23,9.23,9.23,9.23,200
2019-01-02T10:58:54.000000,9.23,9.23,9.23,9.23,200
2019-01-02T10:58:55.000000,9.23,9.23,9.23,9.23,3500
2019-01-02T10:58:56.000000,9.23,9.23,9.23,9.23,0
2019-01-02T10:58:57.000000,9.23,9.23,9.23,9.23,1300
2019-01-02T10:58:58.000000,9.23,9.23,9.23,9.23,700
2019-01-02T10:58:59.000000,9.23,9.23,9.23,9.23,8000
2019-01-02T10:59:00.000000,9.24,9.24,9.23,9.23,0
2019-01-02T10:59:01.000000,9.23,9.23,9.23,9.23,9100
2019-01-02T10:59:02.000000,9.23,9.23,9.23,9.23,1400
2019-01-02T10:59:03.000000,9.23,9.23,9.23,9.23,300
2019-01-02T10:59:04.000000,9.23,9.23,9.23,9.23,1000
2019-01-02T10:59:05.000000,9.23,9.23,9.23,9.23,0
2019-01-02T10:59:06.000000,9.23,9.23,9.23,9.23,200
2019-01-02T10:59:07.000000,9.24,9.24,9.23,9.23,0
2019-01-02T10:59:08.000000,9.23,9.23,9.23,9.23,3200
2019-01-02T10:59:09.000000,9.23,9.24,9.23,9.24,1000
2019-01-02T10:59:10.000000,9.23,9.24,9.23,9.23,10900
2019-01-02T10:59:11.000000,9.23,9.23,9.23,9.23,0
2019-01-02T10:59:12.000000,9.23,9.23,9.23,9.23,0
2019-01-02T10:59:13.000000,9.23,9.23,9.23,9.23,300
2019-01-02T10:59:14.000000,9.23,9.23,9.23,9.23,4500
2019-01-02T10:59:15.000000,9.23,9.24,9.23,9.23,1100
2019-01-02T10:59:16.000000,9.23,9.24,9.23,9.23,2000
2019-01-02T10:59:17.000000,9.23,9.23,9.23,9.23,1400
2019-01-02T10:59:18.000000,9.23,9.24,9.23,9.24,6600
2019-01-02T10:59:20.000000,9.23,9.23,9.23,9.23,0
2019-01-02T10:59:21.000000,9.23,9.23,9.23,9.23,10000
2019-01-02T10:59:22.000000,9.23,9.23,9.23,9.23,0
2019-01-02T10:59:23.000000,9.23,9.25,9.23,9.25,94700
2019-01-02T10:59:24.000000,9.24,9.25,9.24,9.25,84600
2019-01-02T10:59:25.000000,9.25,9.25,9.25,9.25,12100
2019-01-02T10:59:26.000000,9.25,9.25,9.25,9.25,1800
2019-01-02T10:59:27.000000,9.25,9.25,9.24,9.25,9000
2019-01-02T10:59:28.000000,9.25,9.25,9.24,9.25,500
2019-01-02T10:59:30.000000,9.25,9.25,9.24,9.25,5100
2019-01-02T10:59:32.000000,9.25,9.25,9.24,9.25,1500
2019-01-02T10:59:33.000000,9.25,9.25,9.24,9.25,11500
2019-01-02T10:59:34.000000,9.25,9.25,9.25,9.25,200
2019-01-02T10:59:35.000000,9.25,9.25,9.25,9.25,1600
2019-01-02T10:59:36.000000,9.24,9.25,9.23,9.23,83100
2019-01-02T10:59:37.000000,9.23,9.23,9.23,9.23,1000
2019-01-02T10:59:38.000000,9.23,9.24,9.23,9.24,6400
2019-01-02T10:59:39.000000,9.25,9.25,9.25,9.25,600
2019-01-02T10:59:40.000000,9.25,9.25,9.24,9.25,5700
2019-01-02T10:59:41.000000,9.24,9.25,9.24,9.25,3100
2019-01-02T10:59:42.000000,9.25,9.25,9.24,9.25,78800
2019-01-02T10:59:43.000000,9.25,9.25,9.25,9.25,10500
2019-01-02T10:59:44.000000,9.25,9.25,9.24,9.25,2300
2019-01-02T10:59:45.000000,9.25,9.25,9.25,9.25,4000
2019-01-02T10:59:47.000000,9.25,9.25,9.25,9.25,2300
2019-01-02T10:59:48.000000,9.25,9.25,9.25,9.25,2100
2019-01-02T10:59:49.000000,9.25,9.25,9.25,9.25,500
2019-01-02T10:59:50.000000,9.24,9.25,9.24,9.25,1000
2019-01-02T10:59:51.000000,9.25,9.25,9.24,9.24,5800
2019-01-02T10:59:52.000000,9.23,9.25,9.23,9.25,4500
2019-01-02T10:59:53.000000,9.25,9.25,9.25,9.25,2500
2019-01-02T10:59:54.000000,9.25,9.25,9.25,9.25,8700
2019-01-02T10:59:55.000000,9.25,9.25,9.24,9.25,1500
2019-01-02T10:59:56.000000,9.25,9.25,9.25,9.25,2300
2019-01-02T10:59:57.000000,9.25,9.25,9.25,9.25,400
2019-01-02T10:59:58.000000,9.25,9.25,9.25,9.25,7000
2019-01-02T10:59:59.000000,9.25,9.25,9.25,9.25,1100
2019-01-02T11:00:00.000000,9.25,9.25,9.25,9.25,200
2019-01-02T11:00:01.000000,9.25,9.25,9.25,9.25,1000
2019-01-02T11:00:02.000000,9.25,9.25,9.25,9.25,500
2019-01-02T11:00:03.000000,9.25,9.25,9.24,9.25,5200
2019-01-02T11:00:04.000000,9.25,9.25,9.25,9.25,45500
2019-01-02T11:00:05.000000,9.24,9.25,9.24,9.25,0
2019-01-02T11:00:06.000000,9.24,9.25,9.24,9.25,2500
2019-01-02T11:00:07.000000,9.25,9.25,9.25,9.25,1200
2019-01-02T11:00:08.000000,9.25,9.25,9.25,9.25,5000
2019-01-02T11:00:09.000000,9.25,9.25,9.25,9.25,600
2019-01-02T11:00:10.000000,9.25,9.25,9.25,9.25,0
2019-01-02T11:00:11.000000,9.25,9.25,9.25,9.25,200
2019-01-02T11:00:13.000000,9.24,9.25,9.24,9.25,20200
2019-01-02T11:00:14.000000,9.25,9.25,9.25,9.25,100
2019-01-02T11:00:15.000000,9.25,9.25,9.25,9.25,5100
2019-01-02T11:00:16.000000,9.25,9.25,9.25,9.25,1400
2019-01-02T11:00:17.000000,9.25,9.25,9.24,9.24,11300
2019-01-02T11:00:18.000000,9.25,9.25,9.25,9.25,3300
2019-01-02T11:00:19.000000,9.25,9.25,9.25,9.25,200
2019-01-02T11:00:21.000000,9.25,9.25,9.25,9.25,1600
2019-01-02T11:00:22.000000,9.25,9.25,9.25,9.25,0
2019-01-02T11:00:24.000000,9.25,9.25,9.25,9.25,5500
2019-01-02T11:00:25.000000,9.25,9.25,9.25,9.25,1200
2019-01-02T11:00:26.000000,9.25,9.25,9.25,9.25,2000
2019-01-02T11:00:27.000000,9.25,9.25,9.25,9.25,5400
2019-01-02T11:00:28.000000,9.25,9.25,9.24,9.25,5500
2019-01-02T11:00:29.000000,9.25,9.25,9.25,9.25,2500
2019-01-02T11:00:30.000000,9.25,9.25,9.25,9.25,5000
2019-01-02T11:00:32.000000,9.25,9.25,9.25,9.25,500
2019-01-02T11:00:33.000000,9.25,9.25,9.25,9.25,100
2019-01-02T11:00:34.000000,9.25,9.25,9.25,9.25,22600
2019-01-02T11:00:35.000000,9.24,9.25,9.24,9.25,3400
2019-01-02T11:00:37.000000,9.25,9.25,9.25,9.25,300
2019-01-02T11:00:38.000000,9.24,9.25,9.24,9.25,0
2019-01-02T11:00:39.000000,9.25,9.25,9.24,9.24,0
2019-01-02T11:00:40.000000,9.25,9.25,9.25,9.25,2000
2019-01-02T11:00:41.000000,9.25,9.25,9.25,9.25,1000
2019-01-02T11:00:42.000000,9.24,9.25,9.24,9.25,15700
2019-01-02T11:00:43.000000,9.25,9.25,9.24,9.24,0
2019-01-02T11:00:44.000000,9.25,9.25,9.25,9.25,7700
2019-01-02T11:00:46.000000,9.25,9.25,9.25,9.25,1800
2019-01-02T11:00:48.000000,9.25,9.25,9.25,9.25,300
2019-01-02T11:00:50.000000,9.25,9.25,9.25,9.25,2900
2019-01-02T11:00:51.000000,9.24,9.25,9.24,9.25,400
2019-01-02T11:00:52.000000,9.24,9.25,9.24,9.25,0
2019-01-02T11:00:55.000000,9.25,9.25,9.25,9.25,1100
2019-01-02T11:00:58.000000,9.25,9.25,9.25,9.25,10000
2019-01-02T11:00:59.000000,9.25,9.25,9.25,9.25,2000
2019-01-02T11:01:00.000000,9.25,9.25,9.24,9.25,3500
2019-01-02T11:01:01.000000,9.25,9.25,9.24,9.25,200
2019-01-02T11:01:02.000000,9.25,9.25,9.25,9.25,2000
2019-01-02T11:01:03.000000,9.25,9.25,9.25,9.25,0
2019-01-02T11:01:04.000000,9.25,9.25,9.25,9.25,4400
2019-01-02T11:01:05.000000,9.25,9.25,9.24,9.25,5000
2019-01-02T11:01:06.000000,9.25,9.25,9.25,9.25,2000
2019-01-02T11:01:07.000000,9.25,9.25,9.25,9.25,2900
2019-01-02T11:01:08.000000,9.24,9.25,9.24,9.25,800
2019-01-02T11:01:09.000000,9.24,9.25,9.24,9.25,17200
2019-01-02T11:01:10.000000,9.25,9.25,9.25,9.25,4800
2019-01-02T11:01:11.000000,9.25,9.25,9.25,9.25,300
2019-01-02T11:01:12.000000,9.25,9.25,9.24,9.25,0
2019-01-02T11:01:13.000000,9.24,9.25,9.24,9.25,2100
2019-01-02T11:01:14.000000,9.25,9.25,9.25,9.25,0
2019-01-02T11:01:15.000000,9.25,9.25,9.25,9.25,3300
2019-01-02T11:01:16.000000,9.25,9.25,9.25,9.25,400
2019-01-02T11:01:17.000000,9.25,9.25,9.25,9.25,1000
2019-01-02T11:01:18.000000,9.25,9.25,9.25,9.25,1000
2019-01-02T11:01:19.000000,9.25,9.25,9.25,9.25,1700
2019-01-02T11:01:20.000000,9.25,9.25,9.25,9.25,7100
2019-01-02T11:01:21.000000,9.25,9.25,9.25,9.25,5000
2019-01-02T11:01:22.000000,9.25,9.25,9.25,9.25,23800
2019-01-02T11:01:23.000000,9.25,9.25,9.24,9.24,800
2019-01-02T11:01:24.000000,9.25,9.25,9.24,9.24,600
2019-01-02T11:01:25.000000,9.25,9.25,9.25,9.25,500
2019-01-02T11:01:26.000000,9.25,9.25,9.25,9.25,64000
2019-01-02T11:01:27.000000,9.25,9.25,9.25,9.25,1500
2019-01-02T11:01:29.000000,9.25,9.25,9.25,9.25,10000
2019-01-02T11:01:30.000000,9.25,9.25,9.25,9.25,100
2019-01-02T11:01:31.000000,9.25,9.25,9.25,9.25,19700
2019-01-02T11:01:32.000000,9.25,9.25,9.25,9.25,10100
2019-01-02T11:01:33.000000,9.25,9.25,9.25,9.25,1000
2019-01-02T11:01:34.000000,9.25,9.25,9.24,9.25,0
2019-01-02T11:01:35.000000,9.24,9.25,9.24,9.25,11000
2019-01-02T11:01:36.000000,9.25,9.25,9.25,9.25,500
2019-01-02T11:01:37.000000,9.25,9.25,9.25,9.25,64300
2019-01-02T11:01:38.000000,9.25,9.25,9.24,9.25,500
2019-01-02T11:01:39.000000,9.24,9.25,9.24,9.24,3000
2019-01-02T11:01:40.000000,9.25,9.25,9.25,9.25,2000
2019-01-02T11:01:41.000000,9.25,9.25,9.25,9.25,5600
2019-01-02T11:01:42.000000,9.25,9.25,9.24,9.25,7600
2019-01-02T11:01:43.000000,9.24,9.25,9.24,9.25,10200
2019-01-02T11:01:44.000000,9.25,9.25,9.24,9.25,0
2019-01-02T11:01:45.000000,9.25,9.25,9.25,9.25,100
2019-01-02T11:01:46.000000,9.24,9.25,9.24,9.25,0
2019-01-02T11:01:47.000000,9.25,9.25,9.25,9.25,37400
2019-01-02T11:01:48.000000,9.25,9.25,9.25,9.25,200
2019-01-02T11:01:49.000000,9.24,9.25,9.24,9.25,0
2019-01-02T11:01:50.000000,9.25,9.25,9.25,9.25,500
2019-01-02T11:01:51.000000,9.24,9.25,9.24,9.25,9700
2019-01-02T11:01:52.000000,9.25,9.25,9.25,9.25,16200
2019-01-02T11:01:53.000000,9.25,9.25,9.24,9.25,300
2019-01-02T11:01:54.000000,9.24,9.25,9.24,9.25,4600
2019-01-02T11:01:55.000000,9.24,9.25,9.24,9.25,1500
2019-01-02T11:01:56.000000,9.25,9.25,9.24,9.25,12700
2019-01-02T11:01:57.000000,9.25,9.25,9.23,9.23,36100
2019-01-02T11:01:58.000000,9.23,9.23,9.23,9.23,7800
2019-01-02T11:02:00.000000,9.23,9.23,9.23,9.23,9000
2019-01-02T11:02:01.000000,9.23,9.23,9.23,9.23,3100
2019-01-02T11:02:02.000000,9.23,9.23,9.23,9.23,12200
2019-01-02T11:02:03.000000,9.23,9.24,9.23,9.24,0
2019-01-02T11:02:05.000000,9.23,9.23,9.23,9.23,2700
2019-01-02T11:02:06.000000,9.23,9.23,9.23,9.23,400
2019-01-02T11:02:07.000000,9.23,9.23,9.23,9.23,200
2019-01-02T11:02:08.000000,9.23,9.23,9.23,9.23,1100
2019-01-02T11:02:09.000000,9.23,9.23,9.23,9.23,1000
2019-01-02T11:02:10.000000,9.23,9.23,9.23,9.23,1700
2019-01-02T11:02:12.000000,9.23,9.24,9.23,9.24,58800
2019-01-02T11:02:13.000000,9.25,9.25,9.25,9.25,11000
2019-01-02T11:02:14.000000,9.25,9.25,9.25,9.25,300
2019-01-02T11:02:15.000000,9.25,9.25,9.25,9.25,4900
2019-01-02T11:02:16.000000,9.25,9.25,9.25,9.25,200
2019-01-02T11:02:18.000000,9.25,9.25,9.23,9.23,7800
2019-01-02T11:02:19.000000,9.23,9.23,9.23,9.23,6200
2019-01-02T11:02:21.000000,9.23,9.23,9.23,9.23,11700
2019-01-02T11:02:22.000000,9.23,9.23,9.23,9.23,900
2019-01-02T11:02:24.000000,9.23,9.24,9.23,9.23,2000
2019-01-02T11:02:25.000000,9.23,9.24,9.23,9.23,1300
2019-01-02T11:02:27.000000,9.23,9.23,9.23,9.23,1500
2019-01-02T11:02:28.000000,9.23,9.23,9.23,9.23,5600
2019-01-02T11:02:29.000000,9.23,9.23,9.23,9.23,0
2019-01-02T11:02:30.000000,9.23,9.23,9.23,9.23,1000
2019-01-02T11:02:31.000000,9.23,9.23,9.23,9.23,200
2019-01-02T11:02:32.000000,9.23,9.23,9.23,9.23,109700
2019-01-02T11:02:33.000000,9.23,9.23,9.23,9.23,10500
2019-01-02T11:02:34.000000,9.23,9.24,9.23,9.23,0
2019-01-02T11:02:35.000000,9.23,9.23,9.23,9.23,1300
2019-01-02T11:02:36.000000,9.23,9.23,9.23,9.23,5300
2019-01-02T11:02:37.000000,9.23,9.23,9.23,9.23,900
2019-01-02T11:02:38.000000,9.23,9.23,9.23,9.23,1000
2019-01-02T11:02:39.000000,9.23,9.23,9.23,9.23,3000
2019-01-02T11:02:40.000000,9.23,9.23,9.23,9.23,200
2019-01-02T11:02:41.000000,9.23,9.23,9.23,9.23,600
2019-01-02T11:02:42.000000,9.23,9.23,9.23,9.23,55100
2019-01-02T11:02:43.000000,9.23,9.23,9.23,9.23,2300
2019-01-02T11:02:44.000000,9.23,9.23,9.23,9.23,1000
2019-01-02T11:02:45.000000,9.23,9.24,9.23,9.23,1000
2019-01-02T11:02:46.000000,9.23,9.23,9.23,9.23,13100
2019-01-02T11:02:47.000000,9.23,9.23,9.23,9.23,16300
2019-01-02T11:02:49.000000,9.24,9.24,9.23,9.23,2000
2019-01-02T11:02:50.000000,9.23,9.24,9.23,9.23,6100
2019-01-02T11:02:51.000000,9.23,9.23,9.23,9.23,2800
2019-01-02T11:02:52.000000,9.23,9.23,9.23,9.23,500
2019-01-02T11:02:53.000000,9.23,9.24,9.23,9.23,6600
2019-01-02T11:02:54.000000,9.23,9.23,9.23,9.23,1600
2019-01-02T11:02:55.000000,9.23,9.24,9.23,9.24,1100
2019-01-02T11:02:56.000000,9.23,9.23,9.23,9.23,1000
2019-01-02T11:02:57.000000,9.23,9.23,9.23,9.23,4500
2019-01-02T11:02:58.000000,9.23,9.23,9.23,9.23,20000
2019-01-02T11:02:59.000000,9.23,9.23,9.23,9.23,8900
2019-01-02T11:03:00.000000,9.23,9.23,9.23,9.23,10700
2019-01-02T11:03:01.000000,9.23,9.23,9.23,9.23,2900
2019-01-02T11:03:02.000000,9.23,9.23,9.23,9.23,300
2019-01-02T11:03:03.000000,9.23,9.23,9.23,9.23,2200
2019-01-02T11:03:05.000000,9.24,9.24,9.23,9.23,0
2019-01-02T11:03:06.000000,9.23,9.23,9.23,9.23,5000
2019-01-02T11:03:07.000000,9.23,9.23,9.23,9.23,1000
2019-01-02T11:03:08.000000,9.23,9.23,9.23,9.23,2600
2019-01-02T11:03:09.000000,9.23,9.23,9.23,9.23,200
2019-01-02T11:03:10.000000,9.23,9.23,9.23,9.23,26200
2019-01-02T11:03:11.000000,9.23,9.23,9.23,9.23,500
2019-01-02T11:03:12.000000,9.23,9.23,9.23,9.23,40000
2019-01-02T11:03:13.000000,9.23,9.23,9.23,9.23,1000
2019-01-02T11:03:14.000000,9.23,9.23,9.23,9.23,14011
2019-01-02T11:03:15.000000,9.24,9.24,9.23,9.23,0
2019-01-02T11:03:18.000000,9.23,9.23,9.23,9.23,1200
2019-01-02T11:03:20.000000,9.23,9.24,9.23,9.23,16200
2019-01-02T11:03:21.000000,9.23,9.23,9.23,9.23,1800
2019-01-02T11:03:22.000000,9.23,9.23,9.23,9.23,55600
2019-01-02T11:03:23.000000,9.23,9.23,9.23,9.23,500
2019-01-02T11:03:24.000000,9.23,9.24,9.23,9.23,0
2019-01-02T11:03:25.000000,9.23,9.24,9.23,9.24,400
2019-01-02T11:03:26.000000,9.23,9.23,9.23,9.23,2900
2019-01-02T11:03:27.000000,9.23,9.24,9.23,9.23,200
2019-01-02T11:03:28.000000,9.23,9.23,9.23,9.23,26500
2019-01-02T11:03:29.000000,9.23,9.23,9.23,9.23,0
2019-01-02T11:03:31.000000,9.23,9.23,9.23,9.23,1000
2019-01-02T11:03:32.000000,9.23,9.23,9.23,9.23,500
2019-01-02T11:03:34.000000,9.23,9.23,9.23,9.23,500
2019-01-02T11:03:35.000000,9.23,9.23,9.23,9.23,700
2019-01-02T11:03:36.000000,9.24,9.24,9.23,9.23,0
2019-01-02T11:03:37.000000,9.24,9.24,9.23,9.23,800
2019-01-02T11:03:39.000000,9.23,9.23,9.23,9.23,0
2019-01-02T11:03:40.000000,9.23,9.23,9.23,9.23,520
2019-01-02T11:03:41.000000,9.23,9.23,9.23,9.23,2000
2019-01-02T11:03:42.000000,9.23,9.23,9.23,9.23,0
2019-01-02T11:03:43.000000,9.23,9.23,9.23,9.23,11200
2019-01-02T11:03:44.000000,9.23,9.23,9.23,9.23,2000
2019-01-02T11:03:45.000000,9.23,9.24,9.23,9.23,1900
2019-01-02T11:03:46.000000,9.23,9.23,9.23,9.23,600
2019-01-02T11:03:47.000000,9.23,9.23,9.23,9.23,0
2019-01-02T11:03:48.000000,9.24,9.24,9.23,9.23,0
2019-01-02T11:03:49.000000,9.23,9.23,9.23,9.23,2000
2019-01-02T11:03:50.000000,9.23,9.23,9.23,9.23,900
2019-01-02T11:03:51.000000,9.23,9.23,9.23,9.23,100
2019-01-02T11:03:52.000000,9.23,9.23,9.23,9.23,4000
2019-01-02T11:03:54.000000,9.23,9.23,9.23,9.23,10000
2019-01-02T11:03:55.000000,9.24,9.24,9.23,9.23,0
2019-01-02T11:03:56.000000,9.23,9.23,9.23,9.23,1800
2019-01-02T11:03:57.000000,9.23,9.23,9.23,9.23,1000
2019-01-02T11:03:58.000000,9.23,9.23,9.23,9.23,8700
2019-01-02T11:03:59.000000,9.23,9.23,9.23,9.23,400
2019-01-02T11:04:00.000000,9.23,9.23,9.23,9.23,400
2019-01-02T11:04:01.000000,9.23,9.23,9.23,9.23,1700
2019-01-02T11:04:02.000000,9.23,9.23,9.23,9.23,2900
2019-01-02T11:04:03.000000,9.23,9.23,9.23,9.23,0
2019-01-02T11:04:05.000000,9.23,9.24,9.23,9.23,2400
2019-01-02T11:04:06.000000,9.23,9.23,9.23,9.23,6600
2019-01-02T11:04:07.000000,9.23,9.23,9.23,9.23,2600
2019-01-02T11:04:08.000000,9.23,9.23,9.23,9.23,0
2019-01-02T11:04:09.000000,9.23,9.23,9.23,9.23,5000
2019-01-02T11:04:10.000000,9.23,9.23,9.23,9.23,7400
2019-01-02T11:04:11.000000,9.23,9.23,9.23,9.23,6100
2019-01-02T11:04:12.000000,9.23,9.23,9.23,9.23,5500
2019-01-02T11:04:13.000000,9.23,9.23,9.23,9.23,500
2019-01-02T11:04:14.000000,9.23,9.24,9.23,9.23,0
2019-01-02T11:04:15.000000,9.23,9.23,9.23,9.23,2400
2019-01-02T11:04:17.000000,9.23,9.23,9.23,9.23,600
2019-01-02T11:04:19.000000,9.24,9.24,9.23,9.23,6200
2019-01-02T11:04:20.000000,9.23,9.23,9.23,9.23,11500
2019-01-02T11:04:21.000000,9.23,9.23,9.23,9.23,6100
2019-01-02T11:04:22.000000,9.23,9.23,9.23,9.23,24500
2019-01-02T11:04:24.000000,9.23,9.23,9.23,9.23,5300
2019-01-02T11:04:26.000000,9.23,9.24,9.23,9.23,3900
2019-01-02T11:04:27.000000,9.23,9.23,9.23,9.23,900
2019-01-02T11:04:29.000000,9.24,9.24,9.23,9.23,500
2019-01-02T11:04:30.000000,9.23,9.23,9.23,9.23,1000
2019-01-02T11:04:31.000000,9.23,9.23,9.23,9.23,2000
2019-01-02T11:04:32.000000,9.23,9.24,9.23,9.23,0
2019-01-02T11:04:35.000000,9.23,9.23,9.23,9.23,2500
2019-01-02T11:04:36.000000,9.23,9.23,9.23,9.23,0
2019-01-02T11:04:37.000000,9.23,9.23,9.23,9.23,100
2019-01-02T11:04:38.000000,9.23,9.23,9.23,9.23,500
2019-01-02T11:04:39.000000,9.23,9.23,9.23,9.23,10000
2019-01-02T11:04:40.000000,9.23,9.23,9.23,9.23,4800
2019-01-02T11:04:41.000000,9.23,9.23,9.23,9.23,400
2019-01-02T11:04:42.000000,9.23,9.23,9.23,9.23,2300
2019-01-02T11:04:43.000000,9.23,9.23,9.23,9.23,1500
2019-01-02T11:04:44.000000,9.23,9.23,9.23,9.23,3000
2019-01-02T11:04:46.000000,9.23,9.23,9.23,9.23,1000
2019-01-02T11:04:47.000000,9.23,9.23,9.23,9.23,100
2019-01-02T11:04:48.000000,9.23,9.23,9.23,9.23,700
2019-01-02T11:04:49.000000,9.23,9.23,9.23,9.23,2300
2019-01-02T11:04:51.000000,9.23,9.23,9.23,9.23,1500
2019-01-02T11:04:52.000000,9.24,9.24,9.23,9.23,300
2019-01-02T11:04:53.000000,9.23,9.23,9.23,9.23,700
2019-01-02T11:04:55.000000,9.23,9.23,9.23,9.23,1000
2019-01-02T11:04:56.000000,9.23,9.23,9.23,9.23,2500
2019-01-02T11:04:58.000000,9.23,9.23,9.23,9.23,1100
2019-01-02T11:04:59.000000,9.23,9.23,9.23,9.23,2500
2019-01-02T11:05:00.000000,9.24,9.24,9.23,9.23,900
2019-01-02T11:05:01.000000,9.23,9.23,9.23,9.23,3300
2019-01-02T11:05:02.000000,9.23,9.23,9.23,9.23,1000
2019-01-02T11:05:03.000000,9.23,9.23,9.23,9.23,8300
2019-01-02T11:05:04.000000,9.23,9.23,9.23,9.23,2900
2019-01-02T11:05:05.000000,9.23,9.23,9.23,9.23,1000
2019-01-02T11:05:07.000000,9.23,9.23,9.23,9.23,1000
2019-01-02T11:05:08.000000,9.23,9.23,9.23,9.23,200
2019-01-02T11:05:09.000000,9.23,9.23,9.23,9.23,1000
2019-01-02T11:05:11.000000,9.23,9.23,9.23,9.23,4500
2019-01-02T11:05:12.000000,9.23,9.23,9.23,9.23,10000
2019-01-02T11:05:13.000000,9.23,9.23,9.23,9.23,100
2019-01-02T11:05:14.000000,9.23,9.23,9.23,9.23,600
2019-01-02T11:05:15.000000,9.23,9.23,9.23,9.23,100
2019-01-02T11:05:16.000000,9.23,9.23,9.23,9.23,800
2019-01-02T11:05:17.000000,9.23,9.23,9.23,9.23,700
2019-01-02T11:05:18.000000,9.23,9.23,9.23,9.23,2200
2019-01-02T11:05:19.000000,9.23,9.23,9.23,9.23,700
2019-01-02T11:05:20.000000,9.23,9.23,9.23,9.23,3000
2019-01-02T11:05:21.000000,9.23,9.23,9.23,9.23,4100
2019-01-02T11:05:22.000000,9.23,9.23,9.23,9.23,1700
2019-01-02T11:05:23.000000,9.23,9.23,9.23,9.23,0
2019-01-02T11:05:24.000000,9.23,9.23,9.23,9.23,20300
2019-01-02T11:05:25.000000,9.23,9.23,9.23,9.23,3000
2019-01-02T11:05:26.000000,9.23,9.23,9.23,9.23,0
2019-01-02T11:05:27.000000,9.23,9.23,9.23,9.23,9400
2019-01-02T11:05:28.000000,9.23,9.23,9.23,9.23,1300
2019-01-02T11:05:29.000000,9.23,9.23,9.23,9.23,2700
2019-01-02T11:05:30.000000,9.23,9.23,9.23,9.23,2100
2019-01-02T11:05:31.000000,9.23,9.23,9.23,9.23,4200
2019-01-02T11:05:32.000000,9.23,9.23,9.23,9.23,1000
2019-01-02T11:05:33.000000,9.23,9.23,9.23,9.23,3100
2019-01-02T11:05:34.000000,9.23,9.23,9.23,9.23,200
2019-01-02T11:05:35.000000,9.23,9.23,9.23,9.23,1200
2019-01-02T11:05:36.000000,9.23,9.23,9.23,9.23,1500
2019-01-02T11:05:37.000000,9.23,9.23,9.23,9.23,0
2019-01-02T11:05:39.000000,9.23,9.23,9.23,9.23,6500
2019-01-02T11:05:40.000000,9.23,9.23,9.23,9.23,17000
2019-01-02T11:05:41.000000,9.23,9.23,9.23,9.23,4500
2019-01-02T11:05:42.000000,9.23,9.23,9.23,9.23,2000
2019-01-02T11:05:43.000000,9.23,9.23,9.23,9.23,1500
2019-01-02T11:05:44.000000,9.23,9.23,9.23,9.23,1500
2019-01-02T11:05:45.000000,9.23,9.23,9.23,9.23,200
2019-01-02T11:05:46.000000,9.23,9.23,9.23,9.23,5800
2019-01-02T11:05:47.000000,9.23,9.23,9.23,9.23,0
2019-01-02T11:05:48.000000,9.23,9.24,9.23,9.23,2900
2019-01-02T11:05:49.000000,9.23,9.23,9.23,9.23,2000
2019-01-02T11:05:51.000000,9.23,9.23,9.23,9.23,2200
2019-01-02T11:05:52.000000,9.23,9.23,9.23,9.23,10300
2019-01-02T11:05:53.000000,9.23,9.23,9.23,9.23,9000
2019-01-02T11:05:54.000000,9.23,9.23,9.23,9.23,0
2019-01-02T11:05:55.000000,9.23,9.23,9.23,9.23,14500
2019-01-02T11:05:56.000000,9.23,9.23,9.23,9.23,1100
2019-01-02T11:05:57.000000,9.23,9.23,9.23,9.23,100
2019-01-02T11:05:58.000000,9.23,9.23,9.23,9.23,500
2019-01-02T11:05:59.000000,9.23,9.23,9.23,9.23,2200
2019-01-02T11:06:00.000000,9.23,9.23,9.23,9.23,2400
2019-01-02T11:06:01.000000,9.23,9.23,9.23,9.23,5000
2019-01-02T11:06:02.000000,9.23,9.23,9.23,9.23,60200
2019-01-02T11:06:03.000000,9.23,9.23,9.23,9.23,700
2019-01-02T11:06:04.000000,9.23,9.23,9.23,9.23,9600
2019-01-02T11:06:05.000000,9.23,9.23,9.23,9.23,4300
2019-01-02T11:06:06.000000,9.23,9.23,9.23,9.23,100
2019-01-02T11:06:07.000000,9.23,9.23,9.23,9.23,2600
2019-01-02T11:06:08.000000,9.24,9.24,9.23,9.23,800
2019-01-02T11:06:09.000000,9.23,9.23,9.23,9.23,3000
2019-01-02T11:06:10.000000,9.23,9.23,9.23,9.23,0
2019-01-02T11:06:11.000000,9.23,9.23,9.23,9.23,1300
2019-01-02T11:06:12.000000,9.23,9.23,9.23,9.23,1900
2019-01-02T11:06:13.000000,9.23,9.24,9.23,9.24,2200
2019-01-02T11:06:14.000000,9.23,9.23,9.23,9.23,500
2019-01-02T11:06:16.000000,9.23,9.23,9.23,9.23,100
2019-01-02T11:06:18.000000,9.24,9.24,9.23,9.23,1700
2019-01-02T11:06:19.000000,9.23,9.23,9.23,9.23,1300
2019-01-02T11:06:20.000000,9.23,9.23,9.23,9.23,6300
2019-01-02T11:06:21.000000,9.23,9.23,9.23,9.23,20100
2019-01-02T11:06:22.000000,9.23,9.23,9.23,9.23,1000
2019-01-02T11:06:23.000000,9.23,9.23,9.23,9.23,1000
2019-01-02T11:06:24.000000,9.23,9.23,9.23,9.23,1000
2019-01-02T11:06:25.000000,9.23,9.23,9.23,9.23,10800
2019-01-02T11:06:26.000000,9.23,9.23,9.23,9.23,200
2019-01-02T11:06:27.000000,9.23,9.24,9.23,9.23,1000
2019-01-02T11:06:28.000000,9.23,9.23,9.23,9.23,5200
2019-01-02T11:06:30.000000,9.23,9.23,9.23,9.23,7000
2019-01-02T11:06:31.000000,9.23,9.23,9.23,9.23,500
2019-01-02T11:06:32.000000,9.23,9.23,9.23,9.23,5900
2019-01-02T11:06:33.000000,9.23,9.23,9.23,9.23,3400
2019-01-02T11:06:35.000000,9.23,9.23,9.23,9.23,1000
2019-01-02T11:06:36.000000,9.23,9.23,9.23,9.23,500
2019-01-02T11:06:37.000000,9.23,9.23,9.23,9.23,0
2019-01-02T11:06:38.000000,9.23,9.23,9.23,9.23,0
2019-01-02T11:06:39.000000,9.23,9.23,9.23,9.23,900
2019-01-02T11:06:40.000000,9.23,9.24,9.23,9.23,23000
2019-01-02T11:06:41.000000,9.23,9.23,9.23,9.23,2300
2019-01-02T11:06:42.000000,9.23,9.23,9.23,9.23,5500
2019-01-02T11:06:43.000000,9.23,9.23,9.23,9.23,1000
2019-01-02T11:06:44.000000,9.23,9.23,9.23,9.23,0
2019-01-02T11:06:45.000000,9.23,9.23,9.23,9.23,53300
2019-01-02T11:06:46.000000,9.23,9.23,9.23,9.23,2200
2019-01-02T11:06:47.000000,9.23,9.23,9.23,9.23,500
2019-01-02T11:06:48.000000,9.23,9.23,9.23,9.23,2600
2019-01-02T11:06:49.000000,9.23,9.23,9.23,9.23,1200
2019-01-02T11:06:50.000000,9.24,9.24,9.23,9.23,2500
2019-01-02T11:06:51.000000,9.23,9.23,9.23,9.23,500
2019-01-02T11:06:52.000000,9.23,9.23,9.23,9.23,2000
2019-01-02T11:06:54.000000,9.23,9.23,9.23,9.23,600
2019-01-02T11:06:55.000000,9.23,9.23,9.23,9.23,5000
2019-01-02T11:06:57.000000,9.23,9.23,9.23,9.23,4300
2019-01-02T11:06:58.000000,9.23,9.23,9.23,9.23,2000
2019-01-02T11:06:59.000000,9.23,9.23,9.23,9.23,1200
2019-01-02T11:07:01.000000,9.23,9.23,9.23,9.23,2800
2019-01-02T11:07:02.000000,9.23,9.23,9.23,9.23,600
2019-01-02T11:07:03.000000,9.23,9.23,9.23,9.23,1200
2019-01-02T11:07:05.000000,9.23,9.23,9.23,9.23,1000
2019-01-02T11:07:06.000000,9.23,9.23,9.23,9.23,2200
2019-01-02T11:07:07.000000,9.23,9.24,9.23,9.24,0
2019-01-02T11:07:09.000000,9.23,9.23,9.23,9.23,1200
2019-01-02T11:07:10.000000,9.23,9.23,9.23,9.23,500
2019-01-02T11:07:11.000000,9.23,9.23,9.23,9.23,3200
2019-01-02T11:07:12.000000,9.23,9.24,9.23,9.23,3400
2019-01-02T11:07:13.000000,9.23,9.23,9.23,9.23,2900
2019-01-02T11:07:14.000000,9.23,9.23,9.23,9.23,3200
2019-01-02T11:07:16.000000,9.23,9.24,9.23,9.23,2200
2019-01-02T11:07:17.000000,9.23,9.23,9.23,9.23,3500
2019-01-02T11:07:18.000000,9.24,9.24,9.23,9.23,1300
2019-01-02T11:07:19.000000,9.23,9.23,9.23,9.23,0
2019-01-02T11:07:20.000000,9.23,9.23,9.23,9.23,0
2019-01-02T11:07:21.000000,9.23,9.24,9.23,9.23,1000
2019-01-02T11:07:22.000000,9.23,9.23,9.23,9.23,4900
2019-01-02T11:07:23.000000,9.23,9.23,9.23,9.23,5200
2019-01-02T11:07:24.000000,9.23,9.23,9.23,9.23,2400
2019-01-02T11:07:25.000000,9.23,9.23,9.23,9.23,1500
2019-01-02T11:07:26.000000,9.23,9.23,9.23,9.23,600
2019-01-02T11:07:27.000000,9.23,9.24,9.23,9.23,5000
2019-01-02T11:07:30.000000,9.23,9.23,9.23,9.23,6700
2019-01-02T11:07:31.000000,9.23,9.23,9.23,9.23,1100
2019-01-02T11:07:32.000000,9.23,9.23,9.23,9.23,400
2019-01-02T11:07:33.000000,9.23,9.23,9.23,9.23,2300
2019-01-02T11:07:34.000000,9.23,9.23,9.23,9.23,5600
2019-01-02T11:07:35.000000,9.23,9.23,9.23,9.23,1100
2019-01-02T11:07:36.000000,9.23,9.23,9.23,9.23,1100
2019-01-02T11:07:37.000000,9.23,9.23,9.23,9.23,0
2019-01-02T11:07:38.000000,9.23,9.23,9.23,9.23,18100
2019-01-02T11:07:39.000000,9.23,9.23,9.23,9.23,300
2019-01-02T11:07:40.000000,9.23,9.23,9.23,9.23,2500
2019-01-02T11:07:41.000000,9.23,9.23,9.23,9.23,200
2019-01-02T11:07:42.000000,9.23,9.23,9.23,9.23,1500
2019-01-02T11:07:43.000000,9.23,9.23,9.23,9.23,1500
2019-01-02T11:07:44.000000,9.23,9.23,9.23,9.23,1100
2019-01-02T11:07:46.000000,9.23,9.23,9.23,9.23,2800
2019-01-02T11:07:47.000000,9.23,9.23,9.23,9.23,1000
2019-01-02T11:07:48.000000,9.23,9.23,9.23,9.23,3500
2019-01-02T11:07:49.000000,9.23,9.23,9.23,9.23,9700
2019-01-02T11:07:50.000000,9.23,9.23,9.23,9.23,2500
2019-01-02T11:07:52.000000,9.23,9.23,9.23,9.23,0
2019-01-02T11:07:53.000000,9.23,9.23,9.23,9.23,500
2019-01-02T11:07:54.000000,9.23,9.23,9.23,9.23,1900
2019-01-02T11:07:55.000000,9.23,9.23,9.23,9.23,1000
2019-01-02T11:07:56.000000,9.23,9.23,9.23,9.23,200
2019-01-02T11:07:57.000000,9.24,9.24,9.23,9.23,0
2019-01-02T11:07:59.000000,9.23,9.23,9.23,9.23,1000
2019-01-02T11:08:00.000000,9.23,9.23,9.23,9.23,1100
2019-01-02T11:08:01.000000,9.23,9.23,9.23,9.23,2400
2019-01-02T11:08:02.000000,9.23,9.23,9.23,9.23,200
2019-01-02T11:08:04.000000,9.23,9.23,9.23,9.23,2000
2019-01-02T11:08:05.000000,9.23,9.23,9.23,9.23,5800
2019-01-02T11:08:07.000000,9.23,9.23,9.23,9.23,0
2019-01-02T11:08:08.000000,9.23,9.23,9.23,9.23,18700
2019-01-02T11:08:09.000000,9.23,9.23,9.23,9.23,13900
2019-01-02T11:08:10.000000,9.23,9.23,9.23,9.23,0
2019-01-02T11:08:11.000000,9.23,9.23,9.23,9.23,1500
2019-01-02T11:08:12.000000,9.23,9.23,9.23,9.23,0
2019-01-02T11:08:13.000000,9.23,9.23,9.23,9.23,400
2019-01-02T11:08:14.000000,9.23,9.23,9.23,9.23,0
2019-01-02T11:08:16.000000,9.23,9.23,9.23,9.23,1600
2019-01-02T11:08:17.000000,9.23,9.23,9.23,9.23,16800
2019-01-02T11:08:18.000000,9.23,9.23,9.23,9.23,1000
2019-01-02T11:08:19.000000,9.23,9.23,9.23,9.23,900
2019-01-02T11:08:22.000000,9.23,9.23,9.23,9.23,9300
2019-01-02T11:08:23.000000,9.23,9.23,9.23,9.23,400
2019-01-02T11:08:24.000000,9.23,9.23,9.23,9.23,14600
2019-01-02T11:08:25.000000,9.23,9.23,9.23,9.23,0
2019-01-02T11:08:27.000000,9.23,9.23,9.23,9.23,0
2019-01-02T11:08:29.000000,9.23,9.23,9.23,9.23,200
2019-01-02T11:08:31.000000,9.23,9.23,9.23,9.23,2000
2019-01-02T11:08:32.000000,9.23,9.23,9.23,9.23,5600
2019-01-02T11:08:33.000000,9.23,9.23,9.23,9.23,3100
2019-01-02T11:08:34.000000,9.24,9.24,9.23,9.23,0
2019-01-02T11:08:37.000000,9.23,9.23,9.23,9.23,0
2019-01-02T11:08:38.000000,9.23,9.23,9.23,9.23,1500
2019-01-02T11:08:39.000000,9.23,9.24,9.23,9.24,0
2019-01-02T11:08:40.000000,9.23,9.23,9.23,9.23,1800
2019-01-02T11:08:42.000000,9.23,9.23,9.23,9.23,5600
2019-01-02T11:08:43.000000,9.23,9.23,9.23,9.23,2600
2019-01-02T11:08:44.000000,9.23,9.23,9.23,9.23,2000
2019-01-02T11:08:47.000000,9.23,9.23,9.23,9.23,11100
2019-01-02T11:08:49.000000,9.23,9.23,9.23,9.23,8000
2019-01-02T11:08:51.000000,9.23,9.23,9.23,9.23,1700
2019-01-02T11:08:52.000000,9.23,9.24,9.23,9.23,1200
2019-01-02T11:08:54.000000,9.23,9.23,9.23,9.23,1500
2019-01-02T11:08:55.000000,9.23,9.23,9.23,9.23,500
2019-01-02T11:08:56.000000,9.23,9.23,9.23,9.23,51300
2019-01-02T11:08:57.000000,9.23,9.23,9.23,9.23,0
2019-01-02T11:08:58.000000,9.23,9.23,9.23,9.23,4000
2019-01-02T11:08:59.000000,9.23,9.24,9.23,9.23,4000
2019-01-02T11:09:00.000000,9.23,9.23,9.23,9.23,800
2019-01-02T11:09:01.000000,9.23,9.23,9.23,9.23,3000
2019-01-02T11:09:02.000000,9.23,9.23,9.23,9.23,1000
2019-01-02T11:09:03.000000,9.23,9.23,9.23,9.23,5000
2019-01-02T11:09:04.000000,9.23,9.23,9.23,9.23,2000
2019-01-02T11:09:05.000000,9.24,9.24,9.23,9.23,0
2019-01-02T11:09:06.000000,9.23,9.23,9.23,9.23,7300
2019-01-02T11:09:07.000000,9.23,9.23,9.23,9.23,400
2019-01-02T11:09:09.000000,9.23,9.23,9.23,9.23,200
2019-01-02T11:09:10.000000,9.23,9.24,9.23,9.23,500
2019-01-02T11:09:11.000000,9.23,9.23,9.23,9.23,200
2019-01-02T11:09:12.000000,9.23,9.23,9.23,9.23,600
2019-01-02T11:09:13.000000,9.23,9.23,9.23,9.23,800
2019-01-02T11:09:14.000000,9.23,9.23,9.23,9.23,900
2019-01-02T11:09:15.000000,9.23,9.23,9.23,9.23,1800
2019-01-02T11:09:16.000000,9.23,9.23,9.23,9.23,0
2019-01-02T11:09:17.000000,9.23,9.23,9.23,9.23,400
2019-01-02T11:09:20.000000,9.23,9.23,9.23,9.23,1500
2019-01-02T11:09:21.000000,9.23,9.23,9.23,9.23,2000
2019-01-02T11:09:22.000000,9.23,9.23,9.23,9.23,500
2019-01-02T11:09:23.000000,9.23,9.23,9.23,9.23,200
2019-01-02T11:09:24.000000,9.23,9.23,9.23,9.23,4700
2019-01-02T11:09:26.000000,9.23,9.23,9.23,9.23,4300
2019-01-02T11:09:27.000000,9.23,9.23,9.23,9.23,6500
2019-01-02T11:09:28.000000,9.23,9.24,9.23,9.23,1600
2019-01-02T11:09:30.000000,9.23,9.23,9.23,9.23,3900
2019-01-02T11:09:31.000000,9.24,9.24,9.23,9.23,500
2019-01-02T11:09:32.000000,9.23,9.23,9.23,9.23,500
2019-01-02T11:09:33.000000,9.23,9.23,9.23,9.23,400
2019-01-02T11:09:34.000000,9.23,9.24,9.23,9.23,13700
2019-01-02T11:09:35.000000,9.23,9.23,9.23,9.23,1500
2019-01-02T11:09:36.000000,9.23,9.23,9.23,9.23,2200
2019-01-02T11:09:37.000000,9.23,9.23,9.23,9.23,400
2019-01-02T11:09:38.000000,9.23,9.23,9.23,9.23,200
2019-01-02T11:09:39.000000,9.23,9.23,9.23,9.23,1000
2019-01-02T11:09:40.000000,9.23,9.23,9.23,9.23,2000
2019-01-02T11:09:41.000000,9.24,9.24,9.23,9.23,500
2019-01-02T11:09:42.000000,9.23,9.23,9.23,9.23,1500
2019-01-02T11:09:44.000000,9.23,9.23,9.23,9.23,100
2019-01-02T11:09:45.000000,9.23,9.23,9.23,9.23,400
2019-01-02T11:09:46.000000,9.23,9.23,9.23,9.23,7000
2019-01-02T11:09:47.000000,9.23,9.23,9.23,9.23,3200
2019-01-02T11:09:48.000000,9.23,9.23,9.23,9.23,600
2019-01-02T11:09:49.000000,9.23,9.24,9.23,9.24,0
2019-01-02T11:09:50.000000,9.23,9.23,9.23,9.23,0
2019-01-02T11:09:51.000000,9.23,9.23,9.23,9.23,2900
2019-01-02T11:09:53.000000,9.23,9.23,9.23,9.23,100
2019-01-02T11:09:54.000000,9.23,9.23,9.23,9.23,400
2019-01-02T11:09:56.000000,9.23,9.23,9.23,9.23,800
2019-01-02T11:09:57.000000,9.23,9.23,9.23,9.23,100
2019-01-02T11:09:58.000000,9.23,9.23,9.23,9.23,2100
2019-01-02T11:09:59.000000,9.23,9.23,9.23,9.23,24200
2019-01-02T11:10:01.000000,9.23,9.23,9.23,9.23,0
2019-01-02T11:10:02.000000,9.23,9.24,9.23,9.24,86800
2019-01-02T11:10:04.000000,9.23,9.23,9.23,9.23,600
2019-01-02T11:10:05.000000,9.23,9.23,9.23,9.23,0
2019-01-02T11:10:06.000000,9.23,9.23,9.23,9.23,200
2019-01-02T11:10:07.000000,9.23,9.23,9.23,9.23,103000
2019-01-02T11:10:08.000000,9.23,9.23,9.23,9.23,800
2019-01-02T11:10:09.000000,9.23,9.23,9.23,9.23,2600
2019-01-02T11:10:10.000000,9.23,9.23,9.23,9.23,1100
2019-01-02T11:10:11.000000,9.23,9.23,9.23,9.23,23000
2019-01-02T11:10:12.000000,9.23,9.24,9.23,9.23,6300
2019-01-02T11:10:13.000000,9.23,9.23,9.23,9.23,11400
2019-01-02T11:10:14.000000,9.23,9.23,9.23,9.23,3000
2019-01-02T11:10:15.000000,9.23,9.23,9.23,9.23,2000
2019-01-02T11:10:16.000000,9.23,9.23,9.23,9.23,1300
2019-01-02T11:10:17.000000,9.23,9.23,9.23,9.23,4700
2019-01-02T11:10:19.000000,9.23,9.24,9.23,9.24,0
2019-01-02T11:10:20.000000,9.23,9.23,9.23,9.23,1000
2019-01-02T11:10:22.000000,9.23,9.23,9.23,9.23,5000
2019-01-02T11:10:23.000000,9.23,9.23,9.23,9.23,3900
2019-01-02T11:10:24.000000,9.23,9.23,9.23,9.23,100
2019-01-02T11:10:25.000000,9.23,9.23,9.23,9.23,3800
2019-01-02T11:10:26.000000,9.23,9.23,9.23,9.23,600
2019-01-02T11:10:27.000000,9.23,9.23,9.23,9.23,50000
2019-01-02T11:10:29.000000,9.23,9.23,9.23,9.23,1500
2019-01-02T11:10:30.000000,9.23,9.23,9.23,9.23,1900
2019-01-02T11:10:31.000000,9.23,9.23,9.23,9.23,1000
2019-01-02T11:10:32.000000,9.23,9.23,9.23,9.23,500
2019-01-02T11:10:33.000000,9.23,9.23,9.23,9.23,3100
2019-01-02T11:10:34.000000,9.23,9.23,9.23,9.23,4000
2019-01-02T11:10:35.000000,9.23,9.23,9.23,9.23,100
2019-01-02T11:10:37.000000,9.23,9.23,9.23,9.23,3000
2019-01-02T11:10:38.000000,9.23,9.23,9.23,9.23,30300
2019-01-02T11:10:39.000000,9.23,9.23,9.23,9.23,3000
2019-01-02T11:10:41.000000,9.23,9.23,9.23,9.23,75700
2019-01-02T11:10:42.000000,9.23,9.23,9.23,9.23,1200
2019-01-02T11:10:43.000000,9.23,9.23,9.23,9.23,2400
2019-01-02T11:10:45.000000,9.23,9.23,9.23,9.23,500
2019-01-02T11:10:46.000000,9.23,9.23,9.23,9.23,1000
2019-01-02T11:10:49.000000,9.23,9.23,9.23,9.23,2100
2019-01-02T11:10:50.000000,9.23,9.23,9.23,9.23,300
2019-01-02T11:10:51.000000,9.23,9.23,9.23,9.23,0
2019-01-02T11:10:52.000000,9.23,9.23,9.23,9.23,0
2019-01-02T11:10:54.000000,9.23,9.23,9.23,9.23,500
2019-01-02T11:10:56.000000,9.23,9.23,9.23,9.23,3600
2019-01-02T11:10:57.000000,9.23,9.23,9.23,9.23,1100
2019-01-02T11:10:58.000000,9.23,9.23,9.23,9.23,2400
2019-01-02T11:11:00.000000,9.23,9.23,9.23,9.23,2000
2019-01-02T11:11:01.000000,9.23,9.23,9.23,9.23,5200
2019-01-02T11:11:02.000000,9.23,9.23,9.23,9.23,5100
2019-01-02T11:11:03.000000,9.23,9.23,9.23,9.23,4000
2019-01-02T11:11:04.000000,9.23,9.23,9.23,9.23,2500
2019-01-02T11:11:05.000000,9.23,9.23,9.23,9.23,6100
2019-01-02T11:11:06.000000,9.23,9.23,9.23,9.23,50000
2019-01-02T11:11:08.000000,9.23,9.23,9.23,9.23,800
2019-01-02T11:11:09.000000,9.23,9.23,9.23,9.23,1400
2019-01-02T11:11:10.000000,9.23,9.23,9.23,9.23,4400
2019-01-02T11:11:11.000000,9.23,9.23,9.23,9.23,3600
2019-01-02T11:11:12.000000,9.23,9.23,9.23,9.23,5500
2019-01-02T11:11:13.000000,9.23,9.23,9.23,9.23,14500
2019-01-02T11:11:14.000000,9.23,9.23,9.23,9.23,3000
2019-01-02T11:11:16.000000,9.23,9.23,9.23,9.23,300
2019-01-02T11:11:17.000000,9.23,9.23,9.23,9.23,600
2019-01-02T11:11:18.000000,9.23,9.23,9.23,9.23,1400
2019-01-02T11:11:19.000000,9.23,9.23,9.23,9.23,100
2019-01-02T11:11:20.000000,9.23,9.23,9.23,9.23,2500
2019-01-02T11:11:21.000000,9.23,9.23,9.23,9.23,800
2019-01-02T11:11:22.000000,9.23,9.23,9.23,9.23,51100
2019-01-02T11:11:23.000000,9.23,9.23,9.23,9.23,10000
2019-01-02T11:11:24.000000,9.24,9.24,9.23,9.23,100
2019-01-02T11:11:25.000000,9.23,9.23,9.23,9.23,10000
2019-01-02T11:11:26.000000,9.23,9.23,9.23,9.23,100
2019-01-02T11:11:27.000000,9.23,9.23,9.23,9.23,300
2019-01-02T11:11:28.000000,9.23,9.23,9.23,9.23,20100
2019-01-02T11:11:29.000000,9.23,9.23,9.23,9.23,500
2019-01-02T11:11:30.000000,9.23,9.23,9.23,9.23,1200
2019-01-02T11:11:31.000000,9.23,9.23,9.23,9.23,36200
2019-01-02T11:11:32.000000,9.23,9.24,9.23,9.23,0
2019-01-02T11:11:33.000000,9.23,9.23,9.23,9.23,200
2019-01-02T11:11:35.000000,9.23,9.23,9.23,9.23,5200
2019-01-02T11:11:36.000000,9.23,9.23,9.23,9.23,9000
2019-01-02T11:11:37.000000,9.23,9.23,9.23,9.23,0
2019-01-02T11:11:38.000000,9.23,9.23,9.23,9.23,5600
2019-01-02T11:11:39.000000,9.23,9.23,9.23,9.23,3000
2019-01-02T11:11:40.000000,9.23,9.23,9.23,9.23,5239
2019-01-02T11:11:41.000000,9.23,9.23,9.23,9.23,0
2019-01-02T11:11:42.000000,9.23,9.23,9.23,9.23,200
2019-01-02T11:11:43.000000,9.23,9.23,9.23,9.23,20000
2019-01-02T11:11:44.000000,9.23,9.23,9.23,9.23,0
2019-01-02T11:11:45.000000,9.23,9.23,9.23,9.23,500
2019-01-02T11:11:46.000000,9.23,9.23,9.23,9.23,0
2019-01-02T11:11:47.000000,9.23,9.23,9.23,9.23,30000
2019-01-02T11:11:49.000000,9.23,9.23,9.23,9.23,900
2019-01-02T11:11:50.000000,9.23,9.23,9.23,9.23,400
2019-01-02T11:11:51.000000,9.23,9.23,9.23,9.23,100
2019-01-02T11:11:52.000000,9.23,9.23,9.23,9.23,5000
2019-01-02T11:11:53.000000,9.23,9.23,9.23,9.23,900
2019-01-02T11:11:54.000000,9.23,9.23,9.23,9.23,3400
2019-01-02T11:11:55.000000,9.23,9.24,9.23,9.24,1200
2019-01-02T11:11:56.000000,9.23,9.23,9.23,9.23,800
2019-01-02T11:11:57.000000,9.23,9.23,9.23,9.23,1000
2019-01-02T11:11:58.000000,9.23,9.23,9.23,9.23,24000
2019-01-02T11:12:00.000000,9.23,9.23,9.23,9.23,400
2019-01-02T11:12:01.000000,9.23,9.23,9.23,9.23,400300
2019-01-02T11:12:02.000000,9.23,9.23,9.23,9.23,1000
2019-01-02T11:12:03.000000,9.23,9.23,9.23,9.23,12700
2019-01-02T11:12:04.000000,9.24,9.24,9.23,9.23,0
2019-01-02T11:12:05.000000,9.23,9.23,9.23,9.23,700
2019-01-02T11:12:06.000000,9.23,9.23,9.23,9.23,5600
2019-01-02T11:12:07.000000,9.23,9.23,9.23,9.23,3500
2019-01-02T11:12:08.000000,9.23,9.23,9.23,9.23,1100
2019-01-02T11:12:09.000000,9.23,9.23,9.23,9.23,2500
2019-01-02T11:12:10.000000,9.23,9.23,9.23,9.23,1400
2019-01-02T11:12:11.000000,9.23,9.23,9.23,9.23,600
2019-01-02T11:12:12.000000,9.23,9.23,9.23,9.23,1900
2019-01-02T11:12:13.000000,9.23,9.23,9.23,9.23,500
2019-01-02T11:12:14.000000,9.23,9.24,9.23,9.23,4100
2019-01-02T11:12:15.000000,9.23,9.23,9.23,9.23,100
2019-01-02T11:12:17.000000,9.23,9.23,9.23,9.23,300
2019-01-02T11:12:18.000000,9.23,9.23,9.23,9.23,16100
2019-01-02T11:12:19.000000,9.23,9.23,9.23,9.23,0
2019-01-02T11:12:20.000000,9.23,9.24,9.23,9.23,1000
2019-01-02T11:12:21.000000,9.23,9.23,9.23,9.23,2600
2019-01-02T11:12:22.000000,9.23,9.23,9.23,9.23,500
2019-01-02T11:12:23.000000,9.23,9.24,9.23,9.23,15900
2019-01-02T11:12:24.000000,9.23,9.23,9.23,9.23,2000
2019-01-02T11:12:25.000000,9.23,9.23,9.23,9.23,500
2019-01-02T11:12:26.000000,9.23,9.23,9.23,9.23,0
2019-01-02T11:12:28.000000,9.23,9.23,9.23,9.23,1000
2019-01-02T11:12:29.000000,9.23,9.23,9.23,9.23,3500
2019-01-02T11:12:30.000000,9.23,9.24,9.23,9.23,5800
2019-01-02T11:12:31.000000,9.23,9.23,9.23,9.23,4100
2019-01-02T11:12:32.000000,9.23,9.23,9.23,9.23,4600
2019-01-02T11:12:33.000000,9.23,9.24,9.23,9.24,600
2019-01-02T11:12:34.000000,9.23,9.23,9.23,9.23,300
2019-01-02T11:12:35.000000,9.23,9.23,9.23,9.23,2100
2019-01-02T11:12:36.000000,9.23,9.23,9.23,9.23,0
2019-01-02T11:12:38.000000,9.23,9.24,9.23,9.23,900
2019-01-02T11:12:39.000000,9.23,9.23,9.23,9.23,100
2019-01-02T11:12:41.000000,9.23,9.24,9.23,9.23,1000
2019-01-02T11:12:42.000000,9.23,9.23,9.23,9.23,1000
2019-01-02T11:12:43.000000,9.23,9.24,9.23,9.23,10200
2019-01-02T11:12:44.000000,9.23,9.23,9.23,9.23,1000
2019-01-02T11:12:45.000000,9.23,9.24,9.23,9.23,600
2019-01-02T11:12:46.000000,9.23,9.24,9.23,9.23,2700
2019-01-02T11:12:47.000000,9.23,9.23,9.23,9.23,1600
2019-01-02T11:12:48.000000,9.23,9.24,9.23,9.23,5500
2019-01-02T11:12:50.000000,9.23,9.23,9.23,9.23,1000
2019-01-02T11:12:51.000000,9.23,9.23,9.23,9.23,600
2019-01-02T11:12:52.000000,9.23,9.23,9.23,9.23,900
2019-01-02T11:12:53.000000,9.23,9.23,9.23,9.23,2000
2019-01-02T11:12:54.000000,9.23,9.24,9.23,9.23,4200
2019-01-02T11:12:56.000000,9.23,9.23,9.23,9.23,16400
2019-01-02T11:12:57.000000,9.23,9.23,9.23,9.23,0
2019-01-02T11:12:58.000000,9.23,9.23,9.23,9.23,4900
2019-01-02T11:12:59.000000,9.23,9.23,9.23,9.23,600
2019-01-02T11:13:00.000000,9.24,9.24,9.23,9.23,400
2019-01-02T11:13:01.000000,9.23,9.24,9.23,9.24,2500
2019-01-02T11:13:03.000000,9.23,9.24,9.23,9.23,0
2019-01-02T11:13:04.000000,9.23,9.23,9.23,9.23,2800
2019-01-02T11:13:06.000000,9.23,9.23,9.23,9.23,2000
2019-01-02T11:13:08.000000,9.23,9.23,9.23,9.23,1000
2019-01-02T11:13:09.000000,9.23,9.23,9.23,9.23,1900
2019-01-02T11:13:10.000000,9.23,9.23,9.23,9.23,500
2019-01-02T11:13:11.000000,9.23,9.24,9.23,9.23,300
2019-01-02T11:13:12.000000,9.23,9.23,9.23,9.23,400
2019-01-02T11:13:13.000000,9.23,9.24,9.23,9.24,0
2019-01-02T11:13:15.000000,9.23,9.23,9.23,9.23,1400
2019-01-02T11:13:16.000000,9.23,9.23,9.23,9.23,4000
2019-01-02T11:13:17.000000,9.23,9.24,9.23,9.24,0
2019-01-02T11:13:18.000000,9.23,9.23,9.23,9.23,3200
2019-01-02T11:13:19.000000,9.23,9.23,9.23,9.23,38100
2019-01-02T11:13:20.000000,9.23,9.23,9.23,9.23,2300
2019-01-02T11:13:22.000000,9.23,9.23,9.23,9.23,500
2019-01-02T11:13:23.000000,9.23,9.23,9.23,9.23,1600
2019-01-02T11:13:24.000000,9.23,9.23,9.23,9.23,9400
2019-01-02T11:13:25.000000,9.23,9.23,9.23,9.23,900
2019-01-02T11:13:27.000000,9.23,9.23,9.23,9.23,200
2019-01-02T11:13:28.000000,9.23,9.23,9.23,9.23,7800
2019-01-02T11:13:29.000000,9.23,9.23,9.23,9.23,500
2019-01-02T11:13:30.000000,9.23,9.24,9.23,9.23,300
2019-01-02T11:13:31.000000,9.23,9.23,9.23,9.23,400
2019-01-02T11:13:32.000000,9.23,9.23,9.23,9.23,0
2019-01-02T11:13:33.000000,9.23,9.24,9.23,9.24,100
2019-01-02T11:13:34.000000,9.23,9.23,9.23,9.23,10600
2019-01-02T11:13:35.000000,9.23,9.23,9.23,9.23,300
2019-01-02T11:13:36.000000,9.23,9.23,9.23,9.23,0
2019-01-02T11:13:37.000000,9.23,9.23,9.23,9.23,100
2019-01-02T11:13:38.000000,9.23,9.23,9.23,9.23,1000
2019-01-02T11:13:39.000000,9.24,9.24,9.23,9.23,1000
2019-01-02T11:13:41.000000,9.23,9.24,9.23,9.23,100
2019-01-02T11:13:42.000000,9.24,9.24,9.23,9.23,1100
2019-01-02T11:13:43.000000,9.24,9.24,9.23,9.23,900
2019-01-02T11:13:44.000000,9.23,9.23,9.23,9.23,500
2019-01-02T11:13:45.000000,9.24,9.24,9.23,9.23,0
2019-01-02T11:13:46.000000,9.23,9.23,9.23,9.23,0
2019-01-02T11:13:47.000000,9.23,9.23,9.23,9.23,400
2019-01-02T11:13:48.000000,9.24,9.24,9.23,9.23,1200
2019-01-02T11:13:49.000000,9.23,9.24,9.23,9.24,0
2019-01-02T11:13:51.000000,9.23,9.23,9.23,9.23,6000
2019-01-02T11:13:52.000000,9.23,9.23,9.23,9.23,500
2019-01-02T11:13:53.000000,9.23,9.23,9.23,9.23,0
2019-01-02T11:13:54.000000,9.23,9.24,9.23,9.24,0
2019-01-02T11:13:55.000000,9.23,9.24,9.23,9.23,1000
2019-01-02T11:13:56.000000,9.23,9.24,9.23,9.23,200
2019-01-02T11:13:57.000000,9.24,9.24,9.23,9.23,0
2019-01-02T11:13:58.000000,9.23,9.23,9.23,9.23,1000
2019-01-02T11:13:59.000000,9.23,9.23,9.23,9.23,100
2019-01-02T11:14:00.000000,9.23,9.23,9.23,9.23,10300
2019-01-02T11:14:01.000000,9.23,9.24,9.23,9.24,0
2019-01-02T11:14:02.000000,9.23,9.23,9.23,9.23,600
2019-01-02T11:14:03.000000,9.24,9.24,9.23,9.24,100
2019-01-02T11:14:04.000000,9.24,9.24,9.23,9.23,9600
2019-01-02T11:14:05.000000,9.23,9.23,9.23,9.23,600
2019-01-02T11:14:08.000000,9.23,9.23,9.23,9.23,2300
2019-01-02T11:14:10.000000,9.23,9.24,9.23,9.24,0
2019-01-02T11:14:11.000000,9.23,9.24,9.23,9.23,3500
2019-01-02T11:14:12.000000,9.23,9.23,9.23,9.23,0
2019-01-02T11:14:14.000000,9.23,9.23,9.23,9.23,1000
2019-01-02T11:14:15.000000,9.23,9.24,9.23,9.23,1100
2019-01-02T11:14:16.000000,9.23,9.24,9.23,9.23,5500
2019-01-02T11:14:17.000000,9.23,9.23,9.23,9.23,3300
2019-01-02T11:14:19.000000,9.23,9.24,9.23,9.24,0
2019-01-02T11:14:20.000000,9.23,9.23,9.23,9.23,59500
2019-01-02T11:14:21.000000,9.23,9.24,9.23,9.23,5700
2019-01-02T11:14:22.000000,9.23,9.24,9.23,9.24,200
2019-01-02T11:14:23.000000,9.23,9.23,9.23,9.23,800
2019-01-02T11:14:24.000000,9.23,9.23,9.23,9.23,2100
2019-01-02T11:14:25.000000,9.23,9.23,9.23,9.23,100
2019-01-02T11:14:26.000000,9.23,9.24,9.23,9.24,1000
2019-01-02T11:14:27.000000,9.23,9.24,9.23,9.24,900
2019-01-02T11:14:29.000000,9.23,9.23,9.23,9.23,1000
2019-01-02T11:14:30.000000,9.24,9.24,9.23,9.23,0
2019-01-02T11:14:31.000000,9.23,9.23,9.23,9.23,19000
2019-01-02T11:14:32.000000,9.24,9.24,9.23,9.23,300
2019-01-02T11:14:33.000000,9.23,9.23,9.23,9.23,100
2019-01-02T11:14:34.000000,9.24,9.24,9.23,9.23,900
2019-01-02T11:14:35.000000,9.23,9.23,9.23,9.23,1600
2019-01-02T11:14:37.000000,9.23,9.23,9.23,9.23,500
2019-01-02T11:14:38.000000,9.23,9.23,9.23,9.23,0
2019-01-02T11:14:39.000000,9.23,9.23,9.23,9.23,100
2019-01-02T11:14:40.000000,9.23,9.24,9.23,9.24,0
2019-01-02T11:14:41.000000,9.23,9.23,9.23,9.23,100
2019-01-02T11:14:42.000000,9.24,9.24,9.23,9.23,0
2019-01-02T11:14:43.000000,9.23,9.23,9.23,9.23,1500
2019-01-02T11:14:44.000000,9.23,9.23,9.23,9.23,12000
2019-01-02T11:14:45.000000,9.23,9.23,9.23,9.23,100
2019-01-02T11:14:46.000000,9.23,9.23,9.23,9.23,3000
2019-01-02T11:14:47.000000,9.23,9.24,9.23,9.23,3800
2019-01-02T11:14:48.000000,9.23,9.23,9.23,9.23,200
2019-01-02T11:14:49.000000,9.23,9.23,9.23,9.23,2800
2019-01-02T11:14:50.000000,9.23,9.24,9.23,9.23,4100
2019-01-02T11:14:51.000000,9.23,9.24,9.23,9.23,5700
2019-01-02T11:14:52.000000,9.23,9.23,9.23,9.23,5900
2019-01-02T11:14:53.000000,9.24,9.24,9.23,9.23,0
2019-01-02T11:14:55.000000,9.24,9.24,9.23,9.23,0
2019-01-02T11:14:56.000000,9.23,9.23,9.23,9.23,3300
2019-01-02T11:14:57.000000,9.23,9.23,9.23,9.23,800
2019-01-02T11:14:59.000000,9.23,9.23,9.23,9.23,21000
2019-01-02T11:15:00.000000,9.23,9.23,9.23,9.23,1000
2019-01-02T11:15:01.000000,9.23,9.23,9.23,9.23,1500
2019-01-02T11:15:02.000000,9.23,9.23,9.23,9.23,500
2019-01-02T11:15:03.000000,9.23,9.23,9.23,9.23,8300
2019-01-02T11:15:06.000000,9.23,9.24,9.23,9.23,2000
2019-01-02T11:15:07.000000,9.23,9.23,9.23,9.23,10000
2019-01-02T11:15:08.000000,9.23,9.23,9.23,9.23,2100
2019-01-02T11:15:09.000000,9.23,9.23,9.23,9.23,11300
2019-01-02T11:15:10.000000,9.23,9.23,9.23,9.23,1500
2019-01-02T11:15:11.000000,9.23,9.23,9.23,9.23,1000
2019-01-02T11:15:12.000000,9.23,9.23,9.23,9.23,300
2019-01-02T11:15:13.000000,9.23,9.23,9.23,9.23,1000
2019-01-02T11:15:14.000000,9.23,9.23,9.23,9.23,500
2019-01-02T11:15:15.000000,9.23,9.23,9.23,9.23,500
2019-01-02T11:15:16.000000,9.24,9.24,9.23,9.23,600
2019-01-02T11:15:17.000000,9.23,9.23,9.23,9.23,2600
2019-01-02T11:15:18.000000,9.23,9.24,9.23,9.23,1000
2019-01-02T11:15:19.000000,9.23,9.24,9.23,9.23,500
2019-01-02T11:15:20.000000,9.23,9.23,9.23,9.23,500
2019-01-02T11:15:21.000000,9.23,9.23,9.23,9.23,4800
2019-01-02T11:15:22.000000,9.23,9.23,9.23,9.23,2000
2019-01-02T11:15:23.000000,9.23,9.23,9.23,9.23,0
2019-01-02T11:15:24.000000,9.23,9.24,9.23,9.23,8200
2019-01-02T11:15:25.000000,9.23,9.23,9.23,9.23,2500
2019-01-02T11:15:26.000000,9.24,9.24,9.23,9.23,400
2019-01-02T11:15:27.000000,9.23,9.23,9.23,9.23,1900
2019-01-02T11:15:28.000000,9.23,9.23,9.23,9.23,2000
2019-01-02T11:15:29.000000,9.23,9.23,9.23,9.23,1500
2019-01-02T11:15:31.000000,9.23,9.23,9.23,9.23,3400
2019-01-02T11:15:32.000000,9.23,9.23,9.23,9.23,200
2019-01-02T11:15:33.000000,9.23,9.24,9.23,9.23,3100
2019-01-02T11:15:34.000000,9.23,9.23,9.23,9.23,0
2019-01-02T11:15:36.000000,9.23,9.24,9.23,9.24,0
2019-01-02T11:15:37.000000,9.23,9.24,9.23,9.23,1100
2019-01-02T11:15:38.000000,9.24,9.24,9.23,9.23,0
2019-01-02T11:15:39.000000,9.23,9.24,9.23,9.24,0
2019-01-02T11:15:40.000000,9.23,9.24,9.23,9.24,0
2019-01-02T11:15:41.000000,9.23,9.24,9.23,9.24,4900
2019-01-02T11:15:42.000000,9.23,9.23,9.23,9.23,12500
2019-01-02T11:15:43.000000,9.23,9.23,9.23,9.23,2200
2019-01-02T11:15:44.000000,9.23,9.23,9.23,9.23,6200
2019-01-02T11:15:45.000000,9.23,9.24,9.23,9.23,5900
2019-01-02T11:15:46.000000,9.23,9.23,9.23,9.23,500
2019-01-02T11:15:47.000000,9.24,9.24,9.23,9.23,6600
2019-01-02T11:15:49.000000,9.23,9.24,9.23,9.24,300
2019-01-02T11:15:50.000000,9.23,9.24,9.23,9.23,100
2019-01-02T11:15:51.000000,9.23,9.23,9.23,9.23,1000
2019-01-02T11:15:52.000000,9.23,9.24,9.23,9.23,1100
2019-01-02T11:15:53.000000,9.23,9.23,9.23,9.23,7200
2019-01-02T11:15:54.000000,9.23,9.24,9.23,9.23,3400
2019-01-02T11:15:56.000000,9.23,9.23,9.23,9.23,700
2019-01-02T11:15:58.000000,9.23,9.23,9.23,9.23,500
2019-01-02T11:15:59.000000,9.24,9.24,9.23,9.23,0
2019-01-02T11:16:00.000000,9.23,9.23,9.23,9.23,100
2019-01-02T11:16:01.000000,9.23,9.23,9.23,9.23,800
2019-01-02T11:16:02.000000,9.23,9.24,9.23,9.23,100
2019-01-02T11:16:03.000000,9.23,9.24,9.23,9.23,22200
2019-01-02T11:16:05.000000,9.23,9.23,9.23,9.23,2000
2019-01-02T11:16:08.000000,9.23,9.24,9.23,9.23,0
2019-01-02T11:16:09.000000,9.24,9.24,9.23,9.23,0
2019-01-02T11:16:11.000000,9.23,9.24,9.23,9.24,0
2019-01-02T11:16:12.000000,9.23,9.24,9.23,9.23,4400
2019-01-02T11:16:13.000000,9.23,9.23,9.23,9.23,400
2019-01-02T11:16:14.000000,9.23,9.23,9.23,9.23,3000
2019-01-02T11:16:15.000000,9.23,9.23,9.23,9.23,300
2019-01-02T11:16:16.000000,9.23,9.23,9.23,9.23,3000
2019-01-02T11:16:17.000000,9.24,9.24,9.23,9.23,0
2019-01-02T11:16:18.000000,9.23,9.23,9.23,9.23,4600
2019-01-02T11:16:19.000000,9.23,9.24,9.23,9.24,3100
2019-01-02T11:16:21.000000,9.23,9.24,9.23,9.23,700
2019-01-02T11:16:22.000000,9.24,9.24,9.23,9.23,0
2019-01-02T11:16:23.000000,9.23,9.23,9.23,9.23,1100
2019-01-02T11:16:24.000000,9.23,9.23,9.23,9.23,5000
2019-01-02T11:16:26.000000,9.23,9.23,9.23,9.23,3000
2019-01-02T11:16:27.000000,9.24,9.24,9.23,9.23,100
2019-01-02T11:16:28.000000,9.24,9.24,9.23,9.23,800
2019-01-02T11:16:29.000000,9.23,9.23,9.23,9.23,1000
2019-01-02T11:16:30.000000,9.24,9.24,9.23,9.23,3600
2019-01-02T11:16:31.000000,9.23,9.23,9.23,9.23,1000
2019-01-02T11:16:32.000000,9.23,9.23,9.23,9.23,100
2019-01-02T11:16:34.000000,9.23,9.23,9.23,9.23,400
2019-01-02T11:16:36.000000,9.23,9.24,9.23,9.23,9200
2019-01-02T11:16:37.000000,9.23,9.24,9.23,9.24,0
2019-01-02T11:16:38.000000,9.23,9.23,9.23,9.23,6100
2019-01-02T11:16:40.000000,9.23,9.24,9.23,9.23,2500
2019-01-02T11:16:41.000000,9.23,9.23,9.23,9.23,1600
2019-01-02T11:16:42.000000,9.23,9.23,9.23,9.23,1300
2019-01-02T11:16:43.000000,9.23,9.23,9.23,9.23,1300
2019-01-02T11:16:46.000000,9.23,9.23,9.23,9.23,900
2019-01-02T11:16:47.000000,9.23,9.24,9.23,9.24,0
2019-01-02T11:16:49.000000,9.23,9.23,9.23,9.23,0
2019-01-02T11:16:50.000000,9.24,9.24,9.23,9.23,1000
2019-01-02T11:16:52.000000,9.23,9.24,9.23,9.23,500
2019-01-02T11:16:53.000000,9.24,9.24,9.23,9.23,1000
2019-01-02T11:16:54.000000,9.23,9.23,9.23,9.23,1000
2019-01-02T11:16:56.000000,9.23,9.23,9.23,9.23,4600
2019-01-02T11:16:57.000000,9.23,9.24,9.23,9.23,4000
2019-01-02T11:16:58.000000,9.23,9.23,9.23,9.23,50000
2019-01-02T11:17:01.000000,9.23,9.23,9.23,9.23,0
2019-01-02T11:17:02.000000,9.23,9.23,9.23,9.23,1100
2019-01-02T11:17:03.000000,9.23,9.24,9.23,9.23,13800
2019-01-02T11:17:04.000000,9.23,9.24,9.23,9.23,100
2019-01-02T11:17:06.000000,9.23,9.23,9.23,9.23,7600
2019-01-02T11:17:07.000000,9.24,9.24,9.23,9.23,5000
2019-01-02T11:17:08.000000,9.23,9.24,9.23,9.23,1200
2019-01-02T11:17:09.000000,9.23,9.24,9.23,9.23,10400
2019-01-02T11:17:10.000000,9.23,9.24,9.23,9.24,600
2019-01-02T11:17:11.000000,9.24,9.24,9.23,9.23,1700
2019-01-02T11:17:13.000000,9.23,9.23,9.23,9.23,15300
2019-01-02T11:17:15.000000,9.23,9.23,9.23,9.23,6900
2019-01-02T11:17:16.000000,9.23,9.24,9.23,9.24,0
2019-01-02T11:17:17.000000,9.23,9.23,9.23,9.23,2100
2019-01-02T11:17:20.000000,9.23,9.23,9.23,9.23,4600
2019-01-02T11:17:21.000000,9.23,9.24,9.23,9.23,2700
2019-01-02T11:17:23.000000,9.24,9.24,9.23,9.23,0
2019-01-02T11:17:25.000000,9.23,9.23,9.23,9.23,0
2019-01-02T11:17:26.000000,9.23,9.23,9.23,9.23,800
2019-01-02T11:17:27.000000,9.24,9.24,9.23,9.23,0
2019-01-02T11:17:29.000000,9.23,9.23,9.23,9.23,1800
2019-01-02T11:17:30.000000,9.24,9.24,9.23,9.24,2300
2019-01-02T11:17:31.000000,9.23,9.23,9.23,9.23,200
2019-01-02T11:17:32.000000,9.23,9.23,9.23,9.23,900
2019-01-02T11:17:33.000000,9.23,9.24,9.23,9.23,2100
2019-01-02T11:17:34.000000,9.23,9.23,9.23,9.23,0
2019-01-02T11:17:35.000000,9.23,9.23,9.23,9.23,2500
2019-01-02T11:17:36.000000,9.23,9.24,9.23,9.23,700
2019-01-02T11:17:37.000000,9.23,9.23,9.23,9.23,400
2019-01-02T11:17:38.000000,9.23,9.23,9.23,9.23,0
2019-01-02T11:17:39.000000,9.24,9.24,9.23,9.23,0
2019-01-02T11:17:41.000000,9.23,9.24,9.23,9.24,9300
2019-01-02T11:17:42.000000,9.23,9.23,9.23,9.23,400
2019-01-02T11:17:43.000000,9.23,9.23,9.23,9.23,1000
2019-01-02T11:17:44.000000,9.23,9.23,9.23,9.23,5100
2019-01-02T11:17:45.000000,9.23,9.23,9.23,9.23,100
2019-01-02T11:17:46.000000,9.23,9.23,9.23,9.23,6700
2019-01-02T11:17:47.000000,9.23,9.23,9.23,9.23,1000
2019-01-02T11:17:48.000000,9.23,9.23,9.23,9.23,2000
2019-01-02T11:17:49.000000,9.23,9.23,9.23,9.23,10500
2019-01-02T11:17:50.000000,9.23,9.23,9.23,9.23,800
2019-01-02T11:17:51.000000,9.23,9.23,9.23,9.23,3000
2019-01-02T11:17:53.000000,9.24,9.24,9.23,9.23,0
2019-01-02T11:17:54.000000,9.23,9.24,9.23,9.23,400
2019-01-02T11:17:55.000000,9.23,9.23,9.23,9.23,1000
2019-01-02T11:17:56.000000,9.23,9.23,9.23,9.23,0
2019-01-02T11:17:57.000000,9.23,9.23,9.23,9.23,1000
2019-01-02T11:17:58.000000,9.24,9.24,9.23,9.23,0
2019-01-02T11:18:01.000000,9.23,9.23,9.23,9.23,200
2019-01-02T11:18:02.000000,9.23,9.23,9.23,9.23,100
2019-01-02T11:18:03.000000,9.23,9.24,9.23,9.23,10300
2019-01-02T11:18:06.000000,9.23,9.23,9.23,9.23,500
2019-01-02T11:18:07.000000,9.23,9.23,9.23,9.23,10000
2019-01-02T11:18:08.000000,9.23,9.24,9.23,9.23,97000
2019-01-02T11:18:09.000000,9.23,9.23,9.23,9.23,3300
2019-01-02T11:18:10.000000,9.23,9.23,9.23,9.23,0
2019-01-02T11:18:13.000000,9.23,9.23,9.23,9.23,3700
2019-01-02T11:18:14.000000,9.23,9.23,9.23,9.23,1000
2019-01-02T11:18:16.000000,9.23,9.23,9.23,9.23,1000
2019-01-02T11:18:18.000000,9.23,9.24,9.23,9.24,500
2019-01-02T11:18:19.000000,9.23,9.23,9.23,9.23,5000
2019-01-02T11:18:20.000000,9.23,9.23,9.23,9.23,2000
2019-01-02T11:18:21.000000,9.23,9.24,9.23,9.23,1000
2019-01-02T11:18:22.000000,9.23,9.23,9.23,9.23,6900
2019-01-02T11:18:24.000000,9.23,9.24,9.23,9.23,13600
2019-01-02T11:18:25.000000,9.23,9.23,9.23,9.23,200
2019-01-02T11:18:26.000000,9.23,9.23,9.23,9.23,100
2019-01-02T11:18:27.000000,9.23,9.23,9.23,9.23,0
2019-01-02T11:18:28.000000,9.24,9.24,9.23,9.23,1000
2019-01-02T11:18:29.000000,9.24,9.24,9.23,9.23,0
2019-01-02T11:18:30.000000,9.23,9.23,9.23,9.23,6900
2019-01-02T11:18:31.000000,9.23,9.24,9.23,9.24,0
2019-01-02T11:18:32.000000,9.23,9.24,9.23,9.23,2200
2019-01-02T11:18:35.000000,9.23,9.23,9.23,9.23,0
2019-01-02T11:18:36.000000,9.23,9.23,9.23,9.23,1300
2019-01-02T11:18:37.000000,9.23,9.24,9.23,9.24,1100
2019-01-02T11:18:39.000000,9.23,9.23,9.23,9.23,10000
2019-01-02T11:18:40.000000,9.23,9.23,9.23,9.23,0
2019-01-02T11:18:41.000000,9.23,9.24,9.23,9.23,500
2019-01-02T11:18:42.000000,9.23,9.24,9.23,9.23,1000
2019-01-02T11:18:43.000000,9.23,9.24,9.23,9.23,11400
2019-01-02T11:18:46.000000,9.23,9.23,9.23,9.23,1000
2019-01-02T11:18:47.000000,9.23,9.23,9.23,9.23,500
2019-01-02T11:18:48.000000,9.23,9.24,9.23,9.24,0
2019-01-02T11:18:51.000000,9.23,9.23,9.23,9.23,77700
2019-01-02T11:18:52.000000,9.23,9.23,9.23,9.23,200
2019-01-02T11:18:53.000000,9.23,9.23,9.23,9.23,100
2019-01-02T11:18:56.000000,9.23,9.24,9.23,9.24,0
2019-01-02T11:18:57.000000,9.23,9.23,9.23,9.23,2000
2019-01-02T11:18:58.000000,9.23,9.24,9.23,9.23,18800
2019-01-02T11:18:59.000000,9.23,9.23,9.23,9.23,5000
2019-01-02T11:19:01.000000,9.24,9.24,9.23,9.23,0
2019-01-02T11:19:02.000000,9.23,9.23,9.23,9.23,0
2019-01-02T11:19:03.000000,9.23,9.23,9.23,9.23,3000
2019-01-02T11:19:04.000000,9.23,9.23,9.23,9.23,5000
2019-01-02T11:19:05.000000,9.23,9.23,9.23,9.23,100
2019-01-02T11:19:06.000000,9.23,9.23,9.23,9.23,2600
2019-01-02T11:19:07.000000,9.24,9.24,9.23,9.23,0
2019-01-02T11:19:08.000000,9.24,9.24,9.23,9.23,0
2019-01-02T11:19:09.000000,9.23,9.23,9.23,9.23,3000
2019-01-02T11:19:10.000000,9.23,9.24,9.23,9.23,400
2019-01-02T11:19:11.000000,9.23,9.25,9.23,9.25,700
2019-01-02T11:19:12.000000,9.25,9.25,9.25,9.25,2200
2019-01-02T11:19:13.000000,9.25,9.25,9.24,9.25,100
2019-01-02T11:19:14.000000,9.24,9.24,9.23,9.23,65700
2019-01-02T11:19:15.000000,9.23,9.23,9.23,9.23,0
2019-01-02T11:19:17.000000,9.23,9.24,9.23,9.24,0
2019-01-02T11:19:18.000000,9.23,9.24,9.23,9.24,0
2019-01-02T11:19:20.000000,9.23,9.23,9.23,9.23,1000
2019-01-02T11:19:21.000000,9.23,9.23,9.23,9.23,2000
2019-01-02T11:19:22.000000,9.23,9.24,9.23,9.24,0
2019-01-02T11:19:23.000000,9.23,9.23,9.23,9.23,3900
2019-01-02T11:19:24.000000,9.23,9.23,9.23,9.23,0
2019-01-02T11:19:25.000000,9.24,9.24,9.23,9.23,0
2019-01-02T11:19:26.000000,9.23,9.24,9.23,9.23,1100
2019-01-02T11:19:29.000000,9.23,9.23,9.23,9.23,1800
2019-01-02T11:19:30.000000,9.23,9.23,9.23,9.23,600
2019-01-02T11:19:32.000000,9.23,9.24,9.23,9.23,600
2019-01-02T11:19:33.000000,9.24,9.24,9.23,9.24,400
2019-01-02T11:19:34.000000,9.23,9.23,9.23,9.23,2900
2019-01-02T11:19:35.000000,9.23,9.23,9.23,9.23,0
2019-01-02T11:19:36.000000,9.23,9.23,9.23,9.23,4300
2019-01-02T11:19:38.000000,9.23,9.24,9.23,9.23,2200
2019-01-02T11:19:39.000000,9.23,9.24,9.23,9.24,0
2019-01-02T11:19:40.000000,9.24,9.24,9.23,9.23,100
2019-01-02T11:19:41.000000,9.23,9.24,9.23,9.24,0
2019-01-02T11:19:42.000000,9.24,9.24,9.23,9.23,1000
2019-01-02T11:19:43.000000,9.23,9.23,9.23,9.23,500
2019-01-02T11:19:46.000000,9.23,9.23,9.23,9.23,1500
2019-01-02T11:19:47.000000,9.23,9.23,9.23,9.23,1000
2019-01-02T11:19:48.000000,9.23,9.23,9.23,9.23,1000
2019-01-02T11:19:49.000000,9.23,9.23,9.23,9.23,5900
2019-01-02T11:19:50.000000,9.23,9.23,9.23,9.23,23200
2019-01-02T11:19:51.000000,9.23,9.23,9.23,9.23,4900
2019-01-02T11:19:52.000000,9.23,9.24,9.23,9.23,0
2019-01-02T11:19:53.000000,9.23,9.24,9.23,9.23,2500
2019-01-02T11:19:54.000000,9.23,9.24,9.23,9.24,0
2019-01-02T11:19:55.000000,9.23,9.23,9.23,9.23,5400
2019-01-02T11:19:56.000000,9.23,9.24,9.23,9.24,200
2019-01-02T11:19:57.000000,9.23,9.23,9.23,9.23,100
2019-01-02T11:19:58.000000,9.23,9.23,9.23,9.23,2200
2019-01-02T11:19:59.000000,9.23,9.23,9.23,9.23,200
2019-01-02T11:20:00.000000,9.23,9.23,9.23,9.23,2100
2019-01-02T11:20:02.000000,9.23,9.23,9.23,9.23,200
2019-01-02T11:20:03.000000,9.24,9.24,9.23,9.23,3400
2019-01-02T11:20:04.000000,9.23,9.24,9.23,9.24,1000
2019-01-02T11:20:05.000000,9.23,9.23,9.23,9.23,4600
2019-01-02T11:20:06.000000,9.24,9.24,9.23,9.23,0
2019-01-02T11:20:07.000000,9.24,9.24,9.23,9.23,0
2019-01-02T11:20:08.000000,9.23,9.23,9.23,9.23,800
2019-01-02T11:20:09.000000,9.23,9.23,9.23,9.23,9500
2019-01-02T11:20:10.000000,9.23,9.23,9.23,9.23,900
2019-01-02T11:20:11.000000,9.23,9.23,9.23,9.23,0
2019-01-02T11:20:12.000000,9.23,9.23,9.23,9.23,6400
2019-01-02T11:20:13.000000,9.23,9.23,9.23,9.23,3400
2019-01-02T11:20:14.000000,9.23,9.23,9.23,9.23,5100
2019-01-02T11:20:15.000000,9.23,9.24,9.23,9.23,100
2019-01-02T11:20:16.000000,9.23,9.23,9.23,9.23,9900
2019-01-02T11:20:17.000000,9.24,9.24,9.23,9.23,3400
2019-01-02T11:20:19.000000,9.23,9.24,9.23,9.23,3200
2019-01-02T11:20:20.000000,9.23,9.24,9.23,9.24,3100
2019-01-02T11:20:21.000000,9.23,9.23,9.23,9.23,3700
2019-01-02T11:20:22.000000,9.23,9.24,9.23,9.23,2500
2019-01-02T11:20:23.000000,9.23,9.24,9.23,9.23,100
2019-01-02T11:20:24.000000,9.23,9.23,9.23,9.23,14000
2019-01-02T11:20:27.000000,9.23,9.24,9.23,9.23,19800
2019-01-02T11:20:28.000000,9.23,9.24,9.23,9.23,300
2019-01-02T11:20:29.000000,9.23,9.23,9.23,9.23,3500
2019-01-02T11:20:30.000000,9.23,9.23,9.23,9.23,200
2019-01-02T11:20:31.000000,9.23,9.23,9.23,9.23,3800
2019-01-02T11:20:32.000000,9.23,9.23,9.23,9.23,1600
2019-01-02T11:20:33.000000,9.23,9.24,9.23,9.23,15400
2019-01-02T11:20:35.000000,9.23,9.23,9.23,9.23,15900
2019-01-02T11:20:36.000000,9.23,9.23,9.23,9.23,3500
2019-01-02T11:20:37.000000,9.23,9.24,9.23,9.24,75700
2019-01-02T11:20:38.000000,9.23,9.24,9.23,9.23,6700
2019-01-02T11:20:39.000000,9.23,9.23,9.23,9.23,3800
2019-01-02T11:20:40.000000,9.23,9.23,9.23,9.23,0
2019-01-02T11:20:41.000000,9.23,9.23,9.23,9.23,0
2019-01-02T11:20:42.000000,9.23,9.23,9.23,9.23,3000
2019-01-02T11:20:43.000000,9.23,9.23,9.23,9.23,3000
2019-01-02T11:20:44.000000,9.23,9.23,9.23,9.23,16400
2019-01-02T11:20:47.000000,9.24,9.24,9.23,9.23,0
2019-01-02T11:20:48.000000,9.23,9.23,9.23,9.23,700
2019-01-02T11:20:49.000000,9.23,9.24,9.23,9.23,51300
2019-01-02T11:20:50.000000,9.23,9.23,9.23,9.23,25600
2019-01-02T11:20:51.000000,9.23,9.23,9.23,9.23,11800
2019-01-02T11:20:52.000000,9.24,9.24,9.23,9.23,0
2019-01-02T11:20:53.000000,9.23,9.24,9.23,9.23,0
2019-01-02T11:20:54.000000,9.23,9.24,9.23,9.24,3200
2019-01-02T11:20:55.000000,9.23,9.24,9.23,9.24,0
2019-01-02T11:20:57.000000,9.23,9.23,9.23,9.23,1800
2019-01-02T11:20:58.000000,9.23,9.24,9.23,9.24,1100
2019-01-02T11:20:59.000000,9.23,9.23,9.23,9.23,10000
2019-01-02T11:21:01.000000,9.23,9.24,9.23,9.23,1000
2019-01-02T11:21:02.000000,9.23,9.23,9.23,9.23,4800
2019-01-02T11:21:03.000000,9.23,9.23,9.23,9.23,100
2019-01-02T11:21:04.000000,9.23,9.23,9.23,9.23,26300
2019-01-02T11:21:05.000000,9.23,9.23,9.23,9.23,2000
2019-01-02T11:21:06.000000,9.23,9.23,9.23,9.23,600
2019-01-02T11:21:07.000000,9.23,9.24,9.23,9.23,2000
2019-01-02T11:21:08.000000,9.23,9.23,9.23,9.23,0
2019-01-02T11:21:09.000000,9.23,9.24,9.23,9.23,5000
2019-01-02T11:21:10.000000,9.23,9.23,9.23,9.23,200
2019-01-02T11:21:11.000000,9.23,9.24,9.23,9.23,600
2019-01-02T11:21:12.000000,9.23,9.24,9.23,9.23,3800
2019-01-02T11:21:13.000000,9.23,9.23,9.23,9.23,1000
2019-01-02T11:21:14.000000,9.23,9.24,9.23,9.23,0
2019-01-02T11:21:15.000000,9.23,9.23,9.23,9.23,900
2019-01-02T11:21:16.000000,9.23,9.23,9.23,9.23,1200
2019-01-02T11:21:17.000000,9.23,9.23,9.23,9.23,0
2019-01-02T11:21:18.000000,9.23,9.23,9.23,9.23,3800
2019-01-02T11:21:19.000000,9.23,9.24,9.23,9.23,1000
2019-01-02T11:21:20.000000,9.23,9.23,9.23,9.23,7200
2019-01-02T11:21:21.000000,9.24,9.24,9.23,9.23,600
2019-01-02T11:21:23.000000,9.23,9.23,9.23,9.23,8300
2019-01-02T11:21:24.000000,9.23,9.24,9.23,9.23,2400
2019-01-02T11:21:25.000000,9.23,9.24,9.23,9.23,8800
2019-01-02T11:21:26.000000,9.23,9.23,9.23,9.23,2000
2019-01-02T11:21:27.000000,9.23,9.23,9.23,9.23,2800
2019-01-02T11:21:28.000000,9.23,9.23,9.23,9.23,600
2019-01-02T11:21:30.000000,9.23,9.24,9.23,9.24,0
2019-01-02T11:21:33.000000,9.23,9.23,9.23,9.23,100
2019-01-02T11:21:34.000000,9.23,9.23,9.23,9.23,100
2019-01-02T11:21:35.000000,9.23,9.23,9.23,9.23,2800
2019-01-02T11:21:36.000000,9.23,9.23,9.23,9.23,16700
2019-01-02T11:21:37.000000,9.23,9.23,9.23,9.23,1500
2019-01-02T11:21:39.000000,9.23,9.24,9.23,9.23,13000
2019-01-02T11:21:40.000000,9.23,9.23,9.23,9.23,0
2019-01-02T11:21:41.000000,9.23,9.23,9.23,9.23,15200
2019-01-02T11:21:42.000000,9.23,9.23,9.23,9.23,11800
2019-01-02T11:21:43.000000,9.23,9.23,9.23,9.23,500
2019-01-02T11:21:44.000000,9.23,9.24,9.23,9.24,1000
2019-01-02T11:21:45.000000,9.23,9.23,9.23,9.23,1500
2019-01-02T11:21:46.000000,9.23,9.23,9.23,9.23,3100
2019-01-02T11:21:47.000000,9.23,9.23,9.23,9.23,0
2019-01-02T11:21:48.000000,9.23,9.23,9.23,9.23,900
2019-01-02T11:21:50.000000,9.23,9.23,9.23,9.23,200
2019-01-02T11:21:51.000000,9.23,9.23,9.23,9.23,500
2019-01-02T11:21:52.000000,9.23,9.23,9.23,9.23,3800
2019-01-02T11:21:53.000000,9.23,9.23,9.23,9.23,500
2019-01-02T11:21:56.000000,9.23,9.23,9.23,9.23,2500
2019-01-02T11:21:57.000000,9.23,9.23,9.23,9.23,3000
2019-01-02T11:21:58.000000,9.23,9.23,9.23,9.23,100
2019-01-02T11:21:59.000000,9.23,9.23,9.23,9.23,100
2019-01-02T11:22:01.000000,9.23,9.23,9.23,9.23,0
2019-01-02T11:22:02.000000,9.23,9.24,9.23,9.23,0
2019-01-02T11:22:05.000000,9.23,9.23,9.23,9.23,500
2019-01-02T11:22:07.000000,9.23,9.23,9.23,9.23,700
2019-01-02T11:22:08.000000,9.23,9.23,9.23,9.23,500
2019-01-02T11:22:09.000000,9.23,9.24,9.23,9.23,11200
2019-01-02T11:22:10.000000,9.24,9.24,9.23,9.23,0
2019-01-02T11:22:12.000000,9.23,9.24,9.23,9.23,500
2019-01-02T11:22:14.000000,9.23,9.24,9.23,9.24,1700
2019-01-02T11:22:15.000000,9.23,9.23,9.23,9.23,2000
2019-01-02T11:22:17.000000,9.23,9.23,9.23,9.23,4600
2019-01-02T11:22:18.000000,9.23,9.23,9.23,9.23,7900
2019-01-02T11:22:19.000000,9.23,9.24,9.23,9.23,1600
2019-01-02T11:22:20.000000,9.23,9.23,9.23,9.23,0
2019-01-02T11:22:21.000000,9.23,9.24,9.23,9.23,0
2019-01-02T11:22:22.000000,9.23,9.24,9.23,9.23,1000
2019-01-02T11:22:23.000000,9.24,9.24,9.23,9.23,1000
2019-01-02T11:22:24.000000,9.24,9.24,9.23,9.23,0
2019-01-02T11:22:26.000000,9.23,9.23,9.23,9.23,10700
2019-01-02T11:22:28.000000,9.23,9.23,9.23,9.23,1000
2019-01-02T11:22:29.000000,9.24,9.24,9.23,9.23,0
2019-01-02T11:22:30.000000,9.23,9.23,9.23,9.23,2100
2019-01-02T11:22:31.000000,9.23,9.24,9.23,9.23,0
2019-01-02T11:22:32.000000,9.23,9.23,9.23,9.23,900
2019-01-02T11:22:33.000000,9.23,9.24,9.23,9.23,2000
2019-01-02T11:22:36.000000,9.23,9.24,9.23,9.23,9600
2019-01-02T11:22:38.000000,9.23,9.23,9.23,9.23,1000
2019-01-02T11:22:39.000000,9.23,9.24,9.23,9.23,0
2019-01-02T11:22:40.000000,9.23,9.24,9.23,9.23,600
2019-01-02T11:22:42.000000,9.23,9.23,9.23,9.23,0
2019-01-02T11:22:44.000000,9.24,9.24,9.23,9.23,0
2019-01-02T11:22:46.000000,9.23,9.23,9.23,9.23,500
2019-01-02T11:22:47.000000,9.23,9.23,9.23,9.23,10000
2019-01-02T11:22:50.000000,9.23,9.23,9.23,9.23,4900
2019-01-02T11:22:52.000000,9.23,9.23,9.23,9.23,1000
2019-01-02T11:22:53.000000,9.23,9.24,9.23,9.23,2000
2019-01-02T11:22:54.000000,9.24,9.24,9.23,9.23,4300
2019-01-02T11:22:55.000000,9.24,9.24,9.23,9.23,0
2019-01-02T11:22:57.000000,9.23,9.24,9.23,9.23,2100
2019-01-02T11:22:58.000000,9.23,9.23,9.23,9.23,500
2019-01-02T11:22:59.000000,9.23,9.23,9.23,9.23,100
2019-01-02T11:23:00.000000,9.23,9.24,9.23,9.23,3600
2019-01-02T11:23:01.000000,9.23,9.23,9.23,9.23,4000
2019-01-02T11:23:03.000000,9.23,9.24,9.23,9.24,2000
2019-01-02T11:23:04.000000,9.24,9.24,9.23,9.23,0
2019-01-02T11:23:05.000000,9.23,9.24,9.23,9.23,200
2019-01-02T11:23:06.000000,9.23,9.23,9.23,9.23,3100
2019-01-02T11:23:07.000000,9.23,9.24,9.23,9.24,1000
2019-01-02T11:23:08.000000,9.24,9.24,9.23,9.23,0
2019-01-02T11:23:09.000000,9.23,9.24,9.23,9.23,500
2019-01-02T11:23:10.000000,9.23,9.23,9.23,9.23,12000
2019-01-02T11:23:11.000000,9.24,9.24,9.23,9.23,3000
2019-01-02T11:23:13.000000,9.23,9.24,9.23,9.23,6800
2019-01-02T11:23:14.000000,9.23,9.23,9.23,9.23,1500
2019-01-02T11:23:15.000000,9.23,9.23,9.23,9.23,5000
2019-01-02T11:23:16.000000,9.24,9.24,9.23,9.23,200
2019-01-02T11:23:17.000000,9.23,9.23,9.23,9.23,1000
2019-01-02T11:23:18.000000,9.24,9.24,9.23,9.23,2800
2019-01-02T11:23:19.000000,9.23,9.23,9.23,9.23,2900
2019-01-02T11:23:20.000000,9.24,9.24,9.23,9.23,0
2019-01-02T11:23:21.000000,9.24,9.24,9.23,9.23,20700
2019-01-02T11:23:22.000000,9.23,9.23,9.23,9.23,100
2019-01-02T11:23:23.000000,9.24,9.24,9.23,9.23,0
2019-01-02T11:23:24.000000,9.23,9.23,9.23,9.23,4300
2019-01-02T11:23:25.000000,9.23,9.24,9.23,9.23,8000
2019-01-02T11:23:26.000000,9.23,9.23,9.23,9.23,0
2019-01-02T11:23:27.000000,9.23,9.23,9.23,9.23,0
2019-01-02T11:23:29.000000,9.24,9.24,9.23,9.23,0
2019-01-02T11:23:31.000000,9.23,9.23,9.23,9.23,3300
2019-01-02T11:23:32.000000,9.24,9.24,9.23,9.23,0
2019-01-02T11:23:35.000000,9.23,9.24,9.23,9.23,700
2019-01-02T11:23:36.000000,9.23,9.23,9.23,9.23,2000
2019-01-02T11:23:38.000000,9.23,9.24,9.23,9.24,0
2019-01-02T11:23:39.000000,9.23,9.24,9.23,9.23,16200
2019-01-02T11:23:40.000000,9.24,9.24,9.23,9.23,0
2019-01-02T11:23:42.000000,9.23,9.24,9.23,9.23,0
2019-01-02T11:23:43.000000,9.23,9.24,9.23,9.23,3000
2019-01-02T11:23:44.000000,9.23,9.24,9.23,9.23,0
2019-01-02T11:23:45.000000,9.24,9.24,9.23,9.23,3300
2019-01-02T11:23:46.000000,9.23,9.24,9.23,9.24,0
2019-01-02T11:23:49.000000,9.23,9.23,9.23,9.23,7200
2019-01-02T11:23:50.000000,9.23,9.23,9.23,9.23,4900
2019-01-02T11:23:51.000000,9.23,9.23,9.23,9.23,500
2019-01-02T11:23:52.000000,9.23,9.23,9.23,9.23,5000
2019-01-02T11:23:54.000000,9.23,9.23,9.23,9.23,5500
2019-01-02T11:23:55.000000,9.23,9.24,9.23,9.23,300
2019-01-02T11:23:58.000000,9.23,9.24,9.23,9.24,0
2019-01-02T11:23:59.000000,9.23,9.23,9.23,9.23,4000
2019-01-02T11:24:00.000000,9.23,9.23,9.23,9.23,900
2019-01-02T11:24:01.000000,9.24,9.24,9.23,9.23,100
2019-01-02T11:24:02.000000,9.23,9.24,9.23,9.24,0
2019-01-02T11:24:03.000000,9.24,9.24,9.23,9.23,9500
2019-01-02T11:24:04.000000,9.24,9.24,9.23,9.23,0
2019-01-02T11:24:06.000000,9.23,9.24,9.23,9.24,14500
2019-01-02T11:24:09.000000,9.25,9.25,9.24,9.25,17000
2019-01-02T11:24:10.000000,9.25,9.25,9.25,9.25,200
2019-01-02T11:24:11.000000,9.25,9.25,9.24,9.25,2200
2019-01-02T11:24:12.000000,9.25,9.25,9.25,9.25,2100
2019-01-02T11:24:13.000000,9.25,9.25,9.25,9.25,7800
2019-01-02T11:24:15.000000,9.25,9.25,9.25,9.25,0
2019-01-02T11:24:17.000000,9.25,9.25,9.25,9.25,1200
2019-01-02T11:24:19.000000,9.25,9.25,9.25,9.25,12300
2019-01-02T11:24:21.000000,9.25,9.25,9.24,9.25,100
2019-01-02T11:24:22.000000,9.24,9.25,9.24,9.25,2300
2019-01-02T11:24:23.000000,9.25,9.25,9.25,9.25,400
2019-01-02T11:24:24.000000,9.25,9.25,9.25,9.25,500
2019-01-02T11:24:25.000000,9.25,9.25,9.25,9.25,900
2019-01-02T11:24:26.000000,9.25,9.25,9.24,9.24,400
2019-01-02T11:24:27.000000,9.25,9.25,9.25,9.25,900
2019-01-02T11:24:28.000000,9.25,9.25,9.24,9.25,200
2019-01-02T11:24:29.000000,9.25,9.25,9.25,9.25,600
2019-01-02T11:24:31.000000,9.25,9.25,9.25,9.25,50400
2019-01-02T11:24:32.000000,9.25,9.25,9.25,9.25,5400
2019-01-02T11:24:33.000000,9.25,9.25,9.24,9.25,1100
2019-01-02T11:24:34.000000,9.25,9.25,9.24,9.24,0
2019-01-02T11:24:36.000000,9.25,9.25,9.25,9.25,0
2019-01-02T11:24:37.000000,9.25,9.25,9.25,9.25,1400
2019-01-02T11:24:39.000000,9.25,9.25,9.24,9.24,0
2019-01-02T11:24:40.000000,9.25,9.25,9.25,9.25,0
2019-01-02T11:24:41.000000,9.25,9.25,9.25,9.25,500
2019-01-02T11:24:42.000000,9.25,9.25,9.25,9.25,11900
2019-01-02T11:24:43.000000,9.25,9.25,9.25,9.25,5000
2019-01-02T11:24:44.000000,9.24,9.25,9.24,9.25,0
2019-01-02T11:24:45.000000,9.25,9.25,9.25,9.25,1500
2019-01-02T11:24:46.000000,9.25,9.25,9.24,9.25,4600
2019-01-02T11:24:47.000000,9.25,9.25,9.25,9.25,2700
2019-01-02T11:24:48.000000,9.25,9.25,9.25,9.25,100
2019-01-02T11:24:50.000000,9.25,9.25,9.25,9.25,0
2019-01-02T11:24:51.000000,9.25,9.25,9.25,9.25,5000
2019-01-02T11:24:52.000000,9.25,9.25,9.25,9.25,49900
2019-01-02T11:24:53.000000,9.25,9.25,9.24,9.24,0
2019-01-02T11:24:54.000000,9.25,9.25,9.25,9.25,700
2019-01-02T11:24:55.000000,9.25,9.25,9.24,9.24,6000
2019-01-02T11:24:56.000000,9.25,9.25,9.24,9.25,10000
2019-01-02T11:24:58.000000,9.25,9.25,9.25,9.25,5600
2019-01-02T11:24:59.000000,9.25,9.25,9.25,9.25,500
2019-01-02T11:25:00.000000,9.25,9.25,9.25,9.25,0
2019-01-02T11:25:02.000000,9.25,9.25,9.25,9.25,1500
2019-01-02T11:25:04.000000,9.25,9.25,9.25,9.25,2000
2019-01-02T11:25:05.000000,9.24,9.25,9.24,9.25,0
2019-01-02T11:25:06.000000,9.24,9.25,9.24,9.25,0
2019-01-02T11:25:07.000000,9.25,9.25,9.25,9.25,4300
2019-01-02T11:25:09.000000,9.25,9.25,9.24,9.25,0
2019-01-02T11:25:10.000000,9.25,9.25,9.25,9.25,100
2019-01-02T11:25:11.000000,9.25,9.25,9.25,9.25,1200
2019-01-02T11:25:12.000000,9.25,9.25,9.25,9.25,1000
2019-01-02T11:25:13.000000,9.24,9.25,9.24,9.25,0
2019-01-02T11:25:15.000000,9.25,9.25,9.24,9.25,1200
2019-01-02T11:25:17.000000,9.25,9.25,9.24,9.25,0
2019-01-02T11:25:18.000000,9.25,9.25,9.25,9.25,200
2019-01-02T11:25:19.000000,9.25,9.25,9.25,9.25,1000
2019-01-02T11:25:20.000000,9.25,9.25,9.25,9.25,3000
2019-01-02T11:25:22.000000,9.25,9.25,9.25,9.25,2600
2019-01-02T11:25:25.000000,9.25,9.25,9.25,9.25,1000
2019-01-02T11:25:26.000000,9.25,9.25,9.25,9.25,0
2019-01-02T11:25:27.000000,9.25,9.25,9.25,9.25,900
2019-01-02T11:25:28.000000,9.24,9.25,9.24,9.25,0
2019-01-02T11:25:29.000000,9.25,9.25,9.25,9.25,2000
2019-01-02T11:25:32.000000,9.25,9.25,9.25,9.25,700
2019-01-02T11:25:33.000000,9.25,9.25,9.24,9.25,10000
2019-01-02T11:25:34.000000,9.25,9.25,9.24,9.25,0
2019-01-02T11:25:38.000000,9.25,9.25,9.25,9.25,3800
2019-01-02T11:25:39.000000,9.25,9.25,9.24,9.25,2100
2019-01-02T11:25:40.000000,9.25,9.25,9.25,9.25,100
2019-01-02T11:25:41.000000,9.25,9.25,9.25,9.25,100
2019-01-02T11:25:42.000000,9.25,9.25,9.25,9.25,2900
2019-01-02T11:25:43.000000,9.25,9.25,9.25,9.25,200
2019-01-02T11:25:44.000000,9.25,9.25,9.25,9.25,0
2019-01-02T11:25:45.000000,9.25,9.25,9.25,9.25,0
2019-01-02T11:25:46.000000,9.25,9.25,9.24,9.25,700
2019-01-02T11:25:47.000000,9.25,9.25,9.25,9.25,0
2019-01-02T11:25:48.000000,9.25,9.25,9.25,9.25,400
2019-01-02T11:25:49.000000,9.25,9.25,9.24,9.24,0
2019-01-02T11:25:50.000000,9.25,9.25,9.24,9.25,10000
2019-01-02T11:25:53.000000,9.25,9.25,9.25,9.25,10300
2019-01-02T11:25:54.000000,9.25,9.25,9.25,9.25,0
2019-01-02T11:25:57.000000,9.25,9.25,9.25,9.25,19000
2019-01-02T11:25:58.000000,9.24,9.25,9.24,9.25,0
2019-01-02T11:25:59.000000,9.25,9.25,9.25,9.25,500
2019-01-02T11:26:00.000000,9.25,9.25,9.25,9.25,600
2019-01-02T11:26:01.000000,9.25,9.25,9.24,9.25,800
2019-01-02T11:26:02.000000,9.25,9.25,9.25,9.25,100
2019-01-02T11:26:03.000000,9.25,9.25,9.25,9.25,10800
2019-01-02T11:26:04.000000,9.25,9.25,9.25,9.25,2700
2019-01-02T11:26:05.000000,9.25,9.25,9.25,9.25,500
2019-01-02T11:26:09.000000,9.25,9.25,9.24,9.24,5600
2019-01-02T11:26:10.000000,9.25,9.25,9.25,9.25,1000
2019-01-02T11:26:12.000000,9.25,9.25,9.24,9.25,0
2019-01-02T11:26:13.000000,9.25,9.25,9.25,9.25,1000
2019-01-02T11:26:14.000000,9.25,9.25,9.25,9.25,2300
2019-01-02T11:26:15.000000,9.25,9.25,9.25,9.25,11400
2019-01-02T11:26:18.000000,9.25,9.25,9.25,9.25,1000
2019-01-02T11:26:20.000000,9.25,9.25,9.25,9.25,600
2019-01-02T11:26:21.000000,9.25,9.25,9.25,9.25,1000
2019-01-02T11:26:23.000000,9.25,9.25,9.24,9.25,3200
2019-01-02T11:26:24.000000,9.25,9.25,9.25,9.25,6000
2019-01-02T11:26:28.000000,9.25,9.25,9.25,9.25,5000
2019-01-02T11:26:30.000000,9.24,9.25,9.24,9.25,0
2019-01-02T11:26:31.000000,9.25,9.25,9.25,9.25,500
2019-01-02T11:26:32.000000,9.25,9.25,9.25,9.25,700
2019-01-02T11:26:33.000000,9.24,9.25,9.24,9.24,5600
2019-01-02T11:26:34.000000,9.24,9.25,9.24,9.25,400
2019-01-02T11:26:36.000000,9.24,9.25,9.24,9.25,0
2019-01-02T11:26:37.000000,9.25,9.25,9.25,9.25,0
2019-01-02T11:26:38.000000,9.25,9.25,9.25,9.25,0
2019-01-02T11:26:39.000000,9.25,9.25,9.24,9.24,0
2019-01-02T11:26:40.000000,9.25,9.25,9.25,9.25,0
2019-01-02T11:26:41.000000,9.25,9.25,9.25,9.25,1700
2019-01-02T11:26:42.000000,9.25,9.25,9.25,9.25,2000
2019-01-02T11:26:43.000000,9.25,9.25,9.25,9.25,1400
2019-01-02T11:26:44.000000,9.25,9.25,9.25,9.25,0
2019-01-02T11:26:45.000000,9.25,9.25,9.24,9.24,0
2019-01-02T11:26:48.000000,9.25,9.25,9.24,9.24,0
2019-01-02T11:26:49.000000,9.25,9.25,9.25,9.25,400
2019-01-02T11:26:51.000000,9.25,9.25,9.25,9.25,1000
2019-01-02T11:26:52.000000,9.25,9.25,9.25,9.25,10000
2019-01-02T11:26:54.000000,9.25,9.25,9.25,9.25,0
2019-01-02T11:26:55.000000,9.25,9.25,9.24,9.24,100
2019-01-02T11:26:56.000000,9.25,9.25,9.24,9.24,0
2019-01-02T11:26:57.000000,9.25,9.25,9.25,9.25,400
2019-01-02T11:27:00.000000,9.25,9.25,9.25,9.25,7500
2019-01-02T11:27:02.000000,9.25,9.25,9.24,9.24,0
2019-01-02T11:27:04.000000,9.25,9.25,9.24,9.25,600
2019-01-02T11:27:06.000000,9.25,9.25,9.25,9.25,1800
2019-01-02T11:27:07.000000,9.25,9.25,9.24,9.25,3900
2019-01-02T11:27:08.000000,9.25,9.25,9.25,9.25,5400
2019-01-02T11:27:09.000000,9.25,9.25,9.25,9.25,1000
2019-01-02T11:27:11.000000,9.25,9.25,9.25,9.25,500
2019-01-02T11:27:13.000000,9.25,9.25,9.25,9.25,20400
2019-01-02T11:27:15.000000,9.25,9.25,9.25,9.25,800
2019-01-02T11:27:16.000000,9.25,9.25,9.25,9.25,500
2019-01-02T11:27:17.000000,9.25,9.25,9.25,9.25,100
2019-01-02T11:27:18.000000,9.25,9.25,9.24,9.24,600
2019-01-02T11:27:19.000000,9.25,9.25,9.25,9.25,0
2019-01-02T11:27:20.000000,9.25,9.25,9.25,9.25,10800
2019-01-02T11:27:21.000000,9.25,9.25,9.25,9.25,0
2019-01-02T11:27:22.000000,9.25,9.25,9.25,9.25,2000
2019-01-02T11:27:24.000000,9.24,9.25,9.24,9.25,0
2019-01-02T11:27:25.000000,9.25,9.25,9.25,9.25,0
2019-01-02T11:27:26.000000,9.25,9.25,9.25,9.25,0
2019-01-02T11:27:28.000000,9.25,9.25,9.25,9.25,4300
2019-01-02T11:27:29.000000,9.25,9.25,9.24,9.25,1600
2019-01-02T11:27:32.000000,9.24,9.25,9.24,9.25,900
2019-01-02T11:27:33.000000,9.25,9.25,9.25,9.25,700
2019-01-02T11:27:34.000000,9.25,9.25,9.25,9.25,2100
2019-01-02T11:27:36.000000,9.25,9.25,9.25,9.25,800
2019-01-02T11:27:37.000000,9.25,9.25,9.24,9.25,1800
2019-01-02T11:27:39.000000,9.25,9.25,9.25,9.25,11000
2019-01-02T11:27:40.000000,9.25,9.25,9.24,9.25,16700
2019-01-02T11:27:41.000000,9.25,9.25,9.25,9.25,25200
2019-01-02T11:27:42.000000,9.25,9.25,9.25,9.25,500
2019-01-02T11:27:43.000000,9.25,9.25,9.25,9.25,500
2019-01-02T11:27:44.000000,9.25,9.25,9.25,9.25,0
2019-01-02T11:27:45.000000,9.25,9.25,9.25,9.25,0
2019-01-02T11:27:46.000000,9.25,9.25,9.24,9.24,4300
2019-01-02T11:27:50.000000,9.25,9.25,9.25,9.25,300
2019-01-02T11:27:51.000000,9.25,9.25,9.24,9.24,500
2019-01-02T11:27:52.000000,9.25,9.25,9.25,9.25,4800
2019-01-02T11:27:53.000000,9.25,9.25,9.25,9.25,1200
2019-01-02T11:27:54.000000,9.25,9.25,9.25,9.25,0
2019-01-02T11:27:55.000000,9.25,9.25,9.25,9.25,900
2019-01-02T11:27:58.000000,9.25,9.25,9.25,9.25,8000
2019-01-02T11:27:59.000000,9.25,9.25,9.25,9.25,4100
2019-01-02T11:28:00.000000,9.25,9.25,9.25,9.25,900
2019-01-02T11:28:02.000000,9.25,9.25,9.24,9.25,3200
2019-01-02T11:28:03.000000,9.25,9.25,9.25,9.25,3000
2019-01-02T11:28:07.000000,9.25,9.25,9.25,9.25,0
2019-01-02T11:28:08.000000,9.24,9.25,9.24,9.25,9800
2019-01-02T11:28:09.000000,9.25,9.25,9.25,9.25,2000
2019-01-02T11:28:11.000000,9.25,9.25,9.25,9.25,500
2019-01-02T11:28:13.000000,9.24,9.25,9.24,9.25,0
2019-01-02T11:28:14.000000,9.25,9.25,9.24,9.24,1000
2019-01-02T11:28:15.000000,9.25,9.25,9.25,9.25,1000
2019-01-02T11:28:16.000000,9.24,9.25,9.24,9.25,5600
2019-01-02T11:28:17.000000,9.25,9.25,9.25,9.25,15400
2019-01-02T11:28:18.000000,9.25,9.25,9.25,9.25,1500
2019-01-02T11:28:19.000000,9.25,9.25,9.25,9.25,5900
2019-01-02T11:28:20.000000,9.25,9.25,9.25,9.25,100
2019-01-02T11:28:21.000000,9.25,9.25,9.24,9.24,2000
2019-01-02T11:28:23.000000,9.25,9.25,9.25,9.25,600
2019-01-02T11:28:24.000000,9.25,9.25,9.24,9.25,0
2019-01-02T11:28:25.000000,9.25,9.25,9.25,9.25,1600
2019-01-02T11:28:26.000000,9.25,9.25,9.24,9.25,0
2019-01-02T11:28:28.000000,9.25,9.25,9.25,9.25,0
2019-01-02T11:28:29.000000,9.25,9.25,9.25,9.25,200
2019-01-02T11:28:30.000000,9.25,9.25,9.25,9.25,5200
2019-01-02T11:28:31.000000,9.25,9.25,9.25,9.25,9100
2019-01-02T11:28:32.000000,9.25,9.25,9.25,9.25,100
2019-01-02T11:28:33.000000,9.25,9.25,9.25,9.25,600
2019-01-02T11:28:34.000000,9.25,9.25,9.25,9.25,5400
2019-01-02T11:28:35.000000,9.24,9.25,9.24,9.25,2000
2019-01-02T11:28:36.000000,9.25,9.25,9.25,9.25,100
2019-01-02T11:28:38.000000,9.25,9.25,9.25,9.25,98200
2019-01-02T11:28:39.000000,9.25,9.25,9.25,9.25,1500
2019-01-02T11:28:40.000000,9.25,9.25,9.25,9.25,3900
2019-01-02T11:28:41.000000,9.25,9.25,9.25,9.25,8900
2019-01-02T11:28:42.000000,9.25,9.25,9.25,9.25,3900
2019-01-02T11:28:44.000000,9.25,9.25,9.25,9.25,600
2019-01-02T11:28:45.000000,9.25,9.25,9.24,9.25,0
2019-01-02T11:28:46.000000,9.25,9.25,9.24,9.24,1100
2019-01-02T11:28:47.000000,9.25,9.25,9.25,9.25,18000
2019-01-02T11:28:49.000000,9.25,9.25,9.25,9.25,11500
2019-01-02T11:28:51.000000,9.25,9.25,9.24,9.25,700
2019-01-02T11:28:53.000000,9.25,9.25,9.25,9.25,0
2019-01-02T11:28:54.000000,9.25,9.25,9.25,9.25,300
2019-01-02T11:28:55.000000,9.25,9.25,9.25,9.25,100
2019-01-02T11:28:56.000000,9.25,9.25,9.25,9.25,700
2019-01-02T11:28:57.000000,9.25,9.25,9.24,9.25,900
2019-01-02T11:28:58.000000,9.25,9.25,9.24,9.24,0
2019-01-02T11:29:02.000000,9.24,9.25,9.24,9.25,3000
2019-01-02T11:29:03.000000,9.25,9.25,9.25,9.25,1100
2019-01-02T11:29:04.000000,9.25,9.25,9.25,9.25,1600
2019-01-02T11:29:05.000000,9.25,9.25,9.25,9.25,400
2019-01-02T11:29:06.000000,9.25,9.25,9.24,9.25,2200
2019-01-02T11:29:08.000000,9.25,9.25,9.24,9.25,0
2019-01-02T11:29:09.000000,9.25,9.25,9.25,9.25,1600
2019-01-02T11:29:10.000000,9.25,9.25,9.25,9.25,0
2019-01-02T11:29:11.000000,9.24,9.25,9.24,9.25,0
2019-01-02T11:29:12.000000,9.25,9.25,9.24,9.25,300
2019-01-02T11:29:13.000000,9.25,9.25,9.25,9.25,45600
2019-01-02T11:29:14.000000,9.25,9.25,9.25,9.25,100
2019-01-02T11:29:15.000000,9.25,9.25,9.25,9.25,0
2019-01-02T11:29:16.000000,9.25,9.25,9.25,9.25,0
2019-01-02T11:29:17.000000,9.25,9.25,9.25,9.25,0
2019-01-02T11:29:18.000000,9.24,9.25,9.24,9.25,0
2019-01-02T11:29:19.000000,9.24,9.25,9.24,9.25,0
2019-01-02T11:29:20.000000,9.24,9.25,9.24,9.25,0
2019-01-02T11:29:21.000000,9.25,9.25,9.25,9.25,35400
2019-01-02T11:29:22.000000,9.25,9.25,9.25,9.25,1354
2019-01-02T11:29:23.000000,9.25,9.25,9.25,9.25,500
2019-01-02T11:29:24.000000,9.24,9.25,9.24,9.25,0
2019-01-02T11:29:25.000000,9.25,9.25,9.25,9.25,0
2019-01-02T11:29:26.000000,9.25,9.25,9.24,9.25,2300
2019-01-02T11:29:27.000000,9.25,9.25,9.25,9.25,100
2019-01-02T11:29:28.000000,9.25,9.25,9.25,9.25,1000
2019-01-02T11:29:29.000000,9.25,9.25,9.25,9.25,3000
2019-01-02T11:29:30.000000,9.25,9.25,9.25,9.25,200
2019-01-02T11:29:31.000000,9.24,9.25,9.24,9.25,0
2019-01-02T11:29:33.000000,9.25,9.25,9.25,9.25,5000
2019-01-02T11:29:34.000000,9.25,9.25,9.25,9.25,600
2019-01-02T11:29:35.000000,9.25,9.25,9.25,9.25,0
2019-01-02T11:29:36.000000,9.25,9.25,9.25,9.25,0
2019-01-02T11:29:38.000000,9.25,9.25,9.25,9.25,200
2019-01-02T11:29:39.000000,9.25,9.25,9.25,9.25,1000
2019-01-02T11:29:40.000000,9.25,9.25,9.25,9.25,0
2019-01-02T11:29:41.000000,9.25,9.25,9.24,9.24,3820
2019-01-02T11:29:42.000000,9.23,9.25,9.23,9.24,2480
2019-01-02T11:29:43.000000,9.25,9.25,9.25,9.25,20000
2019-01-02T11:29:44.000000,9.25,9.25,9.24,9.24,600
2019-01-02T11:29:45.000000,9.25,9.25,9.25,9.25,1700
2019-01-02T11:29:46.000000,9.25,9.25,9.25,9.25,1000
2019-01-02T11:29:47.000000,9.25,9.25,9.24,9.25,6300
2019-01-02T11:29:48.000000,9.24,9.24,9.23,9.23,4520
2019-01-02T11:29:49.000000,9.23,9.23,9.23,9.23,7000
2019-01-02T11:29:50.000000,9.23,9.23,9.23,9.23,300
2019-01-02T11:29:51.000000,9.23,9.23,9.23,9.23,2200
2019-01-02T11:29:52.000000,9.23,9.24,9.23,9.24,0
2019-01-02T11:29:53.000000,9.23,9.23,9.23,9.23,200
2019-01-02T11:29:54.000000,9.23,9.23,9.23,9.23,4500
2019-01-02T11:29:55.000000,9.24,9.24,9.23,9.23,0
2019-01-02T11:29:56.000000,9.23,9.23,9.23,9.23,0
2019-01-02T11:29:58.000000,9.23,9.23,9.23,9.23,1100
2019-01-02T13:00:00.000000,9.23,9.25,9.23,9.25,1204280
2019-01-02T13:00:01.000000,9.25,9.25,9.23,9.25,380500
2019-01-02T13:00:02.000000,9.25,9.25,9.23,9.23,108328
2019-01-02T13:00:03.000000,9.23,9.25,9.23,9.25,36472
2019-01-02T13:00:04.000000,9.24,9.25,9.23,9.25,9700
2019-01-02T13:00:05.000000,9.25,9.25,9.25,9.25,10320
2019-01-02T13:00:06.000000,9.24,9.25,9.24,9.25,14000
2019-01-02T13:00:07.000000,9.25,9.25,9.25,9.25,5140
2019-01-02T13:00:08.000000,9.25,9.25,9.25,9.25,2300
2019-01-02T13:00:09.000000,9.25,9.25,9.25,9.25,0
2019-01-02T13:00:11.000000,9.25,9.25,9.25,9.25,17800
2019-01-02T13:00:12.000000,9.24,9.25,9.24,9.25,900
2019-01-02T13:00:15.000000,9.25,9.25,9.24,9.25,8000
2019-01-02T13:00:16.000000,9.25,9.25,9.25,9.25,600
2019-01-02T13:00:20.000000,9.24,9.25,9.24,9.25,1500
2019-01-02T13:00:21.000000,9.25,9.25,9.25,9.25,100
2019-01-02T13:00:22.000000,9.25,9.25,9.25,9.25,900
2019-01-02T13:00:23.000000,9.24,9.25,9.24,9.25,0
2019-01-02T13:00:24.000000,9.25,9.25,9.25,9.25,6900
2019-01-02T13:00:25.000000,9.25,9.25,9.25,9.25,8800
2019-01-02T13:00:26.000000,9.24,9.25,9.24,9.25,0
2019-01-02T13:00:27.000000,9.25,9.25,9.25,9.25,3600
2019-01-02T13:00:29.000000,9.25,9.25,9.25,9.25,4300
2019-01-02T13:00:30.000000,9.25,9.25,9.25,9.25,5000
2019-01-02T13:00:31.000000,9.25,9.25,9.25,9.25,700
2019-01-02T13:00:33.000000,9.25,9.25,9.24,9.25,1000
2019-01-02T13:00:34.000000,9.25,9.25,9.25,9.25,3400
2019-01-02T13:00:35.000000,9.25,9.25,9.24,9.24,3000
2019-01-02T13:00:36.000000,9.24,9.25,9.24,9.25,3300
2019-01-02T13:00:37.000000,9.24,9.25,9.24,9.25,0
2019-01-02T13:00:39.000000,9.25,9.25,9.24,9.25,3000
2019-01-02T13:00:40.000000,9.24,9.25,9.24,9.25,3000
2019-01-02T13:00:41.000000,9.25,9.25,9.25,9.25,7900
2019-01-02T13:00:43.000000,9.25,9.25,9.24,9.25,0
2019-01-02T13:00:44.000000,9.25,9.25,9.25,9.25,0
2019-01-02T13:00:45.000000,9.25,9.25,9.25,9.25,3000
2019-01-02T13:00:46.000000,9.25,9.25,9.25,9.25,3500
2019-01-02T13:00:47.000000,9.25,9.25,9.24,9.24,0
2019-01-02T13:00:48.000000,9.24,9.25,9.24,9.25,3000
2019-01-02T13:00:49.000000,9.25,9.25,9.25,9.25,3000
2019-01-02T13:00:50.000000,9.25,9.25,9.25,9.25,0
2019-01-02T13:00:51.000000,9.25,9.25,9.25,9.25,7800
2019-01-02T13:00:52.000000,9.25,9.25,9.25,9.25,7600
2019-01-02T13:00:53.000000,9.24,9.25,9.24,9.25,0
2019-01-02T13:00:54.000000,9.25,9.25,9.25,9.25,600
2019-01-02T13:00:55.000000,9.25,9.25,9.25,9.25,4700
2019-01-02T13:00:56.000000,9.25,9.25,9.25,9.25,10000
2019-01-02T13:00:57.000000,9.25,9.25,9.24,9.25,6900
2019-01-02T13:00:58.000000,9.24,9.25,9.24,9.25,13400
2019-01-02T13:00:59.000000,9.25,9.25,9.24,9.24,0
2019-01-02T13:01:00.000000,9.25,9.25,9.24,9.25,300
2019-01-02T13:01:01.000000,9.25,9.25,9.24,9.25,6700
2019-01-02T13:01:02.000000,9.25,9.25,9.24,9.24,0
2019-01-02T13:01:03.000000,9.25,9.25,9.25,9.25,100
2019-01-02T13:01:04.000000,9.25,9.25,9.25,9.25,6500
2019-01-02T13:01:05.000000,9.25,9.25,9.25,9.25,2000
2019-01-02T13:01:07.000000,9.24,9.25,9.24,9.25,0
2019-01-02T13:01:08.000000,9.25,9.25,9.23,9.23,7300
2019-01-02T13:01:09.000000,9.24,9.24,9.23,9.23,20500
2019-01-02T13:01:10.000000,9.23,9.23,9.23,9.23,400
2019-01-02T13:01:11.000000,9.23,9.23,9.23,9.23,200
2019-01-02T13:01:13.000000,9.23,9.23,9.23,9.23,1200
2019-01-02T13:01:14.000000,9.24,9.24,9.23,9.23,0
2019-01-02T13:01:15.000000,9.23,9.23,9.23,9.23,200
2019-01-02T13:01:16.000000,9.23,9.23,9.23,9.23,3500
2019-01-02T13:01:17.000000,9.23,9.23,9.23,9.23,1100
2019-01-02T13:01:19.000000,9.24,9.24,9.23,9.23,0
2019-01-02T13:01:21.000000,9.23,9.23,9.23,9.23,2100
2019-01-02T13:01:24.000000,9.23,9.23,9.23,9.23,1000
2019-01-02T13:01:27.000000,9.23,9.23,9.23,9.23,1000
2019-01-02T13:01:28.000000,9.24,9.24,9.23,9.23,0
2019-01-02T13:01:31.000000,9.23,9.23,9.23,9.23,200
2019-01-02T13:01:32.000000,9.23,9.23,9.23,9.23,3900
2019-01-02T13:01:33.000000,9.23,9.23,9.23,9.23,19900
2019-01-02T13:01:35.000000,9.23,9.23,9.23,9.23,14700
2019-01-02T13:01:36.000000,9.23,9.24,9.23,9.23,0
2019-01-02T13:01:37.000000,9.23,9.23,9.23,9.23,26400
2019-01-02T13:01:38.000000,9.23,9.23,9.23,9.23,1100
2019-01-02T13:01:39.000000,9.23,9.24,9.23,9.24,0
2019-01-02T13:01:40.000000,9.23,9.23,9.23,9.23,1100
2019-01-02T13:01:41.000000,9.23,9.23,9.23,9.23,500
2019-01-02T13:01:42.000000,9.23,9.23,9.23,9.23,1600
2019-01-02T13:01:43.000000,9.23,9.24,9.23,9.23,8800
2019-01-02T13:01:44.000000,9.23,9.24,9.23,9.23,1000
2019-01-02T13:01:48.000000,9.23,9.24,9.23,9.24,0
2019-01-02T13:01:49.000000,9.23,9.23,9.23,9.23,300
2019-01-02T13:01:50.000000,9.24,9.24,9.23,9.23,0
2019-01-02T13:01:51.000000,9.23,9.23,9.23,9.23,300
2019-01-02T13:01:52.000000,9.23,9.23,9.23,9.23,600
2019-01-02T13:01:53.000000,9.23,9.23,9.23,9.23,400
2019-01-02T13:01:54.000000,9.23,9.24,9.23,9.23,2200
2019-01-02T13:01:55.000000,9.23,9.23,9.23,9.23,97000
2019-01-02T13:01:59.000000,9.24,9.24,9.23,9.23,0
2019-01-02T13:02:00.000000,9.23,9.24,9.23,9.23,300
2019-01-02T13:02:04.000000,9.23,9.24,9.23,9.23,600
2019-01-02T13:02:05.000000,9.23,9.23,9.23,9.23,20000
2019-01-02T13:02:07.000000,9.23,9.23,9.23,9.23,2500
2019-01-02T13:02:08.000000,9.23,9.23,9.23,9.23,3400
2019-01-02T13:02:09.000000,9.23,9.23,9.23,9.23,10000
2019-01-02T13:02:11.000000,9.23,9.23,9.23,9.23,1000
2019-01-02T13:02:12.000000,9.23,9.23,9.23,9.23,600
2019-01-02T13:02:13.000000,9.23,9.23,9.23,9.23,15700
2019-01-02T13:02:15.000000,9.23,9.23,9.23,9.23,3000
2019-01-02T13:02:16.000000,9.23,9.23,9.23,9.23,4100
2019-01-02T13:02:17.000000,9.23,9.23,9.23,9.23,2000
2019-01-02T13:02:18.000000,9.23,9.24,9.23,9.24,1500
2019-01-02T13:02:22.000000,9.23,9.24,9.23,9.23,2800
2019-01-02T13:02:24.000000,9.23,9.23,9.23,9.23,1500
2019-01-02T13:02:25.000000,9.23,9.23,9.23,9.23,1100
2019-01-02T13:02:26.000000,9.23,9.23,9.23,9.23,1400
2019-01-02T13:02:27.000000,9.23,9.23,9.23,9.23,0
2019-01-02T13:02:28.000000,9.24,9.24,9.23,9.23,15700
2019-01-02T13:02:30.000000,9.23,9.23,9.23,9.23,3000
2019-01-02T13:02:31.000000,9.23,9.23,9.23,9.23,4300
2019-01-02T13:02:32.000000,9.23,9.23,9.23,9.23,18100
2019-01-02T13:02:33.000000,9.23,9.23,9.23,9.23,1000
2019-01-02T13:02:37.000000,9.23,9.23,9.23,9.23,19700
2019-01-02T13:02:38.000000,9.23,9.23,9.23,9.23,0
2019-01-02T13:02:43.000000,9.24,9.24,9.23,9.23,1600
2019-01-02T13:02:44.000000,9.23,9.23,9.23,9.23,2000
2019-01-02T13:02:45.000000,9.23,9.24,9.23,9.23,13000
2019-01-02T13:02:46.000000,9.23,9.23,9.23,9.23,3700
2019-01-02T13:02:49.000000,9.23,9.23,9.23,9.23,3000
2019-01-02T13:02:52.000000,9.23,9.23,9.23,9.23,500
2019-01-02T13:02:53.000000,9.23,9.23,9.23,9.23,3000
2019-01-02T13:02:54.000000,9.23,9.23,9.23,9.23,3500
2019-01-02T13:02:55.000000,9.23,9.24,9.23,9.23,1200
2019-01-02T13:02:56.000000,9.23,9.23,9.23,9.23,100
2019-01-02T13:02:57.000000,9.23,9.23,9.23,9.23,4200
2019-01-02T13:03:00.000000,9.23,9.24,9.23,9.23,0
2019-01-02T13:03:01.000000,9.23,9.23,9.23,9.23,1000
2019-01-02T13:03:03.000000,9.23,9.23,9.23,9.23,1100
2019-01-02T13:03:04.000000,9.24,9.24,9.23,9.23,3800
2019-01-02T13:03:05.000000,9.24,9.24,9.23,9.23,1300
2019-01-02T13:03:06.000000,9.24,9.24,9.23,9.23,300
2019-01-02T13:03:07.000000,9.23,9.24,9.23,9.23,900
2019-01-02T13:03:08.000000,9.23,9.23,9.23,9.23,49700
2019-01-02T13:03:09.000000,9.23,9.23,9.23,9.23,300
2019-01-02T13:03:11.000000,9.23,9.23,9.23,9.23,500
2019-01-02T13:03:12.000000,9.23,9.23,9.23,9.23,5000
2019-01-02T13:03:14.000000,9.23,9.23,9.23,9.23,1000
2019-01-02T13:03:17.000000,9.23,9.23,9.23,9.23,1100
2019-01-02T13:03:18.000000,9.23,9.24,9.23,9.23,2800
2019-01-02T13:03:19.000000,9.23,9.23,9.23,9.23,500
2019-01-02T13:03:22.000000,9.23,9.23,9.23,9.23,0
2019-01-02T13:03:23.000000,9.23,9.23,9.23,9.23,3500
2019-01-02T13:03:25.000000,9.23,9.23,9.23,9.23,4300
2019-01-02T13:03:26.000000,9.23,9.23,9.23,9.23,0
2019-01-02T13:03:27.000000,9.23,9.23,9.23,9.23,5900
2019-01-02T13:03:28.000000,9.23,9.23,9.23,9.23,200
2019-01-02T13:03:29.000000,9.23,9.23,9.23,9.23,8700
2019-01-02T13:03:30.000000,9.23,9.23,9.23,9.23,500
2019-01-02T13:03:31.000000,9.23,9.23,9.23,9.23,200
2019-01-02T13:03:32.000000,9.23,9.23,9.23,9.23,100
2019-01-02T13:03:33.000000,9.24,9.24,9.23,9.23,0
2019-01-02T13:03:42.000000,9.23,9.24,9.23,9.24,0
2019-01-02T13:03:43.000000,9.24,9.24,9.23,9.23,500
2019-01-02T13:03:44.000000,9.23,9.24,9.23,9.23,0
2019-01-02T13:03:45.000000,9.23,9.24,9.23,9.23,300
2019-01-02T13:03:46.000000,9.23,9.23,9.23,9.23,0
2019-01-02T13:03:48.000000,9.23,9.23,9.23,9.23,1000
2019-01-02T13:03:49.000000,9.23,9.23,9.23,9.23,1000
2019-01-02T13:03:50.000000,9.23,9.24,9.23,9.23,2400
2019-01-02T13:03:51.000000,9.24,9.24,9.23,9.23,0
2019-01-02T13:03:53.000000,9.23,9.23,9.23,9.23,1000
2019-01-02T13:03:55.000000,9.23,9.23,9.23,9.23,200
2019-01-02T13:03:56.000000,9.23,9.23,9.23,9.23,4100
2019-01-02T13:03:59.000000,9.23,9.24,9.23,9.24,0
2019-01-02T13:04:02.000000,9.23,9.23,9.23,9.23,100
2019-01-02T13:04:04.000000,9.23,9.23,9.23,9.23,200
2019-01-02T13:04:06.000000,9.23,9.23,9.23,9.23,7000
2019-01-02T13:04:07.000000,9.24,9.24,9.23,9.23,300
2019-01-02T13:04:09.000000,9.24,9.24,9.23,9.23,0
2019-01-02T13:04:10.000000,9.23,9.23,9.23,9.23,500
2019-01-02T13:04:11.000000,9.24,9.24,9.23,9.23,700
2019-01-02T13:04:12.000000,9.23,9.23,9.23,9.23,2100
2019-01-02T13:04:13.000000,9.23,9.23,9.23,9.23,0
2019-01-02T13:04:15.000000,9.23,9.23,9.23,9.23,1000
2019-01-02T13:04:17.000000,9.23,9.24,9.23,9.23,2000
2019-01-02T13:04:20.000000,9.23,9.23,9.23,9.23,300
2019-01-02T13:04:21.000000,9.23,9.23,9.23,9.23,2300
2019-01-02T13:04:22.000000,9.23,9.24,9.23,9.23,2000
2019-01-02T13:04:23.000000,9.24,9.24,9.23,9.23,1000
2019-01-02T13:04:24.000000,9.23,9.23,9.23,9.23,3600
2019-01-02T13:04:25.000000,9.23,9.23,9.23,9.23,5000
2019-01-02T13:04:26.000000,9.23,9.23,9.23,9.23,900
2019-01-02T13:04:27.000000,9.23,9.23,9.23,9.23,500
2019-01-02T13:04:28.000000,9.23,9.23,9.23,9.23,0
2019-01-02T13:04:29.000000,9.23,9.23,9.23,9.23,500
2019-01-02T13:04:32.000000,9.23,9.23,9.23,9.23,700
2019-01-02T13:04:33.000000,9.24,9.24,9.23,9.23,400
2019-01-02T13:04:34.000000,9.23,9.23,9.23,9.23,1100
2019-01-02T13:04:36.000000,9.24,9.24,9.23,9.23,0
2019-01-02T13:04:37.000000,9.23,9.23,9.23,9.23,1800
2019-01-02T13:04:38.000000,9.23,9.24,9.23,9.24,0
2019-01-02T13:04:39.000000,9.23,9.23,9.23,9.23,0
2019-01-02T13:04:40.000000,9.23,9.23,9.23,9.23,100
2019-01-02T13:04:41.000000,9.24,9.24,9.23,9.23,2000
2019-01-02T13:04:42.000000,9.23,9.23,9.23,9.23,500
2019-01-02T13:04:43.000000,9.24,9.24,9.23,9.23,2700
2019-01-02T13:04:44.000000,9.23,9.23,9.23,9.23,2500
2019-01-02T13:04:45.000000,9.23,9.23,9.23,9.23,6800
2019-01-02T13:04:47.000000,9.23,9.23,9.23,9.23,900
2019-01-02T13:04:48.000000,9.23,9.23,9.23,9.23,16100
2019-01-02T13:04:50.000000,9.24,9.24,9.23,9.23,0
2019-01-02T13:04:51.000000,9.23,9.23,9.23,9.23,1500
2019-01-02T13:04:52.000000,9.23,9.23,9.23,9.23,5000
2019-01-02T13:04:53.000000,9.24,9.24,9.23,9.23,3000
2019-01-02T13:04:55.000000,9.23,9.23,9.23,9.23,1000
2019-01-02T13:04:56.000000,9.23,9.23,9.23,9.23,1100
2019-01-02T13:04:57.000000,9.23,9.23,9.23,9.23,1600
2019-01-02T13:04:58.000000,9.23,9.23,9.23,9.23,11000
2019-01-02T13:05:00.000000,9.23,9.23,9.23,9.23,21600
2019-01-02T13:05:01.000000,9.23,9.23,9.23,9.23,1900
2019-01-02T13:05:02.000000,9.23,9.23,9.23,9.23,8500
2019-01-02T13:05:03.000000,9.23,9.23,9.23,9.23,0
2019-01-02T13:05:04.000000,9.23,9.23,9.23,9.23,15400
2019-01-02T13:05:05.000000,9.23,9.23,9.23,9.23,300
2019-01-02T13:05:07.000000,9.23,9.23,9.23,9.23,100
2019-01-02T13:05:08.000000,9.23,9.23,9.23,9.23,1500
2019-01-02T13:05:09.000000,9.23,9.23,9.23,9.23,0
2019-01-02T13:05:11.000000,9.23,9.24,9.23,9.24,500
2019-01-02T13:05:12.000000,9.23,9.23,9.23,9.23,1000
2019-01-02T13:05:13.000000,9.23,9.23,9.23,9.23,0
2019-01-02T13:05:15.000000,9.23,9.23,9.23,9.23,1000
2019-01-02T13:05:17.000000,9.23,9.23,9.23,9.23,200
2019-01-02T13:05:18.000000,9.23,9.23,9.23,9.23,11800
2019-01-02T13:05:19.000000,9.23,9.23,9.23,9.23,3000
2019-01-02T13:05:20.000000,9.23,9.23,9.23,9.23,2500
2019-01-02T13:05:21.000000,9.23,9.23,9.23,9.23,13600
2019-01-02T13:05:22.000000,9.23,9.23,9.23,9.23,2000
2019-01-02T13:05:23.000000,9.23,9.23,9.23,9.23,0
2019-01-02T13:05:24.000000,9.23,9.23,9.23,9.23,2400
2019-01-02T13:05:25.000000,9.23,9.23,9.23,9.23,0
2019-01-02T13:05:26.000000,9.23,9.23,9.23,9.23,1800
2019-01-02T13:05:27.000000,9.23,9.23,9.23,9.23,200
2019-01-02T13:05:28.000000,9.23,9.23,9.23,9.23,7700
2019-01-02T13:05:29.000000,9.23,9.23,9.23,9.23,4600
2019-01-02T13:05:31.000000,9.23,9.23,9.23,9.23,600
2019-01-02T13:05:32.000000,9.23,9.23,9.23,9.23,2100
2019-01-02T13:05:33.000000,9.23,9.23,9.23,9.23,6000
2019-01-02T13:05:34.000000,9.23,9.23,9.23,9.23,0
2019-01-02T13:05:35.000000,9.23,9.23,9.23,9.23,3900
2019-01-02T13:05:36.000000,9.23,9.23,9.23,9.23,3000
2019-01-02T13:05:37.000000,9.23,9.23,9.23,9.23,6400
2019-01-02T13:05:39.000000,9.23,9.23,9.23,9.23,600
2019-01-02T13:05:40.000000,9.23,9.23,9.23,9.23,2000
2019-01-02T13:05:41.000000,9.23,9.23,9.23,9.23,200
2019-01-02T13:05:42.000000,9.23,9.23,9.23,9.23,500
2019-01-02T13:05:43.000000,9.23,9.23,9.23,9.23,1500
2019-01-02T13:05:44.000000,9.23,9.23,9.23,9.23,500
2019-01-02T13:05:45.000000,9.23,9.23,9.23,9.23,1900
2019-01-02T13:05:46.000000,9.23,9.23,9.23,9.23,1000
2019-01-02T13:05:47.000000,9.23,9.23,9.23,9.23,500
2019-01-02T13:05:48.000000,9.23,9.23,9.23,9.23,13800
2019-01-02T13:05:50.000000,9.23,9.23,9.23,9.23,2800
2019-01-02T13:05:52.000000,9.23,9.23,9.23,9.23,800
2019-01-02T13:05:54.000000,9.23,9.23,9.23,9.23,20000
2019-01-02T13:05:55.000000,9.23,9.23,9.23,9.23,7000
2019-01-02T13:05:56.000000,9.23,9.23,9.23,9.23,40500
2019-01-02T13:05:57.000000,9.23,9.23,9.23,9.23,10500
2019-01-02T13:05:58.000000,9.23,9.23,9.23,9.23,3200
2019-01-02T13:06:01.000000,9.23,9.23,9.23,9.23,3000
2019-01-02T13:06:02.000000,9.23,9.23,9.23,9.23,200
2019-01-02T13:06:03.000000,9.23,9.24,9.23,9.24,0
2019-01-02T13:06:04.000000,9.23,9.23,9.23,9.23,1000
2019-01-02T13:06:05.000000,9.23,9.23,9.23,9.23,300
2019-01-02T13:06:06.000000,9.23,9.23,9.23,9.23,8500
2019-01-02T13:06:07.000000,9.23,9.23,9.23,9.23,0
2019-01-02T13:06:08.000000,9.23,9.23,9.23,9.23,0
2019-01-02T13:06:09.000000,9.23,9.23,9.23,9.23,400
2019-01-02T13:06:10.000000,9.23,9.23,9.23,9.23,100
2019-01-02T13:06:11.000000,9.23,9.23,9.23,9.23,1600
2019-01-02T13:06:13.000000,9.24,9.24,9.23,9.23,0
2019-01-02T13:06:14.000000,9.23,9.23,9.23,9.23,1000
2019-01-02T13:06:15.000000,9.23,9.23,9.23,9.23,3100
2019-01-02T13:06:16.000000,9.23,9.23,9.23,9.23,300
2019-01-02T13:06:17.000000,9.23,9.23,9.23,9.23,1700
2019-01-02T13:06:18.000000,9.23,9.23,9.23,9.23,10800
2019-01-02T13:06:19.000000,9.23,9.23,9.23,9.23,0
2019-01-02T13:06:20.000000,9.23,9.23,9.23,9.23,2300
2019-01-02T13:06:23.000000,9.23,9.23,9.23,9.23,1100
2019-01-02T13:06:24.000000,9.23,9.23,9.23,9.23,1900
2019-01-02T13:06:26.000000,9.23,9.23,9.23,9.23,2000
2019-01-02T13:06:27.000000,9.23,9.23,9.23,9.23,3200
2019-01-02T13:06:28.000000,9.23,9.23,9.23,9.23,1000
2019-01-02T13:06:30.000000,9.23,9.23,9.23,9.23,4000
2019-01-02T13:06:31.000000,9.23,9.23,9.23,9.23,1500
2019-01-02T13:06:32.000000,9.23,9.23,9.23,9.23,2900
2019-01-02T13:06:33.000000,9.23,9.23,9.23,9.23,10800
2019-01-02T13:06:34.000000,9.23,9.24,9.23,9.23,83700
2019-01-02T13:06:36.000000,9.23,9.23,9.23,9.23,16000
2019-01-02T13:06:37.000000,9.23,9.24,9.23,9.23,500
2019-01-02T13:06:38.000000,9.23,9.23,9.23,9.23,200
2019-01-02T13:06:39.000000,9.23,9.23,9.23,9.23,1000
2019-01-02T13:06:40.000000,9.23,9.23,9.23,9.23,2900
2019-01-02T13:06:41.000000,9.23,9.23,9.23,9.23,1000
2019-01-02T13:06:42.000000,9.23,9.23,9.23,9.23,100
2019-01-02T13:06:43.000000,9.23,9.24,9.23,9.24,0
2019-01-02T13:06:44.000000,9.23,9.23,9.23,9.23,3400
2019-01-02T13:06:45.000000,9.23,9.24,9.23,9.23,2200
2019-01-02T13:06:46.000000,9.23,9.24,9.23,9.23,0
2019-01-02T13:06:48.000000,9.23,9.23,9.23,9.23,11100
2019-01-02T13:06:49.000000,9.23,9.23,9.23,9.23,100
2019-01-02T13:06:50.000000,9.23,9.23,9.23,9.23,300
2019-01-02T13:06:51.000000,9.23,9.23,9.23,9.23,100
2019-01-02T13:06:52.000000,9.23,9.23,9.23,9.23,0
2019-01-02T13:06:53.000000,9.23,9.23,9.23,9.23,1300
2019-01-02T13:06:55.000000,9.23,9.23,9.23,9.23,11500
2019-01-02T13:06:57.000000,9.23,9.23,9.23,9.23,900
2019-01-02T13:06:58.000000,9.23,9.23,9.23,9.23,2000
2019-01-02T13:06:59.000000,9.23,9.23,9.23,9.23,1000
2019-01-02T13:07:00.000000,9.23,9.23,9.23,9.23,2000
2019-01-02T13:07:02.000000,9.23,9.23,9.23,9.23,0
2019-01-02T13:07:03.000000,9.23,9.23,9.23,9.23,1100
2019-01-02T13:07:04.000000,9.23,9.24,9.23,9.23,19700
2019-01-02T13:07:05.000000,9.23,9.23,9.23,9.23,1300
2019-01-02T13:07:06.000000,9.23,9.23,9.23,9.23,3700
2019-01-02T13:07:07.000000,9.23,9.23,9.23,9.23,7600
2019-01-02T13:07:10.000000,9.23,9.23,9.23,9.23,800
2019-01-02T13:07:11.000000,9.23,9.23,9.23,9.23,2100
2019-01-02T13:07:13.000000,9.23,9.23,9.23,9.23,1100
2019-01-02T13:07:14.000000,9.24,9.24,9.23,9.23,0
2019-01-02T13:07:15.000000,9.23,9.23,9.23,9.23,800
2019-01-02T13:07:17.000000,9.23,9.23,9.23,9.23,1300
2019-01-02T13:07:18.000000,9.23,9.23,9.23,9.23,100
2019-01-02T13:07:21.000000,9.23,9.23,9.23,9.23,3500
2019-01-02T13:07:22.000000,9.23,9.23,9.23,9.23,21000
2019-01-02T13:07:23.000000,9.23,9.24,9.23,9.23,10500
2019-01-02T13:07:25.000000,9.23,9.23,9.23,9.23,0
2019-01-02T13:07:26.000000,9.23,9.23,9.23,9.23,1800
2019-01-02T13:07:28.000000,9.23,9.23,9.23,9.23,10000
2019-01-02T13:07:29.000000,9.23,9.23,9.23,9.23,20000
2019-01-02T13:07:30.000000,9.23,9.23,9.23,9.23,4500
2019-01-02T13:07:31.000000,9.23,9.23,9.23,9.23,100
2019-01-02T13:07:32.000000,9.23,9.23,9.23,9.23,1000
2019-01-02T13:07:33.000000,9.23,9.23,9.23,9.23,3900
2019-01-02T13:07:34.000000,9.23,9.23,9.23,9.23,200
2019-01-02T13:07:35.000000,9.23,9.24,9.23,9.23,5000
2019-01-02T13:07:36.000000,9.23,9.23,9.23,9.23,6800
2019-01-02T13:07:37.000000,9.23,9.23,9.23,9.23,11000
2019-01-02T13:07:39.000000,9.23,9.23,9.23,9.23,1000
2019-01-02T13:07:41.000000,9.23,9.23,9.23,9.23,1100
2019-01-02T13:07:42.000000,9.23,9.23,9.23,9.23,3800
2019-01-02T13:07:43.000000,9.24,9.24,9.23,9.23,1000
2019-01-02T13:07:44.000000,9.23,9.23,9.23,9.23,0
2019-01-02T13:07:45.000000,9.23,9.23,9.23,9.23,4900
2019-01-02T13:07:46.000000,9.23,9.23,9.23,9.23,1500
2019-01-02T13:07:47.000000,9.23,9.23,9.23,9.23,1000
2019-01-02T13:07:48.000000,9.23,9.23,9.23,9.23,1000
2019-01-02T13:07:49.000000,9.23,9.23,9.23,9.23,4600
2019-01-02T13:07:52.000000,9.23,9.23,9.23,9.23,2200
2019-01-02T13:07:53.000000,9.23,9.23,9.23,9.23,6000
2019-01-02T13:07:54.000000,9.23,9.23,9.23,9.23,0
2019-01-02T13:07:55.000000,9.23,9.23,9.23,9.23,3500
2019-01-02T13:07:56.000000,9.23,9.23,9.23,9.23,0
2019-01-02T13:07:58.000000,9.23,9.23,9.23,9.23,800
2019-01-02T13:07:59.000000,9.23,9.23,9.23,9.23,1200
2019-01-02T13:08:00.000000,9.23,9.23,9.23,9.23,200
2019-01-02T13:08:01.000000,9.23,9.23,9.23,9.23,100
2019-01-02T13:08:02.000000,9.23,9.23,9.23,9.23,500
2019-01-02T13:08:04.000000,9.23,9.23,9.23,9.23,1000
2019-01-02T13:08:05.000000,9.23,9.23,9.23,9.23,1000
2019-01-02T13:08:06.000000,9.23,9.23,9.23,9.23,600
2019-01-02T13:08:07.000000,9.23,9.23,9.23,9.23,400
2019-01-02T13:08:08.000000,9.23,9.23,9.23,9.23,2500
2019-01-02T13:08:09.000000,9.23,9.23,9.23,9.23,300
2019-01-02T13:08:10.000000,9.23,9.23,9.23,9.23,600
2019-01-02T13:08:13.000000,9.23,9.23,9.23,9.23,0
2019-01-02T13:08:14.000000,9.23,9.23,9.23,9.23,1000
2019-01-02T13:08:16.000000,9.23,9.23,9.23,9.23,8800
2019-01-02T13:08:17.000000,9.23,9.23,9.23,9.23,300
2019-01-02T13:08:18.000000,9.23,9.23,9.23,9.23,1500
2019-01-02T13:08:19.000000,9.23,9.23,9.23,9.23,1900
2019-01-02T13:08:20.000000,9.23,9.23,9.23,9.23,3000
2019-01-02T13:08:21.000000,9.23,9.23,9.23,9.23,300
2019-01-02T13:08:22.000000,9.23,9.23,9.23,9.23,5000
2019-01-02T13:08:23.000000,9.23,9.23,9.23,9.23,800
2019-01-02T13:08:25.000000,9.23,9.23,9.23,9.23,100
2019-01-02T13:08:26.000000,9.23,9.23,9.23,9.23,1000
2019-01-02T13:08:27.000000,9.23,9.23,9.23,9.23,5500
2019-01-02T13:08:28.000000,9.23,9.23,9.23,9.23,6000
2019-01-02T13:08:29.000000,9.23,9.23,9.23,9.23,0
2019-01-02T13:08:31.000000,9.23,9.23,9.23,9.23,1400
2019-01-02T13:08:32.000000,9.23,9.23,9.23,9.23,4200
2019-01-02T13:08:36.000000,9.23,9.23,9.23,9.23,1000
2019-01-02T13:08:37.000000,9.23,9.23,9.23,9.23,3000
2019-01-02T13:08:38.000000,9.23,9.23,9.23,9.23,11000
2019-01-02T13:08:40.000000,9.23,9.23,9.23,9.23,100
2019-01-02T13:08:41.000000,9.23,9.23,9.23,9.23,13000
2019-01-02T13:08:42.000000,9.23,9.23,9.23,9.23,1200
2019-01-02T13:08:43.000000,9.23,9.23,9.23,9.23,300
2019-01-02T13:08:44.000000,9.23,9.23,9.23,9.23,4300
2019-01-02T13:08:46.000000,9.23,9.23,9.23,9.23,0
2019-01-02T13:08:47.000000,9.23,9.23,9.23,9.23,1700
2019-01-02T13:08:48.000000,9.23,9.23,9.23,9.23,1500
2019-01-02T13:08:50.000000,9.23,9.23,9.23,9.23,6300
2019-01-02T13:08:51.000000,9.23,9.23,9.23,9.23,1100
2019-01-02T13:08:52.000000,9.23,9.23,9.23,9.23,1100
2019-01-02T13:08:53.000000,9.23,9.23,9.23,9.23,2400
2019-01-02T13:08:54.000000,9.23,9.23,9.23,9.23,500
2019-01-02T13:08:56.000000,9.23,9.23,9.23,9.23,6000
2019-01-02T13:08:57.000000,9.23,9.24,9.23,9.23,800
2019-01-02T13:08:58.000000,9.23,9.23,9.23,9.23,11300
2019-01-02T13:08:59.000000,9.23,9.23,9.23,9.23,700
2019-01-02T13:09:00.000000,9.23,9.23,9.23,9.23,1600
2019-01-02T13:09:01.000000,9.23,9.23,9.23,9.23,1500
2019-01-02T13:09:02.000000,9.23,9.23,9.23,9.23,1100
2019-01-02T13:09:03.000000,9.23,9.23,9.23,9.23,15500
2019-01-02T13:09:04.000000,9.23,9.23,9.23,9.23,0
2019-01-02T13:09:05.000000,9.23,9.23,9.23,9.23,200
2019-01-02T13:09:06.000000,9.23,9.23,9.23,9.23,1000
2019-01-02T13:09:07.000000,9.23,9.24,9.23,9.24,1400
2019-01-02T13:09:08.000000,9.23,9.23,9.23,9.23,9100
2019-01-02T13:09:09.000000,9.23,9.23,9.23,9.23,1000
2019-01-02T13:09:10.000000,9.23,9.23,9.23,9.23,3100
2019-01-02T13:09:11.000000,9.23,9.23,9.23,9.23,3100
2019-01-02T13:09:12.000000,9.23,9.23,9.23,9.23,3000
2019-01-02T13:09:13.000000,9.23,9.23,9.23,9.23,2000
2019-01-02T13:09:14.000000,9.23,9.23,9.23,9.23,1000
2019-01-02T13:09:15.000000,9.23,9.23,9.23,9.23,800
2019-01-02T13:09:16.000000,9.23,9.23,9.23,9.23,11100
2019-01-02T13:09:17.000000,9.23,9.23,9.23,9.23,3900
2019-01-02T13:09:19.000000,9.23,9.23,9.23,9.23,100
2019-01-02T13:09:20.000000,9.23,9.23,9.23,9.23,2100
2019-01-02T13:09:21.000000,9.23,9.23,9.23,9.23,100
2019-01-02T13:09:22.000000,9.23,9.23,9.23,9.23,500
2019-01-02T13:09:23.000000,9.23,9.23,9.23,9.23,1100
2019-01-02T13:09:24.000000,9.23,9.23,9.23,9.23,2100
2019-01-02T13:09:25.000000,9.24,9.24,9.23,9.23,3700
2019-01-02T13:09:26.000000,9.23,9.23,9.23,9.23,0
2019-01-02T13:09:27.000000,9.23,9.23,9.23,9.23,500
2019-01-02T13:09:29.000000,9.23,9.23,9.23,9.23,0
2019-01-02T13:09:30.000000,9.23,9.23,9.23,9.23,500
2019-01-02T13:09:31.000000,9.23,9.23,9.23,9.23,5000
2019-01-02T13:09:32.000000,9.23,9.23,9.23,9.23,700
2019-01-02T13:09:33.000000,9.23,9.23,9.23,9.23,800
2019-01-02T13:09:34.000000,9.23,9.23,9.23,9.23,1000
2019-01-02T13:09:37.000000,9.24,9.24,9.23,9.23,2500
2019-01-02T13:09:39.000000,9.23,9.23,9.23,9.23,300
2019-01-02T13:09:40.000000,9.23,9.23,9.23,9.23,10100
2019-01-02T13:09:43.000000,9.23,9.23,9.23,9.23,0
2019-01-02T13:09:44.000000,9.23,9.23,9.23,9.23,2000
2019-01-02T13:09:45.000000,9.23,9.23,9.23,9.23,800
2019-01-02T13:09:46.000000,9.23,9.24,9.23,9.23,200
2019-01-02T13:09:47.000000,9.23,9.23,9.23,9.23,50500
2019-01-02T13:09:48.000000,9.23,9.23,9.23,9.23,13900
2019-01-02T13:09:49.000000,9.23,9.23,9.23,9.23,4100
2019-01-02T13:09:50.000000,9.23,9.23,9.23,9.23,2800
2019-01-02T13:09:51.000000,9.23,9.23,9.23,9.23,11900
2019-01-02T13:09:52.000000,9.23,9.23,9.23,9.23,0
2019-01-02T13:09:54.000000,9.23,9.23,9.23,9.23,100
2019-01-02T13:09:55.000000,9.24,9.24,9.23,9.23,0
2019-01-02T13:09:56.000000,9.23,9.23,9.23,9.23,6400
2019-01-02T13:09:58.000000,9.23,9.23,9.23,9.23,0
2019-01-02T13:09:59.000000,9.23,9.23,9.23,9.23,600
2019-01-02T13:10:00.000000,9.23,9.23,9.23,9.23,4000
2019-01-02T13:10:02.000000,9.23,9.23,9.23,9.23,1500
2019-01-02T13:10:03.000000,9.23,9.23,9.23,9.23,10900
2019-01-02T13:10:04.000000,9.23,9.23,9.23,9.23,0
2019-01-02T13:10:05.000000,9.23,9.24,9.23,9.23,100
2019-01-02T13:10:06.000000,9.23,9.23,9.23,9.23,5300
2019-01-02T13:10:07.000000,9.23,9.23,9.23,9.23,2300
2019-01-02T13:10:08.000000,9.23,9.23,9.23,9.23,21500
2019-01-02T13:10:09.000000,9.23,9.23,9.23,9.23,3100
2019-01-02T13:10:10.000000,9.23,9.23,9.23,9.23,33900
2019-01-02T13:10:12.000000,9.23,9.23,9.23,9.23,5600
2019-01-02T13:10:13.000000,9.23,9.23,9.23,9.23,5200
2019-01-02T13:10:14.000000,9.23,9.23,9.23,9.23,2000
2019-01-02T13:10:15.000000,9.23,9.24,9.23,9.23,8100
2019-01-02T13:10:16.000000,9.23,9.23,9.23,9.23,5000
2019-01-02T13:10:17.000000,9.23,9.23,9.23,9.23,500
2019-01-02T13:10:18.000000,9.23,9.24,9.23,9.23,1300
2019-01-02T13:10:19.000000,9.23,9.23,9.23,9.23,3200
2019-01-02T13:10:20.000000,9.23,9.23,9.23,9.23,200
2019-01-02T13:10:21.000000,9.23,9.23,9.23,9.23,4000
2019-01-02T13:10:22.000000,9.23,9.23,9.23,9.23,0
2019-01-02T13:10:23.000000,9.23,9.23,9.23,9.23,3000
2019-01-02T13:10:25.000000,9.23,9.23,9.23,9.23,500
2019-01-02T13:10:26.000000,9.23,9.24,9.23,9.23,300
2019-01-02T13:10:27.000000,9.23,9.23,9.23,9.23,0
2019-01-02T13:10:29.000000,9.23,9.23,9.23,9.23,4400
2019-01-02T13:10:30.000000,9.23,9.23,9.23,9.23,4100
2019-01-02T13:10:31.000000,9.23,9.23,9.23,9.23,2200
2019-01-02T13:10:32.000000,9.23,9.23,9.23,9.23,4700
2019-01-02T13:10:33.000000,9.23,9.23,9.23,9.23,1000
2019-01-02T13:10:34.000000,9.23,9.23,9.23,9.23,0
2019-01-02T13:10:35.000000,9.23,9.23,9.23,9.23,200
2019-01-02T13:10:36.000000,9.23,9.23,9.23,9.23,4600
2019-01-02T13:10:37.000000,9.23,9.23,9.23,9.23,1000
2019-01-02T13:10:39.000000,9.23,9.23,9.23,9.23,1100
2019-01-02T13:10:41.000000,9.23,9.23,9.23,9.23,400
2019-01-02T13:10:42.000000,9.23,9.23,9.23,9.23,0
2019-01-02T13:10:43.000000,9.23,9.23,9.23,9.23,100
2019-01-02T13:10:44.000000,9.23,9.23,9.23,9.23,0
2019-01-02T13:10:46.000000,9.23,9.23,9.23,9.23,1900
2019-01-02T13:10:47.000000,9.23,9.23,9.23,9.23,1000
2019-01-02T13:10:48.000000,9.23,9.23,9.23,9.23,400
2019-01-02T13:10:49.000000,9.23,9.23,9.23,9.23,6600
2019-01-02T13:10:50.000000,9.23,9.23,9.23,9.23,1000
2019-01-02T13:10:51.000000,9.23,9.23,9.23,9.23,200
2019-01-02T13:10:53.000000,9.23,9.23,9.23,9.23,1300
2019-01-02T13:10:54.000000,9.23,9.23,9.23,9.23,0
2019-01-02T13:10:55.000000,9.23,9.23,9.23,9.23,100
2019-01-02T13:10:56.000000,9.23,9.23,9.23,9.23,33700
2019-01-02T13:10:57.000000,9.23,9.23,9.23,9.23,5000
2019-01-02T13:11:00.000000,9.23,9.23,9.23,9.23,0
2019-01-02T13:11:01.000000,9.23,9.23,9.23,9.23,2200
2019-01-02T13:11:02.000000,9.23,9.23,9.23,9.23,5300
2019-01-02T13:11:03.000000,9.23,9.23,9.23,9.23,2200
2019-01-02T13:11:04.000000,9.23,9.23,9.23,9.23,500
2019-01-02T13:11:05.000000,9.23,9.23,9.23,9.23,100
2019-01-02T13:11:07.000000,9.23,9.23,9.23,9.23,10500
2019-01-02T13:11:08.000000,9.23,9.23,9.23,9.23,11300
2019-01-02T13:11:09.000000,9.23,9.23,9.23,9.23,200
2019-01-02T13:11:10.000000,9.23,9.23,9.23,9.23,200
2019-01-02T13:11:13.000000,9.23,9.23,9.23,9.23,0
2019-01-02T13:11:15.000000,9.23,9.23,9.23,9.23,9800
2019-01-02T13:11:16.000000,9.23,9.23,9.23,9.23,0
2019-01-02T13:11:17.000000,9.23,9.23,9.23,9.23,900
2019-01-02T13:11:18.000000,9.23,9.23,9.23,9.23,3000
2019-01-02T13:11:20.000000,9.23,9.23,9.23,9.23,14100
2019-01-02T13:11:21.000000,9.23,9.23,9.23,9.23,7700
2019-01-02T13:11:22.000000,9.23,9.23,9.23,9.23,0
2019-01-02T13:11:24.000000,9.23,9.23,9.23,9.23,400
2019-01-02T13:11:26.000000,9.23,9.23,9.23,9.23,3300
2019-01-02T13:11:27.000000,9.23,9.23,9.23,9.23,2600
2019-01-02T13:11:29.000000,9.23,9.23,9.23,9.23,4000
2019-01-02T13:11:31.000000,9.23,9.23,9.23,9.23,200
2019-01-02T13:11:33.000000,9.23,9.23,9.23,9.23,1400
2019-01-02T13:11:34.000000,9.23,9.23,9.23,9.23,5000
2019-01-02T13:11:35.000000,9.23,9.23,9.23,9.23,13100
2019-01-02T13:11:36.000000,9.23,9.23,9.23,9.23,1000
2019-01-02T13:11:38.000000,9.23,9.23,9.23,9.23,1000
2019-01-02T13:11:39.000000,9.23,9.23,9.23,9.23,305800
2019-01-02T13:11:42.000000,9.23,9.23,9.23,9.23,1800
2019-01-02T13:11:43.000000,9.23,9.23,9.23,9.23,500
2019-01-02T13:11:44.000000,9.23,9.23,9.23,9.23,200
2019-01-02T13:11:46.000000,9.23,9.23,9.23,9.23,40200
2019-01-02T13:11:47.000000,9.23,9.23,9.23,9.23,500
2019-01-02T13:11:48.000000,9.23,9.23,9.23,9.23,1200
2019-01-02T13:11:49.000000,9.23,9.23,9.23,9.23,2700
2019-01-02T13:11:50.000000,9.23,9.23,9.23,9.23,10800
2019-01-02T13:11:51.000000,9.23,9.23,9.23,9.23,100000
2019-01-02T13:11:52.000000,9.23,9.23,9.23,9.23,33300
2019-01-02T13:11:54.000000,9.23,9.23,9.23,9.23,1000
2019-01-02T13:11:55.000000,9.23,9.23,9.23,9.23,1000
2019-01-02T13:11:56.000000,9.23,9.23,9.23,9.23,4400
2019-01-02T13:11:57.000000,9.23,9.23,9.23,9.23,200000
2019-01-02T13:12:01.000000,9.23,9.23,9.23,9.23,0
2019-01-02T13:12:02.000000,9.23,9.23,9.23,9.23,1300
2019-01-02T13:12:03.000000,9.23,9.23,9.23,9.23,1300
2019-01-02T13:12:04.000000,9.23,9.23,9.23,9.23,0
2019-01-02T13:12:06.000000,9.23,9.23,9.23,9.23,4400
2019-01-02T13:12:09.000000,9.23,9.23,9.23,9.23,2500
2019-01-02T13:12:10.000000,9.23,9.23,9.23,9.23,3600
2019-01-02T13:12:11.000000,9.23,9.23,9.23,9.23,3800
2019-01-02T13:12:12.000000,9.23,9.23,9.23,9.23,1000
2019-01-02T13:12:13.000000,9.23,9.23,9.23,9.23,0
2019-01-02T13:12:14.000000,9.23,9.23,9.23,9.23,3300
2019-01-02T13:12:15.000000,9.23,9.23,9.23,9.23,500
2019-01-02T13:12:17.000000,9.23,9.23,9.23,9.23,2200
2019-01-02T13:12:18.000000,9.23,9.23,9.23,9.23,300
2019-01-02T13:12:19.000000,9.23,9.23,9.23,9.23,3800
2019-01-02T13:12:20.000000,9.23,9.23,9.23,9.23,2000
2019-01-02T13:12:21.000000,9.23,9.23,9.23,9.23,1000
2019-01-02T13:12:23.000000,9.23,9.23,9.23,9.23,0
2019-01-02T13:12:25.000000,9.24,9.24,9.23,9.23,0
2019-01-02T13:12:26.000000,9.23,9.23,9.23,9.23,100
2019-01-02T13:12:27.000000,9.23,9.23,9.23,9.23,11000
2019-01-02T13:12:28.000000,9.23,9.23,9.23,9.23,3400
2019-01-02T13:12:29.000000,9.23,9.24,9.23,9.24,3000
2019-01-02T13:12:30.000000,9.23,9.23,9.23,9.23,11400
2019-01-02T13:12:31.000000,9.23,9.23,9.23,9.23,2700
2019-01-02T13:12:32.000000,9.23,9.23,9.23,9.23,0
2019-01-02T13:12:33.000000,9.23,9.23,9.23,9.23,3100
2019-01-02T13:12:34.000000,9.23,9.23,9.23,9.23,800
2019-01-02T13:12:35.000000,9.23,9.23,9.23,9.23,2000
2019-01-02T13:12:36.000000,9.23,9.23,9.23,9.23,100
2019-01-02T13:12:37.000000,9.24,9.24,9.23,9.23,0
2019-01-02T13:12:38.000000,9.23,9.23,9.23,9.23,300
2019-01-02T13:12:39.000000,9.23,9.23,9.23,9.23,2500
2019-01-02T13:12:41.000000,9.23,9.23,9.23,9.23,5000
2019-01-02T13:12:42.000000,9.23,9.23,9.23,9.23,800
2019-01-02T13:12:43.000000,9.23,9.23,9.23,9.23,1400
2019-01-02T13:12:44.000000,9.23,9.23,9.23,9.23,1000
2019-01-02T13:12:45.000000,9.23,9.23,9.23,9.23,400
2019-01-02T13:12:46.000000,9.23,9.23,9.23,9.23,4700
2019-01-02T13:12:47.000000,9.24,9.24,9.23,9.23,0
2019-01-02T13:12:48.000000,9.23,9.23,9.23,9.23,10900
2019-01-02T13:12:49.000000,9.23,9.23,9.23,9.23,1000
2019-01-02T13:12:50.000000,9.23,9.23,9.23,9.23,2000
2019-01-02T13:12:51.000000,9.23,9.23,9.23,9.23,3800
2019-01-02T13:12:52.000000,9.23,9.23,9.23,9.23,0
2019-01-02T13:12:53.000000,9.23,9.23,9.23,9.23,49100
2019-01-02T13:12:54.000000,9.23,9.23,9.23,9.23,1000
2019-01-02T13:12:55.000000,9.23,9.24,9.23,9.23,4000
2019-01-02T13:12:56.000000,9.23,9.23,9.23,9.23,5400
2019-01-02T13:12:57.000000,9.23,9.23,9.23,9.23,1000
2019-01-02T13:12:58.000000,9.23,9.23,9.23,9.23,500
2019-01-02T13:12:59.000000,9.23,9.23,9.23,9.23,20000
2019-01-02T13:13:00.000000,9.23,9.23,9.23,9.23,1200
2019-01-02T13:13:01.000000,9.23,9.23,9.23,9.23,7200
2019-01-02T13:13:02.000000,9.23,9.23,9.23,9.23,20800
2019-01-02T13:13:03.000000,9.23,9.23,9.23,9.23,14100
2019-01-02T13:13:04.000000,9.23,9.23,9.23,9.23,1200
2019-01-02T13:13:05.000000,9.23,9.24,9.23,9.23,2000
2019-01-02T13:13:06.000000,9.23,9.23,9.23,9.23,3400
2019-01-02T13:13:07.000000,9.23,9.23,9.23,9.23,0
2019-01-02T13:13:09.000000,9.23,9.23,9.23,9.23,300
2019-01-02T13:13:11.000000,9.23,9.23,9.23,9.23,0
2019-01-02T13:13:12.000000,9.23,9.23,9.23,9.23,0
2019-01-02T13:13:13.000000,9.23,9.23,9.23,9.23,1200
2019-01-02T13:13:15.000000,9.23,9.23,9.23,9.23,16200
2019-01-02T13:13:16.000000,9.23,9.23,9.23,9.23,1500
2019-01-02T13:13:18.000000,9.23,9.23,9.23,9.23,11000
2019-01-02T13:13:19.000000,9.23,9.23,9.23,9.23,0
2019-01-02T13:13:22.000000,9.23,9.23,9.23,9.23,1000
2019-01-02T13:13:26.000000,9.23,9.23,9.23,9.23,1500
2019-01-02T13:13:27.000000,9.23,9.23,9.23,9.23,1100
2019-01-02T13:13:28.000000,9.23,9.23,9.23,9.23,4300
2019-01-02T13:13:29.000000,9.23,9.23,9.23,9.23,7300
2019-01-02T13:13:30.000000,9.23,9.23,9.23,9.23,1700
2019-01-02T13:13:31.000000,9.23,9.23,9.23,9.23,1100
2019-01-02T13:13:32.000000,9.23,9.23,9.23,9.23,7200
2019-01-02T13:13:33.000000,9.23,9.23,9.23,9.23,600
2019-01-02T13:13:34.000000,9.23,9.23,9.23,9.23,1000
2019-01-02T13:13:37.000000,9.23,9.23,9.23,9.23,1100
2019-01-02T13:13:38.000000,9.23,9.23,9.23,9.23,500
2019-01-02T13:13:39.000000,9.23,9.23,9.23,9.23,4400
2019-01-02T13:13:40.000000,9.23,9.23,9.23,9.23,0
2019-01-02T13:13:41.000000,9.23,9.23,9.23,9.23,11100
2019-01-02T13:13:42.000000,9.23,9.23,9.23,9.23,2500
2019-01-02T13:13:43.000000,9.23,9.23,9.23,9.23,700
2019-01-02T13:13:44.000000,9.23,9.23,9.23,9.23,5400
2019-01-02T13:13:45.000000,9.23,9.23,9.23,9.23,1300
2019-01-02T13:13:46.000000,9.23,9.24,9.23,9.23,60000
2019-01-02T13:13:47.000000,9.23,9.23,9.23,9.23,200
2019-01-02T13:13:48.000000,9.23,9.23,9.23,9.23,3000
2019-01-02T13:13:49.000000,9.23,9.23,9.23,9.23,0
2019-01-02T13:13:50.000000,9.23,9.23,9.23,9.23,5000
2019-01-02T13:13:51.000000,9.23,9.23,9.23,9.23,500
2019-01-02T13:13:52.000000,9.23,9.23,9.23,9.23,1700
2019-01-02T13:13:53.000000,9.23,9.23,9.23,9.23,5000
2019-01-02T13:13:54.000000,9.23,9.23,9.23,9.23,300
2019-01-02T13:13:55.000000,9.23,9.23,9.23,9.23,6100
2019-01-02T13:13:56.000000,9.23,9.23,9.23,9.23,1300
2019-01-02T13:13:57.000000,9.23,9.23,9.23,9.23,4000
2019-01-02T13:13:58.000000,9.23,9.23,9.23,9.23,2000
2019-01-02T13:13:59.000000,9.23,9.23,9.23,9.23,1200
2019-01-02T13:14:00.000000,9.23,9.23,9.23,9.23,10000
2019-01-02T13:14:01.000000,9.23,9.23,9.23,9.23,1000
2019-01-02T13:14:02.000000,9.23,9.23,9.23,9.23,7300
2019-01-02T13:14:03.000000,9.23,9.23,9.23,9.23,5000
2019-01-02T13:14:04.000000,9.23,9.23,9.23,9.23,0
2019-01-02T13:14:05.000000,9.23,9.23,9.23,9.23,0
2019-01-02T13:14:06.000000,9.23,9.23,9.23,9.23,4300
2019-01-02T13:14:07.000000,9.23,9.23,9.23,9.23,1200
2019-01-02T13:14:08.000000,9.23,9.23,9.23,9.23,500
2019-01-02T13:14:09.000000,9.23,9.23,9.23,9.23,4000
2019-01-02T13:14:10.000000,9.23,9.23,9.23,9.23,0
2019-01-02T13:14:11.000000,9.23,9.23,9.23,9.23,1600
2019-01-02T13:14:13.000000,9.23,9.23,9.23,9.23,8000
2019-01-02T13:14:14.000000,9.23,9.23,9.23,9.23,5400
2019-01-02T13:14:15.000000,9.23,9.23,9.23,9.23,500
2019-01-02T13:14:17.000000,9.23,9.23,9.23,9.23,13400
2019-01-02T13:14:18.000000,9.23,9.23,9.23,9.23,0
2019-01-02T13:14:19.000000,9.23,9.23,9.23,9.23,700
2019-01-02T13:14:21.000000,9.23,9.23,9.23,9.23,8400
2019-01-02T13:14:22.000000,9.23,9.23,9.23,9.23,6000
2019-01-02T13:14:23.000000,9.23,9.23,9.23,9.23,200
2019-01-02T13:14:24.000000,9.23,9.23,9.23,9.23,0
2019-01-02T13:14:25.000000,9.23,9.23,9.23,9.23,3500
2019-01-02T13:14:26.000000,9.23,9.23,9.23,9.23,500
2019-01-02T13:14:27.000000,9.23,9.23,9.23,9.23,13000
2019-01-02T13:14:28.000000,9.23,9.23,9.23,9.23,600
2019-01-02T13:14:29.000000,9.23,9.23,9.23,9.23,2000
2019-01-02T13:14:30.000000,9.23,9.23,9.23,9.23,1800
2019-01-02T13:14:31.000000,9.23,9.23,9.23,9.23,400
2019-01-02T13:14:32.000000,9.23,9.23,9.23,9.23,9100
2019-01-02T13:14:33.000000,9.23,9.23,9.23,9.23,100
2019-01-02T13:14:34.000000,9.23,9.23,9.23,9.23,4700
2019-01-02T13:14:35.000000,9.23,9.23,9.23,9.23,0
2019-01-02T13:14:36.000000,9.23,9.23,9.23,9.23,0
2019-01-02T13:14:37.000000,9.23,9.23,9.23,9.23,2400
2019-01-02T13:14:38.000000,9.23,9.23,9.23,9.23,300
2019-01-02T13:14:39.000000,9.23,9.23,9.23,9.23,0
2019-01-02T13:14:40.000000,9.23,9.23,9.23,9.23,43800
2019-01-02T13:14:41.000000,9.23,9.23,9.23,9.23,5000
2019-01-02T13:14:42.000000,9.23,9.23,9.23,9.23,0
2019-01-02T13:14:43.000000,9.23,9.23,9.23,9.23,2000
2019-01-02T13:14:44.000000,9.23,9.23,9.23,9.23,3000
2019-01-02T13:14:45.000000,9.23,9.23,9.23,9.23,100
2019-01-02T13:14:46.000000,9.23,9.23,9.23,9.23,0
2019-01-02T13:14:48.000000,9.23,9.23,9.23,9.23,7000
2019-01-02T13:14:49.000000,9.23,9.23,9.23,9.23,4200
2019-01-02T13:14:50.000000,9.23,9.23,9.23,9.23,3500
2019-01-02T13:14:51.000000,9.23,9.23,9.23,9.23,76600
2019-01-02T13:14:52.000000,9.23,9.23,9.23,9.23,17800
2019-01-02T13:14:53.000000,9.23,9.23,9.23,9.23,500
2019-01-02T13:14:54.000000,9.23,9.23,9.23,9.23,2700
2019-01-02T13:14:55.000000,9.23,9.23,9.23,9.23,0
2019-01-02T13:14:56.000000,9.23,9.23,9.23,9.23,100
2019-01-02T13:14:57.000000,9.23,9.23,9.23,9.23,900
2019-01-02T13:14:58.000000,9.23,9.23,9.23,9.23,3800
2019-01-02T13:14:59.000000,9.23,9.23,9.23,9.23,1000
2019-01-02T13:15:00.000000,9.23,9.23,9.23,9.23,9000
2019-01-02T13:15:01.000000,9.23,9.23,9.23,9.23,1000
2019-01-02T13:15:02.000000,9.23,9.23,9.23,9.23,8200
2019-01-02T13:15:04.000000,9.23,9.23,9.23,9.23,1000
2019-01-02T13:15:05.000000,9.23,9.23,9.23,9.23,21500
2019-01-02T13:15:06.000000,9.23,9.23,9.23,9.23,6000
2019-01-02T13:15:07.000000,9.23,9.23,9.23,9.23,300
2019-01-02T13:15:08.000000,9.23,9.23,9.23,9.23,3000
2019-01-02T13:15:09.000000,9.23,9.23,9.23,9.23,7400
2019-01-02T13:15:10.000000,9.23,9.23,9.23,9.23,1100
2019-01-02T13:15:11.000000,9.23,9.23,9.23,9.23,1000
2019-01-02T13:15:12.000000,9.23,9.23,9.23,9.23,1300
2019-01-02T13:15:13.000000,9.23,9.23,9.23,9.23,1800
2019-01-02T13:15:14.000000,9.23,9.23,9.23,9.23,1400
2019-01-02T13:15:16.000000,9.23,9.23,9.23,9.23,5600
2019-01-02T13:15:17.000000,9.23,9.23,9.23,9.23,500
2019-01-02T13:15:18.000000,9.23,9.23,9.23,9.23,4800
2019-01-02T13:15:19.000000,9.23,9.23,9.23,9.23,1900
2019-01-02T13:15:20.000000,9.23,9.23,9.23,9.23,2000
2019-01-02T13:15:21.000000,9.23,9.23,9.23,9.23,300
2019-01-02T13:15:22.000000,9.23,9.23,9.23,9.23,100
2019-01-02T13:15:23.000000,9.23,9.23,9.23,9.23,2000
2019-01-02T13:15:24.000000,9.23,9.23,9.23,9.23,500
2019-01-02T13:15:25.000000,9.23,9.23,9.23,9.23,2200
2019-01-02T13:15:26.000000,9.23,9.23,9.23,9.23,400
2019-01-02T13:15:27.000000,9.23,9.23,9.23,9.23,3200
2019-01-02T13:15:28.000000,9.23,9.23,9.23,9.23,200
2019-01-02T13:15:29.000000,9.23,9.23,9.23,9.23,0
2019-01-02T13:15:30.000000,9.23,9.23,9.23,9.23,6000
2019-01-02T13:15:31.000000,9.23,9.23,9.23,9.23,500
2019-01-02T13:15:32.000000,9.23,9.23,9.23,9.23,3300
2019-01-02T13:15:34.000000,9.23,9.23,9.23,9.23,1000
2019-01-02T13:15:35.000000,9.23,9.23,9.23,9.23,1500
2019-01-02T13:15:36.000000,9.23,9.23,9.23,9.23,2300
2019-01-02T13:15:37.000000,9.23,9.23,9.23,9.23,300
2019-01-02T13:15:38.000000,9.23,9.23,9.23,9.23,8300
2019-01-02T13:15:39.000000,9.23,9.23,9.23,9.23,0
2019-01-02T13:15:40.000000,9.23,9.24,9.23,9.23,2700
2019-01-02T13:15:41.000000,9.23,9.23,9.23,9.23,0
2019-01-02T13:15:42.000000,9.23,9.23,9.23,9.23,1600
2019-01-02T13:15:43.000000,9.23,9.23,9.23,9.23,1000
2019-01-02T13:15:44.000000,9.23,9.23,9.23,9.23,2300
2019-01-02T13:15:45.000000,9.23,9.23,9.23,9.23,500
2019-01-02T13:15:47.000000,9.23,9.23,9.23,9.23,0
2019-01-02T13:15:48.000000,9.23,9.23,9.23,9.23,11300
2019-01-02T13:15:49.000000,9.23,9.23,9.23,9.23,1100
2019-01-02T13:15:50.000000,9.23,9.23,9.23,9.23,1000
2019-01-02T13:15:51.000000,9.23,9.23,9.23,9.23,900
2019-01-02T13:15:52.000000,9.23,9.23,9.23,9.23,0
2019-01-02T13:15:53.000000,9.23,9.23,9.23,9.23,5000
2019-01-02T13:15:54.000000,9.23,9.23,9.23,9.23,3000
2019-01-02T13:15:55.000000,9.23,9.23,9.23,9.23,2000
2019-01-02T13:15:56.000000,9.23,9.23,9.23,9.23,0
2019-01-02T13:15:57.000000,9.23,9.23,9.23,9.23,400
2019-01-02T13:15:58.000000,9.23,9.23,9.23,9.23,3600
2019-01-02T13:15:59.000000,9.23,9.23,9.23,9.23,1100
2019-01-02T13:16:01.000000,9.23,9.23,9.23,9.23,400
2019-01-02T13:16:02.000000,9.23,9.23,9.23,9.23,2000
2019-01-02T13:16:03.000000,9.23,9.23,9.23,9.23,0
2019-01-02T13:16:04.000000,9.23,9.23,9.23,9.23,5300
2019-01-02T13:16:05.000000,9.23,9.23,9.23,9.23,56100
2019-01-02T13:16:06.000000,9.23,9.23,9.23,9.23,2100
2019-01-02T13:16:07.000000,9.23,9.23,9.23,9.23,400
2019-01-02T13:16:08.000000,9.23,9.23,9.23,9.23,1300
2019-01-02T13:16:09.000000,9.23,9.23,9.23,9.23,0
2019-01-02T13:16:11.000000,9.23,9.23,9.23,9.23,10500
2019-01-02T13:16:12.000000,9.23,9.23,9.23,9.23,5600
2019-01-02T13:16:13.000000,9.23,9.23,9.23,9.23,0
2019-01-02T13:16:14.000000,9.23,9.23,9.23,9.23,15400
2019-01-02T13:16:17.000000,9.23,9.23,9.23,9.23,100
2019-01-02T13:16:18.000000,9.23,9.23,9.23,9.23,500
2019-01-02T13:16:19.000000,9.23,9.23,9.23,9.23,500
2019-01-02T13:16:20.000000,9.23,9.23,9.23,9.23,1500
2019-01-02T13:16:21.000000,9.23,9.23,9.23,9.23,1400
2019-01-02T13:16:22.000000,9.23,9.23,9.23,9.23,2500
2019-01-02T13:16:23.000000,9.23,9.23,9.23,9.23,100
2019-01-02T13:16:25.000000,9.23,9.23,9.23,9.23,3200
2019-01-02T13:16:26.000000,9.23,9.23,9.23,9.23,20300
2019-01-02T13:16:27.000000,9.23,9.23,9.23,9.23,0
2019-01-02T13:16:28.000000,9.23,9.23,9.23,9.23,0
2019-01-02T13:16:29.000000,9.23,9.23,9.23,9.23,7100
2019-01-02T13:16:30.000000,9.23,9.23,9.23,9.23,1200
2019-01-02T13:16:31.000000,9.23,9.23,9.23,9.23,4000
2019-01-02T13:16:32.000000,9.23,9.23,9.23,9.23,1000
2019-01-02T13:16:33.000000,9.23,9.23,9.23,9.23,5100
2019-01-02T13:16:35.000000,9.23,9.23,9.23,9.23,0
2019-01-02T13:16:36.000000,9.23,9.23,9.23,9.23,500
2019-01-02T13:16:37.000000,9.23,9.23,9.23,9.23,1300
2019-01-02T13:16:40.000000,9.23,9.23,9.23,9.23,0
2019-01-02T13:16:41.000000,9.23,9.23,9.23,9.23,2600
2019-01-02T13:16:42.000000,9.23,9.23,9.23,9.23,0
2019-01-02T13:16:43.000000,9.23,9.23,9.23,9.23,1100
2019-01-02T13:16:44.000000,9.23,9.23,9.23,9.23,300
2019-01-02T13:16:45.000000,9.23,9.23,9.23,9.23,3900
2019-01-02T13:16:46.000000,9.23,9.23,9.23,9.23,2300
2019-01-02T13:16:47.000000,9.23,9.23,9.23,9.23,4300
2019-01-02T13:16:48.000000,9.23,9.23,9.23,9.23,0
2019-01-02T13:16:49.000000,9.23,9.23,9.23,9.23,5600
2019-01-02T13:16:51.000000,9.23,9.23,9.23,9.23,1900
2019-01-02T13:16:52.000000,9.23,9.23,9.23,9.23,1600
2019-01-02T13:16:53.000000,9.23,9.23,9.23,9.23,5000
2019-01-02T13:16:54.000000,9.23,9.23,9.23,9.23,1400
2019-01-02T13:16:55.000000,9.23,9.23,9.23,9.23,3300
2019-01-02T13:16:57.000000,9.23,9.23,9.23,9.23,11000
2019-01-02T13:16:58.000000,9.23,9.23,9.23,9.23,3500
2019-01-02T13:16:59.000000,9.23,9.23,9.23,9.23,2000
2019-01-02T13:17:00.000000,9.23,9.23,9.23,9.23,21400
2019-01-02T13:17:01.000000,9.23,9.23,9.23,9.23,5000
2019-01-02T13:17:02.000000,9.23,9.23,9.23,9.23,5600
2019-01-02T13:17:04.000000,9.23,9.24,9.23,9.23,500
2019-01-02T13:17:05.000000,9.23,9.23,9.23,9.23,400
2019-01-02T13:17:06.000000,9.23,9.23,9.23,9.23,200
2019-01-02T13:17:07.000000,9.23,9.23,9.23,9.23,100
2019-01-02T13:17:08.000000,9.23,9.23,9.23,9.23,300
2019-01-02T13:17:09.000000,9.23,9.23,9.23,9.23,500
2019-01-02T13:17:10.000000,9.23,9.23,9.23,9.23,200
2019-01-02T13:17:11.000000,9.23,9.23,9.23,9.23,2000
2019-01-02T13:17:12.000000,9.23,9.23,9.23,9.23,1400
2019-01-02T13:17:13.000000,9.23,9.23,9.23,9.23,10900
2019-01-02T13:17:15.000000,9.23,9.23,9.23,9.23,0
2019-01-02T13:17:16.000000,9.23,9.23,9.23,9.23,14800
2019-01-02T13:17:17.000000,9.23,9.23,9.23,9.23,3600
2019-01-02T13:17:18.000000,9.23,9.23,9.23,9.23,600
2019-01-02T13:17:19.000000,9.23,9.23,9.23,9.23,3200
2019-01-02T13:17:20.000000,9.23,9.23,9.23,9.23,1600
2019-01-02T13:17:21.000000,9.23,9.23,9.23,9.23,41000
2019-01-02T13:17:22.000000,9.23,9.23,9.23,9.23,1200
2019-01-02T13:17:23.000000,9.23,9.23,9.23,9.23,6600
2019-01-02T13:17:24.000000,9.23,9.23,9.23,9.23,1700
2019-01-02T13:17:25.000000,9.23,9.23,9.23,9.23,0
2019-01-02T13:17:26.000000,9.23,9.23,9.23,9.23,14700
2019-01-02T13:17:27.000000,9.23,9.23,9.23,9.23,77600
2019-01-02T13:17:28.000000,9.23,9.23,9.23,9.23,2000
2019-01-02T13:17:29.000000,9.23,9.23,9.23,9.23,2600
2019-01-02T13:17:30.000000,9.23,9.23,9.23,9.23,1700
2019-01-02T13:17:31.000000,9.23,9.23,9.23,9.23,3100
2019-01-02T13:17:32.000000,9.23,9.23,9.23,9.23,0
2019-01-02T13:17:33.000000,9.23,9.23,9.23,9.23,7700
2019-01-02T13:17:34.000000,9.23,9.23,9.23,9.23,500
2019-01-02T13:17:35.000000,9.23,9.23,9.23,9.23,5000
2019-01-02T13:17:36.000000,9.23,9.23,9.23,9.23,2900
2019-01-02T13:17:38.000000,9.23,9.23,9.23,9.23,4500
2019-01-02T13:17:39.000000,9.23,9.23,9.23,9.23,300
2019-01-02T13:17:40.000000,9.23,9.23,9.23,9.23,1300
2019-01-02T13:17:41.000000,9.23,9.23,9.23,9.23,42200
2019-01-02T13:17:42.000000,9.23,9.23,9.23,9.23,0
2019-01-02T13:17:43.000000,9.23,9.23,9.23,9.23,100
2019-01-02T13:17:44.000000,9.23,9.23,9.23,9.23,11000
2019-01-02T13:17:45.000000,9.23,9.23,9.23,9.23,1000
2019-01-02T13:17:46.000000,9.23,9.23,9.23,9.23,3100
2019-01-02T13:17:47.000000,9.23,9.23,9.23,9.23,1600
2019-01-02T13:17:48.000000,9.23,9.23,9.23,9.23,1300
2019-01-02T13:17:49.000000,9.23,9.23,9.23,9.23,0
2019-01-02T13:17:50.000000,9.23,9.23,9.23,9.23,1000
2019-01-02T13:17:51.000000,9.23,9.23,9.23,9.23,6600
2019-01-02T13:17:52.000000,9.23,9.23,9.23,9.23,3300
2019-01-02T13:17:53.000000,9.23,9.23,9.23,9.23,0
2019-01-02T13:17:54.000000,9.23,9.23,9.23,9.23,3300
2019-01-02T13:17:55.000000,9.23,9.23,9.23,9.23,700
2019-01-02T13:17:57.000000,9.23,9.23,9.23,9.23,1500
2019-01-02T13:17:58.000000,9.23,9.23,9.23,9.23,2000
2019-01-02T13:17:59.000000,9.23,9.23,9.23,9.23,0
2019-01-02T13:18:00.000000,9.23,9.23,9.23,9.23,0
2019-01-02T13:18:01.000000,9.23,9.23,9.23,9.23,1000
2019-01-02T13:18:02.000000,9.23,9.23,9.23,9.23,1100
2019-01-02T13:18:03.000000,9.23,9.23,9.23,9.23,2900
2019-01-02T13:18:04.000000,9.23,9.23,9.23,9.23,1900
2019-01-02T13:18:05.000000,9.23,9.23,9.23,9.23,5000
2019-01-02T13:18:06.000000,9.23,9.23,9.23,9.23,2600
2019-01-02T13:18:07.000000,9.23,9.23,9.23,9.23,100
2019-01-02T13:18:08.000000,9.23,9.23,9.23,9.23,44700
2019-01-02T13:18:09.000000,9.23,9.23,9.23,9.23,2000
2019-01-02T13:18:10.000000,9.23,9.23,9.23,9.23,0
2019-01-02T13:18:11.000000,9.23,9.23,9.23,9.23,0
2019-01-02T13:18:12.000000,9.23,9.23,9.23,9.23,11900
2019-01-02T13:18:13.000000,9.23,9.23,9.23,9.23,0
2019-01-02T13:18:14.000000,9.23,9.23,9.23,9.23,0
2019-01-02T13:18:15.000000,9.23,9.23,9.23,9.23,3100
2019-01-02T13:18:16.000000,9.23,9.23,9.23,9.23,3000
2019-01-02T13:18:17.000000,9.23,9.23,9.23,9.23,5500
2019-01-02T13:18:18.000000,9.23,9.23,9.23,9.23,19800
2019-01-02T13:18:19.000000,9.23,9.23,9.23,9.23,10500
2019-01-02T13:18:20.000000,9.23,9.23,9.23,9.23,4000
2019-01-02T13:18:21.000000,9.23,9.23,9.23,9.23,2200
2019-01-02T13:18:22.000000,9.23,9.23,9.23,9.23,3900
2019-01-02T13:18:23.000000,9.23,9.23,9.23,9.23,0
2019-01-02T13:18:24.000000,9.23,9.23,9.23,9.23,1000
2019-01-02T13:18:25.000000,9.23,9.23,9.23,9.23,1200
2019-01-02T13:18:26.000000,9.23,9.23,9.23,9.23,2300
2019-01-02T13:18:27.000000,9.23,9.23,9.23,9.23,21600
2019-01-02T13:18:28.000000,9.23,9.23,9.23,9.23,500
2019-01-02T13:18:29.000000,9.23,9.23,9.23,9.23,500
2019-01-02T13:18:30.000000,9.23,9.23,9.23,9.23,3400
2019-01-02T13:18:31.000000,9.23,9.23,9.23,9.23,4100
2019-01-02T13:18:32.000000,9.23,9.23,9.23,9.23,300
2019-01-02T13:18:33.000000,9.23,9.23,9.23,9.23,10300
2019-01-02T13:18:34.000000,9.23,9.23,9.23,9.23,2700
2019-01-02T13:18:35.000000,9.23,9.23,9.23,9.23,0
2019-01-02T13:18:36.000000,9.23,9.23,9.23,9.23,200
2019-01-02T13:18:37.000000,9.23,9.23,9.23,9.23,11100
2019-01-02T13:18:38.000000,9.23,9.23,9.23,9.23,0
2019-01-02T13:18:39.000000,9.23,9.23,9.23,9.23,1000
2019-01-02T13:18:40.000000,9.23,9.23,9.23,9.23,4600
2019-01-02T13:18:41.000000,9.23,9.23,9.23,9.23,2200
2019-01-02T13:18:42.000000,9.23,9.23,9.23,9.23,2000
2019-01-02T13:18:43.000000,9.23,9.23,9.23,9.23,2200
2019-01-02T13:18:44.000000,9.23,9.23,9.23,9.23,400
2019-01-02T13:18:45.000000,9.23,9.23,9.23,9.23,10500
2019-01-02T13:18:46.000000,9.23,9.23,9.23,9.23,3000
2019-01-02T13:18:47.000000,9.23,9.23,9.23,9.23,500
2019-01-02T13:18:48.000000,9.23,9.23,9.23,9.23,1700
2019-01-02T13:18:49.000000,9.23,9.23,9.23,9.23,2200
2019-01-02T13:18:50.000000,9.23,9.23,9.23,9.23,2700
2019-01-02T13:18:51.000000,9.23,9.23,9.23,9.23,20000
2019-01-02T13:18:52.000000,9.23,9.23,9.23,9.23,7200
2019-01-02T13:18:53.000000,9.23,9.23,9.23,9.23,4100
2019-01-02T13:18:54.000000,9.23,9.23,9.23,9.23,1600
2019-01-02T13:18:55.000000,9.23,9.23,9.23,9.23,1200
2019-01-02T13:18:57.000000,9.23,9.23,9.23,9.23,20200
2019-01-02T13:18:58.000000,9.23,9.23,9.23,9.23,1000
2019-01-02T13:18:59.000000,9.23,9.23,9.23,9.23,20100
2019-01-02T13:19:00.000000,9.23,9.23,9.23,9.23,0
2019-01-02T13:19:01.000000,9.23,9.23,9.23,9.23,7500
2019-01-02T13:19:02.000000,9.23,9.23,9.23,9.23,8700
2019-01-02T13:19:03.000000,9.23,9.23,9.23,9.23,88400
2019-01-02T13:19:04.000000,9.23,9.23,9.23,9.23,2800
2019-01-02T13:19:05.000000,9.23,9.23,9.23,9.23,500
2019-01-02T13:19:06.000000,9.23,9.23,9.23,9.23,25800
2019-01-02T13:19:07.000000,9.23,9.23,9.23,9.23,900
2019-01-02T13:19:08.000000,9.23,9.23,9.23,9.23,0
2019-01-02T13:19:09.000000,9.23,9.23,9.23,9.23,1500
2019-01-02T13:19:10.000000,9.23,9.23,9.23,9.23,300
2019-01-02T13:19:11.000000,9.23,9.23,9.23,9.23,1800
2019-01-02T13:19:12.000000,9.23,9.23,9.23,9.23,6900
2019-01-02T13:19:13.000000,9.23,9.23,9.23,9.23,2500
2019-01-02T13:19:14.000000,9.23,9.23,9.23,9.23,1100
2019-01-02T13:19:15.000000,9.23,9.23,9.23,9.23,15400
2019-01-02T13:19:17.000000,9.23,9.23,9.23,9.23,300
2019-01-02T13:19:18.000000,9.23,9.23,9.23,9.23,1700
2019-01-02T13:19:19.000000,9.23,9.23,9.23,9.23,2200
2019-01-02T13:19:20.000000,9.23,9.23,9.23,9.23,2500
2019-01-02T13:19:21.000000,9.23,9.23,9.23,9.23,0
2019-01-02T13:19:22.000000,9.23,9.23,9.23,9.23,20400
2019-01-02T13:19:23.000000,9.23,9.23,9.23,9.23,1400
2019-01-02T13:19:24.000000,9.23,9.23,9.23,9.23,8300
2019-01-02T13:19:25.000000,9.23,9.23,9.23,9.23,10000
2019-01-02T13:19:27.000000,9.23,9.23,9.23,9.23,3400
2019-01-02T13:19:28.000000,9.23,9.23,9.23,9.23,3000
2019-01-02T13:19:29.000000,9.23,9.23,9.23,9.23,6500
2019-01-02T13:19:30.000000,9.23,9.23,9.23,9.23,1700
2019-01-02T13:19:31.000000,9.23,9.23,9.23,9.23,1500
2019-01-02T13:19:32.000000,9.23,9.23,9.23,9.23,0
2019-01-02T13:19:33.000000,9.23,9.23,9.23,9.23,3600
2019-01-02T13:19:34.000000,9.23,9.23,9.23,9.23,1200
2019-01-02T13:19:35.000000,9.23,9.23,9.23,9.23,5000
2019-01-02T13:19:36.000000,9.23,9.23,9.23,9.23,5400
2019-01-02T13:19:37.000000,9.23,9.23,9.23,9.23,0
2019-01-02T13:19:38.000000,9.23,9.23,9.23,9.23,7200
2019-01-02T13:19:39.000000,9.23,9.23,9.23,9.23,3900
2019-01-02T13:19:40.000000,9.23,9.23,9.23,9.23,2300
2019-01-02T13:19:41.000000,9.23,9.23,9.23,9.23,2200
2019-01-02T13:19:42.000000,9.23,9.23,9.23,9.23,22200
2019-01-02T13:19:43.000000,9.23,9.23,9.23,9.23,13800
2019-01-02T13:19:44.000000,9.23,9.23,9.23,9.23,2100
2019-01-02T13:19:45.000000,9.23,9.23,9.23,9.23,300
2019-01-02T13:19:46.000000,9.23,9.23,9.23,9.23,0
2019-01-02T13:19:47.000000,9.23,9.23,9.23,9.23,7900
2019-01-02T13:19:48.000000,9.23,9.23,9.23,9.23,500
2019-01-02T13:19:49.000000,9.23,9.23,9.23,9.23,4000
2019-01-02T13:19:50.000000,9.23,9.23,9.23,9.23,0
2019-01-02T13:19:51.000000,9.23,9.23,9.23,9.23,8600
2019-01-02T13:19:52.000000,9.23,9.23,9.23,9.23,8000
2019-01-02T13:19:53.000000,9.23,9.23,9.23,9.23,5100
2019-01-02T13:19:54.000000,9.23,9.23,9.23,9.23,21100
2019-01-02T13:19:55.000000,9.23,9.24,9.23,9.23,10000
2019-01-02T13:19:56.000000,9.23,9.23,9.23,9.23,79300
2019-01-02T13:19:57.000000,9.23,9.23,9.23,9.23,3900
2019-01-02T13:19:58.000000,9.23,9.23,9.23,9.23,100
2019-01-02T13:19:59.000000,9.23,9.23,9.23,9.23,43200
2019-01-02T13:20:00.000000,9.23,9.23,9.23,9.23,2200
2019-01-02T13:20:01.000000,9.23,9.23,9.23,9.23,3500
2019-01-02T13:20:02.000000,9.23,9.23,9.23,9.23,900
2019-01-02T13:20:03.000000,9.23,9.23,9.23,9.23,7200
2019-01-02T13:20:04.000000,9.23,9.23,9.23,9.23,200
2019-01-02T13:20:06.000000,9.23,9.23,9.23,9.23,1800
2019-01-02T13:20:07.000000,9.23,9.23,9.23,9.23,7900
2019-01-02T13:20:09.000000,9.23,9.23,9.23,9.23,5000
2019-01-02T13:20:10.000000,9.23,9.23,9.23,9.23,36600
2019-01-02T13:20:11.000000,9.23,9.23,9.23,9.23,2200
2019-01-02T13:20:12.000000,9.23,9.23,9.23,9.23,1100
2019-01-02T13:20:13.000000,9.23,9.23,9.23,9.23,1000
2019-01-02T13:20:14.000000,9.23,9.23,9.23,9.23,1000
2019-01-02T13:20:15.000000,9.23,9.23,9.23,9.23,0
2019-01-02T13:20:16.000000,9.23,9.23,9.23,9.23,0
2019-01-02T13:20:17.000000,9.23,9.23,9.23,9.23,9400
2019-01-02T13:20:18.000000,9.23,9.23,9.23,9.23,100
2019-01-02T13:20:19.000000,9.23,9.23,9.23,9.23,1000
2019-01-02T13:20:20.000000,9.23,9.23,9.23,9.23,3800
2019-01-02T13:20:21.000000,9.23,9.23,9.23,9.23,1000
2019-01-02T13:20:22.000000,9.23,9.23,9.23,9.23,900
2019-01-02T13:20:23.000000,9.23,9.23,9.23,9.23,5400
2019-01-02T13:20:24.000000,9.23,9.23,9.23,9.23,1000
2019-01-02T13:20:25.000000,9.23,9.23,9.23,9.23,1300
2019-01-02T13:20:26.000000,9.23,9.23,9.23,9.23,3200
2019-01-02T13:20:27.000000,9.23,9.23,9.23,9.23,4700
2019-01-02T13:20:28.000000,9.23,9.23,9.23,9.23,0
2019-01-02T13:20:29.000000,9.23,9.23,9.23,9.23,2900
2019-01-02T13:20:30.000000,9.23,9.23,9.23,9.23,700
2019-01-02T13:20:31.000000,9.23,9.23,9.23,9.23,1900
2019-01-02T13:20:32.000000,9.23,9.23,9.23,9.23,3000
2019-01-02T13:20:33.000000,9.23,9.23,9.23,9.23,100
2019-01-02T13:20:34.000000,9.23,9.23,9.23,9.23,500
2019-01-02T13:20:35.000000,9.23,9.23,9.23,9.23,500
2019-01-02T13:20:36.000000,9.23,9.23,9.23,9.23,0
2019-01-02T13:20:37.000000,9.23,9.23,9.23,9.23,100
2019-01-02T13:20:38.000000,9.23,9.23,9.23,9.23,1800
2019-01-02T13:20:39.000000,9.23,9.23,9.23,9.23,4300
2019-01-02T13:20:40.000000,9.23,9.23,9.23,9.23,2000
2019-01-02T13:20:42.000000,9.23,9.23,9.23,9.23,3600
2019-01-02T13:20:43.000000,9.23,9.23,9.23,9.23,700
2019-01-02T13:20:44.000000,9.23,9.23,9.23,9.23,300
2019-01-02T13:20:45.000000,9.23,9.23,9.23,9.23,500
2019-01-02T13:20:47.000000,9.23,9.23,9.23,9.23,1000
2019-01-02T13:20:48.000000,9.23,9.23,9.23,9.23,1700
2019-01-02T13:20:49.000000,9.23,9.23,9.23,9.23,1600
2019-01-02T13:20:50.000000,9.23,9.23,9.23,9.23,200
2019-01-02T13:20:51.000000,9.23,9.23,9.23,9.23,8500
2019-01-02T13:20:52.000000,9.24,9.24,9.23,9.23,300
2019-01-02T13:20:53.000000,9.23,9.23,9.23,9.23,1000
2019-01-02T13:20:54.000000,9.23,9.23,9.23,9.23,200
2019-01-02T13:20:55.000000,9.23,9.23,9.23,9.23,100
2019-01-02T13:20:56.000000,9.23,9.23,9.23,9.23,5200
2019-01-02T13:20:57.000000,9.23,9.23,9.23,9.23,400
2019-01-02T13:20:58.000000,9.23,9.23,9.23,9.23,400
2019-01-02T13:20:59.000000,9.23,9.23,9.23,9.23,200
2019-01-02T13:21:00.000000,9.23,9.23,9.23,9.23,1000
2019-01-02T13:21:01.000000,9.23,9.23,9.23,9.23,2900
2019-01-02T13:21:03.000000,9.23,9.23,9.23,9.23,6100
2019-01-02T13:21:04.000000,9.23,9.23,9.23,9.23,2800
2019-01-02T13:21:05.000000,9.23,9.23,9.23,9.23,14800
2019-01-02T13:21:06.000000,9.23,9.23,9.23,9.23,600
2019-01-02T13:21:07.000000,9.23,9.23,9.23,9.23,800
2019-01-02T13:21:08.000000,9.23,9.23,9.23,9.23,7500
2019-01-02T13:21:09.000000,9.23,9.23,9.23,9.23,4100
2019-01-02T13:21:10.000000,9.23,9.23,9.23,9.23,0
2019-01-02T13:21:11.000000,9.23,9.23,9.23,9.23,500
2019-01-02T13:21:12.000000,9.23,9.23,9.23,9.23,500
2019-01-02T13:21:13.000000,9.23,9.23,9.23,9.23,5800
2019-01-02T13:21:14.000000,9.23,9.23,9.23,9.23,2100
2019-01-02T13:21:15.000000,9.23,9.24,9.23,9.23,1700
2019-01-02T13:21:16.000000,9.23,9.23,9.23,9.23,3300
2019-01-02T13:21:17.000000,9.23,9.23,9.23,9.23,2500
2019-01-02T13:21:18.000000,9.23,9.23,9.23,9.23,500
2019-01-02T13:21:19.000000,9.23,9.23,9.23,9.23,0
2019-01-02T13:21:20.000000,9.23,9.23,9.23,9.23,1300
2019-01-02T13:21:21.000000,9.23,9.23,9.23,9.23,10100
2019-01-02T13:21:22.000000,9.23,9.23,9.23,9.23,500
2019-01-02T13:21:23.000000,9.23,9.23,9.23,9.23,1600
2019-01-02T13:21:24.000000,9.23,9.23,9.23,9.23,100
2019-01-02T13:21:25.000000,9.23,9.23,9.23,9.23,1600
2019-01-02T13:21:26.000000,9.23,9.23,9.23,9.23,1000
2019-01-02T13:21:27.000000,9.23,9.23,9.23,9.23,14600
2019-01-02T13:21:29.000000,9.23,9.23,9.23,9.23,400
2019-01-02T13:21:30.000000,9.23,9.23,9.23,9.23,1200
2019-01-02T13:21:31.000000,9.23,9.23,9.23,9.23,7700
2019-01-02T13:21:32.000000,9.23,9.23,9.23,9.23,0
2019-01-02T13:21:33.000000,9.23,9.23,9.23,9.23,0
2019-01-02T13:21:34.000000,9.23,9.23,9.23,9.23,7200
2019-01-02T13:21:35.000000,9.23,9.23,9.23,9.23,6100
2019-01-02T13:21:36.000000,9.23,9.23,9.23,9.23,3000
2019-01-02T13:21:37.000000,9.23,9.23,9.23,9.23,1600
2019-01-02T13:21:39.000000,9.23,9.23,9.23,9.23,1000
2019-01-02T13:21:40.000000,9.23,9.23,9.23,9.23,1600
2019-01-02T13:21:42.000000,9.23,9.23,9.23,9.23,200
2019-01-02T13:21:43.000000,9.23,9.23,9.23,9.23,1100
2019-01-02T13:21:45.000000,9.23,9.23,9.23,9.23,12400
2019-01-02T13:21:46.000000,9.24,9.24,9.23,9.23,800
2019-01-02T13:21:47.000000,9.23,9.23,9.23,9.23,3200
2019-01-02T13:21:49.000000,9.23,9.23,9.23,9.23,2700
2019-01-02T13:21:50.000000,9.23,9.23,9.23,9.23,900
2019-01-02T13:21:51.000000,9.23,9.23,9.23,9.23,1200
2019-01-02T13:21:52.000000,9.23,9.23,9.23,9.23,2500
2019-01-02T13:21:53.000000,9.23,9.23,9.23,9.23,2400
2019-01-02T13:21:54.000000,9.23,9.23,9.23,9.23,1500
2019-01-02T13:21:55.000000,9.23,9.23,9.23,9.23,1100
2019-01-02T13:21:56.000000,9.23,9.23,9.23,9.23,5000
2019-01-02T13:21:57.000000,9.23,9.23,9.23,9.23,1000
2019-01-02T13:21:58.000000,9.23,9.23,9.23,9.23,700
2019-01-02T13:22:00.000000,9.23,9.23,9.23,9.23,0
2019-01-02T13:22:01.000000,9.23,9.23,9.23,9.23,2500
2019-01-02T13:22:02.000000,9.23,9.23,9.23,9.23,2800
2019-01-02T13:22:03.000000,9.23,9.23,9.23,9.23,0
2019-01-02T13:22:04.000000,9.23,9.23,9.23,9.23,13100
2019-01-02T13:22:06.000000,9.23,9.23,9.23,9.23,4000
2019-01-02T13:22:07.000000,9.23,9.23,9.23,9.23,600
2019-01-02T13:22:08.000000,9.23,9.23,9.23,9.23,2000
2019-01-02T13:22:09.000000,9.23,9.23,9.23,9.23,6900
2019-01-02T13:22:10.000000,9.23,9.23,9.23,9.23,3500
2019-01-02T13:22:11.000000,9.23,9.23,9.23,9.23,300
2019-01-02T13:22:12.000000,9.23,9.23,9.23,9.23,11700
2019-01-02T13:22:13.000000,9.23,9.23,9.23,9.23,3000
2019-01-02T13:22:15.000000,9.23,9.23,9.23,9.23,5900
2019-01-02T13:22:16.000000,9.23,9.23,9.23,9.23,6000
2019-01-02T13:22:17.000000,9.23,9.23,9.23,9.23,800
2019-01-02T13:22:18.000000,9.23,9.23,9.23,9.23,2500
2019-01-02T13:22:19.000000,9.23,9.23,9.23,9.23,6600
2019-01-02T13:22:20.000000,9.23,9.23,9.23,9.23,36900
2019-01-02T13:22:21.000000,9.23,9.23,9.23,9.23,1600
2019-01-02T13:22:22.000000,9.23,9.23,9.23,9.23,1000
2019-01-02T13:22:23.000000,9.23,9.23,9.23,9.23,2700
2019-01-02T13:22:24.000000,9.23,9.23,9.23,9.23,1000
2019-01-02T13:22:25.000000,9.23,9.23,9.23,9.23,26500
2019-01-02T13:22:26.000000,9.23,9.23,9.23,9.23,3600
2019-01-02T13:22:27.000000,9.23,9.23,9.23,9.23,4200
2019-01-02T13:22:28.000000,9.23,9.23,9.23,9.23,1100
2019-01-02T13:22:29.000000,9.23,9.23,9.23,9.23,2000
2019-01-02T13:22:30.000000,9.23,9.23,9.23,9.23,1500
2019-01-02T13:22:31.000000,9.23,9.23,9.23,9.23,5200
2019-01-02T13:22:32.000000,9.23,9.23,9.23,9.23,3400
2019-01-02T13:22:33.000000,9.23,9.23,9.23,9.23,2900
2019-01-02T13:22:34.000000,9.23,9.23,9.23,9.23,2000
2019-01-02T13:22:35.000000,9.23,9.23,9.23,9.23,13600
2019-01-02T13:22:36.000000,9.23,9.23,9.23,9.23,2100
2019-01-02T13:22:37.000000,9.23,9.23,9.23,9.23,1300
2019-01-02T13:22:38.000000,9.23,9.23,9.23,9.23,5000
2019-01-02T13:22:39.000000,9.23,9.23,9.23,9.23,15000
2019-01-02T13:22:40.000000,9.23,9.23,9.23,9.23,1200
2019-01-02T13:22:41.000000,9.23,9.23,9.23,9.23,5800
2019-01-02T13:22:42.000000,9.23,9.23,9.23,9.23,500
2019-01-02T13:22:43.000000,9.23,9.23,9.23,9.23,1400
2019-01-02T13:22:45.000000,9.23,9.23,9.23,9.23,4300
2019-01-02T13:22:46.000000,9.23,9.23,9.23,9.23,2100
2019-01-02T13:22:47.000000,9.23,9.23,9.23,9.23,400
2019-01-02T13:22:48.000000,9.23,9.23,9.23,9.23,100
2019-01-02T13:22:50.000000,9.23,9.23,9.23,9.23,200
2019-01-02T13:22:51.000000,9.23,9.23,9.23,9.23,2000
2019-01-02T13:22:52.000000,9.23,9.23,9.23,9.23,1000
2019-01-02T13:22:53.000000,9.23,9.23,9.23,9.23,500
2019-01-02T13:22:54.000000,9.23,9.23,9.23,9.23,900
2019-01-02T13:22:55.000000,9.23,9.23,9.23,9.23,2100
2019-01-02T13:22:56.000000,9.23,9.23,9.23,9.23,2600
2019-01-02T13:22:57.000000,9.23,9.23,9.23,9.23,1100
2019-01-02T13:22:58.000000,9.23,9.23,9.23,9.23,4500
2019-01-02T13:22:59.000000,9.23,9.23,9.23,9.23,400
2019-01-02T13:23:00.000000,9.23,9.23,9.23,9.23,2100
2019-01-02T13:23:01.000000,9.23,9.23,9.23,9.23,2200
2019-01-02T13:23:02.000000,9.23,9.23,9.23,9.23,11200
2019-01-02T13:23:03.000000,9.23,9.23,9.23,9.23,1200
2019-01-02T13:23:04.000000,9.23,9.23,9.23,9.23,14100
2019-01-02T13:23:05.000000,9.23,9.23,9.23,9.23,8700
2019-01-02T13:23:06.000000,9.23,9.23,9.23,9.23,2200
2019-01-02T13:23:07.000000,9.23,9.23,9.23,9.23,2900
2019-01-02T13:23:08.000000,9.23,9.23,9.23,9.23,500
2019-01-02T13:23:10.000000,9.23,9.23,9.23,9.23,3200
2019-01-02T13:23:11.000000,9.23,9.23,9.23,9.23,1000
2019-01-02T13:23:12.000000,9.23,9.23,9.23,9.23,600
2019-01-02T13:23:13.000000,9.23,9.23,9.23,9.23,500
2019-01-02T13:23:14.000000,9.23,9.23,9.23,9.23,1600
2019-01-02T13:23:15.000000,9.23,9.23,9.23,9.23,200
2019-01-02T13:23:16.000000,9.23,9.23,9.23,9.23,4600
2019-01-02T13:23:17.000000,9.23,9.23,9.23,9.23,1000
2019-01-02T13:23:19.000000,9.23,9.23,9.23,9.23,7900
2019-01-02T13:23:20.000000,9.23,9.23,9.23,9.23,1500
2019-01-02T13:23:21.000000,9.23,9.23,9.23,9.23,2000
2019-01-02T13:23:22.000000,9.23,9.23,9.23,9.23,21100
2019-01-02T13:23:23.000000,9.23,9.23,9.23,9.23,11000
2019-01-02T13:23:24.000000,9.23,9.23,9.23,9.23,3300
2019-01-02T13:23:25.000000,9.23,9.23,9.23,9.23,1100
2019-01-02T13:23:27.000000,9.23,9.23,9.23,9.23,7000
2019-01-02T13:23:28.000000,9.23,9.23,9.23,9.23,100
2019-01-02T13:23:29.000000,9.23,9.23,9.23,9.23,500
2019-01-02T13:23:30.000000,9.23,9.23,9.23,9.23,1000
2019-01-02T13:23:31.000000,9.23,9.23,9.23,9.23,1100
2019-01-02T13:23:33.000000,9.23,9.23,9.23,9.23,1000
2019-01-02T13:23:35.000000,9.23,9.23,9.23,9.23,300
2019-01-02T13:23:36.000000,9.23,9.23,9.23,9.23,6200
2019-01-02T13:23:37.000000,9.23,9.23,9.23,9.23,700
2019-01-02T13:23:38.000000,9.23,9.23,9.23,9.23,11500
2019-01-02T13:23:39.000000,9.23,9.23,9.23,9.23,0
2019-01-02T13:23:41.000000,9.23,9.23,9.23,9.23,300
2019-01-02T13:23:42.000000,9.23,9.23,9.23,9.23,5000
2019-01-02T13:23:43.000000,9.23,9.23,9.23,9.23,1600
2019-01-02T13:23:44.000000,9.23,9.23,9.23,9.23,0
2019-01-02T13:23:45.000000,9.23,9.23,9.23,9.23,2100
2019-01-02T13:23:46.000000,9.23,9.23,9.23,9.23,0
2019-01-02T13:23:47.000000,9.23,9.23,9.23,9.23,600
2019-01-02T13:23:48.000000,9.23,9.23,9.23,9.23,1000
2019-01-02T13:23:49.000000,9.23,9.23,9.23,9.23,2100
2019-01-02T13:23:50.000000,9.23,9.23,9.23,9.23,1000
2019-01-02T13:23:53.000000,9.23,9.23,9.23,9.23,22700
2019-01-02T13:23:55.000000,9.23,9.23,9.23,9.23,5500
2019-01-02T13:23:56.000000,9.23,9.23,9.23,9.23,12400
2019-01-02T13:23:57.000000,9.23,9.23,9.23,9.23,8000
2019-01-02T13:23:58.000000,9.23,9.23,9.23,9.23,7100
2019-01-02T13:23:59.000000,9.23,9.23,9.23,9.23,2100
2019-01-02T13:24:00.000000,9.23,9.23,9.23,9.23,2100
2019-01-02T13:24:01.000000,9.23,9.23,9.23,9.23,100
2019-01-02T13:24:02.000000,9.23,9.23,9.23,9.23,1300
2019-01-02T13:24:03.000000,9.23,9.23,9.23,9.23,2000
2019-01-02T13:24:04.000000,9.23,9.23,9.23,9.23,4200
2019-01-02T13:24:05.000000,9.23,9.23,9.23,9.23,2000
2019-01-02T13:24:06.000000,9.23,9.23,9.23,9.23,2100
2019-01-02T13:24:07.000000,9.23,9.23,9.23,9.23,0
2019-01-02T13:24:08.000000,9.23,9.23,9.23,9.23,1000
2019-01-02T13:24:09.000000,9.23,9.23,9.23,9.23,400
2019-01-02T13:24:10.000000,9.23,9.23,9.23,9.23,1000
2019-01-02T13:24:11.000000,9.23,9.23,9.23,9.23,4000
2019-01-02T13:24:12.000000,9.23,9.23,9.23,9.23,6200
2019-01-02T13:24:13.000000,9.23,9.23,9.23,9.23,3600
2019-01-02T13:24:14.000000,9.23,9.23,9.23,9.23,4600
2019-01-02T13:24:15.000000,9.23,9.23,9.23,9.23,2100
2019-01-02T13:24:16.000000,9.23,9.23,9.23,9.23,100
2019-01-02T13:24:17.000000,9.23,9.23,9.23,9.23,8500
2019-01-02T13:24:18.000000,9.23,9.23,9.23,9.23,400
2019-01-02T13:24:19.000000,9.23,9.23,9.23,9.23,500
2019-01-02T13:24:20.000000,9.23,9.23,9.23,9.23,300
2019-01-02T13:24:21.000000,9.23,9.23,9.23,9.23,9300
2019-01-02T13:24:22.000000,9.23,9.23,9.23,9.23,200
2019-01-02T13:24:23.000000,9.23,9.23,9.23,9.23,2600
2019-01-02T13:24:25.000000,9.23,9.23,9.23,9.23,0
2019-01-02T13:24:26.000000,9.23,9.23,9.23,9.23,3100
2019-01-02T13:24:27.000000,9.23,9.23,9.23,9.23,1100
2019-01-02T13:24:28.000000,9.23,9.23,9.23,9.23,400
2019-01-02T13:24:29.000000,9.23,9.23,9.23,9.23,1100
2019-01-02T13:24:30.000000,9.23,9.23,9.23,9.23,21000
2019-01-02T13:24:31.000000,9.23,9.23,9.23,9.23,0
2019-01-02T13:24:32.000000,9.23,9.23,9.23,9.23,2600
2019-01-02T13:24:33.000000,9.23,9.23,9.23,9.23,0
2019-01-02T13:24:35.000000,9.23,9.23,9.23,9.23,4000
2019-01-02T13:24:36.000000,9.23,9.23,9.23,9.23,2300
2019-01-02T13:24:37.000000,9.23,9.23,9.23,9.23,500
2019-01-02T13:24:38.000000,9.23,9.23,9.23,9.23,1000
2019-01-02T13:24:39.000000,9.23,9.23,9.23,9.23,5000
2019-01-02T13:24:40.000000,9.23,9.24,9.23,9.24,400
2019-01-02T13:24:41.000000,9.23,9.23,9.23,9.23,0
2019-01-02T13:24:42.000000,9.23,9.23,9.23,9.23,1400
2019-01-02T13:24:43.000000,9.23,9.24,9.23,9.23,1300
2019-01-02T13:24:44.000000,9.23,9.23,9.23,9.23,14200
2019-01-02T13:24:45.000000,9.23,9.23,9.23,9.23,7800
2019-01-02T13:24:46.000000,9.23,9.23,9.23,9.23,500
2019-01-02T13:24:48.000000,9.23,9.23,9.23,9.23,200
2019-01-02T13:24:50.000000,9.23,9.23,9.23,9.23,7000
2019-01-02T13:24:51.000000,9.23,9.23,9.23,9.23,1000
2019-01-02T13:24:52.000000,9.23,9.23,9.23,9.23,9300
2019-01-02T13:24:53.000000,9.23,9.23,9.23,9.23,1000
2019-01-02T13:24:54.000000,9.23,9.23,9.23,9.23,4100
2019-01-02T13:24:55.000000,9.23,9.23,9.23,9.23,2700
2019-01-02T13:24:56.000000,9.23,9.23,9.23,9.23,300
2019-01-02T13:24:57.000000,9.23,9.23,9.23,9.23,26900
2019-01-02T13:24:58.000000,9.23,9.23,9.23,9.23,3400
2019-01-02T13:24:59.000000,9.23,9.23,9.23,9.23,5000
2019-01-02T13:25:00.000000,9.23,9.23,9.23,9.23,900
2019-01-02T13:25:01.000000,9.23,9.23,9.23,9.23,500
2019-01-02T13:25:02.000000,9.23,9.23,9.23,9.23,900
2019-01-02T13:25:03.000000,9.23,9.23,9.23,9.23,1900
2019-01-02T13:25:04.000000,9.23,9.23,9.23,9.23,100
2019-01-02T13:25:05.000000,9.23,9.23,9.23,9.23,2300
2019-01-02T13:25:06.000000,9.23,9.23,9.23,9.23,5800
2019-01-02T13:25:07.000000,9.23,9.23,9.23,9.23,100
2019-01-02T13:25:08.000000,9.23,9.23,9.23,9.23,3700
2019-01-02T13:25:09.000000,9.23,9.23,9.23,9.23,2000
2019-01-02T13:25:11.000000,9.23,9.24,9.23,9.23,500
2019-01-02T13:25:12.000000,9.23,9.23,9.23,9.23,11300
2019-01-02T13:25:13.000000,9.23,9.23,9.23,9.23,0
2019-01-02T13:25:14.000000,9.23,9.23,9.23,9.23,1900
2019-01-02T13:25:15.000000,9.23,9.23,9.23,9.23,5400
2019-01-02T13:25:16.000000,9.23,9.23,9.23,9.23,400
2019-01-02T13:25:17.000000,9.23,9.24,9.23,9.23,1800
2019-01-02T13:25:18.000000,9.23,9.23,9.23,9.23,2700
2019-01-02T13:25:19.000000,9.23,9.23,9.23,9.23,900
2019-01-02T13:25:20.000000,9.23,9.23,9.23,9.23,6000
2019-01-02T13:25:21.000000,9.23,9.23,9.23,9.23,1000
2019-01-02T13:25:22.000000,9.23,9.23,9.23,9.23,4400
2019-01-02T13:25:23.000000,9.23,9.23,9.23,9.23,11400
2019-01-02T13:25:24.000000,9.23,9.23,9.23,9.23,1800
2019-01-02T13:25:25.000000,9.23,9.23,9.23,9.23,3400
2019-01-02T13:25:26.000000,9.23,9.23,9.23,9.23,4100
2019-01-02T13:25:27.000000,9.23,9.23,9.23,9.23,100
2019-01-02T13:25:28.000000,9.23,9.23,9.23,9.23,500
2019-01-02T13:25:29.000000,9.23,9.23,9.23,9.23,100
2019-01-02T13:25:31.000000,9.23,9.23,9.23,9.23,0
2019-01-02T13:25:32.000000,9.23,9.23,9.23,9.23,104700
2019-01-02T13:25:33.000000,9.23,9.23,9.23,9.23,13100
2019-01-02T13:25:34.000000,9.23,9.23,9.23,9.23,33300
2019-01-02T13:25:35.000000,9.23,9.23,9.23,9.23,45000
2019-01-02T13:25:36.000000,9.23,9.23,9.23,9.23,2900
2019-01-02T13:25:37.000000,9.23,9.23,9.23,9.23,0
2019-01-02T13:25:39.000000,9.23,9.23,9.23,9.23,35000
2019-01-02T13:25:40.000000,9.23,9.23,9.23,9.23,600
2019-01-02T13:25:41.000000,9.23,9.23,9.23,9.23,1000
2019-01-02T13:25:42.000000,9.23,9.23,9.23,9.23,1100
2019-01-02T13:25:43.000000,9.23,9.23,9.23,9.23,1100
2019-01-02T13:25:44.000000,9.23,9.23,9.23,9.23,2600
2019-01-02T13:25:45.000000,9.23,9.23,9.23,9.23,0
2019-01-02T13:25:46.000000,9.23,9.23,9.23,9.23,7000
2019-01-02T13:25:47.000000,9.23,9.23,9.23,9.23,44800
2019-01-02T13:25:48.000000,9.23,9.23,9.23,9.23,12400
2019-01-02T13:25:49.000000,9.23,9.23,9.23,9.23,3700
2019-01-02T13:25:50.000000,9.23,9.23,9.23,9.23,1300
2019-01-02T13:25:51.000000,9.23,9.23,9.23,9.23,6200
2019-01-02T13:25:52.000000,9.23,9.23,9.23,9.23,3100
2019-01-02T13:25:53.000000,9.23,9.23,9.23,9.23,500
2019-01-02T13:25:54.000000,9.23,9.23,9.23,9.23,22700
2019-01-02T13:25:55.000000,9.24,9.24,9.23,9.23,500
2019-01-02T13:25:56.000000,9.23,9.23,9.23,9.23,3000
2019-01-02T13:25:57.000000,9.23,9.23,9.23,9.23,10200
2019-01-02T13:25:58.000000,9.23,9.23,9.23,9.23,8100
2019-01-02T13:25:59.000000,9.23,9.23,9.23,9.23,0
2019-01-02T13:26:00.000000,9.23,9.23,9.23,9.23,8200
2019-01-02T13:26:01.000000,9.23,9.23,9.23,9.23,5400
2019-01-02T13:26:03.000000,9.23,9.23,9.23,9.23,10086
2019-01-02T13:26:04.000000,9.22,9.23,9.22,9.23,1000
2019-01-02T13:26:05.000000,9.23,9.23,9.23,9.23,4000
2019-01-02T13:26:06.000000,9.23,9.23,9.23,9.23,2300
2019-01-02T13:26:07.000000,9.22,9.23,9.22,9.23,1100
2019-01-02T13:26:08.000000,9.23,9.23,9.22,9.23,1000
2019-01-02T13:26:09.000000,9.23,9.23,9.22,9.23,17400
2019-01-02T13:26:10.000000,9.23,9.23,9.22,9.23,6600
2019-01-02T13:26:11.000000,9.23,9.23,9.23,9.23,3700
2019-01-02T13:26:12.000000,9.22,9.23,9.22,9.23,0
2019-01-02T13:26:13.000000,9.23,9.23,9.22,9.23,3000
2019-01-02T13:26:14.000000,9.23,9.23,9.22,9.23,1200
2019-01-02T13:26:16.000000,9.23,9.23,9.23,9.23,700
2019-01-02T13:26:17.000000,9.23,9.23,9.23,9.23,13700
2019-01-02T13:26:18.000000,9.23,9.23,9.23,9.23,20000
2019-01-02T13:26:19.000000,9.23,9.23,9.23,9.23,1200
2019-01-02T13:26:20.000000,9.23,9.23,9.22,9.22,5700
2019-01-02T13:26:21.000000,9.23,9.23,9.22,9.23,600
2019-01-02T13:26:22.000000,9.23,9.23,9.22,9.22,0
2019-01-02T13:26:23.000000,9.23,9.23,9.23,9.23,1900
2019-01-02T13:26:24.000000,9.22,9.23,9.22,9.23,0
2019-01-02T13:26:25.000000,9.23,9.23,9.23,9.23,1100
2019-01-02T13:26:27.000000,9.23,9.23,9.22,9.23,200
2019-01-02T13:26:28.000000,9.23,9.23,9.23,9.23,13300
2019-01-02T13:26:29.000000,9.23,9.23,9.23,9.23,100
2019-01-02T13:26:30.000000,9.23,9.23,9.23,9.23,7500
2019-01-02T13:26:31.000000,9.23,9.23,9.22,9.23,2400
2019-01-02T13:26:32.000000,9.23,9.23,9.22,9.22,4100
2019-01-02T13:26:33.000000,9.23,9.23,9.22,9.23,100000
2019-01-02T13:26:34.000000,9.23,9.23,9.23,9.23,2000
2019-01-02T13:26:35.000000,9.23,9.23,9.22,9.23,200
2019-01-02T13:26:36.000000,9.23,9.23,9.23,9.23,1500
2019-01-02T13:26:38.000000,9.23,9.23,9.23,9.23,1000
2019-01-02T13:26:39.000000,9.23,9.23,9.23,9.23,4000
2019-01-02T13:26:40.000000,9.22,9.23,9.22,9.23,100
2019-01-02T13:26:41.000000,9.23,9.23,9.23,9.23,4500
2019-01-02T13:26:42.000000,9.23,9.23,9.23,9.23,300
2019-01-02T13:26:43.000000,9.23,9.23,9.22,9.22,0
2019-01-02T13:26:44.000000,9.23,9.23,9.22,9.23,33400
2019-01-02T13:26:45.000000,9.23,9.23,9.23,9.23,900
2019-01-02T13:26:46.000000,9.23,9.23,9.22,9.23,43700
2019-01-02T13:26:47.000000,9.23,9.23,9.23,9.23,9700
2019-01-02T13:26:48.000000,9.23,9.23,9.23,9.23,14300
2019-01-02T13:26:49.000000,9.23,9.23,9.23,9.23,2400
2019-01-02T13:26:50.000000,9.23,9.23,9.22,9.23,1700
2019-01-02T13:26:51.000000,9.23,9.23,9.23,9.23,10600
2019-01-02T13:26:52.000000,9.23,9.23,9.23,9.23,5000
2019-01-02T13:26:54.000000,9.23,9.23,9.22,9.22,2300
2019-01-02T13:26:55.000000,9.23,9.23,9.22,9.22,13000
2019-01-02T13:26:56.000000,9.23,9.23,9.23,9.23,8200
2019-01-02T13:26:57.000000,9.23,9.23,9.23,9.23,3600
2019-01-02T13:26:58.000000,9.22,9.23,9.22,9.23,7000
2019-01-02T13:26:59.000000,9.23,9.23,9.23,9.23,2600
2019-01-02T13:27:00.000000,9.23,9.23,9.23,9.23,1700
2019-01-02T13:27:01.000000,9.23,9.23,9.23,9.23,5200
2019-01-02T13:27:02.000000,9.22,9.23,9.22,9.23,20000
2019-01-02T13:27:03.000000,9.23,9.23,9.23,9.23,2400
2019-01-02T13:27:04.000000,9.23,9.23,9.23,9.23,2000
2019-01-02T13:27:05.000000,9.23,9.23,9.22,9.23,2100
2019-01-02T13:27:06.000000,9.23,9.23,9.23,9.23,9400
2019-01-02T13:27:07.000000,9.23,9.23,9.23,9.23,200
2019-01-02T13:27:08.000000,9.23,9.23,9.23,9.23,35100
2019-01-02T13:27:09.000000,9.23,9.23,9.23,9.23,200
2019-01-02T13:27:10.000000,9.23,9.23,9.23,9.23,30000
2019-01-02T13:27:11.000000,9.23,9.23,9.23,9.23,3700
2019-01-02T13:27:12.000000,9.23,9.23,9.22,9.23,10900
2019-01-02T13:27:13.000000,9.22,9.23,9.22,9.23,21400
2019-01-02T13:27:14.000000,9.23,9.23,9.23,9.23,600
2019-01-02T13:27:15.000000,9.23,9.23,9.23,9.23,7900
2019-01-02T13:27:16.000000,9.23,9.23,9.22,9.23,2600
2019-01-02T13:27:17.000000,9.23,9.23,9.22,9.23,500
2019-01-02T13:27:18.000000,9.23,9.23,9.22,9.23,3800
2019-01-02T13:27:19.000000,9.23,9.23,9.22,9.22,4900
2019-01-02T13:27:20.000000,9.23,9.23,9.22,9.23,5200
2019-01-02T13:27:21.000000,9.23,9.23,9.22,9.23,7700
2019-01-02T13:27:22.000000,9.23,9.23,9.22,9.23,3100
2019-01-02T13:27:23.000000,9.23,9.23,9.22,9.23,18100
2019-01-02T13:27:24.000000,9.23,9.23,9.23,9.23,700
2019-01-02T13:27:25.000000,9.23,9.23,9.22,9.23,11000
2019-01-02T13:27:26.000000,9.23,9.23,9.23,9.23,1200
2019-01-02T13:27:27.000000,9.22,9.23,9.22,9.22,0
2019-01-02T13:27:28.000000,9.23,9.23,9.23,9.23,2700
2019-01-02T13:27:29.000000,9.22,9.23,9.22,9.23,10000
2019-01-02T13:27:30.000000,9.23,9.23,9.23,9.23,6400
2019-01-02T13:27:31.000000,9.22,9.23,9.22,9.23,4000
2019-01-02T13:27:32.000000,9.23,9.23,9.23,9.23,300
2019-01-02T13:27:33.000000,9.23,9.23,9.22,9.23,3000
2019-01-02T13:27:34.000000,9.23,9.23,9.23,9.23,6300
2019-01-02T13:27:35.000000,9.23,9.23,9.22,9.23,120400
2019-01-02T13:27:36.000000,9.23,9.23,9.23,9.23,400
2019-01-02T13:27:37.000000,9.22,9.23,9.22,9.23,4800
2019-01-02T13:27:38.000000,9.22,9.23,9.22,9.23,0
2019-01-02T13:27:40.000000,9.23,9.23,9.23,9.23,11200
2019-01-02T13:27:41.000000,9.23,9.23,9.22,9.23,2000
2019-01-02T13:27:42.000000,9.23,9.23,9.22,9.23,900
2019-01-02T13:27:43.000000,9.23,9.23,9.23,9.23,25600
2019-01-02T13:27:44.000000,9.23,9.23,9.22,9.23,4700
2019-01-02T13:27:45.000000,9.23,9.23,9.23,9.23,2800
2019-01-02T13:27:46.000000,9.23,9.23,9.23,9.23,800
2019-01-02T13:27:47.000000,9.23,9.23,9.23,9.23,700
2019-01-02T13:27:48.000000,9.23,9.23,9.23,9.23,3700
2019-01-02T13:27:49.000000,9.23,9.23,9.22,9.23,6020
2019-01-02T13:27:50.000000,9.23,9.23,9.23,9.23,400
2019-01-02T13:27:51.000000,9.23,9.23,9.23,9.23,100
2019-01-02T13:27:52.000000,9.23,9.23,9.23,9.23,1000
2019-01-02T13:27:53.000000,9.23,9.23,9.23,9.23,1400
2019-01-02T13:27:54.000000,9.23,9.23,9.23,9.23,100
2019-01-02T13:27:55.000000,9.23,9.23,9.23,9.23,200
2019-01-02T13:27:56.000000,9.23,9.23,9.23,9.23,500
2019-01-02T13:27:57.000000,9.23,9.23,9.22,9.23,13100
2019-01-02T13:27:58.000000,9.23,9.23,9.22,9.23,1600
2019-01-02T13:27:59.000000,9.23,9.23,9.23,9.23,12000
2019-01-02T13:28:00.000000,9.23,9.23,9.22,9.22,800
2019-01-02T13:28:01.000000,9.23,9.23,9.22,9.23,3900
2019-01-02T13:28:02.000000,9.23,9.23,9.23,9.23,5000
2019-01-02T13:28:03.000000,9.23,9.23,9.22,9.23,1400
2019-01-02T13:28:04.000000,9.23,9.23,9.22,9.23,0
2019-01-02T13:28:05.000000,9.23,9.23,9.23,9.23,9900
2019-01-02T13:28:06.000000,9.23,9.23,9.23,9.23,5200
2019-01-02T13:28:07.000000,9.23,9.23,9.22,9.23,600
2019-01-02T13:28:08.000000,9.23,9.23,9.23,9.23,200
2019-01-02T13:28:09.000000,9.23,9.23,9.23,9.23,2000
2019-01-02T13:28:10.000000,9.23,9.23,9.23,9.23,1000
2019-01-02T13:28:11.000000,9.23,9.23,9.22,9.23,200
2019-01-02T13:28:12.000000,9.23,9.23,9.22,9.23,100
2019-01-02T13:28:14.000000,9.23,9.23,9.22,9.23,2700
2019-01-02T13:28:15.000000,9.23,9.23,9.22,9.23,5800
2019-01-02T13:28:16.000000,9.23,9.23,9.23,9.23,1700
2019-01-02T13:28:17.000000,9.23,9.23,9.23,9.23,1000
2019-01-02T13:28:18.000000,9.23,9.23,9.23,9.23,30500
2019-01-02T13:28:19.000000,9.23,9.23,9.23,9.23,24300
2019-01-02T13:28:20.000000,9.23,9.23,9.22,9.23,10000
2019-01-02T13:28:21.000000,9.23,9.23,9.23,9.23,1100
2019-01-02T13:28:22.000000,9.23,9.23,9.22,9.23,2200
2019-01-02T13:28:23.000000,9.23,9.23,9.23,9.23,3900
2019-01-02T13:28:24.000000,9.23,9.23,9.23,9.23,5620
2019-01-02T13:28:25.000000,9.23,9.23,9.23,9.23,100
2019-01-02T13:28:26.000000,9.23,9.23,9.23,9.23,1500
2019-01-02T13:28:27.000000,9.23,9.23,9.23,9.23,10100
2019-01-02T13:28:28.000000,9.23,9.23,9.23,9.23,4000
2019-01-02T13:28:29.000000,9.23,9.23,9.23,9.23,1000
2019-01-02T13:28:31.000000,9.23,9.23,9.23,9.23,3500
2019-01-02T13:28:32.000000,9.23,9.23,9.23,9.23,400
2019-01-02T13:28:33.000000,9.23,9.23,9.22,9.23,8200
2019-01-02T13:28:34.000000,9.22,9.23,9.22,9.23,1800
2019-01-02T13:28:35.000000,9.23,9.23,9.22,9.23,2300
2019-01-02T13:28:38.000000,9.23,9.23,9.22,9.23,0
2019-01-02T13:28:39.000000,9.23,9.23,9.23,9.23,8300
2019-01-02T13:28:40.000000,9.23,9.23,9.23,9.23,2000
2019-01-02T13:28:41.000000,9.23,9.23,9.23,9.23,5000
2019-01-02T13:28:42.000000,9.23,9.23,9.23,9.23,500
2019-01-02T13:28:44.000000,9.23,9.23,9.22,9.22,100
2019-01-02T13:28:45.000000,9.22,9.23,9.22,9.23,0
2019-01-02T13:28:46.000000,9.22,9.23,9.22,9.23,1000
2019-01-02T13:28:48.000000,9.23,9.23,9.23,9.23,9300
2019-01-02T13:28:49.000000,9.23,9.23,9.23,9.23,200
2019-01-02T13:28:50.000000,9.23,9.23,9.23,9.23,2900
2019-01-02T13:28:51.000000,9.23,9.23,9.23,9.23,11000
2019-01-02T13:28:52.000000,9.23,9.23,9.23,9.23,1500
2019-01-02T13:28:53.000000,9.23,9.23,9.23,9.23,300
2019-01-02T13:28:54.000000,9.23,9.23,9.23,9.23,1800
2019-01-02T13:28:55.000000,9.22,9.23,9.22,9.23,0
2019-01-02T13:28:56.000000,9.23,9.23,9.23,9.23,100000
2019-01-02T13:28:57.000000,9.23,9.23,9.23,9.23,400
2019-01-02T13:28:58.000000,9.23,9.23,9.23,9.23,2800
2019-01-02T13:28:59.000000,9.23,9.23,9.23,9.23,3000
2019-01-02T13:29:00.000000,9.23,9.23,9.23,9.23,300
2019-01-02T13:29:03.000000,9.23,9.23,9.23,9.23,10100
2019-01-02T13:29:04.000000,9.22,9.23,9.22,9.23,100
2019-01-02T13:29:05.000000,9.23,9.23,9.23,9.23,8300
2019-01-02T13:29:06.000000,9.22,9.23,9.22,9.23,0
2019-01-02T13:29:07.000000,9.23,9.23,9.23,9.23,4300
2019-01-02T13:29:08.000000,9.22,9.23,9.22,9.23,0
2019-01-02T13:29:10.000000,9.22,9.23,9.22,9.23,2100
2019-01-02T13:29:13.000000,9.23,9.23,9.22,9.23,1400
2019-01-02T13:29:14.000000,9.22,9.23,9.22,9.23,6900
2019-01-02T13:29:15.000000,9.23,9.23,9.23,9.23,3800
2019-01-02T13:29:16.000000,9.23,9.23,9.23,9.23,100
2019-01-02T13:29:17.000000,9.23,9.23,9.22,9.23,1200
2019-01-02T13:29:18.000000,9.23,9.23,9.23,9.23,6300
2019-01-02T13:29:19.000000,9.23,9.23,9.22,9.23,3900
2019-01-02T13:29:20.000000,9.23,9.23,9.23,9.23,7100
2019-01-02T13:29:21.000000,9.23,9.23,9.22,9.23,1800
2019-01-02T13:29:23.000000,9.23,9.23,9.23,9.23,1000
2019-01-02T13:29:24.000000,9.23,9.23,9.23,9.23,500
2019-01-02T13:29:25.000000,9.23,9.23,9.23,9.23,3600
2019-01-02T13:29:26.000000,9.23,9.23,9.23,9.23,700
2019-01-02T13:29:27.000000,9.23,9.23,9.22,9.23,1900
2019-01-02T13:29:28.000000,9.22,9.23,9.22,9.23,200
2019-01-02T13:29:29.000000,9.23,9.23,9.23,9.23,4600
2019-01-02T13:29:30.000000,9.23,9.23,9.22,9.23,300
2019-01-02T13:29:31.000000,9.22,9.23,9.22,9.23,0
2019-01-02T13:29:32.000000,9.23,9.23,9.23,9.23,2500
2019-01-02T13:29:33.000000,9.23,9.23,9.23,9.23,4600
2019-01-02T13:29:35.000000,9.22,9.23,9.22,9.23,6400
2019-01-02T13:29:36.000000,9.23,9.23,9.23,9.23,1000
2019-01-02T13:29:37.000000,9.23,9.23,9.23,9.23,1500
2019-01-02T13:29:38.000000,9.22,9.23,9.22,9.23,500
2019-01-02T13:29:39.000000,9.23,9.23,9.22,9.23,300
2019-01-02T13:29:40.000000,9.23,9.23,9.23,9.23,5300
2019-01-02T13:29:41.000000,9.22,9.23,9.22,9.23,1000
2019-01-02T13:29:42.000000,9.23,9.23,9.23,9.23,3000
2019-01-02T13:29:43.000000,9.23,9.23,9.22,9.23,1200
2019-01-02T13:29:44.000000,9.23,9.23,9.22,9.23,1800
2019-01-02T13:29:45.000000,9.23,9.23,9.23,9.23,2900
2019-01-02T13:29:46.000000,9.23,9.23,9.22,9.23,3000
2019-01-02T13:29:47.000000,9.23,9.23,9.22,9.22,0
2019-01-02T13:29:48.000000,9.23,9.23,9.23,9.23,2700
2019-01-02T13:29:49.000000,9.23,9.23,9.23,9.23,5000
2019-01-02T13:29:50.000000,9.23,9.23,9.22,9.23,86000
2019-01-02T13:29:51.000000,9.23,9.23,9.22,9.23,800
2019-01-02T13:29:52.000000,9.23,9.23,9.23,9.23,1000
2019-01-02T13:29:54.000000,9.23,9.23,9.22,9.23,104200
2019-01-02T13:29:55.000000,9.23,9.23,9.23,9.23,5000
2019-01-02T13:29:56.000000,9.23,9.23,9.23,9.23,100
2019-01-02T13:29:57.000000,9.23,9.23,9.22,9.22,300
2019-01-02T13:29:58.000000,9.23,9.23,9.23,9.23,1300
2019-01-02T13:29:59.000000,9.23,9.23,9.23,9.23,5400
2019-01-02T13:30:00.000000,9.23,9.23,9.23,9.23,5900
2019-01-02T13:30:01.000000,9.22,9.23,9.22,9.22,2900
2019-01-02T13:30:02.000000,9.23,9.23,9.22,9.23,1000
2019-01-02T13:30:03.000000,9.23,9.23,9.22,9.23,600
2019-01-02T13:30:04.000000,9.23,9.23,9.22,9.23,3900
2019-01-02T13:30:05.000000,9.23,9.23,9.23,9.23,33000
2019-01-02T13:30:06.000000,9.23,9.23,9.22,9.22,3300
2019-01-02T13:30:08.000000,9.23,9.23,9.23,9.23,300
2019-01-02T13:30:09.000000,9.23,9.23,9.22,9.23,12400
2019-01-02T13:30:10.000000,9.23,9.23,9.23,9.23,5400
2019-01-02T13:30:11.000000,9.22,9.23,9.22,9.23,7000
2019-01-02T13:30:12.000000,9.23,9.23,9.22,9.22,3200
2019-01-02T13:30:13.000000,9.23,9.23,9.23,9.23,2500
2019-01-02T13:30:14.000000,9.23,9.23,9.22,9.23,1000
2019-01-02T13:30:15.000000,9.22,9.23,9.22,9.23,1000
2019-01-02T13:30:16.000000,9.23,9.23,9.23,9.23,100
2019-01-02T13:30:17.000000,9.23,9.23,9.23,9.23,5200
2019-01-02T13:30:18.000000,9.23,9.23,9.23,9.23,1000
2019-01-02T13:30:19.000000,9.23,9.23,9.23,9.23,200
2019-01-02T13:30:20.000000,9.23,9.23,9.23,9.23,800
2019-01-02T13:30:21.000000,9.23,9.23,9.23,9.23,1800
2019-01-02T13:30:22.000000,9.23,9.23,9.22,9.23,2600
2019-01-02T13:30:23.000000,9.23,9.23,9.22,9.22,200
2019-01-02T13:30:24.000000,9.23,9.23,9.23,9.23,3900
2019-01-02T13:30:26.000000,9.23,9.23,9.23,9.23,1000
2019-01-02T13:30:27.000000,9.23,9.23,9.22,9.23,8600
2019-01-02T13:30:28.000000,9.23,9.23,9.23,9.23,16700
2019-01-02T13:30:29.000000,9.23,9.23,9.23,9.23,1000
2019-01-02T13:30:32.000000,9.22,9.23,9.22,9.23,3700
2019-01-02T13:30:33.000000,9.23,9.23,9.23,9.23,900
2019-01-02T13:30:34.000000,9.23,9.23,9.22,9.23,1600
2019-01-02T13:30:35.000000,9.23,9.23,9.23,9.23,3000
2019-01-02T13:30:36.000000,9.23,9.23,9.23,9.23,2100
2019-01-02T13:30:37.000000,9.23,9.23,9.23,9.23,16200
2019-01-02T13:30:38.000000,9.22,9.23,9.22,9.23,400
2019-01-02T13:30:40.000000,9.23,9.23,9.23,9.23,1700
2019-01-02T13:30:41.000000,9.23,9.23,9.23,9.23,1300
2019-01-02T13:30:42.000000,9.23,9.23,9.23,9.23,200
2019-01-02T13:30:43.000000,9.23,9.23,9.23,9.23,5300
2019-01-02T13:30:44.000000,9.23,9.23,9.23,9.23,200
2019-01-02T13:30:45.000000,9.22,9.23,9.22,9.23,1100
2019-01-02T13:30:46.000000,9.23,9.23,9.22,9.23,1200
2019-01-02T13:30:47.000000,9.23,9.23,9.23,9.23,6700
2019-01-02T13:30:49.000000,9.23,9.23,9.22,9.23,6200
2019-01-02T13:30:50.000000,9.23,9.23,9.23,9.23,1000
2019-01-02T13:30:51.000000,9.23,9.23,9.23,9.23,10100
2019-01-02T13:30:52.000000,9.23,9.23,9.23,9.23,1000
2019-01-02T13:30:53.000000,9.23,9.23,9.23,9.23,25000
2019-01-02T13:30:55.000000,9.22,9.23,9.22,9.23,0
2019-01-02T13:30:56.000000,9.22,9.23,9.22,9.23,0
2019-01-02T13:30:57.000000,9.23,9.23,9.22,9.23,8900
2019-01-02T13:30:59.000000,9.23,9.23,9.22,9.23,400
2019-01-02T13:31:00.000000,9.23,9.23,9.23,9.23,4000
2019-01-02T13:31:01.000000,9.23,9.23,9.22,9.23,12600
2019-01-02T13:31:02.000000,9.23,9.23,9.23,9.23,2200
2019-01-02T13:31:03.000000,9.23,9.23,9.23,9.23,20000
2019-01-02T13:31:04.000000,9.23,9.23,9.23,9.23,3900
2019-01-02T13:31:05.000000,9.23,9.23,9.22,9.23,1400
2019-01-02T13:31:06.000000,9.23,9.23,9.22,9.23,1500
2019-01-02T13:31:07.000000,9.23,9.23,9.22,9.22,1600
2019-01-02T13:31:08.000000,9.23,9.23,9.22,9.22,0
2019-01-02T13:31:09.000000,9.23,9.23,9.23,9.23,300
2019-01-02T13:31:10.000000,9.23,9.23,9.22,9.23,8200
2019-01-02T13:31:11.000000,9.23,9.23,9.23,9.23,3600
2019-01-02T13:31:12.000000,9.23,9.23,9.23,9.23,12300
2019-01-02T13:31:13.000000,9.22,9.23,9.22,9.23,17800
2019-01-02T13:31:14.000000,9.23,9.23,9.22,9.23,2000
2019-01-02T13:31:15.000000,9.23,9.23,9.23,9.23,5400
2019-01-02T13:31:16.000000,9.22,9.23,9.22,9.23,3700
2019-01-02T13:31:17.000000,9.23,9.23,9.23,9.23,2600
2019-01-02T13:31:18.000000,9.23,9.23,9.23,9.23,300
2019-01-02T13:31:19.000000,9.23,9.23,9.22,9.23,1200
2019-01-02T13:31:21.000000,9.23,9.23,9.23,9.23,600
2019-01-02T13:31:22.000000,9.23,9.23,9.23,9.23,500
2019-01-02T13:31:23.000000,9.23,9.23,9.23,9.23,9100
2019-01-02T13:31:24.000000,9.23,9.23,9.23,9.23,3500
2019-01-02T13:31:25.000000,9.23,9.23,9.23,9.23,0
2019-01-02T13:31:26.000000,9.22,9.23,9.22,9.23,1000
2019-01-02T13:31:27.000000,9.23,9.23,9.22,9.23,46000
2019-01-02T13:31:28.000000,9.22,9.23,9.22,9.23,11800
2019-01-02T13:31:29.000000,9.23,9.23,9.23,9.23,2200
2019-01-02T13:31:30.000000,9.23,9.23,9.22,9.23,600
2019-01-02T13:31:31.000000,9.23,9.23,9.23,9.23,500
2019-01-02T13:31:32.000000,9.23,9.23,9.22,9.23,103700
2019-01-02T13:31:33.000000,9.23,9.23,9.23,9.23,100
2019-01-02T13:31:34.000000,9.23,9.23,9.23,9.23,16600
2019-01-02T13:31:36.000000,9.23,9.23,9.23,9.23,1100
2019-01-02T13:31:37.000000,9.23,9.23,9.22,9.22,600
2019-01-02T13:31:38.000000,9.22,9.23,9.22,9.23,2200
2019-01-02T13:31:39.000000,9.23,9.23,9.23,9.23,10000
2019-01-02T13:31:40.000000,9.23,9.23,9.23,9.23,200
2019-01-02T13:31:41.000000,9.23,9.23,9.22,9.23,500
2019-01-02T13:31:43.000000,9.23,9.23,9.22,9.23,600
2019-01-02T13:31:44.000000,9.23,9.23,9.22,9.23,3000
2019-01-02T13:31:45.000000,9.23,9.23,9.22,9.23,100
2019-01-02T13:31:46.000000,9.23,9.23,9.22,9.22,0
2019-01-02T13:31:47.000000,9.23,9.23,9.22,9.23,0
2019-01-02T13:31:48.000000,9.22,9.23,9.22,9.23,13400
2019-01-02T13:31:49.000000,9.23,9.23,9.23,9.23,1600
2019-01-02T13:31:50.000000,9.23,9.23,9.23,9.23,11600
2019-01-02T13:31:51.000000,9.23,9.23,9.22,9.23,2100
2019-01-02T13:31:52.000000,9.23,9.23,9.22,9.23,400
2019-01-02T13:31:53.000000,9.23,9.23,9.23,9.23,5200
2019-01-02T13:31:54.000000,9.23,9.23,9.23,9.23,1100
2019-01-02T13:31:55.000000,9.22,9.23,9.22,9.23,2400
2019-01-02T13:31:56.000000,9.23,9.23,9.23,9.23,13900
2019-01-02T13:31:58.000000,9.23,9.23,9.23,9.23,3300
2019-01-02T13:31:59.000000,9.23,9.23,9.23,9.23,400
2019-01-02T13:32:00.000000,9.23,9.23,9.23,9.23,600
2019-01-02T13:32:01.000000,9.23,9.23,9.22,9.23,116900
2019-01-02T13:32:02.000000,9.23,9.23,9.22,9.22,1200
2019-01-02T13:32:03.000000,9.23,9.23,9.22,9.22,0
2019-01-02T13:32:04.000000,9.23,9.23,9.22,9.23,3000
2019-01-02T13:32:05.000000,9.23,9.23,9.22,9.23,2700
2019-01-02T13:32:06.000000,9.22,9.23,9.22,9.22,300
2019-01-02T13:32:07.000000,9.23,9.23,9.22,9.22,1600
2019-01-02T13:32:08.000000,9.23,9.23,9.22,9.23,26600
2019-01-02T13:32:09.000000,9.22,9.23,9.22,9.23,0
2019-01-02T13:32:10.000000,9.23,9.23,9.22,9.22,1100
2019-01-02T13:32:11.000000,9.23,9.23,9.22,9.22,0
2019-01-02T13:32:12.000000,9.23,9.23,9.23,9.23,2000
2019-01-02T13:32:13.000000,9.23,9.23,9.23,9.23,2900
2019-01-02T13:32:14.000000,9.23,9.23,9.22,9.23,4400
2019-01-02T13:32:15.000000,9.23,9.23,9.22,9.22,5400
2019-01-02T13:32:16.000000,9.23,9.23,9.22,9.22,5900
2019-01-02T13:32:17.000000,9.23,9.23,9.22,9.23,5800
2019-01-02T13:32:18.000000,9.23,9.23,9.22,9.23,0
2019-01-02T13:32:19.000000,9.23,9.23,9.23,9.23,3100
2019-01-02T13:32:20.000000,9.23,9.23,9.23,9.23,700
2019-01-02T13:32:21.000000,9.23,9.23,9.22,9.23,1100
2019-01-02T13:32:22.000000,9.23,9.23,9.23,9.23,200
2019-01-02T13:32:23.000000,9.22,9.23,9.22,9.23,2000
2019-01-02T13:32:25.000000,9.23,9.23,9.22,9.22,0
2019-01-02T13:32:26.000000,9.23,9.23,9.22,9.22,0
2019-01-02T13:32:27.000000,9.23,9.23,9.23,9.23,1500
2019-01-02T13:32:28.000000,9.23,9.23,9.22,9.22,100
2019-01-02T13:32:29.000000,9.22,9.23,9.22,9.23,600
2019-01-02T13:32:30.000000,9.23,9.23,9.23,9.23,23200
2019-01-02T13:32:31.000000,9.22,9.23,9.22,9.23,0
2019-01-02T13:32:32.000000,9.23,9.23,9.22,9.23,600
2019-01-02T13:32:33.000000,9.23,9.23,9.23,9.23,10300
2019-01-02T13:32:34.000000,9.23,9.23,9.23,9.23,1500
2019-01-02T13:32:35.000000,9.23,9.23,9.23,9.23,1000
2019-01-02T13:32:36.000000,9.23,9.23,9.22,9.23,1000
2019-01-02T13:32:37.000000,9.23,9.23,9.22,9.23,2300
2019-01-02T13:32:38.000000,9.23,9.23,9.22,9.23,10200
2019-01-02T13:32:39.000000,9.23,9.23,9.23,9.23,1700
2019-01-02T13:32:40.000000,9.23,9.23,9.22,9.23,500
2019-01-02T13:32:41.000000,9.23,9.23,9.23,9.23,3500
2019-01-02T13:32:42.000000,9.23,9.23,9.22,9.23,3500
2019-01-02T13:32:43.000000,9.22,9.23,9.22,9.23,0
2019-01-02T13:32:44.000000,9.23,9.23,9.22,9.22,0
2019-01-02T13:32:45.000000,9.23,9.23,9.23,9.23,1000
2019-01-02T13:32:47.000000,9.22,9.23,9.22,9.23,0
2019-01-02T13:32:48.000000,9.23,9.23,9.23,9.23,7900
2019-01-02T13:32:49.000000,9.23,9.23,9.22,9.23,11500
2019-01-02T13:32:50.000000,9.23,9.23,9.23,9.23,10700
2019-01-02T13:32:51.000000,9.23,9.23,9.22,9.23,1600
2019-01-02T13:32:52.000000,9.23,9.23,9.23,9.23,2900
2019-01-02T13:32:53.000000,9.23,9.23,9.22,9.23,3700
2019-01-02T13:32:54.000000,9.23,9.23,9.22,9.23,7000
2019-01-02T13:32:55.000000,9.23,9.23,9.23,9.23,1900
2019-01-02T13:32:56.000000,9.23,9.23,9.23,9.23,400
2019-01-02T13:32:57.000000,9.23,9.23,9.22,9.22,1900
2019-01-02T13:32:58.000000,9.23,9.23,9.22,9.22,22800
2019-01-02T13:32:59.000000,9.23,9.23,9.22,9.23,700
2019-01-02T13:33:00.000000,9.23,9.23,9.22,9.22,6100
2019-01-02T13:33:01.000000,9.23,9.23,9.22,9.23,3100
2019-01-02T13:33:02.000000,9.23,9.23,9.22,9.23,1000
2019-01-02T13:33:03.000000,9.23,9.23,9.22,9.23,900
2019-01-02T13:33:04.000000,9.23,9.23,9.23,9.23,1200
2019-01-02T13:33:05.000000,9.23,9.23,9.23,9.23,100
2019-01-02T13:33:06.000000,9.23,9.23,9.22,9.23,0
2019-01-02T13:33:08.000000,9.22,9.23,9.22,9.23,200
2019-01-02T13:33:09.000000,9.23,9.23,9.22,9.23,6000
2019-01-02T13:33:10.000000,9.23,9.23,9.22,9.23,1300
2019-01-02T13:33:11.000000,9.23,9.23,9.22,9.23,3700
2019-01-02T13:33:12.000000,9.23,9.23,9.23,9.23,400
2019-01-02T13:33:13.000000,9.23,9.23,9.22,9.23,3100
2019-01-02T13:33:14.000000,9.22,9.23,9.22,9.23,0
2019-01-02T13:33:15.000000,9.22,9.23,9.22,9.23,0
2019-01-02T13:33:16.000000,9.23,9.23,9.22,9.23,200
2019-01-02T13:33:18.000000,9.23,9.23,9.23,9.23,11200
2019-01-02T13:33:20.000000,9.23,9.23,9.22,9.23,1300
2019-01-02T13:33:21.000000,9.22,9.23,9.22,9.23,500
2019-01-02T13:33:22.000000,9.23,9.23,9.23,9.23,2600
2019-01-02T13:33:23.000000,9.23,9.23,9.23,9.23,2200
2019-01-02T13:33:25.000000,9.23,9.23,9.23,9.23,1000
2019-01-02T13:33:26.000000,9.23,9.23,9.23,9.23,12700
2019-01-02T13:33:27.000000,9.23,9.23,9.23,9.23,2500
2019-01-02T13:33:28.000000,9.23,9.23,9.23,9.23,1300
2019-01-02T13:33:29.000000,9.23,9.23,9.23,9.23,7500
2019-01-02T13:33:30.000000,9.23,9.23,9.23,9.23,1200
2019-01-02T13:33:31.000000,9.22,9.23,9.22,9.23,2900
2019-01-02T13:33:32.000000,9.23,9.23,9.22,9.23,1000
2019-01-02T13:33:33.000000,9.23,9.23,9.23,9.23,2100
2019-01-02T13:33:34.000000,9.23,9.23,9.23,9.23,700
2019-01-02T13:33:35.000000,9.23,9.23,9.23,9.23,16000
2019-01-02T13:33:36.000000,9.22,9.23,9.22,9.23,47500
2019-01-02T13:33:37.000000,9.23,9.23,9.22,9.23,1400
2019-01-02T13:33:38.000000,9.22,9.23,9.22,9.22,0
2019-01-02T13:33:39.000000,9.23,9.23,9.22,9.23,1000
2019-01-02T13:33:40.000000,9.23,9.23,9.23,9.23,3400
2019-01-02T13:33:41.000000,9.23,9.23,9.22,9.22,0
2019-01-02T13:33:42.000000,9.23,9.23,9.22,9.23,4000
2019-01-02T13:33:43.000000,9.23,9.23,9.22,9.23,14400
2019-01-02T13:33:44.000000,9.23,9.23,9.22,9.22,1100
2019-01-02T13:33:45.000000,9.23,9.23,9.22,9.22,0
2019-01-02T13:33:46.000000,9.23,9.23,9.22,9.22,100000
2019-01-02T13:33:47.000000,9.23,9.23,9.23,9.23,100
2019-01-02T13:33:49.000000,9.23,9.23,9.22,9.23,1500
2019-01-02T13:33:50.000000,9.23,9.23,9.23,9.23,500
2019-01-02T13:33:51.000000,9.23,9.23,9.22,9.23,2700
2019-01-02T13:33:52.000000,9.23,9.23,9.23,9.23,26400
2019-01-02T13:33:53.000000,9.22,9.23,9.22,9.23,2500
2019-01-02T13:33:54.000000,9.23,9.23,9.23,9.23,2300
2019-01-02T13:33:55.000000,9.23,9.23,9.23,9.23,5600
2019-01-02T13:33:56.000000,9.23,9.23,9.23,9.23,7500
2019-01-02T13:33:58.000000,9.22,9.23,9.22,9.23,37500
2019-01-02T13:33:59.000000,9.23,9.23,9.23,9.23,700
2019-01-02T13:34:00.000000,9.23,9.23,9.23,9.23,7400
2019-01-02T13:34:01.000000,9.23,9.23,9.22,9.23,31200
2019-01-02T13:34:02.000000,9.23,9.23,9.22,9.23,500
2019-01-02T13:34:03.000000,9.23,9.23,9.23,9.23,100
2019-01-02T13:34:04.000000,9.23,9.23,9.22,9.23,100
2019-01-02T13:34:05.000000,9.23,9.23,9.23,9.23,1800
2019-01-02T13:34:06.000000,9.23,9.23,9.23,9.23,2300
2019-01-02T13:34:07.000000,9.23,9.23,9.22,9.23,2200
2019-01-02T13:34:08.000000,9.22,9.23,9.22,9.22,0
2019-01-02T13:34:09.000000,9.23,9.23,9.23,9.23,5200
2019-01-02T13:34:10.000000,9.23,9.23,9.23,9.23,2500
2019-01-02T13:34:11.000000,9.23,9.23,9.23,9.23,700
2019-01-02T13:34:12.000000,9.23,9.23,9.23,9.23,1000
2019-01-02T13:34:13.000000,9.23,9.23,9.23,9.23,100
2019-01-02T13:34:14.000000,9.22,9.23,9.22,9.23,0
2019-01-02T13:34:15.000000,9.22,9.23,9.22,9.23,1400
2019-01-02T13:34:16.000000,9.22,9.23,9.22,9.23,100
2019-01-02T13:34:18.000000,9.22,9.23,9.22,9.23,0
2019-01-02T13:34:19.000000,9.23,9.23,9.23,9.23,2000
2019-01-02T13:34:20.000000,9.23,9.23,9.22,9.22,200
2019-01-02T13:34:21.000000,9.23,9.23,9.23,9.23,111900
2019-01-02T13:34:22.000000,9.22,9.23,9.22,9.23,0
2019-01-02T13:34:23.000000,9.23,9.23,9.22,9.22,100
2019-01-02T13:34:24.000000,9.23,9.23,9.22,9.23,2200
2019-01-02T13:34:25.000000,9.23,9.23,9.22,9.23,33500
2019-01-02T13:34:26.000000,9.22,9.23,9.22,9.23,0
2019-01-02T13:34:28.000000,9.23,9.23,9.23,9.23,2200
2019-01-02T13:34:29.000000,9.23,9.23,9.23,9.23,1300
2019-01-02T13:34:30.000000,9.23,9.23,9.23,9.23,1500
2019-01-02T13:34:31.000000,9.23,9.23,9.23,9.23,100
2019-01-02T13:34:32.000000,9.23,9.23,9.23,9.23,4300
2019-01-02T13:34:33.000000,9.22,9.23,9.22,9.23,300
2019-01-02T13:34:34.000000,9.23,9.23,9.23,9.23,11100
2019-01-02T13:34:35.000000,9.23,9.23,9.23,9.23,5500
2019-01-02T13:34:36.000000,9.23,9.23,9.22,9.23,1500
2019-01-02T13:34:37.000000,9.23,9.23,9.22,9.22,800
2019-01-02T13:34:38.000000,9.23,9.23,9.22,9.23,9500
2019-01-02T13:34:39.000000,9.23,9.23,9.23,9.23,25300
2019-01-02T13:34:41.000000,9.23,9.23,9.23,9.23,100
2019-01-02T13:34:42.000000,9.23,9.23,9.23,9.23,400
2019-01-02T13:34:43.000000,9.23,9.23,9.23,9.23,9800
2019-01-02T13:34:44.000000,9.22,9.23,9.22,9.23,0
2019-01-02T13:34:45.000000,9.23,9.23,9.23,9.23,6200
2019-01-02T13:34:47.000000,9.23,9.23,9.22,9.23,100
2019-01-02T13:34:48.000000,9.23,9.23,9.22,9.23,1200
2019-01-02T13:34:49.000000,9.23,9.23,9.23,9.23,1300
2019-01-02T13:34:51.000000,9.23,9.23,9.22,9.23,6900
2019-01-02T13:34:52.000000,9.23,9.23,9.22,9.23,22500
2019-01-02T13:34:53.000000,9.23,9.23,9.23,9.23,8700
2019-01-02T13:34:54.000000,9.23,9.23,9.22,9.23,4200
2019-01-02T13:34:55.000000,9.23,9.23,9.22,9.23,3000
2019-01-02T13:34:56.000000,9.23,9.23,9.22,9.23,100
2019-01-02T13:34:57.000000,9.23,9.23,9.22,9.23,1000
2019-01-02T13:34:58.000000,9.23,9.23,9.23,9.23,3000
2019-01-02T13:34:59.000000,9.23,9.23,9.22,9.23,400
2019-01-02T13:35:00.000000,9.23,9.23,9.22,9.23,1900
2019-01-02T13:35:01.000000,9.22,9.23,9.22,9.23,2400
2019-01-02T13:35:02.000000,9.23,9.23,9.22,9.23,4300
2019-01-02T13:35:03.000000,9.23,9.23,9.22,9.22,0
2019-01-02T13:35:04.000000,9.23,9.23,9.23,9.23,600
2019-01-02T13:35:05.000000,9.22,9.23,9.22,9.23,0
2019-01-02T13:35:06.000000,9.23,9.23,9.22,9.23,12100
2019-01-02T13:35:07.000000,9.22,9.23,9.22,9.23,2400
2019-01-02T13:35:08.000000,9.22,9.23,9.22,9.23,1200
2019-01-02T13:35:09.000000,9.23,9.23,9.23,9.23,1400
2019-01-02T13:35:10.000000,9.23,9.23,9.23,9.23,5000
2019-01-02T13:35:11.000000,9.23,9.23,9.23,9.23,5100
2019-01-02T13:35:12.000000,9.23,9.23,9.22,9.23,100
2019-01-02T13:35:13.000000,9.23,9.23,9.23,9.23,4200
2019-01-02T13:35:14.000000,9.22,9.23,9.22,9.23,109500
2019-01-02T13:35:15.000000,9.23,9.23,9.22,9.22,1300
2019-01-02T13:35:16.000000,9.23,9.23,9.23,9.23,300
2019-01-02T13:35:17.000000,9.23,9.23,9.23,9.23,2300
2019-01-02T13:35:18.000000,9.22,9.23,9.22,9.23,800
2019-01-02T13:35:19.000000,9.23,9.23,9.22,9.23,2800
2019-01-02T13:35:20.000000,9.23,9.23,9.23,9.23,200
2019-01-02T13:35:21.000000,9.22,9.23,9.22,9.22,0
2019-01-02T13:35:22.000000,9.23,9.23,9.22,9.23,600
2019-01-02T13:35:23.000000,9.23,9.23,9.22,9.23,2400
2019-01-02T13:35:24.000000,9.23,9.23,9.23,9.23,400
2019-01-02T13:35:25.000000,9.23,9.23,9.23,9.23,3400
2019-01-02T13:35:26.000000,9.23,9.23,9.23,9.23,18200
2019-01-02T13:35:27.000000,9.23,9.23,9.23,9.23,100
2019-01-02T13:35:28.000000,9.23,9.23,9.23,9.23,200
2019-01-02T13:35:30.000000,9.23,9.23,9.22,9.23,1200
2019-01-02T13:35:31.000000,9.23,9.23,9.22,9.23,2000
2019-01-02T13:35:32.000000,9.23,9.23,9.23,9.23,500
2019-01-02T13:35:33.000000,9.23,9.23,9.22,9.23,7300
2019-01-02T13:35:34.000000,9.23,9.23,9.23,9.23,800
2019-01-02T13:35:35.000000,9.23,9.23,9.23,9.23,600
2019-01-02T13:35:36.000000,9.23,9.23,9.23,9.23,1800
2019-01-02T13:35:37.000000,9.23,9.23,9.22,9.22,5100
2019-01-02T13:35:38.000000,9.23,9.23,9.22,9.23,1700
2019-01-02T13:35:39.000000,9.23,9.23,9.23,9.23,3000
2019-01-02T13:35:40.000000,9.23,9.23,9.22,9.22,2000
2019-01-02T13:35:42.000000,9.23,9.23,9.23,9.23,36900
2019-01-02T13:35:43.000000,9.23,9.23,9.22,9.22,0
2019-01-02T13:35:44.000000,9.23,9.23,9.22,9.23,2800
2019-01-02T13:35:45.000000,9.23,9.23,9.22,9.23,10700
2019-01-02T13:35:47.000000,9.22,9.23,9.22,9.22,10000
2019-01-02T13:35:49.000000,9.23,9.23,9.23,9.23,1000
2019-01-02T13:35:50.000000,9.23,9.23,9.22,9.23,10700
2019-01-02T13:35:52.000000,9.23,9.23,9.23,9.23,1900
2019-01-02T13:35:53.000000,9.23,9.23,9.23,9.23,2600
2019-01-02T13:35:54.000000,9.23,9.23,9.23,9.23,2300
2019-01-02T13:35:55.000000,9.23,9.23,9.23,9.23,16200
2019-01-02T13:35:57.000000,9.23,9.23,9.22,9.23,4700
2019-01-02T13:35:58.000000,9.23,9.23,9.22,9.22,11500
2019-01-02T13:35:59.000000,9.23,9.23,9.23,9.23,400
2019-01-02T13:36:00.000000,9.23,9.23,9.23,9.23,4200
2019-01-02T13:36:01.000000,9.23,9.23,9.22,9.22,0
2019-01-02T13:36:02.000000,9.23,9.23,9.23,9.23,7500
2019-01-02T13:36:03.000000,9.23,9.23,9.23,9.23,300
2019-01-02T13:36:04.000000,9.23,9.23,9.22,9.23,3100
2019-01-02T13:36:05.000000,9.23,9.23,9.22,9.23,1600
2019-01-02T13:36:06.000000,9.23,9.23,9.23,9.23,2300
2019-01-02T13:36:07.000000,9.23,9.23,9.23,9.23,6100
2019-01-02T13:36:08.000000,9.22,9.23,9.22,9.23,2700
2019-01-02T13:36:09.000000,9.23,9.23,9.22,9.23,2000
2019-01-02T13:36:10.000000,9.23,9.23,9.23,9.23,3000
2019-01-02T13:36:11.000000,9.23,9.23,9.23,9.23,1000
2019-01-02T13:36:12.000000,9.23,9.23,9.23,9.23,1900
2019-01-02T13:36:13.000000,9.23,9.23,9.22,9.23,1500
2019-01-02T13:36:14.000000,9.23,9.23,9.22,9.23,2000
2019-01-02T13:36:15.000000,9.23,9.23,9.23,9.23,6000
2019-01-02T13:36:16.000000,9.23,9.23,9.22,9.23,2000
2019-01-02T13:36:17.000000,9.23,9.23,9.22,9.23,2000
2019-01-02T13:36:18.000000,9.23,9.23,9.23,9.23,1200
2019-01-02T13:36:19.000000,9.23,9.23,9.23,9.23,5300
2019-01-02T13:36:21.000000,9.22,9.23,9.22,9.23,2300
2019-01-02T13:36:22.000000,9.23,9.23,9.23,9.23,200
2019-01-02T13:36:23.000000,9.23,9.23,9.23,9.23,1100
2019-01-02T13:36:24.000000,9.23,9.23,9.23,9.23,1000
2019-01-02T13:36:25.000000,9.23,9.23,9.22,9.22,600
2019-01-02T13:36:26.000000,9.23,9.23,9.23,9.23,1300
2019-01-02T13:36:27.000000,9.23,9.23,9.22,9.23,700
2019-01-02T13:36:28.000000,9.23,9.23,9.22,9.22,600
2019-01-02T13:36:29.000000,9.23,9.23,9.23,9.23,1300
2019-01-02T13:36:30.000000,9.22,9.23,9.22,9.23,600
2019-01-02T13:36:31.000000,9.22,9.23,9.22,9.23,100
2019-01-02T13:36:32.000000,9.23,9.23,9.23,9.23,2700
2019-01-02T13:36:33.000000,9.22,9.23,9.22,9.23,0
2019-01-02T13:36:34.000000,9.23,9.23,9.23,9.23,1000
2019-01-02T13:36:35.000000,9.23,9.23,9.23,9.23,1800
2019-01-02T13:36:36.000000,9.23,9.23,9.22,9.23,216000
2019-01-02T13:36:37.000000,9.23,9.23,9.23,9.23,31000
2019-01-02T13:36:38.000000,9.22,9.23,9.22,9.23,12800
2019-01-02T13:36:39.000000,9.23,9.23,9.22,9.22,21700
2019-01-02T13:36:40.000000,9.22,9.23,9.22,9.23,100
2019-01-02T13:36:41.000000,9.23,9.23,9.23,9.23,15900
2019-01-02T13:36:42.000000,9.23,9.23,9.23,9.23,6600
2019-01-02T13:36:43.000000,9.23,9.23,9.22,9.23,3800
2019-01-02T13:36:44.000000,9.22,9.23,9.22,9.23,6700
2019-01-02T13:36:45.000000,9.23,9.23,9.23,9.23,800
2019-01-02T13:36:48.000000,9.23,9.23,9.22,9.23,2000
2019-01-02T13:36:49.000000,9.23,9.23,9.23,9.23,200
2019-01-02T13:36:50.000000,9.23,9.23,9.23,9.23,2300
2019-01-02T13:36:51.000000,9.23,9.23,9.23,9.23,3000
2019-01-02T13:36:52.000000,9.23,9.23,9.23,9.23,6200
2019-01-02T13:36:53.000000,9.23,9.23,9.23,9.23,3200
2019-01-02T13:36:54.000000,9.22,9.23,9.22,9.23,2400
2019-01-02T13:36:55.000000,9.23,9.23,9.22,9.23,102000
2019-01-02T13:36:56.000000,9.23,9.23,9.23,9.23,3800
2019-01-02T13:36:57.000000,9.23,9.23,9.23,9.23,26000
2019-01-02T13:36:58.000000,9.23,9.23,9.23,9.23,1600
2019-01-02T13:36:59.000000,9.23,9.23,9.23,9.23,3800
2019-01-02T13:37:00.000000,9.23,9.23,9.23,9.23,5000
2019-01-02T13:37:01.000000,9.23,9.23,9.23,9.23,5500
2019-01-02T13:37:02.000000,9.23,9.23,9.23,9.23,13900
2019-01-02T13:37:03.000000,9.23,9.23,9.23,9.23,2000
2019-01-02T13:37:04.000000,9.23,9.23,9.23,9.23,34600
2019-01-02T13:37:05.000000,9.22,9.23,9.22,9.22,2500
2019-01-02T13:37:06.000000,9.23,9.23,9.22,9.23,6200
2019-01-02T13:37:07.000000,9.23,9.23,9.23,9.23,6200
2019-01-02T13:37:08.000000,9.23,9.23,9.23,9.23,1000
2019-01-02T13:37:09.000000,9.23,9.23,9.23,9.23,100
2019-01-02T13:37:10.000000,9.23,9.23,9.23,9.23,5600
2019-01-02T13:37:11.000000,9.23,9.23,9.23,9.23,300
2019-01-02T13:37:12.000000,9.23,9.23,9.23,9.23,11200
2019-01-02T13:37:13.000000,9.23,9.23,9.23,9.23,4200
2019-01-02T13:37:14.000000,9.23,9.23,9.22,9.23,500
2019-01-02T13:37:15.000000,9.23,9.23,9.23,9.23,25400
2019-01-02T13:37:16.000000,9.23,9.23,9.23,9.23,500
2019-01-02T13:37:17.000000,9.23,9.23,9.23,9.23,14000
2019-01-02T13:37:18.000000,9.23,9.23,9.23,9.23,7100
2019-01-02T13:37:19.000000,9.23,9.23,9.23,9.23,400
2019-01-02T13:37:20.000000,9.23,9.23,9.23,9.23,9000
2019-01-02T13:37:21.000000,9.23,9.23,9.23,9.23,8000
2019-01-02T13:37:22.000000,9.23,9.23,9.23,9.23,3100
2019-01-02T13:37:23.000000,9.23,9.23,9.23,9.23,500
2019-01-02T13:37:26.000000,9.23,9.23,9.23,9.23,100
2019-01-02T13:37:27.000000,9.23,9.23,9.23,9.23,16200
2019-01-02T13:37:28.000000,9.23,9.23,9.23,9.23,0
2019-01-02T13:37:29.000000,9.23,9.23,9.23,9.23,1000
2019-01-02T13:37:30.000000,9.23,9.23,9.23,9.23,16000
2019-01-02T13:37:31.000000,9.23,9.23,9.23,9.23,1100
2019-01-02T13:37:32.000000,9.23,9.23,9.23,9.23,4300
2019-01-02T13:37:33.000000,9.23,9.23,9.23,9.23,2000
2019-01-02T13:37:34.000000,9.23,9.23,9.23,9.23,3100
2019-01-02T13:37:36.000000,9.23,9.23,9.23,9.23,47300
2019-01-02T13:37:38.000000,9.23,9.23,9.23,9.23,200
2019-01-02T13:37:39.000000,9.23,9.23,9.23,9.23,7100
2019-01-02T13:37:40.000000,9.23,9.23,9.23,9.23,1500
2019-01-02T13:37:41.000000,9.23,9.23,9.23,9.23,11100
2019-01-02T13:37:42.000000,9.23,9.23,9.23,9.23,2700
2019-01-02T13:37:43.000000,9.23,9.23,9.23,9.23,12800
2019-01-02T13:37:44.000000,9.23,9.23,9.23,9.23,3300
2019-01-02T13:37:45.000000,9.23,9.23,9.23,9.23,6000
2019-01-02T13:37:46.000000,9.23,9.23,9.23,9.23,2600
2019-01-02T13:37:47.000000,9.23,9.23,9.23,9.23,5500
2019-01-02T13:37:48.000000,9.23,9.23,9.23,9.23,900
2019-01-02T13:37:50.000000,9.23,9.23,9.23,9.23,10500
2019-01-02T13:37:51.000000,9.23,9.23,9.23,9.23,20800
2019-01-02T13:37:52.000000,9.23,9.23,9.23,9.23,4600
2019-01-02T13:37:53.000000,9.23,9.23,9.23,9.23,100
2019-01-02T13:37:54.000000,9.23,9.23,9.23,9.23,14500
2019-01-02T13:37:55.000000,9.23,9.23,9.22,9.23,5500
2019-01-02T13:37:56.000000,9.23,9.23,9.23,9.23,0
2019-01-02T13:37:57.000000,9.23,9.23,9.23,9.23,17100
2019-01-02T13:37:58.000000,9.23,9.23,9.22,9.23,87500
2019-01-02T13:37:59.000000,9.23,9.23,9.22,9.23,10900
2019-01-02T13:38:00.000000,9.23,9.23,9.22,9.22,10500
2019-01-02T13:38:01.000000,9.23,9.23,9.23,9.23,800
2019-01-02T13:38:03.000000,9.22,9.23,9.22,9.23,3200
2019-01-02T13:38:04.000000,9.23,9.23,9.22,9.23,400
2019-01-02T13:38:05.000000,9.23,9.23,9.22,9.23,1000
2019-01-02T13:38:06.000000,9.23,9.23,9.23,9.23,3400
2019-01-02T13:38:07.000000,9.23,9.23,9.23,9.23,1200
2019-01-02T13:38:08.000000,9.23,9.23,9.22,9.23,2000
2019-01-02T13:38:09.000000,9.23,9.23,9.22,9.23,12100
2019-01-02T13:38:10.000000,9.23,9.23,9.22,9.23,4600
2019-01-02T13:38:11.000000,9.23,9.23,9.23,9.23,3700
2019-01-02T13:38:12.000000,9.23,9.23,9.23,9.23,4600
2019-01-02T13:38:13.000000,9.23,9.23,9.23,9.23,2000
2019-01-02T13:38:14.000000,9.23,9.23,9.23,9.23,1100
2019-01-02T13:38:15.000000,9.22,9.23,9.22,9.23,17200
2019-01-02T13:38:16.000000,9.23,9.23,9.23,9.23,6100
2019-01-02T13:38:17.000000,9.23,9.23,9.23,9.23,2700
2019-01-02T13:38:18.000000,9.23,9.23,9.23,9.23,3100
2019-01-02T13:38:19.000000,9.23,9.23,9.23,9.23,16500
2019-01-02T13:38:20.000000,9.23,9.23,9.23,9.23,12000
2019-01-02T13:38:21.000000,9.23,9.23,9.22,9.23,14500
2019-01-02T13:38:22.000000,9.23,9.23,9.22,9.23,4900
2019-01-02T13:38:23.000000,9.23,9.23,9.23,9.23,1800
2019-01-02T13:38:24.000000,9.23,9.23,9.23,9.23,2400
2019-01-02T13:38:25.000000,9.23,9.23,9.23,9.23,1200
2019-01-02T13:38:26.000000,9.23,9.23,9.23,9.23,8800
2019-01-02T13:38:27.000000,9.23,9.23,9.23,9.23,5700
2019-01-02T13:38:28.000000,9.23,9.23,9.23,9.23,3400
2019-01-02T13:38:29.000000,9.23,9.23,9.23,9.23,39600
2019-01-02T13:38:30.000000,9.23,9.23,9.23,9.23,1800
2019-01-02T13:38:31.000000,9.23,9.23,9.22,9.23,58100
2019-01-02T13:38:32.000000,9.22,9.23,9.22,9.23,2300
2019-01-02T13:38:33.000000,9.23,9.23,9.23,9.23,100
2019-01-02T13:38:34.000000,9.23,9.23,9.22,9.23,5000
2019-01-02T13:38:35.000000,9.23,9.23,9.23,9.23,400
2019-01-02T13:38:36.000000,9.23,9.23,9.23,9.23,1100
2019-01-02T13:38:37.000000,9.23,9.23,9.23,9.23,500
2019-01-02T13:38:38.000000,9.23,9.23,9.23,9.23,700
2019-01-02T13:38:39.000000,9.22,9.23,9.22,9.23,100
2019-01-02T13:38:40.000000,9.22,9.23,9.22,9.23,2800
2019-01-02T13:38:41.000000,9.23,9.23,9.23,9.23,1000
2019-01-02T13:38:42.000000,9.23,9.23,9.23,9.23,3900
2019-01-02T13:38:43.000000,9.22,9.23,9.22,9.23,4000
2019-01-02T13:38:44.000000,9.22,9.23,9.22,9.23,2800
2019-01-02T13:38:45.000000,9.23,9.23,9.22,9.23,8200
2019-01-02T13:38:46.000000,9.23,9.23,9.23,9.23,2500
2019-01-02T13:38:47.000000,9.23,9.23,9.22,9.23,2100
2019-01-02T13:38:48.000000,9.23,9.23,9.23,9.23,2800
2019-01-02T13:38:49.000000,9.23,9.23,9.23,9.23,9700
2019-01-02T13:38:50.000000,9.22,9.23,9.22,9.23,800
2019-01-02T13:38:51.000000,9.23,9.23,9.23,9.23,9100
2019-01-02T13:38:52.000000,9.23,9.23,9.23,9.23,21200
2019-01-02T13:38:53.000000,9.23,9.23,9.23,9.23,1100
2019-01-02T13:38:54.000000,9.23,9.23,9.23,9.23,1000
2019-01-02T13:38:55.000000,9.22,9.23,9.22,9.23,3900
2019-01-02T13:38:56.000000,9.23,9.23,9.23,9.23,800
2019-01-02T13:38:57.000000,9.23,9.23,9.23,9.23,4000
2019-01-02T13:38:58.000000,9.23,9.23,9.23,9.23,1500
2019-01-02T13:38:59.000000,9.23,9.23,9.22,9.23,11300
2019-01-02T13:39:00.000000,9.23,9.23,9.23,9.23,12300
2019-01-02T13:39:01.000000,9.23,9.23,9.23,9.23,27600
2019-01-02T13:39:02.000000,9.23,9.23,9.23,9.23,800
2019-01-02T13:39:03.000000,9.23,9.23,9.22,9.23,20800
2019-01-02T13:39:04.000000,9.23,9.23,9.23,9.23,22500
2019-01-02T13:39:05.000000,9.23,9.23,9.23,9.23,17200
2019-01-02T13:39:06.000000,9.23,9.23,9.23,9.23,3100
2019-01-02T13:39:07.000000,9.23,9.23,9.23,9.23,2000
2019-01-02T13:39:08.000000,9.23,9.23,9.23,9.23,3800
2019-01-02T13:39:09.000000,9.23,9.23,9.23,9.23,6000
2019-01-02T13:39:10.000000,9.23,9.23,9.23,9.23,2400
2019-01-02T13:39:11.000000,9.23,9.23,9.22,9.22,0
2019-01-02T13:39:12.000000,9.23,9.23,9.23,9.23,5500
2019-01-02T13:39:13.000000,9.23,9.23,9.23,9.23,10800
2019-01-02T13:39:14.000000,9.22,9.23,9.22,9.23,6100
2019-01-02T13:39:15.000000,9.23,9.23,9.23,9.23,2900
2019-01-02T13:39:16.000000,9.23,9.23,9.23,9.23,1500
2019-01-02T13:39:17.000000,9.23,9.23,9.23,9.23,1100
2019-01-02T13:39:18.000000,9.23,9.23,9.22,9.23,1400
2019-01-02T13:39:19.000000,9.23,9.23,9.23,9.23,5000
2019-01-02T13:39:20.000000,9.23,9.23,9.23,9.23,5700
2019-01-02T13:39:21.000000,9.23,9.23,9.23,9.23,3400
2019-01-02T13:39:22.000000,9.23,9.23,9.23,9.23,1200
2019-01-02T13:39:23.000000,9.23,9.23,9.23,9.23,300
2019-01-02T13:39:24.000000,9.23,9.23,9.23,9.23,1300
2019-01-02T13:39:25.000000,9.23,9.23,9.23,9.23,1300
2019-01-02T13:39:26.000000,9.23,9.23,9.22,9.23,3400
2019-01-02T13:39:27.000000,9.23,9.23,9.23,9.23,0
2019-01-02T13:39:28.000000,9.23,9.23,9.23,9.23,1400
2019-01-02T13:39:29.000000,9.23,9.23,9.23,9.23,5000
2019-01-02T13:39:30.000000,9.23,9.23,9.23,9.23,100
2019-01-02T13:39:31.000000,9.23,9.23,9.23,9.23,100
2019-01-02T13:39:32.000000,9.23,9.23,9.23,9.23,2800
2019-01-02T13:39:33.000000,9.23,9.23,9.23,9.23,7000
2019-01-02T13:39:34.000000,9.23,9.23,9.23,9.23,3600
2019-01-02T13:39:35.000000,9.23,9.23,9.23,9.23,3000
2019-01-02T13:39:36.000000,9.23,9.23,9.23,9.23,1000
2019-01-02T13:39:37.000000,9.22,9.23,9.22,9.22,0
2019-01-02T13:39:38.000000,9.23,9.23,9.23,9.23,1300
2019-01-02T13:39:39.000000,9.23,9.23,9.23,9.23,13100
2019-01-02T13:39:40.000000,9.23,9.23,9.23,9.23,1400
2019-01-02T13:39:41.000000,9.23,9.23,9.22,9.23,1200
2019-01-02T13:39:42.000000,9.23,9.23,9.23,9.23,8600
2019-01-02T13:39:43.000000,9.23,9.23,9.23,9.23,33400
2019-01-02T13:39:44.000000,9.22,9.23,9.22,9.23,1000
2019-01-02T13:39:45.000000,9.23,9.23,9.22,9.22,2100
2019-01-02T13:39:46.000000,9.23,9.23,9.23,9.23,7100
2019-01-02T13:39:47.000000,9.23,9.23,9.23,9.23,3000
2019-01-02T13:39:48.000000,9.23,9.23,9.23,9.23,2200
2019-01-02T13:39:49.000000,9.23,9.23,9.23,9.23,1700
2019-01-02T13:39:51.000000,9.23,9.23,9.23,9.23,1500
2019-01-02T13:39:52.000000,9.23,9.23,9.23,9.23,5000
2019-01-02T13:39:53.000000,9.23,9.23,9.23,9.23,2800
2019-01-02T13:39:54.000000,9.23,9.23,9.22,9.22,300
2019-01-02T13:39:55.000000,9.23,9.23,9.23,9.23,9000
2019-01-02T13:39:56.000000,9.23,9.23,9.23,9.23,5000
2019-01-02T13:39:58.000000,9.23,9.23,9.23,9.23,6700
2019-01-02T13:39:59.000000,9.23,9.23,9.23,9.23,4500
2019-01-02T13:40:00.000000,9.23,9.23,9.22,9.22,700
2019-01-02T13:40:01.000000,9.23,9.23,9.22,9.22,200
2019-01-02T13:40:02.000000,9.23,9.23,9.23,9.23,200
2019-01-02T13:40:04.000000,9.23,9.23,9.22,9.23,15200
2019-01-02T13:40:05.000000,9.23,9.23,9.23,9.23,7100
2019-01-02T13:40:07.000000,9.23,9.23,9.23,9.23,5200
2019-01-02T13:40:08.000000,9.23,9.23,9.23,9.23,3000
2019-01-02T13:40:09.000000,9.23,9.23,9.23,9.23,5300
2019-01-02T13:40:10.000000,9.23,9.23,9.22,9.23,200
2019-01-02T13:40:11.000000,9.23,9.23,9.23,9.23,10500
2019-01-02T13:40:12.000000,9.23,9.23,9.23,9.23,4800
2019-01-02T13:40:13.000000,9.23,9.23,9.23,9.23,1300
2019-01-02T13:40:14.000000,9.23,9.23,9.22,9.23,3000
2019-01-02T13:40:15.000000,9.23,9.23,9.23,9.23,800
2019-01-02T13:40:16.000000,9.23,9.23,9.23,9.23,1700
2019-01-02T13:40:17.000000,9.23,9.23,9.23,9.23,1000
2019-01-02T13:40:18.000000,9.23,9.23,9.22,9.22,0
2019-01-02T13:40:19.000000,9.23,9.23,9.23,9.23,1900
2019-01-02T13:40:21.000000,9.23,9.23,9.23,9.23,5200
2019-01-02T13:40:22.000000,9.23,9.23,9.23,9.23,300
2019-01-02T13:40:23.000000,9.23,9.23,9.23,9.23,2500
2019-01-02T13:40:24.000000,9.23,9.23,9.23,9.23,200
2019-01-02T13:40:25.000000,9.23,9.23,9.23,9.23,200
2019-01-02T13:40:26.000000,9.23,9.23,9.22,9.23,80000
2019-01-02T13:40:27.000000,9.23,9.23,9.22,9.23,300
2019-01-02T13:40:28.000000,9.23,9.23,9.23,9.23,3400
2019-01-02T13:40:30.000000,9.23,9.23,9.23,9.23,1400
2019-01-02T13:40:31.000000,9.22,9.23,9.22,9.23,12900
2019-01-02T13:40:32.000000,9.23,9.23,9.23,9.23,6200
2019-01-02T13:40:33.000000,9.23,9.23,9.23,9.23,3100
2019-01-02T13:40:34.000000,9.23,9.23,9.22,9.23,1800
2019-01-02T13:40:35.000000,9.23,9.23,9.23,9.23,500
2019-01-02T13:40:36.000000,9.23,9.23,9.23,9.23,1100
2019-01-02T13:40:38.000000,9.23,9.23,9.23,9.23,1000
2019-01-02T13:40:40.000000,9.23,9.23,9.23,9.23,10500
2019-01-02T13:40:42.000000,9.23,9.23,9.23,9.23,5600
2019-01-02T13:40:43.000000,9.23,9.23,9.22,9.23,12200
2019-01-02T13:40:44.000000,9.23,9.23,9.22,9.23,4300
2019-01-02T13:40:45.000000,9.23,9.23,9.23,9.23,10300
2019-01-02T13:40:46.000000,9.23,9.23,9.23,9.23,6500
2019-01-02T13:40:47.000000,9.23,9.23,9.23,9.23,100
2019-01-02T13:40:48.000000,9.23,9.23,9.23,9.23,2900
2019-01-02T13:40:50.000000,9.23,9.23,9.22,9.23,200
2019-01-02T13:40:51.000000,9.23,9.23,9.22,9.22,1000
2019-01-02T13:40:52.000000,9.23,9.23,9.22,9.23,2200
2019-01-02T13:40:53.000000,9.23,9.23,9.23,9.23,2500
2019-01-02T13:40:54.000000,9.23,9.23,9.23,9.23,10400
2019-01-02T13:40:55.000000,9.23,9.23,9.22,9.23,2000
2019-01-02T13:40:57.000000,9.23,9.23,9.23,9.23,1500
2019-01-02T13:40:58.000000,9.23,9.23,9.22,9.23,9200
2019-01-02T13:40:59.000000,9.23,9.23,9.23,9.23,400
2019-01-02T13:41:00.000000,9.23,9.23,9.23,9.23,12100
2019-01-02T13:41:01.000000,9.23,9.23,9.23,9.23,500
2019-01-02T13:41:02.000000,9.23,9.23,9.23,9.23,1100
2019-01-02T13:41:03.000000,9.23,9.23,9.23,9.23,3600
2019-01-02T13:41:04.000000,9.23,9.23,9.23,9.23,0
2019-01-02T13:41:05.000000,9.23,9.23,9.23,9.23,100
2019-01-02T13:41:06.000000,9.22,9.23,9.22,9.23,0
2019-01-02T13:41:07.000000,9.23,9.23,9.23,9.23,28000
2019-01-02T13:41:08.000000,9.23,9.23,9.23,9.23,300
2019-01-02T13:41:10.000000,9.23,9.23,9.23,9.23,2000
2019-01-02T13:41:11.000000,9.23,9.23,9.23,9.23,22100
2019-01-02T13:41:12.000000,9.23,9.23,9.23,9.23,600
2019-01-02T13:41:13.000000,9.23,9.23,9.23,9.23,3800
2019-01-02T13:41:15.000000,9.22,9.23,9.22,9.23,0
2019-01-02T13:41:16.000000,9.23,9.23,9.23,9.23,11800
2019-01-02T13:41:17.000000,9.23,9.23,9.23,9.23,200
2019-01-02T13:41:19.000000,9.22,9.23,9.22,9.23,0
2019-01-02T13:41:20.000000,9.23,9.23,9.23,9.23,16500
2019-01-02T13:41:21.000000,9.23,9.23,9.23,9.23,3300
2019-01-02T13:41:22.000000,9.23,9.23,9.22,9.23,68800
2019-01-02T13:41:23.000000,9.23,9.23,9.22,9.23,2200
2019-01-02T13:41:24.000000,9.23,9.23,9.23,9.23,2200
2019-01-02T13:41:25.000000,9.23,9.23,9.23,9.23,5000
2019-01-02T13:41:26.000000,9.23,9.23,9.23,9.23,400
2019-01-02T13:41:27.000000,9.23,9.23,9.22,9.23,0
2019-01-02T13:41:28.000000,9.23,9.23,9.23,9.23,24000
2019-01-02T13:41:29.000000,9.23,9.23,9.23,9.23,1200
2019-01-02T13:41:30.000000,9.23,9.23,9.23,9.23,4000
2019-01-02T13:41:31.000000,9.22,9.23,9.22,9.23,0
2019-01-02T13:41:32.000000,9.23,9.23,9.23,9.23,2000
2019-01-02T13:41:33.000000,9.23,9.23,9.23,9.23,9900
2019-01-02T13:41:35.000000,9.23,9.23,9.23,9.23,4400
2019-01-02T13:41:36.000000,9.23,9.23,9.23,9.23,6500
2019-01-02T13:41:37.000000,9.23,9.23,9.23,9.23,4500
2019-01-02T13:41:38.000000,9.23,9.23,9.22,9.22,0
2019-01-02T13:41:39.000000,9.23,9.23,9.23,9.23,700
2019-01-02T13:41:40.000000,9.23,9.23,9.23,9.23,1700
2019-01-02T13:41:41.000000,9.23,9.23,9.23,9.23,1900
2019-01-02T13:41:42.000000,9.23,9.23,9.23,9.23,3600
2019-01-02T13:41:43.000000,9.23,9.23,9.23,9.23,8900
2019-01-02T13:41:44.000000,9.23,9.23,9.22,9.23,3400
2019-01-02T13:41:45.000000,9.23,9.23,9.23,9.23,2400
2019-01-02T13:41:46.000000,9.23,9.23,9.23,9.23,1700
2019-01-02T13:41:47.000000,9.23,9.23,9.22,9.23,15500
2019-01-02T13:41:48.000000,9.23,9.23,9.23,9.23,6500
2019-01-02T13:41:49.000000,9.23,9.23,9.23,9.23,5400
2019-01-02T13:41:50.000000,9.23,9.23,9.22,9.23,3000
2019-01-02T13:41:51.000000,9.23,9.23,9.23,9.23,22000
2019-01-02T13:41:52.000000,9.23,9.23,9.23,9.23,400
2019-01-02T13:41:54.000000,9.23,9.23,9.23,9.23,2500
2019-01-02T13:41:55.000000,9.23,9.23,9.22,9.23,7000
2019-01-02T13:41:56.000000,9.23,9.23,9.22,9.23,6700
2019-01-02T13:41:57.000000,9.23,9.23,9.23,9.23,1600
2019-01-02T13:41:58.000000,9.23,9.23,9.23,9.23,11700
2019-01-02T13:41:59.000000,9.23,9.23,9.23,9.23,11300
2019-01-02T13:42:00.000000,9.23,9.23,9.23,9.23,700
2019-01-02T13:42:01.000000,9.23,9.23,9.23,9.23,10700
2019-01-02T13:42:02.000000,9.23,9.23,9.22,9.23,31600
2019-01-02T13:42:03.000000,9.23,9.23,9.23,9.23,600
2019-01-02T13:42:04.000000,9.22,9.23,9.22,9.23,1000
2019-01-02T13:42:05.000000,9.23,9.23,9.23,9.23,800
2019-01-02T13:42:06.000000,9.23,9.23,9.23,9.23,2300
2019-01-02T13:42:07.000000,9.23,9.23,9.23,9.23,0
2019-01-02T13:42:08.000000,9.23,9.23,9.23,9.23,4000
2019-01-02T13:42:09.000000,9.23,9.23,9.23,9.23,2500
2019-01-02T13:42:10.000000,9.22,9.23,9.22,9.23,0
2019-01-02T13:42:11.000000,9.23,9.23,9.22,9.23,3400
2019-01-02T13:42:12.000000,9.23,9.23,9.23,9.23,2000
2019-01-02T13:42:13.000000,9.23,9.23,9.23,9.23,6600
2019-01-02T13:42:14.000000,9.22,9.23,9.22,9.23,23800
2019-01-02T13:42:15.000000,9.23,9.23,9.23,9.23,0
2019-01-02T13:42:17.000000,9.23,9.23,9.23,9.23,3200
2019-01-02T13:42:18.000000,9.23,9.23,9.22,9.23,4200
2019-01-02T13:42:19.000000,9.23,9.23,9.23,9.23,300
2019-01-02T13:42:20.000000,9.23,9.23,9.23,9.23,2700
2019-01-02T13:42:21.000000,9.23,9.23,9.23,9.23,8200
2019-01-02T13:42:23.000000,9.23,9.23,9.23,9.23,3000
2019-01-02T13:42:24.000000,9.23,9.23,9.23,9.23,2800
2019-01-02T13:42:25.000000,9.23,9.23,9.23,9.23,2000
2019-01-02T13:42:26.000000,9.23,9.23,9.23,9.23,1300
2019-01-02T13:42:27.000000,9.22,9.23,9.22,9.23,7500
2019-01-02T13:42:28.000000,9.23,9.23,9.23,9.23,8300
2019-01-02T13:42:29.000000,9.23,9.23,9.22,9.23,1500
2019-01-02T13:42:30.000000,9.23,9.23,9.23,9.23,1000
2019-01-02T13:42:31.000000,9.23,9.23,9.23,9.23,2700
2019-01-02T13:42:32.000000,9.23,9.23,9.23,9.23,800
2019-01-02T13:42:33.000000,9.23,9.23,9.23,9.23,200
2019-01-02T13:42:34.000000,9.23,9.23,9.22,9.23,4600
2019-01-02T13:42:35.000000,9.23,9.23,9.23,9.23,5100
2019-01-02T13:42:36.000000,9.23,9.23,9.23,9.23,1000
2019-01-02T13:42:37.000000,9.23,9.23,9.23,9.23,100
2019-01-02T13:42:38.000000,9.23,9.23,9.23,9.23,3200
2019-01-02T13:42:39.000000,9.23,9.23,9.23,9.23,8500
2019-01-02T13:42:40.000000,9.23,9.23,9.23,9.23,2300
2019-01-02T13:42:41.000000,9.23,9.23,9.23,9.23,10500
2019-01-02T13:42:42.000000,9.23,9.23,9.22,9.23,5100
2019-01-02T13:42:44.000000,9.23,9.23,9.23,9.23,2500
2019-01-02T13:42:45.000000,9.23,9.23,9.23,9.23,8700
2019-01-02T13:42:46.000000,9.23,9.23,9.23,9.23,12000
2019-01-02T13:42:48.000000,9.23,9.23,9.23,9.23,2400
2019-01-02T13:42:49.000000,9.23,9.23,9.23,9.23,15000
2019-01-02T13:42:50.000000,9.23,9.23,9.22,9.23,500
2019-01-02T13:42:51.000000,9.23,9.23,9.23,9.23,8400
2019-01-02T13:42:52.000000,9.23,9.23,9.22,9.23,0
2019-01-02T13:42:53.000000,9.23,9.23,9.23,9.23,1200
2019-01-02T13:42:54.000000,9.23,9.23,9.23,9.23,0
2019-01-02T13:42:57.000000,9.23,9.23,9.23,9.23,2000
2019-01-02T13:42:58.000000,9.22,9.23,9.22,9.23,0
2019-01-02T13:42:59.000000,9.23,9.23,9.23,9.23,2800
2019-01-02T13:43:00.000000,9.23,9.23,9.22,9.23,16100
2019-01-02T13:43:01.000000,9.23,9.23,9.23,9.23,100
2019-01-02T13:43:02.000000,9.23,9.23,9.23,9.23,31000
2019-01-02T13:43:04.000000,9.23,9.23,9.23,9.23,9600
2019-01-02T13:43:05.000000,9.23,9.23,9.23,9.23,700
2019-01-02T13:43:06.000000,9.23,9.23,9.22,9.23,3100
2019-01-02T13:43:07.000000,9.23,9.23,9.23,9.23,5000
2019-01-02T13:43:08.000000,9.23,9.23,9.23,9.23,16400
2019-01-02T13:43:09.000000,9.23,9.23,9.23,9.23,600
2019-01-02T13:43:10.000000,9.23,9.23,9.23,9.23,100
2019-01-02T13:43:11.000000,9.23,9.23,9.23,9.23,0
2019-01-02T13:43:12.000000,9.23,9.23,9.23,9.23,5100
2019-01-02T13:43:13.000000,9.23,9.23,9.23,9.23,3700
2019-01-02T13:43:14.000000,9.23,9.23,9.22,9.23,700
2019-01-02T13:43:15.000000,9.22,9.23,9.22,9.23,2000
2019-01-02T13:43:16.000000,9.23,9.23,9.23,9.23,800
2019-01-02T13:43:18.000000,9.23,9.23,9.23,9.23,800
2019-01-02T13:43:19.000000,9.23,9.23,9.23,9.23,2500
2019-01-02T13:43:21.000000,9.23,9.23,9.23,9.23,2000
2019-01-02T13:43:22.000000,9.23,9.23,9.22,9.23,4100
2019-01-02T13:43:23.000000,9.23,9.23,9.23,9.23,3000
2019-01-02T13:43:24.000000,9.23,9.23,9.23,9.23,1700
2019-01-02T13:43:25.000000,9.23,9.23,9.23,9.23,3100
2019-01-02T13:43:26.000000,9.23,9.23,9.23,9.23,3900
2019-01-02T13:43:27.000000,9.23,9.23,9.22,9.22,100
2019-01-02T13:43:28.000000,9.23,9.23,9.23,9.23,1200
2019-01-02T13:43:29.000000,9.23,9.23,9.23,9.23,1100
2019-01-02T13:43:30.000000,9.23,9.23,9.23,9.23,0
2019-01-02T13:43:31.000000,9.22,9.23,9.22,9.23,500
2019-01-02T13:43:32.000000,9.23,9.23,9.22,9.23,1800
2019-01-02T13:43:33.000000,9.23,9.23,9.23,9.23,9300
2019-01-02T13:43:34.000000,9.23,9.23,9.23,9.23,10000
2019-01-02T13:43:35.000000,9.23,9.23,9.23,9.23,5600
2019-01-02T13:43:36.000000,9.23,9.23,9.23,9.23,34600
2019-01-02T13:43:38.000000,9.23,9.23,9.23,9.23,3600
2019-01-02T13:43:39.000000,9.22,9.23,9.22,9.23,8100
2019-01-02T13:43:40.000000,9.23,9.23,9.23,9.23,500
2019-01-02T13:43:41.000000,9.23,9.23,9.23,9.23,500
2019-01-02T13:43:42.000000,9.23,9.23,9.23,9.23,4200
2019-01-02T13:43:43.000000,9.23,9.23,9.23,9.23,1300
2019-01-02T13:43:44.000000,9.23,9.23,9.22,9.23,3800
2019-01-02T13:43:45.000000,9.23,9.23,9.23,9.23,3000
2019-01-02T13:43:46.000000,9.22,9.23,9.22,9.23,0
2019-01-02T13:43:48.000000,9.23,9.23,9.23,9.23,3000
2019-01-02T13:43:50.000000,9.23,9.23,9.23,9.23,1800
2019-01-02T13:43:51.000000,9.23,9.23,9.23,9.23,100
2019-01-02T13:43:52.000000,9.23,9.23,9.23,9.23,500
2019-01-02T13:43:54.000000,9.22,9.23,9.22,9.23,0
2019-01-02T13:43:55.000000,9.23,9.23,9.22,9.22,3100
2019-01-02T13:43:56.000000,9.23,9.23,9.22,9.23,500
2019-01-02T13:43:57.000000,9.23,9.23,9.22,9.22,2300
2019-01-02T13:43:58.000000,9.23,9.23,9.23,9.23,2300
2019-01-02T13:44:00.000000,9.23,9.23,9.23,9.23,6300
2019-01-02T13:44:01.000000,9.23,9.23,9.23,9.23,0
2019-01-02T13:44:02.000000,9.23,9.23,9.22,9.23,16300
2019-01-02T13:44:03.000000,9.23,9.23,9.23,9.23,11600
2019-01-02T13:44:04.000000,9.23,9.23,9.23,9.23,2300
2019-01-02T13:44:05.000000,9.22,9.23,9.22,9.23,0
2019-01-02T13:44:06.000000,9.23,9.23,9.23,9.23,500
2019-01-02T13:44:07.000000,9.23,9.23,9.23,9.23,3000
2019-01-02T13:44:08.000000,9.23,9.23,9.23,9.23,11000
2019-01-02T13:44:09.000000,9.23,9.23,9.23,9.23,7400
2019-01-02T13:44:11.000000,9.23,9.23,9.23,9.23,900
2019-01-02T13:44:12.000000,9.23,9.23,9.23,9.23,2100
2019-01-02T13:44:14.000000,9.23,9.23,9.22,9.23,2100
2019-01-02T13:44:15.000000,9.23,9.23,9.23,9.23,12200
2019-01-02T13:44:16.000000,9.23,9.23,9.23,9.23,0
2019-01-02T13:44:17.000000,9.23,9.23,9.23,9.23,0
2019-01-02T13:44:18.000000,9.23,9.23,9.23,9.23,300
2019-01-02T13:44:19.000000,9.23,9.23,9.23,9.23,300
2019-01-02T13:44:20.000000,9.23,9.23,9.23,9.23,1100
2019-01-02T13:44:21.000000,9.23,9.23,9.23,9.23,29600
2019-01-02T13:44:22.000000,9.23,9.23,9.23,9.23,2400
2019-01-02T13:44:23.000000,9.23,9.23,9.23,9.23,500
2019-01-02T13:44:25.000000,9.23,9.23,9.23,9.23,200
2019-01-02T13:44:26.000000,9.23,9.23,9.23,9.23,1100
2019-01-02T13:44:27.000000,9.22,9.23,9.22,9.23,7200
2019-01-02T13:44:29.000000,9.23,9.23,9.23,9.23,9100
2019-01-02T13:44:30.000000,9.23,9.23,9.23,9.23,31300
2019-01-02T13:44:31.000000,9.23,9.23,9.23,9.23,5600
2019-01-02T13:44:32.000000,9.23,9.23,9.23,9.23,0
2019-01-02T13:44:33.000000,9.23,9.23,9.23,9.23,8300
2019-01-02T13:44:34.000000,9.23,9.23,9.23,9.23,1200
2019-01-02T13:44:35.000000,9.23,9.23,9.23,9.23,5400
2019-01-02T13:44:36.000000,9.23,9.23,9.23,9.23,3000
2019-01-02T13:44:37.000000,9.23,9.23,9.23,9.23,200
2019-01-02T13:44:38.000000,9.23,9.23,9.23,9.23,200
2019-01-02T13:44:39.000000,9.23,9.23,9.23,9.23,8000
2019-01-02T13:44:40.000000,9.23,9.23,9.23,9.23,1100
2019-01-02T13:44:42.000000,9.23,9.23,9.23,9.23,2600
2019-01-02T13:44:43.000000,9.23,9.23,9.23,9.23,3800
2019-01-02T13:44:44.000000,9.22,9.23,9.22,9.23,0
2019-01-02T13:44:45.000000,9.23,9.23,9.23,9.23,600
2019-01-02T13:44:46.000000,9.22,9.23,9.22,9.23,0
2019-01-02T13:44:48.000000,9.23,9.23,9.22,9.23,100
2019-01-02T13:44:49.000000,9.23,9.23,9.23,9.23,1000
2019-01-02T13:44:50.000000,9.22,9.23,9.22,9.23,1600
2019-01-02T13:44:51.000000,9.23,9.23,9.23,9.23,0
2019-01-02T13:44:52.000000,9.22,9.23,9.22,9.23,0
2019-01-02T13:44:53.000000,9.23,9.23,9.23,9.23,3400
2019-01-02T13:44:54.000000,9.23,9.23,9.23,9.23,100
2019-01-02T13:44:57.000000,9.23,9.23,9.23,9.23,300
2019-01-02T13:44:58.000000,9.23,9.23,9.23,9.23,2300
2019-01-02T13:44:59.000000,9.23,9.23,9.23,9.23,3400
2019-01-02T13:45:00.000000,9.23,9.23,9.23,9.23,1500
2019-01-02T13:45:01.000000,9.23,9.23,9.23,9.23,1000
2019-01-02T13:45:02.000000,9.23,9.23,9.23,9.23,62800
2019-01-02T13:45:03.000000,9.23,9.23,9.23,9.23,9100
2019-01-02T13:45:04.000000,9.23,9.23,9.23,9.23,17500
2019-01-02T13:45:05.000000,9.23,9.23,9.22,9.23,30300
2019-01-02T13:45:06.000000,9.23,9.23,9.23,9.23,200
2019-01-02T13:45:07.000000,9.23,9.23,9.23,9.23,500
2019-01-02T13:45:08.000000,9.23,9.23,9.23,9.23,200
2019-01-02T13:45:09.000000,9.23,9.23,9.23,9.23,500
2019-01-02T13:45:11.000000,9.23,9.23,9.23,9.23,1000
2019-01-02T13:45:12.000000,9.23,9.23,9.22,9.23,5500
2019-01-02T13:45:14.000000,9.22,9.23,9.22,9.23,0
2019-01-02T13:45:15.000000,9.23,9.23,9.23,9.23,3700
2019-01-02T13:45:16.000000,9.23,9.23,9.23,9.23,0
2019-01-02T13:45:17.000000,9.23,9.23,9.23,9.23,1300
2019-01-02T13:45:18.000000,9.23,9.23,9.23,9.23,18000
2019-01-02T13:45:19.000000,9.23,9.23,9.23,9.23,3600
2019-01-02T13:45:22.000000,9.23,9.23,9.23,9.23,1100
2019-01-02T13:45:24.000000,9.23,9.23,9.23,9.23,0
2019-01-02T13:45:25.000000,9.23,9.23,9.23,9.23,0
2019-01-02T13:45:26.000000,9.23,9.23,9.23,9.23,9600
2019-01-02T13:45:27.000000,9.23,9.23,9.23,9.23,1600
2019-01-02T13:45:28.000000,9.23,9.23,9.22,9.23,100
2019-01-02T13:45:29.000000,9.23,9.23,9.23,9.23,3700
2019-01-02T13:45:31.000000,9.23,9.23,9.23,9.23,1900
2019-01-02T13:45:32.000000,9.23,9.23,9.23,9.23,5000
2019-01-02T13:45:33.000000,9.23,9.23,9.22,9.23,6400
2019-01-02T13:45:34.000000,9.23,9.23,9.23,9.23,5000
2019-01-02T13:45:35.000000,9.22,9.23,9.22,9.23,0
2019-01-02T13:45:36.000000,9.23,9.23,9.23,9.23,4500
2019-01-02T13:45:37.000000,9.23,9.23,9.23,9.23,0
2019-01-02T13:45:38.000000,9.23,9.23,9.23,9.23,100
2019-01-02T13:45:39.000000,9.22,9.23,9.22,9.23,0
2019-01-02T13:45:40.000000,9.23,9.23,9.23,9.23,1000
2019-01-02T13:45:42.000000,9.23,9.23,9.23,9.23,1800
2019-01-02T13:45:43.000000,9.23,9.23,9.23,9.23,3700
2019-01-02T13:45:44.000000,9.23,9.23,9.22,9.22,3000
2019-01-02T13:45:45.000000,9.23,9.23,9.22,9.23,100
2019-01-02T13:45:46.000000,9.23,9.23,9.23,9.23,700
2019-01-02T13:45:47.000000,9.23,9.23,9.23,9.23,3900
2019-01-02T13:45:49.000000,9.22,9.23,9.22,9.23,0
2019-01-02T13:45:50.000000,9.23,9.23,9.22,9.23,50000
2019-01-02T13:45:51.000000,9.23,9.23,9.23,9.23,1000
2019-01-02T13:45:52.000000,9.23,9.23,9.23,9.23,5000
2019-01-02T13:45:54.000000,9.23,9.23,9.23,9.23,0
2019-01-02T13:45:55.000000,9.23,9.23,9.23,9.23,400
2019-01-02T13:45:56.000000,9.23,9.23,9.23,9.23,1200
2019-01-02T13:45:57.000000,9.23,9.23,9.23,9.23,7300
2019-01-02T13:45:59.000000,9.23,9.23,9.23,9.23,1000
2019-01-02T13:46:00.000000,9.23,9.23,9.23,9.23,500
2019-01-02T13:46:01.000000,9.23,9.23,9.23,9.23,4300
2019-01-02T13:46:03.000000,9.23,9.23,9.22,9.22,4200
2019-01-02T13:46:04.000000,9.23,9.23,9.22,9.23,8400
2019-01-02T13:46:05.000000,9.23,9.23,9.23,9.23,500
2019-01-02T13:46:06.000000,9.23,9.23,9.23,9.23,0
2019-01-02T13:46:07.000000,9.23,9.23,9.23,9.23,4000
2019-01-02T13:46:08.000000,9.22,9.23,9.22,9.23,600
2019-01-02T13:46:09.000000,9.23,9.23,9.23,9.23,300
2019-01-02T13:46:10.000000,9.23,9.23,9.23,9.23,0
2019-01-02T13:46:14.000000,9.22,9.23,9.22,9.23,0
2019-01-02T13:46:15.000000,9.23,9.23,9.23,9.23,47000
2019-01-02T13:46:16.000000,9.23,9.23,9.23,9.23,1300
2019-01-02T13:46:17.000000,9.23,9.23,9.23,9.23,1600
2019-01-02T13:46:19.000000,9.23,9.23,9.23,9.23,700
2019-01-02T13:46:21.000000,9.23,9.23,9.23,9.23,400
2019-01-02T13:46:23.000000,9.23,9.23,9.23,9.23,1000
2019-01-02T13:46:26.000000,9.23,9.23,9.23,9.23,600
2019-01-02T13:46:27.000000,9.23,9.23,9.23,9.23,6100
2019-01-02T13:46:31.000000,9.23,9.23,9.23,9.23,1000
2019-01-02T13:46:32.000000,9.23,9.23,9.23,9.23,1000
2019-01-02T13:46:34.000000,9.23,9.23,9.23,9.23,3400
2019-01-02T13:46:35.000000,9.23,9.23,9.23,9.23,1000
2019-01-02T13:46:37.000000,9.23,9.23,9.23,9.23,200
2019-01-02T13:46:38.000000,9.23,9.23,9.23,9.23,1000
2019-01-02T13:46:39.000000,9.23,9.23,9.23,9.23,2000
2019-01-02T13:46:41.000000,9.23,9.23,9.23,9.23,1000
2019-01-02T13:46:42.000000,9.23,9.23,9.23,9.23,30000
2019-01-02T13:46:43.000000,9.23,9.23,9.23,9.23,1600
2019-01-02T13:46:44.000000,9.23,9.23,9.23,9.23,5600
2019-01-02T13:46:47.000000,9.23,9.23,9.23,9.23,31100
2019-01-02T13:46:48.000000,9.23,9.23,9.23,9.23,300
2019-01-02T13:46:49.000000,9.23,9.23,9.23,9.23,0
2019-01-02T13:46:50.000000,9.23,9.23,9.23,9.23,4700
2019-01-02T13:46:51.000000,9.23,9.23,9.23,9.23,3900
2019-01-02T13:46:52.000000,9.23,9.23,9.23,9.23,14500
2019-01-02T13:46:54.000000,9.23,9.23,9.23,9.23,0
2019-01-02T13:46:55.000000,9.22,9.23,9.22,9.23,10000
2019-01-02T13:46:57.000000,9.23,9.23,9.23,9.23,900
2019-01-02T13:46:58.000000,9.23,9.23,9.22,9.23,0
2019-01-02T13:46:59.000000,9.23,9.23,9.23,9.23,200
2019-01-02T13:47:00.000000,9.23,9.23,9.23,9.23,600
2019-01-02T13:47:01.000000,9.23,9.23,9.23,9.23,0
2019-01-02T13:47:02.000000,9.23,9.23,9.23,9.23,4800
2019-01-02T13:47:04.000000,9.23,9.23,9.23,9.23,5000
2019-01-02T13:47:05.000000,9.23,9.23,9.23,9.23,3200
2019-01-02T13:47:06.000000,9.23,9.23,9.23,9.23,0
2019-01-02T13:47:07.000000,9.23,9.23,9.23,9.23,400
2019-01-02T13:47:08.000000,9.23,9.23,9.23,9.23,1000
2019-01-02T13:47:10.000000,9.23,9.23,9.23,9.23,600
2019-01-02T13:47:11.000000,9.23,9.23,9.23,9.23,3500
2019-01-02T13:47:12.000000,9.23,9.23,9.23,9.23,5800
2019-01-02T13:47:13.000000,9.23,9.23,9.23,9.23,1100
2019-01-02T13:47:14.000000,9.23,9.23,9.23,9.23,10800
2019-01-02T13:47:15.000000,9.23,9.23,9.22,9.23,8700
2019-01-02T13:47:16.000000,9.23,9.23,9.23,9.23,200
2019-01-02T13:47:17.000000,9.23,9.23,9.23,9.23,700
2019-01-02T13:47:19.000000,9.23,9.23,9.23,9.23,100
2019-01-02T13:47:20.000000,9.23,9.23,9.23,9.23,1400
2019-01-02T13:47:21.000000,9.23,9.23,9.23,9.23,0
2019-01-02T13:47:22.000000,9.23,9.23,9.23,9.23,200
2019-01-02T13:47:23.000000,9.23,9.23,9.23,9.23,1000
2019-01-02T13:47:24.000000,9.23,9.23,9.23,9.23,0
2019-01-02T13:47:25.000000,9.23,9.23,9.23,9.23,12300
2019-01-02T13:47:26.000000,9.23,9.23,9.22,9.23,3000
2019-01-02T13:47:27.000000,9.23,9.23,9.23,9.23,1100
2019-01-02T13:47:28.000000,9.23,9.23,9.23,9.23,1000
2019-01-02T13:47:29.000000,9.23,9.23,9.23,9.23,4200
2019-01-02T13:47:30.000000,9.23,9.23,9.23,9.23,800
2019-01-02T13:47:31.000000,9.23,9.23,9.23,9.23,2300
2019-01-02T13:47:32.000000,9.23,9.23,9.23,9.23,500
2019-01-02T13:47:34.000000,9.23,9.23,9.23,9.23,700
2019-01-02T13:47:37.000000,9.23,9.23,9.23,9.23,0
2019-01-02T13:47:38.000000,9.23,9.23,9.23,9.23,3400
2019-01-02T13:47:39.000000,9.23,9.23,9.23,9.23,173800
2019-01-02T13:47:40.000000,9.23,9.23,9.23,9.23,2000
2019-01-02T13:47:41.000000,9.23,9.23,9.23,9.23,3500
2019-01-02T13:47:42.000000,9.23,9.23,9.23,9.23,0
2019-01-02T13:47:43.000000,9.23,9.23,9.23,9.23,800
2019-01-02T13:47:44.000000,9.23,9.23,9.23,9.23,79200
2019-01-02T13:47:45.000000,9.23,9.23,9.23,9.23,176100
2019-01-02T13:47:46.000000,9.23,9.23,9.23,9.23,1000
2019-01-02T13:47:47.000000,9.23,9.23,9.23,9.23,56800
2019-01-02T13:47:48.000000,9.23,9.23,9.22,9.23,27000
2019-01-02T13:47:49.000000,9.23,9.23,9.23,9.23,0
2019-01-02T13:47:50.000000,9.23,9.23,9.23,9.23,100
2019-01-02T13:47:51.000000,9.23,9.23,9.23,9.23,6900
2019-01-02T13:47:52.000000,9.23,9.23,9.23,9.23,0
2019-01-02T13:47:53.000000,9.23,9.23,9.23,9.23,6200
2019-01-02T13:47:54.000000,9.23,9.23,9.23,9.23,7200
2019-01-02T13:47:55.000000,9.23,9.23,9.23,9.23,10500
2019-01-02T13:47:56.000000,9.23,9.23,9.22,9.23,2000
2019-01-02T13:47:57.000000,9.23,9.23,9.23,9.23,68800
2019-01-02T13:47:58.000000,9.23,9.23,9.23,9.23,4000
2019-01-02T13:47:59.000000,9.23,9.23,9.23,9.23,5000
2019-01-02T13:48:00.000000,9.23,9.23,9.23,9.23,6000
2019-01-02T13:48:02.000000,9.23,9.23,9.23,9.23,0
2019-01-02T13:48:03.000000,9.23,9.23,9.23,9.23,27300
2019-01-02T13:48:04.000000,9.23,9.23,9.22,9.23,12700
2019-01-02T13:48:05.000000,9.23,9.23,9.23,9.23,12700
2019-01-02T13:48:06.000000,9.23,9.23,9.23,9.23,1000
2019-01-02T13:48:07.000000,9.23,9.23,9.23,9.23,5400
2019-01-02T13:48:08.000000,9.23,9.23,9.22,9.23,1900
2019-01-02T13:48:09.000000,9.23,9.23,9.23,9.23,4800
2019-01-02T13:48:10.000000,9.23,9.23,9.23,9.23,7500
2019-01-02T13:48:11.000000,9.23,9.23,9.23,9.23,11200
2019-01-02T13:48:12.000000,9.23,9.23,9.23,9.23,26300
2019-01-02T13:48:14.000000,9.23,9.23,9.22,9.23,5000
2019-01-02T13:48:15.000000,9.23,9.23,9.22,9.23,15700
2019-01-02T13:48:16.000000,9.23,9.23,9.23,9.23,0
2019-01-02T13:48:17.000000,9.23,9.23,9.23,9.23,3200
2019-01-02T13:48:18.000000,9.23,9.23,9.23,9.23,2400
2019-01-02T13:48:19.000000,9.23,9.23,9.23,9.23,500
2019-01-02T13:48:20.000000,9.23,9.23,9.23,9.23,8200
2019-01-02T13:48:21.000000,9.23,9.23,9.23,9.23,300000
2019-01-02T13:48:23.000000,9.23,9.23,9.22,9.22,0
2019-01-02T13:48:24.000000,9.23,9.23,9.22,9.23,4900
2019-01-02T13:48:26.000000,9.23,9.23,9.23,9.23,14900
2019-01-02T13:48:27.000000,9.23,9.23,9.23,9.23,11200
2019-01-02T13:48:28.000000,9.23,9.23,9.23,9.23,1000
2019-01-02T13:48:31.000000,9.23,9.23,9.23,9.23,0
2019-01-02T13:48:32.000000,9.23,9.23,9.23,9.23,1500
2019-01-02T13:48:33.000000,9.23,9.23,9.23,9.23,11500
2019-01-02T13:48:34.000000,9.23,9.23,9.23,9.23,900
2019-01-02T13:48:36.000000,9.23,9.23,9.23,9.23,500
2019-01-02T13:48:37.000000,9.23,9.23,9.23,9.23,100
2019-01-02T13:48:38.000000,9.23,9.23,9.23,9.23,6500
2019-01-02T13:48:39.000000,9.23,9.23,9.23,9.23,1900
2019-01-02T13:48:41.000000,9.23,9.23,9.23,9.23,16000
2019-01-02T13:48:43.000000,9.23,9.23,9.23,9.23,0
2019-01-02T13:48:44.000000,9.22,9.23,9.22,9.23,0
2019-01-02T13:48:45.000000,9.23,9.23,9.22,9.23,0
2019-01-02T13:48:46.000000,9.23,9.23,9.22,9.22,200
2019-01-02T13:48:47.000000,9.22,9.23,9.22,9.23,1500
2019-01-02T13:48:50.000000,9.23,9.23,9.23,9.23,1000
2019-01-02T13:48:51.000000,9.23,9.23,9.22,9.23,71700
2019-01-02T13:48:52.000000,9.23,9.23,9.22,9.22,3800
2019-01-02T13:48:53.000000,9.23,9.23,9.22,9.23,11400
2019-01-02T13:48:54.000000,9.22,9.23,9.22,9.23,39500
2019-01-02T13:48:55.000000,9.23,9.23,9.23,9.23,0
2019-01-02T13:48:56.000000,9.23,9.23,9.23,9.23,100
2019-01-02T13:48:57.000000,9.23,9.23,9.23,9.23,41900
2019-01-02T13:48:58.000000,9.23,9.23,9.23,9.23,25600
2019-01-02T13:48:59.000000,9.23,9.23,9.23,9.23,3100
2019-01-02T13:49:00.000000,9.23,9.23,9.23,9.23,35800
2019-01-02T13:49:02.000000,9.23,9.23,9.23,9.23,2200
2019-01-02T13:49:03.000000,9.23,9.23,9.23,9.23,19200
2019-01-02T13:49:04.000000,9.23,9.23,9.23,9.23,500
2019-01-02T13:49:07.000000,9.23,9.23,9.22,9.23,5700
2019-01-02T13:49:08.000000,9.23,9.23,9.23,9.23,100
2019-01-02T13:49:09.000000,9.23,9.23,9.23,9.23,3700
2019-01-02T13:49:10.000000,9.23,9.23,9.23,9.23,3800
2019-01-02T13:49:12.000000,9.23,9.23,9.23,9.23,2200
2019-01-02T13:49:13.000000,9.23,9.23,9.23,9.23,2500
2019-01-02T13:49:14.000000,9.23,9.23,9.22,9.23,1900
2019-01-02T13:49:15.000000,9.23,9.23,9.23,9.23,5100
2019-01-02T13:49:16.000000,9.23,9.23,9.23,9.23,15500
2019-01-02T13:49:17.000000,9.23,9.23,9.23,9.23,5000
2019-01-02T13:49:18.000000,9.23,9.23,9.23,9.23,33100
2019-01-02T13:49:19.000000,9.23,9.23,9.23,9.23,2700
2019-01-02T13:49:20.000000,9.23,9.23,9.23,9.23,10500
2019-01-02T13:49:23.000000,9.23,9.23,9.23,9.23,39800
2019-01-02T13:49:24.000000,9.23,9.23,9.23,9.23,3600
2019-01-02T13:49:25.000000,9.23,9.23,9.23,9.23,66700
2019-01-02T13:49:29.000000,9.23,9.23,9.23,9.23,14500
2019-01-02T13:49:30.000000,9.23,9.23,9.23,9.23,20600
2019-01-02T13:49:31.000000,9.23,9.23,9.22,9.23,700
2019-01-02T13:49:32.000000,9.23,9.23,9.23,9.23,500
2019-01-02T13:49:33.000000,9.23,9.23,9.23,9.23,800
2019-01-02T13:49:34.000000,9.23,9.23,9.23,9.23,8600
2019-01-02T13:49:35.000000,9.23,9.23,9.23,9.23,0
2019-01-02T13:49:37.000000,9.23,9.23,9.23,9.23,500
2019-01-02T13:49:38.000000,9.23,9.23,9.23,9.23,200
2019-01-02T13:49:39.000000,9.23,9.23,9.22,9.23,0
2019-01-02T13:49:40.000000,9.23,9.23,9.23,9.23,0
2019-01-02T13:49:42.000000,9.23,9.23,9.22,9.23,1000
2019-01-02T13:49:43.000000,9.23,9.23,9.23,9.23,700
2019-01-02T13:49:45.000000,9.22,9.23,9.22,9.23,9200
2019-01-02T13:49:46.000000,9.23,9.23,9.23,9.23,0
2019-01-02T13:49:47.000000,9.23,9.23,9.23,9.23,200
2019-01-02T13:49:49.000000,9.23,9.23,9.23,9.23,2800
2019-01-02T13:49:50.000000,9.23,9.23,9.23,9.23,10000
2019-01-02T13:49:51.000000,9.23,9.23,9.23,9.23,0
2019-01-02T13:49:52.000000,9.23,9.23,9.23,9.23,900
2019-01-02T13:49:54.000000,9.23,9.23,9.23,9.23,15200
2019-01-02T13:49:56.000000,9.23,9.23,9.23,9.23,4800
2019-01-02T13:49:58.000000,9.23,9.23,9.23,9.23,800
2019-01-02T13:49:59.000000,9.23,9.23,9.22,9.23,137000
2019-01-02T13:50:00.000000,9.23,9.23,9.22,9.23,27300
2019-01-02T13:50:01.000000,9.23,9.23,9.23,9.23,1500
2019-01-02T13:50:02.000000,9.23,9.23,9.23,9.23,50000
2019-01-02T13:50:03.000000,9.23,9.23,9.22,9.23,27200
2019-01-02T13:50:04.000000,9.22,9.23,9.22,9.23,0
2019-01-02T13:50:05.000000,9.23,9.23,9.23,9.23,1000
2019-01-02T13:50:06.000000,9.23,9.23,9.22,9.23,5100
2019-01-02T13:50:07.000000,9.23,9.23,9.23,9.23,200
2019-01-02T13:50:08.000000,9.23,9.23,9.23,9.23,300
2019-01-02T13:50:09.000000,9.23,9.23,9.23,9.23,1500
2019-01-02T13:50:11.000000,9.23,9.23,9.23,9.23,300
2019-01-02T13:50:12.000000,9.23,9.23,9.23,9.23,2000
2019-01-02T13:50:13.000000,9.23,9.23,9.23,9.23,103500
2019-01-02T13:50:14.000000,9.23,9.23,9.23,9.23,38000
2019-01-02T13:50:15.000000,9.22,9.23,9.22,9.23,13100
2019-01-02T13:50:16.000000,9.23,9.23,9.23,9.23,5800
2019-01-02T13:50:17.000000,9.23,9.23,9.22,9.23,1000
2019-01-02T13:50:19.000000,9.23,9.23,9.23,9.23,2000
2019-01-02T13:50:21.000000,9.23,9.23,9.23,9.23,137200
2019-01-02T13:50:22.000000,9.22,9.23,9.22,9.23,0
2019-01-02T13:50:24.000000,9.23,9.23,9.23,9.23,3800
2019-01-02T13:50:25.000000,9.23,9.23,9.23,9.23,2500
2019-01-02T13:50:26.000000,9.23,9.23,9.23,9.23,4200
2019-01-02T13:50:27.000000,9.23,9.23,9.23,9.23,2600
2019-01-02T13:50:28.000000,9.23,9.23,9.23,9.23,2900
2019-01-02T13:50:29.000000,9.22,9.23,9.22,9.23,6400
2019-01-02T13:50:30.000000,9.23,9.23,9.23,9.23,1500
2019-01-02T13:50:32.000000,9.22,9.23,9.22,9.23,0
2019-01-02T13:50:33.000000,9.23,9.23,9.23,9.23,300
2019-01-02T13:50:34.000000,9.22,9.23,9.22,9.23,1000
2019-01-02T13:50:35.000000,9.23,9.23,9.23,9.23,11100
2019-01-02T13:50:36.000000,9.23,9.23,9.23,9.23,4100
2019-01-02T13:50:37.000000,9.23,9.23,9.23,9.23,1300
2019-01-02T13:50:38.000000,9.23,9.23,9.23,9.23,100
2019-01-02T13:50:39.000000,9.23,9.23,9.23,9.23,1600
2019-01-02T13:50:43.000000,9.22,9.23,9.22,9.22,0
2019-01-02T13:50:44.000000,9.23,9.23,9.22,9.23,30600
2019-01-02T13:50:45.000000,9.23,9.23,9.23,9.23,500
2019-01-02T13:50:46.000000,9.23,9.23,9.23,9.23,1300
2019-01-02T13:50:47.000000,9.22,9.23,9.22,9.23,0
2019-01-02T13:50:48.000000,9.23,9.23,9.22,9.23,137900
2019-01-02T13:50:49.000000,9.23,9.23,9.23,9.23,1000
2019-01-02T13:50:50.000000,9.23,9.23,9.23,9.23,1700
2019-01-02T13:50:51.000000,9.23,9.23,9.23,9.23,200
2019-01-02T13:50:52.000000,9.22,9.23,9.22,9.22,0
2019-01-02T13:50:53.000000,9.23,9.23,9.23,9.23,30400
2019-01-02T13:50:54.000000,9.23,9.23,9.23,9.23,3800
2019-01-02T13:50:55.000000,9.23,9.23,9.23,9.23,1700
2019-01-02T13:50:58.000000,9.23,9.23,9.23,9.23,100
2019-01-02T13:50:59.000000,9.23,9.23,9.23,9.23,1000
2019-01-02T13:51:00.000000,9.23,9.23,9.23,9.23,0
2019-01-02T13:51:02.000000,9.23,9.23,9.23,9.23,13200
2019-01-02T13:51:03.000000,9.23,9.23,9.23,9.23,36500
2019-01-02T13:51:04.000000,9.23,9.23,9.23,9.23,1000
2019-01-02T13:51:06.000000,9.23,9.23,9.23,9.23,1200
2019-01-02T13:51:07.000000,9.23,9.23,9.23,9.23,2000
2019-01-02T13:51:08.000000,9.23,9.23,9.23,9.23,200
2019-01-02T13:51:09.000000,9.23,9.23,9.23,9.23,11400
2019-01-02T13:51:10.000000,9.23,9.23,9.23,9.23,4000
2019-01-02T13:51:13.000000,9.23,9.23,9.23,9.23,3000
2019-01-02T13:51:14.000000,9.23,9.23,9.22,9.23,3000
2019-01-02T13:51:15.000000,9.23,9.23,9.23,9.23,1300
2019-01-02T13:51:16.000000,9.23,9.23,9.23,9.23,8400
2019-01-02T13:51:17.000000,9.23,9.23,9.23,9.23,1900
2019-01-02T13:51:18.000000,9.23,9.23,9.23,9.23,2500
2019-01-02T13:51:19.000000,9.23,9.23,9.23,9.23,5000
2019-01-02T13:51:20.000000,9.23,9.23,9.23,9.23,4000
2019-01-02T13:51:21.000000,9.23,9.23,9.23,9.23,1000
2019-01-02T13:51:22.000000,9.23,9.23,9.23,9.23,7000
2019-01-02T13:51:23.000000,9.23,9.23,9.23,9.23,1000
2019-01-02T13:51:24.000000,9.23,9.23,9.23,9.23,5400
2019-01-02T13:51:25.000000,9.23,9.23,9.23,9.23,100
2019-01-02T13:51:26.000000,9.23,9.23,9.22,9.23,100
2019-01-02T13:51:27.000000,9.23,9.23,9.23,9.23,2400
2019-01-02T13:51:28.000000,9.23,9.23,9.23,9.23,300
2019-01-02T13:51:29.000000,9.23,9.23,9.23,9.23,1100
2019-01-02T13:51:30.000000,9.23,9.23,9.23,9.23,1000
2019-01-02T13:51:33.000000,9.23,9.23,9.23,9.23,4300
2019-01-02T13:51:34.000000,9.23,9.23,9.23,9.23,0
2019-01-02T13:51:35.000000,9.23,9.23,9.23,9.23,15000
2019-01-02T13:51:36.000000,9.22,9.23,9.22,9.23,500
2019-01-02T13:51:37.000000,9.23,9.23,9.23,9.23,1000
2019-01-02T13:51:38.000000,9.23,9.23,9.23,9.23,100
2019-01-02T13:51:40.000000,9.23,9.23,9.23,9.23,1000
2019-01-02T13:51:41.000000,9.23,9.23,9.23,9.23,1000
2019-01-02T13:51:42.000000,9.23,9.23,9.23,9.23,1200
2019-01-02T13:51:44.000000,9.22,9.23,9.22,9.23,0
2019-01-02T13:51:45.000000,9.23,9.23,9.22,9.22,0
2019-01-02T13:51:47.000000,9.23,9.23,9.23,9.23,21800
2019-01-02T13:51:48.000000,9.23,9.23,9.23,9.23,5300
2019-01-02T13:51:49.000000,9.23,9.23,9.23,9.23,2000
2019-01-02T13:51:51.000000,9.23,9.23,9.23,9.23,100
2019-01-02T13:51:52.000000,9.23,9.23,9.22,9.22,0
2019-01-02T13:51:53.000000,9.23,9.23,9.23,9.23,600
2019-01-02T13:51:54.000000,9.23,9.23,9.23,9.23,3800
2019-01-02T13:51:55.000000,9.23,9.23,9.23,9.23,600
2019-01-02T13:51:57.000000,9.23,9.23,9.23,9.23,7900
2019-01-02T13:51:58.000000,9.23,9.23,9.22,9.22,900
2019-01-02T13:51:59.000000,9.23,9.23,9.23,9.23,300
2019-01-02T13:52:00.000000,9.23,9.23,9.23,9.23,100
2019-01-02T13:52:02.000000,9.23,9.23,9.23,9.23,1000
2019-01-02T13:52:03.000000,9.22,9.23,9.22,9.23,0
2019-01-02T13:52:04.000000,9.23,9.23,9.22,9.22,0
2019-01-02T13:52:05.000000,9.23,9.23,9.22,9.23,5000
2019-01-02T13:52:06.000000,9.23,9.23,9.23,9.23,1100
2019-01-02T13:52:07.000000,9.23,9.23,9.23,9.23,1100
2019-01-02T13:52:08.000000,9.22,9.23,9.22,9.23,0
2019-01-02T13:52:10.000000,9.23,9.23,9.23,9.23,500
2019-01-02T13:52:12.000000,9.23,9.23,9.23,9.23,500
2019-01-02T13:52:13.000000,9.23,9.23,9.22,9.23,2400
2019-01-02T13:52:14.000000,9.22,9.23,9.22,9.23,0
2019-01-02T13:52:16.000000,9.23,9.23,9.23,9.23,900
2019-01-02T13:52:17.000000,9.23,9.23,9.23,9.23,1000
2019-01-02T13:52:18.000000,9.23,9.23,9.23,9.23,100
2019-01-02T13:52:19.000000,9.23,9.23,9.23,9.23,3600
2019-01-02T13:52:20.000000,9.22,9.23,9.22,9.23,0
2019-01-02T13:52:22.000000,9.23,9.23,9.23,9.23,34500
2019-01-02T13:52:23.000000,9.22,9.23,9.22,9.23,0
2019-01-02T13:52:24.000000,9.23,9.23,9.23,9.23,17300
2019-01-02T13:52:25.000000,9.23,9.23,9.23,9.23,8000
2019-01-02T13:52:26.000000,9.23,9.23,9.23,9.23,500
2019-01-02T13:52:27.000000,9.23,9.23,9.22,9.23,12900
2019-01-02T13:52:28.000000,9.23,9.23,9.22,9.23,200
2019-01-02T13:52:29.000000,9.23,9.23,9.23,9.23,4400
2019-01-02T13:52:30.000000,9.23,9.23,9.23,9.23,18600
2019-01-02T13:52:31.000000,9.23,9.23,9.23,9.23,300
2019-01-02T13:52:32.000000,9.23,9.23,9.23,9.23,2000
2019-01-02T13:52:34.000000,9.22,9.23,9.22,9.22,0
2019-01-02T13:52:36.000000,9.23,9.23,9.22,9.22,0
2019-01-02T13:52:37.000000,9.23,9.23,9.23,9.23,24500
2019-01-02T13:52:38.000000,9.23,9.23,9.23,9.23,2200
2019-01-02T13:52:39.000000,9.23,9.23,9.23,9.23,33600
2019-01-02T13:52:41.000000,9.22,9.23,9.22,9.23,100
2019-01-02T13:52:42.000000,9.23,9.23,9.23,9.23,8300
2019-01-02T13:52:44.000000,9.23,9.23,9.22,9.23,4300
2019-01-02T13:52:45.000000,9.23,9.23,9.22,9.23,8700
2019-01-02T13:52:47.000000,9.23,9.23,9.22,9.23,5100
2019-01-02T13:52:49.000000,9.23,9.23,9.23,9.23,3300
2019-01-02T13:52:50.000000,9.23,9.23,9.23,9.23,2000
2019-01-02T13:52:51.000000,9.23,9.23,9.23,9.23,300
2019-01-02T13:52:52.000000,9.23,9.23,9.23,9.23,1100
2019-01-02T13:52:53.000000,9.23,9.23,9.22,9.22,20500
2019-01-02T13:52:54.000000,9.23,9.23,9.23,9.23,3800
2019-01-02T13:52:55.000000,9.23,9.23,9.22,9.23,3000
2019-01-02T13:52:56.000000,9.23,9.23,9.22,9.23,3000
2019-01-02T13:52:57.000000,9.23,9.23,9.23,9.23,1000
2019-01-02T13:52:58.000000,9.23,9.23,9.23,9.23,6300
2019-01-02T13:52:59.000000,9.23,9.23,9.23,9.23,600
2019-01-02T13:53:00.000000,9.23,9.23,9.23,9.23,3800
2019-01-02T13:53:01.000000,9.23,9.23,9.23,9.23,100
2019-01-02T13:53:02.000000,9.23,9.23,9.23,9.23,1300
2019-01-02T13:53:03.000000,9.23,9.23,9.23,9.23,11500
2019-01-02T13:53:05.000000,9.22,9.23,9.22,9.23,0
2019-01-02T13:53:06.000000,9.23,9.23,9.23,9.23,9000
2019-01-02T13:53:07.000000,9.23,9.23,9.23,9.23,1000
2019-01-02T13:53:08.000000,9.23,9.23,9.23,9.23,1400
2019-01-02T13:53:09.000000,9.22,9.23,9.22,9.23,32600
2019-01-02T13:53:10.000000,9.23,9.23,9.23,9.23,5000
2019-01-02T13:53:11.000000,9.23,9.23,9.23,9.23,100
2019-01-02T13:53:12.000000,9.23,9.23,9.23,9.23,2000
2019-01-02T13:53:13.000000,9.23,9.23,9.23,9.23,6100
2019-01-02T13:53:14.000000,9.23,9.23,9.22,9.22,0
2019-01-02T13:53:15.000000,9.23,9.23,9.23,9.23,1300
2019-01-02T13:53:16.000000,9.23,9.23,9.23,9.23,200
2019-01-02T13:53:18.000000,9.23,9.23,9.23,9.23,1000
2019-01-02T13:53:19.000000,9.23,9.23,9.23,9.23,2400
2019-01-02T13:53:22.000000,9.23,9.23,9.23,9.23,200
2019-01-02T13:53:25.000000,9.23,9.23,9.23,9.23,4100
2019-01-02T13:53:26.000000,9.22,9.23,9.22,9.23,6500
2019-01-02T13:53:27.000000,9.23,9.23,9.23,9.23,1000
2019-01-02T13:53:28.000000,9.23,9.23,9.22,9.23,1000
2019-01-02T13:53:29.000000,9.23,9.23,9.23,9.23,900
2019-01-02T13:53:30.000000,9.23,9.23,9.23,9.23,30500
2019-01-02T13:53:31.000000,9.23,9.23,9.23,9.23,1500
2019-01-02T13:53:32.000000,9.23,9.23,9.23,9.23,200
2019-01-02T13:53:33.000000,9.23,9.23,9.23,9.23,2100
2019-01-02T13:53:34.000000,9.23,9.23,9.23,9.23,0
2019-01-02T13:53:36.000000,9.23,9.23,9.22,9.23,1500
2019-01-02T13:53:37.000000,9.23,9.23,9.23,9.23,1300
2019-01-02T13:53:38.000000,9.23,9.23,9.23,9.23,400
2019-01-02T13:53:39.000000,9.23,9.23,9.23,9.23,2700
2019-01-02T13:53:40.000000,9.23,9.23,9.23,9.23,4100
2019-01-02T13:53:41.000000,9.23,9.23,9.23,9.23,1000
2019-01-02T13:53:42.000000,9.23,9.23,9.23,9.23,0
2019-01-02T13:53:43.000000,9.23,9.23,9.22,9.23,3800
2019-01-02T13:53:44.000000,9.23,9.23,9.22,9.22,1000
2019-01-02T13:53:46.000000,9.23,9.23,9.22,9.22,1000
2019-01-02T13:53:48.000000,9.23,9.23,9.23,9.23,2000
2019-01-02T13:53:49.000000,9.23,9.23,9.23,9.23,200
2019-01-02T13:53:50.000000,9.23,9.23,9.22,9.22,0
2019-01-02T13:53:56.000000,9.23,9.23,9.23,9.23,6100
2019-01-02T13:53:57.000000,9.23,9.23,9.22,9.23,3800
2019-01-02T13:53:58.000000,9.23,9.23,9.23,9.23,21200
2019-01-02T13:53:59.000000,9.23,9.23,9.23,9.23,1400
2019-01-02T13:54:00.000000,9.23,9.23,9.23,9.23,59200
2019-01-02T13:54:01.000000,9.23,9.23,9.23,9.23,0
2019-01-02T13:54:02.000000,9.22,9.23,9.22,9.23,0
2019-01-02T13:54:04.000000,9.22,9.23,9.22,9.23,0
2019-01-02T13:54:05.000000,9.23,9.23,9.23,9.23,8900
2019-01-02T13:54:06.000000,9.23,9.23,9.22,9.23,15400
2019-01-02T13:54:07.000000,9.22,9.23,9.22,9.23,8900
2019-01-02T13:54:09.000000,9.23,9.23,9.23,9.23,1600
2019-01-02T13:54:13.000000,9.23,9.23,9.23,9.23,500
2019-01-02T13:54:14.000000,9.23,9.23,9.22,9.23,500
2019-01-02T13:54:15.000000,9.23,9.23,9.22,9.23,400
2019-01-02T13:54:16.000000,9.23,9.23,9.23,9.23,0
2019-01-02T13:54:19.000000,9.23,9.23,9.23,9.23,6500
2019-01-02T13:54:20.000000,9.23,9.23,9.22,9.22,0
2019-01-02T13:54:22.000000,9.23,9.23,9.23,9.23,3600
2019-01-02T13:54:23.000000,9.22,9.23,9.22,9.23,0
2019-01-02T13:54:24.000000,9.23,9.23,9.22,9.23,900
2019-01-02T13:54:25.000000,9.22,9.23,9.22,9.23,0
2019-01-02T13:54:26.000000,9.22,9.23,9.22,9.23,5000
2019-01-02T13:54:27.000000,9.23,9.23,9.22,9.23,118700
2019-01-02T13:54:28.000000,9.23,9.23,9.22,9.23,4600
2019-01-02T13:54:29.000000,9.22,9.23,9.22,9.23,900
2019-01-02T13:54:30.000000,9.22,9.23,9.22,9.23,600
2019-01-02T13:54:31.000000,9.23,9.23,9.23,9.23,0
2019-01-02T13:54:34.000000,9.23,9.23,9.23,9.23,5000
2019-01-02T13:54:35.000000,9.23,9.23,9.23,9.23,1000
2019-01-02T13:54:36.000000,9.23,9.23,9.23,9.23,28100
2019-01-02T13:54:37.000000,9.23,9.23,9.23,9.23,1100
2019-01-02T13:54:38.000000,9.23,9.23,9.22,9.22,0
2019-01-02T13:54:39.000000,9.23,9.23,9.23,9.23,24500
2019-01-02T13:54:40.000000,9.22,9.23,9.22,9.23,1200
2019-01-02T13:54:41.000000,9.23,9.23,9.23,9.23,4000
2019-01-02T13:54:42.000000,9.22,9.23,9.22,9.23,0
2019-01-02T13:54:44.000000,9.23,9.23,9.22,9.22,0
2019-01-02T13:54:45.000000,9.23,9.23,9.23,9.23,2000
2019-01-02T13:54:46.000000,9.23,9.23,9.23,9.23,12000
2019-01-02T13:54:47.000000,9.23,9.23,9.23,9.23,10400
2019-01-02T13:54:48.000000,9.23,9.23,9.23,9.23,200
2019-01-02T13:54:49.000000,9.23,9.23,9.23,9.23,900
2019-01-02T13:54:50.000000,9.22,9.23,9.22,9.23,25000
2019-01-02T13:54:51.000000,9.22,9.23,9.22,9.23,0
2019-01-02T13:54:52.000000,9.23,9.23,9.22,9.23,500
2019-01-02T13:54:53.000000,9.23,9.23,9.23,9.23,1000
2019-01-02T13:54:54.000000,9.23,9.23,9.22,9.23,6000
2019-01-02T13:54:55.000000,9.22,9.23,9.22,9.23,0
2019-01-02T13:54:57.000000,9.23,9.23,9.23,9.23,1900
2019-01-02T13:54:58.000000,9.23,9.23,9.22,9.22,0
2019-01-02T13:54:59.000000,9.23,9.23,9.23,9.23,67500
2019-01-02T13:55:00.000000,9.23,9.23,9.22,9.23,1000
2019-01-02T13:55:01.000000,9.22,9.23,9.22,9.23,200
2019-01-02T13:55:02.000000,9.23,9.23,9.23,9.23,2900
2019-01-02T13:55:04.000000,9.23,9.23,9.22,9.22,0
2019-01-02T13:55:05.000000,9.22,9.23,9.22,9.23,2000
2019-01-02T13:55:06.000000,9.23,9.23,9.23,9.23,1100
2019-01-02T13:55:07.000000,9.23,9.23,9.23,9.23,1000
2019-01-02T13:55:08.000000,9.22,9.23,9.22,9.23,3200
2019-01-02T13:55:09.000000,9.23,9.23,9.23,9.23,3000
2019-01-02T13:55:10.000000,9.22,9.23,9.22,9.23,5500
2019-01-02T13:55:11.000000,9.23,9.23,9.23,9.23,0
2019-01-02T13:55:12.000000,9.23,9.23,9.23,9.23,1200
2019-01-02T13:55:13.000000,9.23,9.23,9.23,9.23,200
2019-01-02T13:55:14.000000,9.23,9.23,9.22,9.23,4100
2019-01-02T13:55:16.000000,9.23,9.23,9.23,9.23,83400
2019-01-02T13:55:17.000000,9.23,9.23,9.23,9.23,1000
2019-01-02T13:55:18.000000,9.23,9.23,9.23,9.23,2000
2019-01-02T13:55:20.000000,9.22,9.23,9.22,9.23,1200
2019-01-02T13:55:21.000000,9.23,9.23,9.23,9.23,18900
2019-01-02T13:55:22.000000,9.23,9.23,9.23,9.23,7100
2019-01-02T13:55:26.000000,9.23,9.23,9.22,9.22,1200
2019-01-02T13:55:27.000000,9.23,9.23,9.23,9.23,5000
2019-01-02T13:55:29.000000,9.23,9.23,9.23,9.23,2700
2019-01-02T13:55:30.000000,9.22,9.23,9.22,9.23,1800
2019-01-02T13:55:32.000000,9.23,9.23,9.23,9.23,1300
2019-01-02T13:55:33.000000,9.23,9.23,9.23,9.23,5000
2019-01-02T13:55:34.000000,9.23,9.23,9.22,9.23,100
2019-01-02T13:55:35.000000,9.22,9.23,9.22,9.23,0
2019-01-02T13:55:36.000000,9.23,9.23,9.23,9.23,1100
2019-01-02T13:55:37.000000,9.23,9.23,9.23,9.23,500
2019-01-02T13:55:38.000000,9.23,9.23,9.22,9.22,3200
2019-01-02T13:55:40.000000,9.23,9.23,9.22,9.23,700
2019-01-02T13:55:41.000000,9.23,9.23,9.23,9.23,9700
2019-01-02T13:55:42.000000,9.23,9.23,9.23,9.23,0
2019-01-02T13:55:44.000000,9.23,9.23,9.22,9.23,2500
2019-01-02T13:55:45.000000,9.23,9.23,9.23,9.23,3700
2019-01-02T13:55:46.000000,9.23,9.23,9.23,9.23,7000
2019-01-02T13:55:47.000000,9.23,9.23,9.23,9.23,1200
2019-01-02T13:55:48.000000,9.23,9.23,9.23,9.23,8200
2019-01-02T13:55:49.000000,9.23,9.23,9.23,9.23,2000
2019-01-02T13:55:50.000000,9.22,9.23,9.22,9.23,600
2019-01-02T13:55:51.000000,9.23,9.23,9.22,9.22,0
2019-01-02T13:55:52.000000,9.23,9.23,9.23,9.23,600
2019-01-02T13:55:53.000000,9.23,9.23,9.23,9.23,500
2019-01-02T13:55:54.000000,9.23,9.23,9.23,9.23,700
2019-01-02T13:55:55.000000,9.23,9.23,9.22,9.23,10200
2019-01-02T13:55:56.000000,9.23,9.23,9.23,9.23,14400
2019-01-02T13:55:57.000000,9.22,9.23,9.22,9.23,4700
2019-01-02T13:55:59.000000,9.23,9.23,9.23,9.23,2200
2019-01-02T13:56:00.000000,9.22,9.23,9.22,9.23,9200
2019-01-02T13:56:01.000000,9.23,9.23,9.23,9.23,500
2019-01-02T13:56:02.000000,9.23,9.23,9.23,9.23,5000
2019-01-02T13:56:03.000000,9.23,9.23,9.22,9.23,6600
2019-01-02T13:56:04.000000,9.23,9.23,9.22,9.22,0
2019-01-02T13:56:05.000000,9.23,9.23,9.22,9.23,100
2019-01-02T13:56:06.000000,9.22,9.23,9.22,9.23,0
2019-01-02T13:56:07.000000,9.23,9.23,9.23,9.23,5700
2019-01-02T13:56:08.000000,9.23,9.23,9.22,9.23,2600
2019-01-02T13:56:09.000000,9.23,9.23,9.23,9.23,500
2019-01-02T13:56:10.000000,9.22,9.23,9.22,9.23,0
2019-01-02T13:56:11.000000,9.22,9.23,9.22,9.23,100
2019-01-02T13:56:12.000000,9.23,9.23,9.23,9.23,1000
2019-01-02T13:56:13.000000,9.23,9.23,9.23,9.23,1700
2019-01-02T13:56:14.000000,9.22,9.23,9.22,9.23,1500
2019-01-02T13:56:15.000000,9.23,9.23,9.23,9.23,2000
2019-01-02T13:56:16.000000,9.23,9.23,9.23,9.23,2000
2019-01-02T13:56:20.000000,9.23,9.23,9.23,9.23,900
2019-01-02T13:56:21.000000,9.23,9.23,9.22,9.23,2500
2019-01-02T13:56:23.000000,9.23,9.23,9.23,9.23,4100
2019-01-02T13:56:24.000000,9.23,9.23,9.22,9.23,2400
2019-01-02T13:56:25.000000,9.22,9.23,9.22,9.23,0
2019-01-02T13:56:26.000000,9.23,9.23,9.22,9.22,100
2019-01-02T13:56:27.000000,9.23,9.23,9.22,9.23,1700
2019-01-02T13:56:28.000000,9.23,9.23,9.22,9.23,1000
2019-01-02T13:56:29.000000,9.23,9.23,9.22,9.23,1100
2019-01-02T13:56:30.000000,9.23,9.23,9.22,9.23,0
2019-01-02T13:56:31.000000,9.23,9.23,9.22,9.22,300
2019-01-02T13:56:32.000000,9.23,9.23,9.22,9.23,200
2019-01-02T13:56:33.000000,9.22,9.23,9.22,9.23,100
2019-01-02T13:56:34.000000,9.23,9.23,9.22,9.23,2000
2019-01-02T13:56:35.000000,9.22,9.23,9.22,9.23,0
2019-01-02T13:56:36.000000,9.22,9.23,9.22,9.23,0
2019-01-02T13:56:37.000000,9.22,9.23,9.22,9.23,0
2019-01-02T13:56:38.000000,9.23,9.23,9.22,9.23,600
2019-01-02T13:56:39.000000,9.23,9.23,9.22,9.23,1000
2019-01-02T13:56:40.000000,9.23,9.23,9.22,9.23,8900
2019-01-02T13:56:41.000000,9.23,9.23,9.22,9.23,3400
2019-01-02T13:56:42.000000,9.23,9.23,9.22,9.23,1200
2019-01-02T13:56:43.000000,9.23,9.23,9.22,9.23,2700
2019-01-02T13:56:44.000000,9.23,9.23,9.23,9.23,5000
2019-01-02T13:56:45.000000,9.22,9.23,9.22,9.23,15700
2019-01-02T13:56:46.000000,9.23,9.23,9.22,9.23,3900
2019-01-02T13:56:47.000000,9.23,9.23,9.22,9.23,79300
2019-01-02T13:56:48.000000,9.23,9.23,9.22,9.23,3100
2019-01-02T13:56:49.000000,9.23,9.23,9.22,9.23,7100
2019-01-02T13:56:50.000000,9.22,9.23,9.22,9.23,500
2019-01-02T13:56:51.000000,9.22,9.23,9.22,9.22,41500
2019-01-02T13:56:52.000000,9.23,9.23,9.22,9.23,100
2019-01-02T13:56:53.000000,9.23,9.23,9.23,9.23,400
2019-01-02T13:56:54.000000,9.23,9.23,9.22,9.22,2000
2019-01-02T13:56:55.000000,9.23,9.23,9.22,9.23,2300
2019-01-02T13:56:56.000000,9.22,9.23,9.22,9.23,0
2019-01-02T13:56:57.000000,9.23,9.23,9.22,9.23,100
2019-01-02T13:56:58.000000,9.22,9.23,9.22,9.22,0
2019-01-02T13:56:59.000000,9.23,9.23,9.22,9.22,10200
2019-01-02T13:57:00.000000,9.23,9.23,9.22,9.23,4000
2019-01-02T13:57:01.000000,9.22,9.23,9.22,9.22,0
2019-01-02T13:57:02.000000,9.23,9.23,9.23,9.23,4400
2019-01-02T13:57:03.000000,9.22,9.23,9.22,9.23,172800
2019-01-02T13:57:04.000000,9.23,9.23,9.23,9.23,4000
2019-01-02T13:57:05.000000,9.23,9.23,9.22,9.23,4300
2019-01-02T13:57:06.000000,9.23,9.23,9.23,9.23,5700
2019-01-02T13:57:07.000000,9.23,9.23,9.23,9.23,3600
2019-01-02T13:57:08.000000,9.23,9.23,9.23,9.23,2500
2019-01-02T13:57:09.000000,9.23,9.23,9.23,9.23,4500
2019-01-02T13:57:10.000000,9.22,9.23,9.22,9.23,0
2019-01-02T13:57:11.000000,9.23,9.23,9.22,9.23,8200
2019-01-02T13:57:12.000000,9.23,9.23,9.23,9.23,500
2019-01-02T13:57:13.000000,9.23,9.23,9.23,9.23,800
2019-01-02T13:57:14.000000,9.22,9.23,9.22,9.23,100
2019-01-02T13:57:15.000000,9.23,9.23,9.23,9.23,5900
2019-01-02T13:57:16.000000,9.23,9.23,9.23,9.23,19000
2019-01-02T13:57:17.000000,9.22,9.23,9.22,9.23,0
2019-01-02T13:57:18.000000,9.23,9.23,9.22,9.23,400
2019-01-02T13:57:19.000000,9.22,9.23,9.22,9.22,0
2019-01-02T13:57:20.000000,9.23,9.23,9.22,9.23,2200
2019-01-02T13:57:21.000000,9.23,9.23,9.22,9.23,0
2019-01-02T13:57:22.000000,9.23,9.23,9.23,9.23,300
2019-01-02T13:57:23.000000,9.23,9.23,9.23,9.23,600
2019-01-02T13:57:24.000000,9.23,9.23,9.22,9.23,1000
2019-01-02T13:57:25.000000,9.23,9.23,9.23,9.23,4900
2019-01-02T13:57:26.000000,9.22,9.23,9.22,9.23,10000
2019-01-02T13:57:27.000000,9.22,9.23,9.22,9.23,2600
2019-01-02T13:57:28.000000,9.23,9.23,9.22,9.23,200
2019-01-02T13:57:29.000000,9.23,9.23,9.22,9.23,18800
2019-01-02T13:57:30.000000,9.23,9.23,9.22,9.22,100
2019-01-02T13:57:31.000000,9.23,9.23,9.23,9.23,1000
2019-01-02T13:57:32.000000,9.22,9.23,9.22,9.23,1300
2019-01-02T13:57:33.000000,9.23,9.23,9.23,9.23,2200
2019-01-02T13:57:34.000000,9.22,9.23,9.22,9.23,1900
2019-01-02T13:57:35.000000,9.22,9.23,9.22,9.23,0
2019-01-02T13:57:36.000000,9.23,9.23,9.22,9.23,7600
2019-01-02T13:57:37.000000,9.22,9.23,9.22,9.23,0
2019-01-02T13:57:38.000000,9.23,9.23,9.22,9.23,1000
2019-01-02T13:57:39.000000,9.23,9.23,9.23,9.23,5000
2019-01-02T13:57:40.000000,9.22,9.23,9.22,9.23,3000
2019-01-02T13:57:41.000000,9.23,9.23,9.22,9.23,500
2019-01-02T13:57:42.000000,9.23,9.23,9.22,9.23,1000
2019-01-02T13:57:43.000000,9.22,9.23,9.22,9.23,1100
2019-01-02T13:57:44.000000,9.23,9.23,9.22,9.23,3300
2019-01-02T13:57:45.000000,9.23,9.23,9.22,9.23,100600
2019-01-02T13:57:46.000000,9.23,9.23,9.23,9.23,600
2019-01-02T13:57:47.000000,9.23,9.23,9.23,9.23,400
2019-01-02T13:57:48.000000,9.23,9.23,9.22,9.22,200
2019-01-02T13:57:49.000000,9.23,9.23,9.22,9.23,1900
2019-01-02T13:57:50.000000,9.22,9.23,9.22,9.23,10000
2019-01-02T13:57:52.000000,9.22,9.23,9.22,9.23,0
2019-01-02T13:57:53.000000,9.23,9.23,9.22,9.23,2300
2019-01-02T13:57:54.000000,9.23,9.23,9.22,9.22,88500
2019-01-02T13:57:55.000000,9.23,9.23,9.22,9.23,4000
2019-01-02T13:57:56.000000,9.23,9.23,9.23,9.23,1100
2019-01-02T13:57:57.000000,9.23,9.23,9.23,9.23,1300
2019-01-02T13:57:58.000000,9.23,9.23,9.23,9.23,6000
2019-01-02T13:57:59.000000,9.23,9.23,9.23,9.23,1000
2019-01-02T13:58:00.000000,9.23,9.23,9.22,9.23,300
2019-01-02T13:58:01.000000,9.23,9.23,9.23,9.23,500
2019-01-02T13:58:02.000000,9.23,9.23,9.22,9.22,0
2019-01-02T13:58:03.000000,9.23,9.23,9.22,9.23,111500
2019-01-02T13:58:04.000000,9.22,9.23,9.22,9.22,0
2019-01-02T13:58:05.000000,9.23,9.23,9.22,9.23,1000
2019-01-02T13:58:06.000000,9.23,9.23,9.23,9.23,5100
2019-01-02T13:58:07.000000,9.23,9.23,9.23,9.23,2300
2019-01-02T13:58:08.000000,9.23,9.23,9.22,9.23,4433
2019-01-02T13:58:09.000000,9.23,9.23,9.22,9.23,2100
2019-01-02T13:58:10.000000,9.23,9.23,9.22,9.23,8700
2019-01-02T13:58:11.000000,9.22,9.23,9.22,9.23,6000
2019-01-02T13:58:12.000000,9.22,9.23,9.22,9.23,500
2019-01-02T13:58:13.000000,9.22,9.23,9.22,9.23,400
2019-01-02T13:58:14.000000,9.23,9.23,9.22,9.23,200
2019-01-02T13:58:15.000000,9.22,9.23,9.22,9.23,1600
2019-01-02T13:58:16.000000,9.23,9.23,9.23,9.23,7600
2019-01-02T13:58:17.000000,9.23,9.23,9.22,9.22,500
2019-01-02T13:58:18.000000,9.23,9.23,9.23,9.23,9800
2019-01-02T13:58:19.000000,9.23,9.23,9.22,9.23,4533
2019-01-02T13:58:20.000000,9.23,9.23,9.22,9.23,20100
2019-01-02T13:58:21.000000,9.23,9.23,9.22,9.23,15500
2019-01-02T13:58:22.000000,9.23,9.23,9.23,9.23,12000
2019-01-02T13:58:23.000000,9.23,9.23,9.23,9.23,100
2019-01-02T13:58:24.000000,9.23,9.23,9.23,9.23,3000
2019-01-02T13:58:25.000000,9.23,9.23,9.22,9.23,2100
2019-01-02T13:58:26.000000,9.23,9.23,9.23,9.23,3000
2019-01-02T13:58:27.000000,9.22,9.23,9.22,9.23,0
2019-01-02T13:58:28.000000,9.23,9.23,9.22,9.23,200
2019-01-02T13:58:29.000000,9.23,9.23,9.23,9.23,7100
2019-01-02T13:58:30.000000,9.22,9.23,9.22,9.23,0
2019-01-02T13:58:31.000000,9.23,9.23,9.23,9.23,3600
2019-01-02T13:58:32.000000,9.23,9.23,9.23,9.23,3200
2019-01-02T13:58:33.000000,9.23,9.23,9.23,9.23,1200
2019-01-02T13:58:34.000000,9.23,9.23,9.23,9.23,500
2019-01-02T13:58:35.000000,9.23,9.23,9.22,9.23,1000
2019-01-02T13:58:36.000000,9.23,9.23,9.22,9.23,1200
2019-01-02T13:58:37.000000,9.23,9.23,9.23,9.23,1000
2019-01-02T13:58:38.000000,9.23,9.23,9.22,9.23,1500
2019-01-02T13:58:39.000000,9.23,9.23,9.23,9.23,200
2019-01-02T13:58:40.000000,9.23,9.23,9.23,9.23,1100
2019-01-02T13:58:41.000000,9.22,9.23,9.22,9.23,3900
2019-01-02T13:58:42.000000,9.23,9.23,9.23,9.23,4300
2019-01-02T13:58:43.000000,9.22,9.23,9.22,9.23,0
2019-01-02T13:58:44.000000,9.23,9.23,9.23,9.23,200
2019-01-02T13:58:45.000000,9.23,9.23,9.22,9.22,10900
2019-01-02T13:58:46.000000,9.23,9.23,9.22,9.23,2300
2019-01-02T13:58:47.000000,9.23,9.23,9.23,9.23,25800
2019-01-02T13:58:48.000000,9.23,9.23,9.23,9.23,17200
2019-01-02T13:58:49.000000,9.23,9.23,9.23,9.23,100
2019-01-02T13:58:50.000000,9.22,9.23,9.22,9.23,500
2019-01-02T13:58:51.000000,9.23,9.23,9.23,9.23,1500
2019-01-02T13:58:52.000000,9.23,9.23,9.23,9.23,2900
2019-01-02T13:58:53.000000,9.23,9.23,9.22,9.23,5400
2019-01-02T13:58:54.000000,9.22,9.23,9.22,9.22,0
2019-01-02T13:58:55.000000,9.23,9.23,9.22,9.23,1200
2019-01-02T13:58:56.000000,9.23,9.23,9.22,9.23,3200
2019-01-02T13:58:57.000000,9.23,9.23,9.22,9.23,10300
2019-01-02T13:58:58.000000,9.23,9.23,9.23,9.23,500
2019-01-02T13:58:59.000000,9.23,9.23,9.22,9.23,3000
2019-01-02T13:59:00.000000,9.23,9.23,9.23,9.23,200
2019-01-02T13:59:01.000000,9.22,9.23,9.22,9.23,0
2019-01-02T13:59:02.000000,9.23,9.23,9.23,9.23,13000
2019-01-02T13:59:03.000000,9.23,9.23,9.23,9.23,500
2019-01-02T13:59:04.000000,9.21,9.22,9.21,9.22,1300
2019-01-02T13:59:05.000000,9.22,9.22,9.22,9.22,1000
2019-01-02T13:59:06.000000,9.21,9.22,9.21,9.22,6000
2019-01-02T13:59:07.000000,9.22,9.22,9.21,9.21,33200
2019-01-02T13:59:08.000000,9.21,9.21,9.21,9.21,0
2019-01-02T13:59:09.000000,9.21,9.21,9.21,9.21,600
2019-01-02T13:59:10.000000,9.21,9.21,9.21,9.21,10000
2019-01-02T13:59:11.000000,9.23,9.23,9.22,9.22,1800
2019-01-02T13:59:12.000000,9.21,9.22,9.21,9.22,2400
2019-01-02T13:59:13.000000,9.23,9.23,9.22,9.22,2300
2019-01-02T13:59:14.000000,9.22,9.22,9.22,9.22,3000
2019-01-02T13:59:15.000000,9.21,9.22,9.21,9.22,45500
2019-01-02T13:59:16.000000,9.21,9.23,9.21,9.23,300
2019-01-02T13:59:17.000000,9.23,9.23,9.21,9.22,10500
2019-01-02T13:59:18.000000,9.22,9.22,9.21,9.22,3000
2019-01-02T13:59:19.000000,9.22,9.22,9.21,9.22,300
2019-01-02T13:59:20.000000,9.21,9.21,9.21,9.21,9400
2019-01-02T13:59:21.000000,9.21,9.21,9.21,9.21,1000
2019-01-02T13:59:22.000000,9.21,9.21,9.21,9.21,200
2019-01-02T13:59:23.000000,9.21,9.21,9.21,9.21,2000
2019-01-02T13:59:24.000000,9.21,9.21,9.21,9.21,31800
2019-01-02T13:59:25.000000,9.21,9.21,9.21,9.21,200
2019-01-02T13:59:26.000000,9.21,9.21,9.21,9.21,2500
2019-01-02T13:59:27.000000,9.21,9.21,9.21,9.21,600
2019-01-02T13:59:28.000000,9.21,9.21,9.21,9.21,3700
2019-01-02T13:59:29.000000,9.21,9.21,9.21,9.21,3200
2019-01-02T13:59:30.000000,9.21,9.21,9.21,9.21,100
2019-01-02T13:59:31.000000,9.21,9.21,9.21,9.21,700
2019-01-02T13:59:33.000000,9.21,9.21,9.21,9.21,100
2019-01-02T13:59:34.000000,9.21,9.21,9.21,9.21,3400
2019-01-02T13:59:35.000000,9.21,9.21,9.21,9.21,11200
2019-01-02T13:59:36.000000,9.21,9.21,9.21,9.21,14400
2019-01-02T13:59:38.000000,9.21,9.21,9.21,9.21,2700
2019-01-02T13:59:39.000000,9.21,9.21,9.21,9.21,5200
2019-01-02T13:59:40.000000,9.21,9.21,9.21,9.21,800
2019-01-02T13:59:41.000000,9.21,9.21,9.21,9.21,4100
2019-01-02T13:59:42.000000,9.21,9.21,9.21,9.21,100
2019-01-02T13:59:43.000000,9.21,9.21,9.21,9.21,5000
2019-01-02T13:59:44.000000,9.21,9.21,9.21,9.21,7000
2019-01-02T13:59:45.000000,9.21,9.21,9.21,9.21,22500
2019-01-02T13:59:46.000000,9.21,9.21,9.21,9.21,200
2019-01-02T13:59:47.000000,9.21,9.21,9.21,9.21,7700
2019-01-02T13:59:48.000000,9.21,9.21,9.21,9.21,2700
2019-01-02T13:59:49.000000,9.21,9.21,9.21,9.21,900
2019-01-02T13:59:50.000000,9.21,9.21,9.21,9.21,9000
2019-01-02T13:59:51.000000,9.21,9.21,9.21,9.21,7400
2019-01-02T13:59:52.000000,9.21,9.21,9.21,9.21,1100
2019-01-02T13:59:53.000000,9.21,9.21,9.21,9.21,5300
2019-01-02T13:59:54.000000,9.21,9.21,9.21,9.21,6200
2019-01-02T13:59:55.000000,9.21,9.21,9.21,9.21,2800
2019-01-02T13:59:56.000000,9.21,9.21,9.21,9.21,1200
2019-01-02T13:59:57.000000,9.21,9.21,9.21,9.21,10000
2019-01-02T13:59:58.000000,9.21,9.21,9.21,9.21,4000
2019-01-02T13:59:59.000000,9.21,9.21,9.21,9.21,6600
2019-01-02T14:00:00.000000,9.21,9.21,9.21,9.21,21400
2019-01-02T14:00:01.000000,9.21,9.21,9.21,9.21,1000
2019-01-02T14:00:02.000000,9.21,9.21,9.21,9.21,8700
2019-01-02T14:00:03.000000,9.21,9.21,9.21,9.21,35800
2019-01-02T14:00:04.000000,9.21,9.21,9.21,9.21,4100
2019-01-02T14:00:05.000000,9.21,9.21,9.21,9.21,12300
2019-01-02T14:00:06.000000,9.21,9.21,9.21,9.21,18800
2019-01-02T14:00:07.000000,9.21,9.21,9.21,9.21,0
2019-01-02T14:00:08.000000,9.21,9.21,9.21,9.21,20300
2019-01-02T14:00:09.000000,9.21,9.21,9.21,9.21,2300
2019-01-02T14:00:10.000000,9.21,9.21,9.21,9.21,1600
2019-01-02T14:00:11.000000,9.21,9.21,9.21,9.21,1900
2019-01-02T14:00:12.000000,9.21,9.21,9.21,9.21,2000
2019-01-02T14:00:13.000000,9.21,9.21,9.21,9.21,1800
2019-01-02T14:00:14.000000,9.21,9.21,9.21,9.21,4100
2019-01-02T14:00:15.000000,9.21,9.21,9.21,9.21,0
2019-01-02T14:00:16.000000,9.21,9.21,9.21,9.21,2300
2019-01-02T14:00:17.000000,9.21,9.21,9.21,9.21,200
2019-01-02T14:00:18.000000,9.21,9.21,9.21,9.21,1600
2019-01-02T14:00:19.000000,9.21,9.21,9.21,9.21,300
2019-01-02T14:00:20.000000,9.21,9.21,9.21,9.21,10500
2019-01-02T14:00:21.000000,9.21,9.21,9.21,9.21,300
2019-01-02T14:00:22.000000,9.21,9.21,9.21,9.21,12600
2019-01-02T14:00:23.000000,9.21,9.21,9.21,9.21,2900
2019-01-02T14:00:24.000000,9.21,9.21,9.21,9.21,1400
2019-01-02T14:00:25.000000,9.21,9.21,9.21,9.21,0
2019-01-02T14:00:26.000000,9.21,9.21,9.21,9.21,1300
2019-01-02T14:00:27.000000,9.21,9.21,9.21,9.21,77500
2019-01-02T14:00:28.000000,9.21,9.21,9.21,9.21,26100
2019-01-02T14:00:29.000000,9.21,9.21,9.21,9.21,3700
2019-01-02T14:00:30.000000,9.21,9.21,9.21,9.21,1000
2019-01-02T14:00:31.000000,9.21,9.21,9.21,9.21,1200
2019-01-02T14:00:32.000000,9.21,9.21,9.21,9.21,19500
2019-01-02T14:00:33.000000,9.21,9.21,9.21,9.21,23000
2019-01-02T14:00:34.000000,9.21,9.21,9.21,9.21,9500
2019-01-02T14:00:35.000000,9.21,9.21,9.21,9.21,1100
2019-01-02T14:00:36.000000,9.21,9.21,9.21,9.21,5100
2019-01-02T14:00:37.000000,9.21,9.21,9.21,9.21,3300
2019-01-02T14:00:38.000000,9.21,9.21,9.21,9.21,37200
2019-01-02T14:00:39.000000,9.21,9.21,9.21,9.21,10800
2019-01-02T14:00:40.000000,9.21,9.21,9.21,9.21,8700
2019-01-02T14:00:42.000000,9.21,9.21,9.21,9.21,3000
2019-01-02T14:00:43.000000,9.21,9.21,9.21,9.21,1600
2019-01-02T14:00:44.000000,9.21,9.21,9.21,9.21,28300
2019-01-02T14:00:46.000000,9.21,9.21,9.21,9.21,5900
2019-01-02T14:00:47.000000,9.21,9.21,9.21,9.21,3300
2019-01-02T14:00:48.000000,9.21,9.21,9.21,9.21,6100
2019-01-02T14:00:49.000000,9.21,9.21,9.21,9.21,3000
2019-01-02T14:00:50.000000,9.21,9.21,9.21,9.21,3100
2019-01-02T14:00:51.000000,9.21,9.21,9.21,9.21,2200
2019-01-02T14:00:52.000000,9.21,9.21,9.21,9.21,3600
2019-01-02T14:00:53.000000,9.21,9.21,9.21,9.21,600
2019-01-02T14:00:54.000000,9.21,9.21,9.21,9.21,0
2019-01-02T14:00:55.000000,9.22,9.22,9.21,9.21,500
2019-01-02T14:00:56.000000,9.21,9.21,9.21,9.21,1900
2019-01-02T14:00:57.000000,9.21,9.21,9.21,9.21,7400
2019-01-02T14:00:58.000000,9.21,9.21,9.21,9.21,100
2019-01-02T14:01:00.000000,9.21,9.21,9.21,9.21,100
2019-01-02T14:01:01.000000,9.21,9.21,9.21,9.21,36100
2019-01-02T14:01:02.000000,9.21,9.21,9.21,9.21,3600
2019-01-02T14:01:03.000000,9.21,9.21,9.21,9.21,1100
2019-01-02T14:01:04.000000,9.21,9.21,9.21,9.21,2900
2019-01-02T14:01:05.000000,9.21,9.21,9.21,9.21,1000
2019-01-02T14:01:06.000000,9.21,9.21,9.21,9.21,1000
2019-01-02T14:01:07.000000,9.21,9.21,9.21,9.21,0
2019-01-02T14:01:08.000000,9.21,9.21,9.21,9.21,5000
2019-01-02T14:01:09.000000,9.21,9.21,9.21,9.21,1400
2019-01-02T14:01:10.000000,9.21,9.21,9.21,9.21,1600
2019-01-02T14:01:11.000000,9.21,9.21,9.21,9.21,1000
2019-01-02T14:01:12.000000,9.21,9.21,9.21,9.21,23700
2019-01-02T14:01:13.000000,9.21,9.21,9.21,9.21,59600
2019-01-02T14:01:14.000000,9.21,9.21,9.21,9.21,2600
2019-01-02T14:01:15.000000,9.21,9.21,9.21,9.21,2500
2019-01-02T14:01:16.000000,9.21,9.21,9.21,9.21,13700
2019-01-02T14:01:17.000000,9.21,9.21,9.21,9.21,0
2019-01-02T14:01:18.000000,9.21,9.21,9.21,9.21,0
2019-01-02T14:01:19.000000,9.21,9.21,9.21,9.21,3900
2019-01-02T14:01:20.000000,9.21,9.21,9.21,9.21,7700
2019-01-02T14:01:21.000000,9.21,9.21,9.21,9.21,5300
2019-01-02T14:01:22.000000,9.21,9.21,9.21,9.21,2200
2019-01-02T14:01:23.000000,9.21,9.21,9.21,9.21,0
2019-01-02T14:01:24.000000,9.21,9.21,9.21,9.21,0
2019-01-02T14:01:25.000000,9.21,9.21,9.21,9.21,33600
2019-01-02T14:01:26.000000,9.21,9.21,9.21,9.21,400
2019-01-02T14:01:27.000000,9.21,9.21,9.21,9.21,5100
2019-01-02T14:01:28.000000,9.21,9.21,9.21,9.21,300
2019-01-02T14:01:29.000000,9.21,9.21,9.21,9.21,2100
2019-01-02T14:01:30.000000,9.21,9.21,9.21,9.21,500
2019-01-02T14:01:32.000000,9.21,9.21,9.21,9.21,2300
2019-01-02T14:01:33.000000,9.21,9.21,9.21,9.21,500
2019-01-02T14:01:34.000000,9.21,9.21,9.21,9.21,0
2019-01-02T14:01:35.000000,9.21,9.21,9.21,9.21,3400
2019-01-02T14:01:36.000000,9.21,9.21,9.21,9.21,2800
2019-01-02T14:01:37.000000,9.21,9.21,9.21,9.21,4500
2019-01-02T14:01:38.000000,9.21,9.21,9.21,9.21,5100
2019-01-02T14:01:39.000000,9.21,9.21,9.21,9.21,2300
2019-01-02T14:01:40.000000,9.21,9.21,9.21,9.21,600
2019-01-02T14:01:41.000000,9.21,9.21,9.21,9.21,2000
2019-01-02T14:01:42.000000,9.21,9.21,9.21,9.21,200
2019-01-02T14:01:43.000000,9.21,9.21,9.21,9.21,0
2019-01-02T14:01:44.000000,9.21,9.21,9.21,9.21,0
2019-01-02T14:01:45.000000,9.21,9.21,9.21,9.21,42500
2019-01-02T14:01:46.000000,9.21,9.21,9.21,9.21,30700
2019-01-02T14:01:47.000000,9.21,9.21,9.21,9.21,6800
2019-01-02T14:01:48.000000,9.21,9.21,9.21,9.21,1200
2019-01-02T14:01:49.000000,9.21,9.21,9.21,9.21,0
2019-01-02T14:01:50.000000,9.21,9.21,9.21,9.21,0
2019-01-02T14:01:51.000000,9.21,9.21,9.21,9.21,600
2019-01-02T14:01:52.000000,9.21,9.21,9.21,9.21,100
2019-01-02T14:01:53.000000,9.21,9.21,9.21,9.21,2400
2019-01-02T14:01:54.000000,9.21,9.21,9.21,9.21,1000
2019-01-02T14:01:55.000000,9.21,9.21,9.21,9.21,2000
2019-01-02T14:01:56.000000,9.21,9.21,9.21,9.21,6000
2019-01-02T14:01:57.000000,9.21,9.21,9.21,9.21,8300
2019-01-02T14:01:58.000000,9.21,9.21,9.21,9.21,99600
2019-01-02T14:01:59.000000,9.21,9.21,9.21,9.21,1800
2019-01-02T14:02:00.000000,9.21,9.21,9.21,9.21,2200
2019-01-02T14:02:01.000000,9.21,9.21,9.21,9.21,700
2019-01-02T14:02:02.000000,9.21,9.21,9.21,9.21,2100
2019-01-02T14:02:03.000000,9.21,9.21,9.21,9.21,5600
2019-01-02T14:02:04.000000,9.21,9.21,9.21,9.21,2100
2019-01-02T14:02:05.000000,9.21,9.21,9.21,9.21,5700
2019-01-02T14:02:06.000000,9.21,9.21,9.21,9.21,700
2019-01-02T14:02:07.000000,9.21,9.21,9.21,9.21,1800
2019-01-02T14:02:08.000000,9.21,9.21,9.21,9.21,12000
2019-01-02T14:02:09.000000,9.21,9.21,9.21,9.21,0
2019-01-02T14:02:10.000000,9.21,9.21,9.21,9.21,1600
2019-01-02T14:02:11.000000,9.21,9.21,9.21,9.21,2700
2019-01-02T14:02:12.000000,9.21,9.21,9.21,9.21,2100
2019-01-02T14:02:13.000000,9.21,9.21,9.21,9.21,1000
2019-01-02T14:02:14.000000,9.21,9.21,9.21,9.21,10000
2019-01-02T14:02:15.000000,9.21,9.21,9.21,9.21,2300
2019-01-02T14:02:16.000000,9.21,9.21,9.21,9.21,14000
2019-01-02T14:02:17.000000,9.21,9.21,9.21,9.21,7000
2019-01-02T14:02:18.000000,9.21,9.21,9.21,9.21,5500
2019-01-02T14:02:19.000000,9.21,9.21,9.21,9.21,1700
2019-01-02T14:02:20.000000,9.21,9.21,9.21,9.21,5800
2019-01-02T14:02:21.000000,9.21,9.21,9.21,9.21,1000
2019-01-02T14:02:22.000000,9.21,9.21,9.21,9.21,1100
2019-01-02T14:02:23.000000,9.21,9.21,9.21,9.21,3200
2019-01-02T14:02:24.000000,9.21,9.21,9.21,9.21,6000
2019-01-02T14:02:25.000000,9.21,9.21,9.21,9.21,5100
2019-01-02T14:02:26.000000,9.21,9.21,9.21,9.21,2200
2019-01-02T14:02:27.000000,9.21,9.21,9.21,9.21,7600
2019-01-02T14:02:28.000000,9.21,9.21,9.21,9.21,5400
2019-01-02T14:02:29.000000,9.21,9.21,9.21,9.21,2000
2019-01-02T14:02:30.000000,9.21,9.21,9.21,9.21,2500
2019-01-02T14:02:31.000000,9.21,9.21,9.21,9.21,3600
2019-01-02T14:02:32.000000,9.21,9.21,9.21,9.21,6100
2019-01-02T14:02:33.000000,9.21,9.21,9.21,9.21,6100
2019-01-02T14:02:34.000000,9.21,9.21,9.21,9.21,900
2019-01-02T14:02:35.000000,9.21,9.21,9.21,9.21,41300
2019-01-02T14:02:36.000000,9.21,9.21,9.21,9.21,2100
2019-01-02T14:02:37.000000,9.21,9.21,9.21,9.21,7500
2019-01-02T14:02:38.000000,9.21,9.21,9.21,9.21,21600
2019-01-02T14:02:39.000000,9.21,9.21,9.21,9.21,1000
2019-01-02T14:02:40.000000,9.21,9.21,9.21,9.21,300
2019-01-02T14:02:41.000000,9.21,9.21,9.21,9.21,2600
2019-01-02T14:02:42.000000,9.21,9.21,9.21,9.21,5200
2019-01-02T14:02:43.000000,9.21,9.21,9.21,9.21,56500
2019-01-02T14:02:44.000000,9.21,9.21,9.21,9.21,2100
2019-01-02T14:02:45.000000,9.21,9.21,9.21,9.21,1300
2019-01-02T14:02:46.000000,9.21,9.21,9.21,9.21,12300
2019-01-02T14:02:47.000000,9.21,9.21,9.21,9.21,10600
2019-01-02T14:02:48.000000,9.21,9.21,9.21,9.21,500
2019-01-02T14:02:49.000000,9.21,9.21,9.21,9.21,3900
2019-01-02T14:02:50.000000,9.21,9.21,9.21,9.21,0
2019-01-02T14:02:51.000000,9.21,9.21,9.21,9.21,900
2019-01-02T14:02:52.000000,9.21,9.21,9.21,9.21,8800
2019-01-02T14:02:53.000000,9.21,9.21,9.21,9.21,7800
2019-01-02T14:02:54.000000,9.21,9.21,9.21,9.21,4500
2019-01-02T14:02:55.000000,9.21,9.21,9.21,9.21,6500
2019-01-02T14:02:56.000000,9.21,9.21,9.21,9.21,10300
2019-01-02T14:02:57.000000,9.21,9.21,9.21,9.21,11200
2019-01-02T14:02:58.000000,9.22,9.22,9.21,9.21,0
2019-01-02T14:02:59.000000,9.21,9.21,9.21,9.21,3000
2019-01-02T14:03:00.000000,9.21,9.21,9.21,9.21,4800
2019-01-02T14:03:01.000000,9.21,9.21,9.21,9.21,4000
2019-01-02T14:03:02.000000,9.21,9.21,9.21,9.21,0
2019-01-02T14:03:04.000000,9.21,9.21,9.21,9.21,1400
2019-01-02T14:03:05.000000,9.21,9.21,9.21,9.21,5000
2019-01-02T14:03:06.000000,9.21,9.21,9.21,9.21,7100
2019-01-02T14:03:07.000000,9.21,9.21,9.21,9.21,4600
2019-01-02T14:03:08.000000,9.21,9.21,9.21,9.21,4800
2019-01-02T14:03:09.000000,9.21,9.21,9.21,9.21,5300
2019-01-02T14:03:10.000000,9.21,9.21,9.21,9.21,8900
2019-01-02T14:03:12.000000,9.21,9.21,9.21,9.21,1000
2019-01-02T14:03:13.000000,9.21,9.21,9.21,9.21,600
2019-01-02T14:03:14.000000,9.21,9.21,9.21,9.21,1100
2019-01-02T14:03:15.000000,9.21,9.21,9.21,9.21,16100
2019-01-02T14:03:16.000000,9.21,9.21,9.21,9.21,4500
2019-01-02T14:03:17.000000,9.21,9.21,9.21,9.21,0
2019-01-02T14:03:18.000000,9.21,9.21,9.21,9.21,3500
2019-01-02T14:03:19.000000,9.21,9.21,9.21,9.21,11300
2019-01-02T14:03:20.000000,9.21,9.21,9.21,9.21,2300
2019-01-02T14:03:21.000000,9.21,9.21,9.21,9.21,1500
2019-01-02T14:03:22.000000,9.21,9.21,9.21,9.21,3700
2019-01-02T14:03:23.000000,9.21,9.22,9.21,9.21,1300
2019-01-02T14:03:24.000000,9.21,9.21,9.21,9.21,6100
2019-01-02T14:03:25.000000,9.21,9.21,9.21,9.21,23600
2019-01-02T14:03:26.000000,9.21,9.21,9.21,9.21,4700
2019-01-02T14:03:27.000000,9.21,9.21,9.21,9.21,23300
2019-01-02T14:03:28.000000,9.21,9.21,9.21,9.21,1400
2019-01-02T14:03:29.000000,9.21,9.21,9.21,9.21,3300
2019-01-02T14:03:30.000000,9.21,9.21,9.21,9.21,300
2019-01-02T14:03:31.000000,9.21,9.21,9.21,9.21,6900
2019-01-02T14:03:32.000000,9.21,9.21,9.21,9.21,10300
2019-01-02T14:03:33.000000,9.21,9.21,9.21,9.21,2800
2019-01-02T14:03:34.000000,9.21,9.21,9.21,9.21,13500
2019-01-02T14:03:35.000000,9.21,9.21,9.21,9.21,6900
2019-01-02T14:03:36.000000,9.21,9.21,9.21,9.21,2800
2019-01-02T14:03:37.000000,9.21,9.21,9.21,9.21,500
2019-01-02T14:03:38.000000,9.21,9.21,9.21,9.21,800
2019-01-02T14:03:40.000000,9.21,9.21,9.21,9.21,6400
2019-01-02T14:03:41.000000,9.21,9.21,9.21,9.21,600
2019-01-02T14:03:42.000000,9.21,9.21,9.21,9.21,1100
2019-01-02T14:03:43.000000,9.21,9.21,9.21,9.21,1000
2019-01-02T14:03:44.000000,9.21,9.21,9.21,9.21,0
2019-01-02T14:03:45.000000,9.21,9.21,9.21,9.21,8700
2019-01-02T14:03:46.000000,9.21,9.21,9.21,9.21,7900
2019-01-02T14:03:47.000000,9.21,9.21,9.21,9.21,100
2019-01-02T14:03:48.000000,9.21,9.21,9.21,9.21,7700
2019-01-02T14:03:49.000000,9.21,9.21,9.21,9.21,24500
2019-01-02T14:03:50.000000,9.21,9.21,9.21,9.21,3400
2019-01-02T14:03:51.000000,9.21,9.21,9.21,9.21,0
2019-01-02T14:03:52.000000,9.21,9.22,9.21,9.21,19500
2019-01-02T14:03:53.000000,9.21,9.21,9.21,9.21,1100
2019-01-02T14:03:54.000000,9.21,9.21,9.21,9.21,18600
2019-01-02T14:03:55.000000,9.21,9.21,9.21,9.21,5000
2019-01-02T14:03:56.000000,9.21,9.21,9.21,9.21,500
2019-01-02T14:03:57.000000,9.21,9.21,9.21,9.21,10700
2019-01-02T14:03:58.000000,9.21,9.21,9.21,9.21,5300
2019-01-02T14:03:59.000000,9.21,9.21,9.21,9.21,1400
2019-01-02T14:04:00.000000,9.21,9.21,9.21,9.21,2000
2019-01-02T14:04:01.000000,9.21,9.21,9.21,9.21,8300
2019-01-02T14:04:02.000000,9.21,9.21,9.21,9.21,5400
2019-01-02T14:04:03.000000,9.21,9.21,9.21,9.21,4700
2019-01-02T14:04:04.000000,9.21,9.21,9.21,9.21,1000
2019-01-02T14:04:05.000000,9.21,9.21,9.21,9.21,1000
2019-01-02T14:04:06.000000,9.21,9.21,9.21,9.21,34800
2019-01-02T14:04:07.000000,9.21,9.21,9.21,9.21,7300
2019-01-02T14:04:08.000000,9.21,9.21,9.21,9.21,1000
2019-01-02T14:04:09.000000,9.21,9.21,9.21,9.21,600
2019-01-02T14:04:10.000000,9.21,9.21,9.21,9.21,9000
2019-01-02T14:04:11.000000,9.21,9.21,9.21,9.21,3900
2019-01-02T14:04:12.000000,9.21,9.21,9.21,9.21,1800
2019-01-02T14:04:13.000000,9.21,9.21,9.21,9.21,0
2019-01-02T14:04:14.000000,9.21,9.21,9.21,9.21,0
2019-01-02T14:04:15.000000,9.21,9.21,9.21,9.21,5000
2019-01-02T14:04:16.000000,9.21,9.21,9.21,9.21,16300
2019-01-02T14:04:17.000000,9.21,9.21,9.21,9.21,1000
2019-01-02T14:04:18.000000,9.21,9.21,9.21,9.21,12000
2019-01-02T14:04:19.000000,9.21,9.21,9.21,9.21,2100
2019-01-02T14:04:20.000000,9.21,9.21,9.21,9.21,1000
2019-01-02T14:04:21.000000,9.21,9.21,9.21,9.21,300
2019-01-02T14:04:22.000000,9.21,9.21,9.21,9.21,6300
2019-01-02T14:04:23.000000,9.21,9.21,9.21,9.21,12200
2019-01-02T14:04:24.000000,9.21,9.21,9.21,9.21,3000
2019-01-02T14:04:25.000000,9.21,9.21,9.21,9.21,5600
2019-01-02T14:04:26.000000,9.21,9.21,9.21,9.21,1100
2019-01-02T14:04:27.000000,9.21,9.21,9.21,9.21,1500
2019-01-02T14:04:28.000000,9.21,9.21,9.21,9.21,3300
2019-01-02T14:04:29.000000,9.21,9.21,9.21,9.21,200
2019-01-02T14:04:30.000000,9.21,9.21,9.21,9.21,10400
2019-01-02T14:04:31.000000,9.21,9.21,9.21,9.21,0
2019-01-02T14:04:32.000000,9.21,9.21,9.21,9.21,2600
2019-01-02T14:04:33.000000,9.21,9.21,9.21,9.21,8500
2019-01-02T14:04:34.000000,9.21,9.21,9.21,9.21,1300
2019-01-02T14:04:35.000000,9.21,9.21,9.21,9.21,7900
2019-01-02T14:04:36.000000,9.21,9.21,9.21,9.21,21300
2019-01-02T14:04:37.000000,9.21,9.21,9.21,9.21,14200
2019-01-02T14:04:38.000000,9.21,9.21,9.21,9.21,5000
2019-01-02T14:04:39.000000,9.21,9.21,9.21,9.21,3200
2019-01-02T14:04:40.000000,9.21,9.21,9.21,9.21,9300
2019-01-02T14:04:41.000000,9.21,9.21,9.21,9.21,16000
2019-01-02T14:04:42.000000,9.21,9.21,9.21,9.21,2800
2019-01-02T14:04:43.000000,9.21,9.21,9.21,9.21,0
2019-01-02T14:04:44.000000,9.21,9.21,9.21,9.21,5100
2019-01-02T14:04:45.000000,9.21,9.21,9.21,9.21,2300
2019-01-02T14:04:46.000000,9.21,9.21,9.21,9.21,8500
2019-01-02T14:04:47.000000,9.21,9.21,9.21,9.21,6000
2019-01-02T14:04:48.000000,9.21,9.21,9.21,9.21,15200
2019-01-02T14:04:49.000000,9.21,9.21,9.21,9.21,4000
2019-01-02T14:04:50.000000,9.21,9.21,9.21,9.21,3900
2019-01-02T14:04:51.000000,9.21,9.21,9.21,9.21,3200
2019-01-02T14:04:52.000000,9.21,9.22,9.21,9.21,2700
2019-01-02T14:04:53.000000,9.21,9.21,9.21,9.21,46600
2019-01-02T14:04:54.000000,9.21,9.21,9.21,9.21,1300
2019-01-02T14:04:55.000000,9.21,9.21,9.21,9.21,7100
2019-01-02T14:04:56.000000,9.21,9.21,9.21,9.21,3500
2019-01-02T14:04:57.000000,9.21,9.21,9.21,9.21,21500
2019-01-02T14:04:58.000000,9.21,9.21,9.21,9.21,22700
2019-01-02T14:04:59.000000,9.21,9.21,9.21,9.21,2200
2019-01-02T14:05:00.000000,9.21,9.21,9.21,9.21,1200
2019-01-02T14:05:01.000000,9.21,9.21,9.21,9.21,18800
2019-01-02T14:05:02.000000,9.21,9.21,9.21,9.21,10800
2019-01-02T14:05:03.000000,9.21,9.21,9.21,9.21,18500
2019-01-02T14:05:04.000000,9.21,9.21,9.21,9.21,19300
2019-01-02T14:05:05.000000,9.21,9.21,9.21,9.21,3500
2019-01-02T14:05:06.000000,9.21,9.21,9.21,9.21,5300
2019-01-02T14:05:07.000000,9.21,9.21,9.21,9.21,24200
2019-01-02T14:05:08.000000,9.21,9.21,9.21,9.21,36200
2019-01-02T14:05:09.000000,9.21,9.21,9.21,9.21,72200
2019-01-02T14:05:10.000000,9.21,9.21,9.21,9.21,200
2019-01-02T14:05:11.000000,9.21,9.21,9.21,9.21,7400
2019-01-02T14:05:12.000000,9.21,9.21,9.21,9.21,6700
2019-01-02T14:05:13.000000,9.21,9.21,9.21,9.21,600
2019-01-02T14:05:14.000000,9.21,9.21,9.21,9.21,52400
2019-01-02T14:05:15.000000,9.21,9.21,9.21,9.21,12600
2019-01-02T14:05:16.000000,9.21,9.21,9.21,9.21,7100
2019-01-02T14:05:17.000000,9.21,9.21,9.21,9.21,20100
2019-01-02T14:05:18.000000,9.21,9.21,9.21,9.21,5200
2019-01-02T14:05:19.000000,9.21,9.21,9.21,9.21,2900
2019-01-02T14:05:20.000000,9.21,9.21,9.21,9.21,54700
2019-01-02T14:05:21.000000,9.21,9.21,9.21,9.21,18200
2019-01-02T14:05:22.000000,9.21,9.21,9.21,9.21,19000
2019-01-02T14:05:23.000000,9.21,9.21,9.21,9.21,9200
2019-01-02T14:05:24.000000,9.21,9.21,9.21,9.21,18000
2019-01-02T14:05:25.000000,9.21,9.21,9.21,9.21,23600
2019-01-02T14:05:26.000000,9.21,9.21,9.21,9.21,0
2019-01-02T14:05:27.000000,9.21,9.21,9.21,9.21,11100
2019-01-02T14:05:28.000000,9.21,9.21,9.21,9.21,6000
2019-01-02T14:05:29.000000,9.21,9.21,9.21,9.21,8000
2019-01-02T14:05:30.000000,9.21,9.21,9.21,9.21,9200
2019-01-02T14:05:31.000000,9.21,9.21,9.21,9.21,500
2019-01-02T14:05:32.000000,9.21,9.21,9.21,9.21,12300
2019-01-02T14:05:33.000000,9.21,9.21,9.21,9.21,6900
2019-01-02T14:05:34.000000,9.21,9.22,9.21,9.21,2400
2019-01-02T14:05:35.000000,9.21,9.21,9.21,9.21,259400
2019-01-02T14:05:36.000000,9.21,9.21,9.21,9.21,40400
2019-01-02T14:05:37.000000,9.22,9.22,9.21,9.21,16800
2019-01-02T14:05:38.000000,9.21,9.21,9.21,9.21,17100
2019-01-02T14:05:39.000000,9.21,9.21,9.21,9.21,115800
2019-01-02T14:05:40.000000,9.21,9.22,9.21,9.21,4800
2019-01-02T14:05:41.000000,9.21,9.21,9.21,9.21,41300
2019-01-02T14:05:42.000000,9.21,9.21,9.21,9.21,48200
2019-01-02T14:05:43.000000,9.21,9.21,9.21,9.21,55800
2019-01-02T14:05:44.000000,9.21,9.22,9.21,9.21,63000
2019-01-02T14:05:45.000000,9.21,9.21,9.21,9.21,46700
2019-01-02T14:05:46.000000,9.21,9.21,9.21,9.21,10100
2019-01-02T14:05:47.000000,9.21,9.21,9.21,9.21,3700
2019-01-02T14:05:48.000000,9.21,9.21,9.21,9.21,67100
2019-01-02T14:05:49.000000,9.21,9.21,9.21,9.21,24400
2019-01-02T14:05:50.000000,9.21,9.21,9.21,9.21,36000
2019-01-02T14:05:51.000000,9.21,9.21,9.21,9.21,40400
2019-01-02T14:05:52.000000,9.21,9.21,9.21,9.21,12500
2019-01-02T14:05:53.000000,9.21,9.21,9.21,9.21,16400
2019-01-02T14:05:54.000000,9.21,9.21,9.21,9.21,35400
2019-01-02T14:05:55.000000,9.21,9.21,9.21,9.21,23600
2019-01-02T14:05:56.000000,9.21,9.21,9.21,9.21,44100
2019-01-02T14:05:57.000000,9.21,9.22,9.21,9.21,25300
2019-01-02T14:05:58.000000,9.21,9.21,9.21,9.21,35500
2019-01-02T14:05:59.000000,9.21,9.21,9.21,9.21,5500
2019-01-02T14:06:00.000000,9.21,9.21,9.21,9.21,1100
2019-01-02T14:06:01.000000,9.21,9.22,9.21,9.21,47700
2019-01-02T14:06:02.000000,9.21,9.21,9.21,9.21,14300
2019-01-02T14:06:03.000000,9.21,9.21,9.21,9.21,51600
2019-01-02T14:06:04.000000,9.21,9.21,9.21,9.21,3400
2019-01-02T14:06:05.000000,9.21,9.21,9.21,9.21,21200
2019-01-02T14:06:06.000000,9.21,9.21,9.21,9.21,73500
2019-01-02T14:06:07.000000,9.21,9.21,9.21,9.21,2500
2019-01-02T14:06:08.000000,9.21,9.21,9.21,9.21,15300
2019-01-02T14:06:09.000000,9.21,9.21,9.21,9.21,20800
2019-01-02T14:06:10.000000,9.21,9.21,9.21,9.21,11400
2019-01-02T14:06:11.000000,9.21,9.21,9.21,9.21,12900
2019-01-02T14:06:12.000000,9.21,9.21,9.21,9.21,29700
2019-01-02T14:06:13.000000,9.21,9.21,9.21,9.21,400
2019-01-02T14:06:14.000000,9.21,9.21,9.21,9.21,14700
2019-01-02T14:06:15.000000,9.21,9.21,9.21,9.21,6500
2019-01-02T14:06:16.000000,9.21,9.21,9.21,9.21,6800
2019-01-02T14:06:17.000000,9.21,9.21,9.21,9.21,7500
2019-01-02T14:06:18.000000,9.21,9.21,9.21,9.21,2600
2019-01-02T14:06:19.000000,9.21,9.21,9.21,9.21,2300
2019-01-02T14:06:21.000000,9.21,9.21,9.21,9.21,3700
2019-01-02T14:06:22.000000,9.21,9.21,9.21,9.21,8800
2019-01-02T14:06:23.000000,9.21,9.21,9.21,9.21,300
2019-01-02T14:06:24.000000,9.21,9.21,9.21,9.21,16200
2019-01-02T14:06:25.000000,9.21,9.21,9.21,9.21,16900
2019-01-02T14:06:26.000000,9.21,9.21,9.21,9.21,2300
2019-01-02T14:06:27.000000,9.21,9.21,9.21,9.21,2100
2019-01-02T14:06:28.000000,9.21,9.21,9.21,9.21,22700
2019-01-02T14:06:29.000000,9.21,9.21,9.21,9.21,22000
2019-01-02T14:06:31.000000,9.21,9.21,9.21,9.21,1000
2019-01-02T14:06:32.000000,9.21,9.21,9.21,9.21,5700
2019-01-02T14:06:33.000000,9.21,9.21,9.21,9.21,7700
2019-01-02T14:06:34.000000,9.21,9.21,9.21,9.21,20100
2019-01-02T14:06:35.000000,9.21,9.21,9.21,9.21,13200
2019-01-02T14:06:36.000000,9.21,9.21,9.21,9.21,1300
2019-01-02T14:06:37.000000,9.21,9.21,9.21,9.21,4400
2019-01-02T14:06:38.000000,9.21,9.21,9.21,9.21,500
2019-01-02T14:06:39.000000,9.21,9.21,9.21,9.21,21900
2019-01-02T14:06:40.000000,9.21,9.21,9.21,9.21,3900
2019-01-02T14:06:41.000000,9.21,9.21,9.21,9.21,6300
2019-01-02T14:06:42.000000,9.21,9.21,9.21,9.21,2100
2019-01-02T14:06:43.000000,9.21,9.21,9.21,9.21,2500
2019-01-02T14:06:44.000000,9.21,9.21,9.21,9.21,3600
2019-01-02T14:06:45.000000,9.21,9.21,9.21,9.21,3200
2019-01-02T14:06:46.000000,9.21,9.21,9.21,9.21,4200
2019-01-02T14:06:47.000000,9.21,9.21,9.21,9.21,22100
2019-01-02T14:06:48.000000,9.21,9.21,9.21,9.21,3500
2019-01-02T14:06:49.000000,9.21,9.21,9.21,9.21,4000
2019-01-02T14:06:50.000000,9.21,9.21,9.21,9.21,3000
2019-01-02T14:06:51.000000,9.21,9.21,9.21,9.21,14300
2019-01-02T14:06:52.000000,9.21,9.21,9.21,9.21,5000
2019-01-02T14:06:53.000000,9.21,9.21,9.21,9.21,7300
2019-01-02T14:06:54.000000,9.21,9.21,9.21,9.21,27100
2019-01-02T14:06:55.000000,9.21,9.21,9.21,9.21,21900
2019-01-02T14:06:56.000000,9.21,9.21,9.21,9.21,100
2019-01-02T14:06:57.000000,9.21,9.21,9.21,9.21,2200
2019-01-02T14:06:58.000000,9.21,9.21,9.21,9.21,13200
2019-01-02T14:06:59.000000,9.21,9.21,9.21,9.21,3000
2019-01-02T14:07:00.000000,9.21,9.21,9.21,9.21,9500
2019-01-02T14:07:01.000000,9.21,9.21,9.21,9.21,2900
2019-01-02T14:07:02.000000,9.21,9.21,9.21,9.21,2000
2019-01-02T14:07:03.000000,9.21,9.21,9.21,9.21,41300
2019-01-02T14:07:04.000000,9.21,9.21,9.21,9.21,7200
2019-01-02T14:07:05.000000,9.21,9.21,9.21,9.21,5900
2019-01-02T14:07:06.000000,9.21,9.21,9.21,9.21,2600
2019-01-02T14:07:07.000000,9.21,9.21,9.21,9.21,2800
2019-01-02T14:07:08.000000,9.21,9.21,9.21,9.21,4900
2019-01-02T14:07:09.000000,9.21,9.21,9.21,9.21,7500
2019-01-02T14:07:10.000000,9.21,9.21,9.21,9.21,1500
2019-01-02T14:07:11.000000,9.21,9.21,9.21,9.21,3900
2019-01-02T14:07:12.000000,9.21,9.21,9.21,9.21,6200
2019-01-02T14:07:13.000000,9.21,9.21,9.21,9.21,6000
2019-01-02T14:07:14.000000,9.21,9.21,9.21,9.21,2100
2019-01-02T14:07:15.000000,9.21,9.21,9.21,9.21,34500
2019-01-02T14:07:16.000000,9.21,9.21,9.21,9.21,6600
2019-01-02T14:07:17.000000,9.21,9.21,9.21,9.21,7600
2019-01-02T14:07:18.000000,9.21,9.21,9.21,9.21,1700
2019-01-02T14:07:19.000000,9.21,9.21,9.21,9.21,4100
2019-01-02T14:07:20.000000,9.21,9.21,9.21,9.21,26100
2019-01-02T14:07:21.000000,9.22,9.22,9.21,9.21,13100
2019-01-02T14:07:22.000000,9.21,9.21,9.21,9.21,3100
2019-01-02T14:07:23.000000,9.21,9.21,9.21,9.21,5500
2019-01-02T14:07:24.000000,9.21,9.21,9.21,9.21,13900
2019-01-02T14:07:25.000000,9.21,9.22,9.21,9.21,6900
2019-01-02T14:07:26.000000,9.21,9.21,9.21,9.21,8400
2019-01-02T14:07:27.000000,9.21,9.21,9.21,9.21,11800
2019-01-02T14:07:28.000000,9.21,9.21,9.21,9.21,3500
2019-01-02T14:07:29.000000,9.21,9.21,9.21,9.21,9600
2019-01-02T14:07:30.000000,9.21,9.21,9.21,9.21,2200
2019-01-02T14:07:31.000000,9.21,9.22,9.21,9.21,9000
2019-01-02T14:07:32.000000,9.21,9.22,9.21,9.21,10000
2019-01-02T14:07:33.000000,9.21,9.21,9.21,9.21,5200
2019-01-02T14:07:34.000000,9.21,9.21,9.21,9.21,1000
2019-01-02T14:07:35.000000,9.21,9.21,9.21,9.21,22500
2019-01-02T14:07:36.000000,9.21,9.21,9.21,9.21,9500
2019-01-02T14:07:37.000000,9.22,9.22,9.21,9.21,0
2019-01-02T14:07:38.000000,9.21,9.21,9.21,9.21,17100
2019-01-02T14:07:39.000000,9.21,9.21,9.21,9.21,12900
2019-01-02T14:07:40.000000,9.21,9.21,9.21,9.21,800
2019-01-02T14:07:41.000000,9.21,9.21,9.21,9.21,8300
2019-01-02T14:07:42.000000,9.22,9.22,9.21,9.21,28300
2019-01-02T14:07:43.000000,9.21,9.21,9.21,9.21,300
2019-01-02T14:07:44.000000,9.21,9.21,9.21,9.21,7800
2019-01-02T14:07:45.000000,9.21,9.21,9.21,9.21,18000
2019-01-02T14:07:46.000000,9.21,9.21,9.21,9.21,9300
2019-01-02T14:07:47.000000,9.21,9.21,9.21,9.21,10600
2019-01-02T14:07:48.000000,9.21,9.21,9.21,9.21,1100
2019-01-02T14:07:49.000000,9.22,9.22,9.21,9.21,8100
2019-01-02T14:07:50.000000,9.21,9.21,9.21,9.21,8500
2019-01-02T14:07:51.000000,9.21,9.21,9.21,9.21,32200
2019-01-02T14:07:52.000000,9.21,9.22,9.21,9.21,16200
2019-01-02T14:07:53.000000,9.21,9.21,9.21,9.21,1800
2019-01-02T14:07:54.000000,9.21,9.22,9.21,9.21,200
2019-01-02T14:07:55.000000,9.21,9.22,9.21,9.21,4300
2019-01-02T14:07:56.000000,9.21,9.21,9.21,9.21,4400
2019-01-02T14:07:58.000000,9.21,9.22,9.21,9.21,24500
2019-01-02T14:07:59.000000,9.21,9.21,9.21,9.21,1400
2019-01-02T14:08:00.000000,9.21,9.21,9.21,9.21,1000
2019-01-02T14:08:01.000000,9.21,9.21,9.21,9.21,3000
2019-01-02T14:08:02.000000,9.21,9.21,9.21,9.21,1100
2019-01-02T14:08:03.000000,9.21,9.21,9.21,9.21,5600
2019-01-02T14:08:04.000000,9.21,9.21,9.21,9.21,1300
2019-01-02T14:08:05.000000,9.21,9.22,9.21,9.21,1800
2019-01-02T14:08:06.000000,9.21,9.21,9.21,9.21,10500
2019-01-02T14:08:07.000000,9.21,9.21,9.21,9.21,1300
2019-01-02T14:08:08.000000,9.21,9.21,9.21,9.21,1000
2019-01-02T14:08:09.000000,9.21,9.21,9.21,9.21,9600
2019-01-02T14:08:10.000000,9.22,9.22,9.21,9.21,0
2019-01-02T14:08:11.000000,9.21,9.21,9.21,9.21,5000
2019-01-02T14:08:12.000000,9.22,9.22,9.21,9.21,0
2019-01-02T14:08:13.000000,9.21,9.21,9.21,9.21,200
2019-01-02T14:08:14.000000,9.21,9.22,9.21,9.21,2700
2019-01-02T14:08:15.000000,9.21,9.21,9.21,9.21,2000
2019-01-02T14:08:16.000000,9.22,9.22,9.21,9.21,1400
2019-01-02T14:08:17.000000,9.21,9.22,9.21,9.21,4600
2019-01-02T14:08:18.000000,9.21,9.22,9.21,9.21,5000
2019-01-02T14:08:20.000000,9.21,9.22,9.21,9.21,4600
2019-01-02T14:08:22.000000,9.21,9.22,9.21,9.21,8300
2019-01-02T14:08:23.000000,9.21,9.21,9.21,9.21,3100
2019-01-02T14:08:24.000000,9.21,9.21,9.21,9.21,500
2019-01-02T14:08:25.000000,9.21,9.22,9.21,9.22,1000
2019-01-02T14:08:27.000000,9.21,9.22,9.21,9.21,10900
2019-01-02T14:08:28.000000,9.22,9.22,9.21,9.21,1000
2019-01-02T14:08:29.000000,9.21,9.22,9.21,9.21,5500
2019-01-02T14:08:30.000000,9.21,9.22,9.21,9.22,0
2019-01-02T14:08:31.000000,9.21,9.21,9.21,9.21,2000
2019-01-02T14:08:32.000000,9.21,9.21,9.21,9.21,13100
2019-01-02T14:08:33.000000,9.21,9.21,9.21,9.21,18800
2019-01-02T14:08:34.000000,9.22,9.22,9.21,9.22,0
2019-01-02T14:08:35.000000,9.21,9.21,9.21,9.21,20200
2019-01-02T14:08:36.000000,9.21,9.21,9.21,9.21,6800
2019-01-02T14:08:37.000000,9.21,9.22,9.21,9.21,5300
2019-01-02T14:08:38.000000,9.21,9.22,9.21,9.21,1500
2019-01-02T14:08:39.000000,9.21,9.22,9.21,9.21,3400
2019-01-02T14:08:40.000000,9.21,9.21,9.21,9.21,1700
2019-01-02T14:08:41.000000,9.21,9.21,9.21,9.21,123100
2019-01-02T14:08:42.000000,9.22,9.22,9.21,9.21,0
2019-01-02T14:08:43.000000,9.21,9.21,9.21,9.21,11000
2019-01-02T14:08:44.000000,9.21,9.22,9.21,9.21,2400
2019-01-02T14:08:45.000000,9.22,9.22,9.21,9.22,0
2019-01-02T14:08:46.000000,9.21,9.21,9.21,9.21,21900
2019-01-02T14:08:47.000000,9.21,9.22,9.21,9.22,4900
2019-01-02T14:08:48.000000,9.21,9.22,9.21,9.21,5000
2019-01-02T14:08:49.000000,9.21,9.21,9.21,9.21,13900
2019-01-02T14:08:51.000000,9.21,9.21,9.21,9.21,1100
2019-01-02T14:08:52.000000,9.21,9.21,9.21,9.21,7100
2019-01-02T14:08:53.000000,9.21,9.21,9.21,9.21,19900
2019-01-02T14:08:54.000000,9.21,9.21,9.21,9.21,2600
2019-01-02T14:08:55.000000,9.22,9.22,9.21,9.21,0
2019-01-02T14:08:56.000000,9.21,9.21,9.21,9.21,1200
2019-01-02T14:08:57.000000,9.21,9.22,9.21,9.21,10800
2019-01-02T14:08:58.000000,9.21,9.21,9.21,9.21,1900
2019-01-02T14:08:59.000000,9.22,9.22,9.21,9.21,100
2019-01-02T14:09:00.000000,9.21,9.21,9.21,9.21,1400
2019-01-02T14:09:01.000000,9.21,9.21,9.21,9.21,1400
2019-01-02T14:09:03.000000,9.21,9.22,9.21,9.22,100
2019-01-02T14:09:04.000000,9.21,9.22,9.21,9.21,6200
2019-01-02T14:09:05.000000,9.21,9.21,9.21,9.21,3000
2019-01-02T14:09:07.000000,9.21,9.21,9.21,9.21,8300
2019-01-02T14:09:08.000000,9.21,9.22,9.21,9.21,6200
2019-01-02T14:09:09.000000,9.21,9.21,9.21,9.21,13800
2019-01-02T14:09:10.000000,9.21,9.21,9.21,9.21,2100
2019-01-02T14:09:11.000000,9.21,9.22,9.21,9.21,500
2019-01-02T14:09:12.000000,9.21,9.21,9.21,9.21,8300
2019-01-02T14:09:13.000000,9.22,9.22,9.21,9.21,4500
2019-01-02T14:09:14.000000,9.21,9.21,9.21,9.21,4600
2019-01-02T14:09:15.000000,9.21,9.21,9.21,9.21,8400
2019-01-02T14:09:16.000000,9.21,9.22,9.21,9.21,12700
2019-01-02T14:09:17.000000,9.21,9.21,9.21,9.21,4100
2019-01-02T14:09:18.000000,9.21,9.21,9.21,9.21,6000
2019-01-02T14:09:19.000000,9.21,9.21,9.21,9.21,10000
2019-01-02T14:09:20.000000,9.21,9.21,9.21,9.21,3700
2019-01-02T14:09:21.000000,9.21,9.21,9.21,9.21,22200
2019-01-02T14:09:22.000000,9.21,9.21,9.21,9.21,2000
2019-01-02T14:09:23.000000,9.21,9.21,9.21,9.21,500
2019-01-02T14:09:24.000000,9.21,9.21,9.21,9.21,700
2019-01-02T14:09:25.000000,9.21,9.21,9.21,9.21,7200
2019-01-02T14:09:26.000000,9.21,9.21,9.21,9.21,2200
2019-01-02T14:09:27.000000,9.21,9.21,9.21,9.21,300
2019-01-02T14:09:29.000000,9.21,9.21,9.21,9.21,3700
2019-01-02T14:09:30.000000,9.21,9.21,9.21,9.21,1000
2019-01-02T14:09:31.000000,9.22,9.22,9.21,9.21,0
2019-01-02T14:09:32.000000,9.21,9.21,9.21,9.21,1000
2019-01-02T14:09:33.000000,9.21,9.21,9.21,9.21,2800
2019-01-02T14:09:34.000000,9.21,9.22,9.21,9.22,0
2019-01-02T14:09:35.000000,9.21,9.21,9.21,9.21,1100
2019-01-02T14:09:36.000000,9.21,9.21,9.21,9.21,25900
2019-01-02T14:09:37.000000,9.21,9.21,9.21,9.21,20200
2019-01-02T14:09:38.000000,9.21,9.21,9.21,9.21,3000
2019-01-02T14:09:39.000000,9.21,9.21,9.21,9.21,2500
2019-01-02T14:09:40.000000,9.21,9.21,9.21,9.21,1100
2019-01-02T14:09:41.000000,9.22,9.22,9.21,9.21,4800
2019-01-02T14:09:42.000000,9.21,9.21,9.21,9.21,7100
2019-01-02T14:09:43.000000,9.21,9.21,9.21,9.21,10200
2019-01-02T14:09:44.000000,9.21,9.21,9.21,9.21,6900
2019-01-02T14:09:45.000000,9.21,9.21,9.21,9.21,2500
2019-01-02T14:09:46.000000,9.21,9.21,9.21,9.21,3100
2019-01-02T14:09:47.000000,9.21,9.21,9.21,9.21,35300
2019-01-02T14:09:48.000000,9.21,9.21,9.21,9.21,13100
2019-01-02T14:09:49.000000,9.21,9.22,9.21,9.21,400
2019-01-02T14:09:50.000000,9.21,9.21,9.21,9.21,11100
2019-01-02T14:09:51.000000,9.21,9.21,9.21,9.21,14900
2019-01-02T14:09:52.000000,9.21,9.21,9.21,9.21,200
2019-01-02T14:09:54.000000,9.21,9.22,9.21,9.21,4100
2019-01-02T14:09:55.000000,9.22,9.22,9.21,9.21,1100
2019-01-02T14:09:56.000000,9.21,9.21,9.21,9.21,5200
2019-01-02T14:09:57.000000,9.21,9.22,9.21,9.22,3400
2019-01-02T14:09:58.000000,9.21,9.22,9.21,9.22,0
2019-01-02T14:09:59.000000,9.21,9.21,9.21,9.21,1000
2019-01-02T14:10:00.000000,9.21,9.21,9.21,9.21,1100
2019-01-02T14:10:01.000000,9.21,9.21,9.21,9.21,1600
2019-01-02T14:10:02.000000,9.22,9.22,9.21,9.21,0
2019-01-02T14:10:03.000000,9.21,9.22,9.21,9.21,7200
2019-01-02T14:10:04.000000,9.21,9.22,9.21,9.21,6700
2019-01-02T14:10:05.000000,9.21,9.22,9.21,9.22,2900
2019-01-02T14:10:06.000000,9.21,9.21,9.21,9.21,100
2019-01-02T14:10:07.000000,9.21,9.21,9.21,9.21,1000
2019-01-02T14:10:08.000000,9.21,9.22,9.21,9.21,5000
2019-01-02T14:10:09.000000,9.21,9.21,9.21,9.21,0
2019-01-02T14:10:10.000000,9.21,9.21,9.21,9.21,4000
2019-01-02T14:10:11.000000,9.22,9.22,9.21,9.21,200
2019-01-02T14:10:12.000000,9.21,9.21,9.21,9.21,52200
2019-01-02T14:10:13.000000,9.22,9.22,9.21,9.21,10900
2019-01-02T14:10:14.000000,9.21,9.21,9.21,9.21,7200
2019-01-02T14:10:15.000000,9.21,9.21,9.21,9.21,200
2019-01-02T14:10:16.000000,9.21,9.21,9.21,9.21,2600
2019-01-02T14:10:17.000000,9.21,9.21,9.21,9.21,9300
2019-01-02T14:10:18.000000,9.21,9.21,9.21,9.21,9700
2019-01-02T14:10:19.000000,9.21,9.21,9.21,9.21,4500
2019-01-02T14:10:20.000000,9.21,9.21,9.21,9.21,500
2019-01-02T14:10:21.000000,9.22,9.22,9.21,9.21,5200
2019-01-02T14:10:22.000000,9.21,9.21,9.21,9.21,600
2019-01-02T14:10:23.000000,9.21,9.21,9.21,9.21,700
2019-01-02T14:10:24.000000,9.21,9.21,9.21,9.21,0
2019-01-02T14:10:25.000000,9.21,9.22,9.21,9.21,9200
2019-01-02T14:10:26.000000,9.21,9.21,9.21,9.21,1600
2019-01-02T14:10:27.000000,9.21,9.21,9.21,9.21,300
2019-01-02T14:10:28.000000,9.22,9.22,9.21,9.21,0
2019-01-02T14:10:29.000000,9.21,9.21,9.21,9.21,63800
2019-01-02T14:10:30.000000,9.21,9.22,9.21,9.21,13700
2019-01-02T14:10:31.000000,9.21,9.21,9.21,9.21,9200
2019-01-02T14:10:32.000000,9.21,9.21,9.21,9.21,1000
2019-01-02T14:10:33.000000,9.21,9.21,9.21,9.21,7400
2019-01-02T14:10:35.000000,9.21,9.21,9.21,9.21,2000
2019-01-02T14:10:36.000000,9.21,9.21,9.21,9.21,2800
2019-01-02T14:10:37.000000,9.21,9.22,9.21,9.21,2500
2019-01-02T14:10:38.000000,9.21,9.21,9.21,9.21,0
2019-01-02T14:10:39.000000,9.21,9.21,9.21,9.21,3400
2019-01-02T14:10:40.000000,9.21,9.21,9.21,9.21,2400
2019-01-02T14:10:41.000000,9.21,9.21,9.21,9.21,5400
2019-01-02T14:10:43.000000,9.21,9.22,9.21,9.21,11300
2019-01-02T14:10:45.000000,9.21,9.22,9.21,9.21,200
2019-01-02T14:10:46.000000,9.21,9.21,9.21,9.21,2600
2019-01-02T14:10:47.000000,9.21,9.22,9.21,9.21,30800
2019-01-02T14:10:48.000000,9.21,9.21,9.21,9.21,0
2019-01-02T14:10:49.000000,9.21,9.21,9.21,9.21,15800
2019-01-02T14:10:50.000000,9.21,9.21,9.21,9.21,200
2019-01-02T14:10:51.000000,9.21,9.21,9.21,9.21,0
2019-01-02T14:10:55.000000,9.22,9.22,9.21,9.21,10100
2019-01-02T14:10:56.000000,9.21,9.21,9.21,9.21,0
2019-01-02T14:10:57.000000,9.21,9.21,9.21,9.21,300
2019-01-02T14:10:58.000000,9.21,9.22,9.21,9.22,2400
2019-01-02T14:10:59.000000,9.21,9.21,9.21,9.21,1800
2019-01-02T14:11:01.000000,9.21,9.21,9.21,9.21,200
2019-01-02T14:11:02.000000,9.21,9.21,9.21,9.21,11000
2019-01-02T14:11:04.000000,9.21,9.22,9.21,9.21,2000
2019-01-02T14:11:05.000000,9.21,9.21,9.21,9.21,200
2019-01-02T14:11:06.000000,9.21,9.21,9.21,9.21,4200
2019-01-02T14:11:07.000000,9.21,9.21,9.21,9.21,7800
2019-01-02T14:11:09.000000,9.21,9.22,9.21,9.21,10000
2019-01-02T14:11:11.000000,9.21,9.21,9.21,9.21,54000
2019-01-02T14:11:12.000000,9.21,9.21,9.21,9.21,6700
2019-01-02T14:11:13.000000,9.21,9.21,9.21,9.21,7000
2019-01-02T14:11:14.000000,9.21,9.21,9.21,9.21,2500
2019-01-02T14:11:15.000000,9.21,9.21,9.21,9.21,0
2019-01-02T14:11:16.000000,9.21,9.21,9.21,9.21,2000
2019-01-02T14:11:17.000000,9.21,9.21,9.21,9.21,500
2019-01-02T14:11:18.000000,9.21,9.21,9.21,9.21,2500
2019-01-02T14:11:19.000000,9.21,9.21,9.21,9.21,800
2019-01-02T14:11:20.000000,9.21,9.21,9.21,9.21,1000
2019-01-02T14:11:21.000000,9.21,9.21,9.21,9.21,1700
2019-01-02T14:11:23.000000,9.21,9.21,9.21,9.21,600
2019-01-02T14:11:26.000000,9.21,9.21,9.21,9.21,1800
2019-01-02T14:11:27.000000,9.21,9.21,9.21,9.21,9800
2019-01-02T14:11:28.000000,9.21,9.21,9.21,9.21,4900
2019-01-02T14:11:30.000000,9.21,9.21,9.21,9.21,20000
2019-01-02T14:11:31.000000,9.21,9.21,9.21,9.21,2000
2019-01-02T14:11:32.000000,9.21,9.21,9.21,9.21,1600
2019-01-02T14:11:33.000000,9.21,9.21,9.21,9.21,2100
2019-01-02T14:11:37.000000,9.21,9.21,9.21,9.21,32500
2019-01-02T14:11:38.000000,9.21,9.21,9.21,9.21,0
2019-01-02T14:11:39.000000,9.21,9.21,9.21,9.21,10100
2019-01-02T14:11:40.000000,9.21,9.21,9.21,9.21,7300
2019-01-02T14:11:41.000000,9.21,9.21,9.21,9.21,3600
2019-01-02T14:11:42.000000,9.21,9.21,9.21,9.21,14800
2019-01-02T14:11:43.000000,9.21,9.21,9.21,9.21,14400
2019-01-02T14:11:44.000000,9.21,9.21,9.21,9.21,3900
2019-01-02T14:11:45.000000,9.21,9.21,9.21,9.21,7100
2019-01-02T14:11:46.000000,9.21,9.21,9.21,9.21,4100
2019-01-02T14:11:47.000000,9.21,9.21,9.21,9.21,10000
2019-01-02T14:11:48.000000,9.21,9.21,9.21,9.21,500
2019-01-02T14:11:49.000000,9.21,9.21,9.21,9.21,3000
2019-01-02T14:11:50.000000,9.21,9.21,9.21,9.21,20500
2019-01-02T14:11:51.000000,9.21,9.21,9.21,9.21,2100
2019-01-02T14:11:52.000000,9.21,9.21,9.21,9.21,14700
2019-01-02T14:11:53.000000,9.21,9.21,9.21,9.21,2500
2019-01-02T14:11:55.000000,9.21,9.21,9.21,9.21,15800
2019-01-02T14:11:56.000000,9.21,9.21,9.21,9.21,600
2019-01-02T14:11:57.000000,9.21,9.21,9.21,9.21,4300
2019-01-02T14:11:58.000000,9.21,9.21,9.21,9.21,1000
2019-01-02T14:11:59.000000,9.21,9.21,9.21,9.21,1000
2019-01-02T14:12:00.000000,9.21,9.21,9.21,9.21,1500
2019-01-02T14:12:01.000000,9.21,9.21,9.21,9.21,2000
2019-01-02T14:12:02.000000,9.21,9.21,9.21,9.21,500
2019-01-02T14:12:03.000000,9.21,9.21,9.21,9.21,1500
2019-01-02T14:12:04.000000,9.21,9.21,9.21,9.21,2700
2019-01-02T14:12:05.000000,9.21,9.21,9.21,9.21,1300
2019-01-02T14:12:07.000000,9.21,9.21,9.21,9.21,3000
2019-01-02T14:12:08.000000,9.21,9.21,9.21,9.21,1000
2019-01-02T14:12:09.000000,9.21,9.21,9.21,9.21,4200
2019-01-02T14:12:10.000000,9.21,9.21,9.21,9.21,200
2019-01-02T14:12:11.000000,9.21,9.21,9.21,9.21,1500
2019-01-02T14:12:12.000000,9.21,9.21,9.21,9.21,2000
2019-01-02T14:12:13.000000,9.21,9.21,9.21,9.21,800
2019-01-02T14:12:14.000000,9.21,9.21,9.21,9.21,5000
2019-01-02T14:12:15.000000,9.21,9.21,9.21,9.21,800
2019-01-02T14:12:16.000000,9.21,9.21,9.21,9.21,300
2019-01-02T14:12:17.000000,9.21,9.21,9.21,9.21,7700
2019-01-02T14:12:18.000000,9.21,9.21,9.21,9.21,2400
2019-01-02T14:12:19.000000,9.21,9.21,9.21,9.21,7000
2019-01-02T14:12:20.000000,9.21,9.21,9.21,9.21,400
2019-01-02T14:12:22.000000,9.21,9.21,9.21,9.21,2000
2019-01-02T14:12:24.000000,9.21,9.21,9.21,9.21,3700
2019-01-02T14:12:25.000000,9.21,9.22,9.21,9.21,13800
2019-01-02T14:12:27.000000,9.21,9.21,9.21,9.21,4300
2019-01-02T14:12:28.000000,9.21,9.21,9.21,9.21,2700
2019-01-02T14:12:29.000000,9.21,9.21,9.21,9.21,2600
2019-01-02T14:12:30.000000,9.21,9.21,9.21,9.21,2500
2019-01-02T14:12:32.000000,9.21,9.21,9.21,9.21,2600
2019-01-02T14:12:33.000000,9.21,9.21,9.21,9.21,300
2019-01-02T14:12:35.000000,9.21,9.22,9.21,9.21,4100
2019-01-02T14:12:37.000000,9.21,9.21,9.21,9.21,11200
2019-01-02T14:12:38.000000,9.21,9.21,9.21,9.21,2800
2019-01-02T14:12:39.000000,9.21,9.21,9.21,9.21,3000
2019-01-02T14:12:40.000000,9.21,9.21,9.21,9.21,1000
2019-01-02T14:12:41.000000,9.21,9.21,9.21,9.21,61200
2019-01-02T14:12:42.000000,9.21,9.21,9.21,9.21,200
2019-01-02T14:12:43.000000,9.21,9.21,9.21,9.21,6200
2019-01-02T14:12:44.000000,9.21,9.21,9.21,9.21,0
2019-01-02T14:12:45.000000,9.21,9.21,9.21,9.21,5500
2019-01-02T14:12:46.000000,9.21,9.21,9.21,9.21,1000
2019-01-02T14:12:47.000000,9.21,9.22,9.21,9.21,1000
2019-01-02T14:12:48.000000,9.21,9.21,9.21,9.21,5300
2019-01-02T14:12:49.000000,9.21,9.21,9.21,9.21,1000
2019-01-02T14:12:50.000000,9.21,9.21,9.21,9.21,1000
2019-01-02T14:12:52.000000,9.21,9.21,9.21,9.21,7000
2019-01-02T14:12:53.000000,9.21,9.21,9.21,9.21,300
2019-01-02T14:12:54.000000,9.21,9.21,9.21,9.21,1000
2019-01-02T14:12:55.000000,9.22,9.22,9.21,9.21,5400
2019-01-02T14:12:57.000000,9.21,9.21,9.21,9.21,9800
2019-01-02T14:12:59.000000,9.21,9.21,9.21,9.21,6100
2019-01-02T14:13:00.000000,9.21,9.21,9.21,9.21,1500
2019-01-02T14:13:01.000000,9.21,9.21,9.21,9.21,3700
2019-01-02T14:13:03.000000,9.21,9.22,9.21,9.21,0
2019-01-02T14:13:04.000000,9.21,9.21,9.21,9.21,5300
2019-01-02T14:13:05.000000,9.21,9.21,9.21,9.21,100
2019-01-02T14:13:06.000000,9.21,9.21,9.21,9.21,100
2019-01-02T14:13:08.000000,9.21,9.21,9.21,9.21,2600
2019-01-02T14:13:09.000000,9.21,9.21,9.21,9.21,1200
2019-01-02T14:13:10.000000,9.21,9.21,9.21,9.21,2500
2019-01-02T14:13:12.000000,9.21,9.21,9.21,9.21,11100
2019-01-02T14:13:13.000000,9.21,9.22,9.21,9.21,900
2019-01-02T14:13:14.000000,9.21,9.22,9.21,9.21,0
2019-01-02T14:13:15.000000,9.21,9.21,9.21,9.21,2200
2019-01-02T14:13:16.000000,9.21,9.21,9.21,9.21,3300
2019-01-02T14:13:17.000000,9.21,9.21,9.21,9.21,400
2019-01-02T14:13:18.000000,9.21,9.21,9.21,9.21,3500
2019-01-02T14:13:19.000000,9.21,9.21,9.21,9.21,400
2019-01-02T14:13:21.000000,9.21,9.21,9.21,9.21,2400
2019-01-02T14:13:22.000000,9.21,9.21,9.21,9.21,500
2019-01-02T14:13:23.000000,9.21,9.21,9.21,9.21,600
2019-01-02T14:13:25.000000,9.21,9.21,9.21,9.21,14000
2019-01-02T14:13:26.000000,9.21,9.21,9.21,9.21,3300
2019-01-02T14:13:27.000000,9.22,9.22,9.21,9.21,3100
2019-01-02T14:13:29.000000,9.21,9.21,9.21,9.21,15900
2019-01-02T14:13:30.000000,9.21,9.21,9.21,9.21,6600
2019-01-02T14:13:31.000000,9.21,9.21,9.21,9.21,3100
2019-01-02T14:13:33.000000,9.21,9.21,9.21,9.21,0
2019-01-02T14:13:34.000000,9.21,9.21,9.21,9.21,4300
2019-01-02T14:13:35.000000,9.21,9.21,9.21,9.21,1000
2019-01-02T14:13:38.000000,9.21,9.21,9.21,9.21,2400
2019-01-02T14:13:39.000000,9.21,9.21,9.21,9.21,1000
2019-01-02T14:13:40.000000,9.21,9.21,9.21,9.21,49800
2019-01-02T14:13:41.000000,9.21,9.21,9.21,9.21,200
2019-01-02T14:13:42.000000,9.21,9.21,9.21,9.21,9600
2019-01-02T14:13:43.000000,9.21,9.21,9.21,9.21,4000
2019-01-02T14:13:44.000000,9.21,9.21,9.21,9.21,600
2019-01-02T14:13:45.000000,9.21,9.21,9.21,9.21,4400
2019-01-02T14:13:46.000000,9.21,9.21,9.21,9.21,263300
2019-01-02T14:13:47.000000,9.21,9.21,9.21,9.21,3900
2019-01-02T14:13:48.000000,9.21,9.21,9.21,9.21,1800
2019-01-02T14:13:49.000000,9.21,9.21,9.21,9.21,2000
2019-01-02T14:13:50.000000,9.21,9.21,9.21,9.21,4200
2019-01-02T14:13:52.000000,9.21,9.21,9.21,9.21,200
2019-01-02T14:13:53.000000,9.21,9.21,9.21,9.21,500
2019-01-02T14:13:54.000000,9.21,9.21,9.21,9.21,200
2019-01-02T14:13:55.000000,9.21,9.22,9.21,9.21,12600
2019-01-02T14:13:56.000000,9.21,9.21,9.21,9.21,2100
2019-01-02T14:13:57.000000,9.21,9.21,9.21,9.21,700
2019-01-02T14:13:58.000000,9.21,9.21,9.21,9.21,500
2019-01-02T14:13:59.000000,9.21,9.21,9.21,9.21,100
2019-01-02T14:14:00.000000,9.21,9.21,9.21,9.21,1200
2019-01-02T14:14:01.000000,9.21,9.21,9.21,9.21,800
2019-01-02T14:14:02.000000,9.21,9.21,9.21,9.21,10100
2019-01-02T14:14:04.000000,9.21,9.21,9.21,9.21,0
2019-01-02T14:14:05.000000,9.21,9.21,9.21,9.21,18500
2019-01-02T14:14:06.000000,9.21,9.21,9.21,9.21,2000
2019-01-02T14:14:07.000000,9.21,9.21,9.21,9.21,0
2019-01-02T14:14:08.000000,9.21,9.22,9.21,9.22,21000
2019-01-02T14:14:09.000000,9.21,9.21,9.21,9.21,2000
2019-01-02T14:14:10.000000,9.21,9.21,9.21,9.21,8000
2019-01-02T14:14:13.000000,9.21,9.21,9.21,9.21,700
2019-01-02T14:14:14.000000,9.21,9.21,9.21,9.21,0
2019-01-02T14:14:15.000000,9.21,9.21,9.21,9.21,0
2019-01-02T14:14:16.000000,9.21,9.21,9.21,9.21,800
2019-01-02T14:14:17.000000,9.21,9.21,9.21,9.21,0
2019-01-02T14:14:19.000000,9.21,9.21,9.21,9.21,100
2019-01-02T14:14:20.000000,9.21,9.21,9.21,9.21,20000
2019-01-02T14:14:21.000000,9.21,9.21,9.21,9.21,0
2019-01-02T14:14:22.000000,9.21,9.21,9.21,9.21,0
2019-01-02T14:14:24.000000,9.21,9.21,9.21,9.21,0
2019-01-02T14:14:25.000000,9.21,9.21,9.21,9.21,5400
2019-01-02T14:14:26.000000,9.21,9.21,9.21,9.21,0
2019-01-02T14:14:27.000000,9.21,9.21,9.21,9.21,4700
2019-01-02T14:14:28.000000,9.21,9.21,9.21,9.21,2200
2019-01-02T14:14:29.000000,9.21,9.21,9.21,9.21,1300
2019-01-02T14:14:30.000000,9.21,9.21,9.21,9.21,1100
2019-01-02T14:14:31.000000,9.21,9.21,9.21,9.21,100
2019-01-02T14:14:34.000000,9.21,9.21,9.21,9.21,1100
2019-01-02T14:14:35.000000,9.21,9.21,9.21,9.21,4900
2019-01-02T14:14:36.000000,9.21,9.22,9.21,9.21,2100
2019-01-02T14:14:37.000000,9.21,9.21,9.21,9.21,0
2019-01-02T14:14:38.000000,9.21,9.21,9.21,9.21,4000
2019-01-02T14:14:39.000000,9.21,9.21,9.21,9.21,300
2019-01-02T14:14:40.000000,9.21,9.21,9.21,9.21,5000
2019-01-02T14:14:41.000000,9.21,9.21,9.21,9.21,3100
2019-01-02T14:14:42.000000,9.21,9.21,9.21,9.21,4000
2019-01-02T14:14:43.000000,9.21,9.21,9.21,9.21,16800
2019-01-02T14:14:44.000000,9.21,9.21,9.21,9.21,700
2019-01-02T14:14:45.000000,9.21,9.22,9.21,9.21,1800
2019-01-02T14:14:46.000000,9.21,9.21,9.21,9.21,2000
2019-01-02T14:14:47.000000,9.21,9.21,9.21,9.21,300
2019-01-02T14:14:49.000000,9.21,9.21,9.21,9.21,8200
2019-01-02T14:14:50.000000,9.21,9.21,9.21,9.21,2700
2019-01-02T14:14:51.000000,9.21,9.22,9.21,9.22,0
2019-01-02T14:14:52.000000,9.21,9.21,9.21,9.21,0
2019-01-02T14:14:53.000000,9.21,9.21,9.21,9.21,13900
2019-01-02T14:14:54.000000,9.21,9.21,9.21,9.21,500
2019-01-02T14:14:55.000000,9.22,9.22,9.21,9.21,0
2019-01-02T14:14:56.000000,9.21,9.21,9.21,9.21,1600
2019-01-02T14:14:57.000000,9.21,9.21,9.21,9.21,2500
2019-01-02T14:14:58.000000,9.21,9.21,9.21,9.21,1300
2019-01-02T14:14:59.000000,9.21,9.21,9.21,9.21,600
2019-01-02T14:15:03.000000,9.21,9.21,9.21,9.21,1000
2019-01-02T14:15:04.000000,9.21,9.21,9.21,9.21,500
2019-01-02T14:15:05.000000,9.21,9.22,9.21,9.22,0
2019-01-02T14:15:06.000000,9.21,9.21,9.21,9.21,4600
2019-01-02T14:15:07.000000,9.21,9.21,9.21,9.21,0
2019-01-02T14:15:08.000000,9.21,9.22,9.21,9.21,16900
2019-01-02T14:15:09.000000,9.21,9.21,9.21,9.21,1000
2019-01-02T14:15:11.000000,9.21,9.21,9.21,9.21,1900
2019-01-02T14:15:13.000000,9.21,9.21,9.21,9.21,1000
2019-01-02T14:15:14.000000,9.21,9.21,9.21,9.21,1000
2019-01-02T14:15:15.000000,9.21,9.21,9.21,9.21,500
2019-01-02T14:15:16.000000,9.21,9.21,9.21,9.21,0
2019-01-02T14:15:17.000000,9.21,9.21,9.21,9.21,1400
2019-01-02T14:15:18.000000,9.21,9.21,9.21,9.21,800
2019-01-02T14:15:19.000000,9.21,9.21,9.21,9.21,4000
2019-01-02T14:15:20.000000,9.21,9.21,9.21,9.21,0
2019-01-02T14:15:21.000000,9.21,9.21,9.21,9.21,0
2019-01-02T14:15:22.000000,9.21,9.21,9.21,9.21,900
2019-01-02T14:15:23.000000,9.21,9.21,9.21,9.21,2800
2019-01-02T14:15:24.000000,9.21,9.21,9.21,9.21,400
2019-01-02T14:15:25.000000,9.21,9.22,9.21,9.21,11600
2019-01-02T14:15:26.000000,9.21,9.21,9.21,9.21,2000
2019-01-02T14:15:27.000000,9.21,9.21,9.21,9.21,3900
2019-01-02T14:15:28.000000,9.21,9.21,9.21,9.21,0
2019-01-02T14:15:29.000000,9.21,9.21,9.21,9.21,0
2019-01-02T14:15:31.000000,9.21,9.21,9.21,9.21,3000
2019-01-02T14:15:32.000000,9.21,9.21,9.21,9.21,100
2019-01-02T14:15:33.000000,9.21,9.21,9.21,9.21,2500
2019-01-02T14:15:34.000000,9.21,9.21,9.21,9.21,1000
2019-01-02T14:15:35.000000,9.21,9.21,9.21,9.21,8000
2019-01-02T14:15:38.000000,9.21,9.21,9.21,9.21,1300
2019-01-02T14:15:39.000000,9.21,9.21,9.21,9.21,2000
2019-01-02T14:15:40.000000,9.21,9.21,9.21,9.21,1000
2019-01-02T14:15:41.000000,9.21,9.21,9.21,9.21,100
2019-01-02T14:15:42.000000,9.21,9.21,9.21,9.21,5100
2019-01-02T14:15:43.000000,9.21,9.22,9.21,9.21,0
2019-01-02T14:15:44.000000,9.21,9.21,9.21,9.21,500
2019-01-02T14:15:45.000000,9.21,9.21,9.21,9.21,200
2019-01-02T14:15:47.000000,9.21,9.21,9.21,9.21,30300
2019-01-02T14:15:48.000000,9.21,9.21,9.21,9.21,3000
2019-01-02T14:15:49.000000,9.21,9.21,9.21,9.21,3000
2019-01-02T14:15:50.000000,9.21,9.21,9.21,9.21,300
2019-01-02T14:15:51.000000,9.21,9.21,9.21,9.21,0
2019-01-02T14:15:52.000000,9.21,9.22,9.21,9.21,1000
2019-01-02T14:15:53.000000,9.21,9.21,9.21,9.21,3400
2019-01-02T14:15:55.000000,9.21,9.21,9.21,9.21,700
2019-01-02T14:15:57.000000,9.21,9.21,9.21,9.21,200
2019-01-02T14:15:58.000000,9.21,9.21,9.21,9.21,0
2019-01-02T14:15:59.000000,9.21,9.21,9.21,9.21,2400
2019-01-02T14:16:00.000000,9.21,9.21,9.21,9.21,7600
2019-01-02T14:16:01.000000,9.21,9.21,9.21,9.21,9000
2019-01-02T14:16:02.000000,9.21,9.21,9.21,9.21,0
2019-01-02T14:16:03.000000,9.21,9.21,9.21,9.21,0
2019-01-02T14:16:04.000000,9.21,9.21,9.21,9.21,0
2019-01-02T14:16:05.000000,9.21,9.21,9.21,9.21,2400
2019-01-02T14:16:06.000000,9.21,9.21,9.21,9.21,10800
2019-01-02T14:16:07.000000,9.21,9.21,9.21,9.21,1800
2019-01-02T14:16:08.000000,9.21,9.22,9.21,9.21,2500
2019-01-02T14:16:09.000000,9.21,9.21,9.21,9.21,4500
2019-01-02T14:16:10.000000,9.21,9.21,9.21,9.21,7100
2019-01-02T14:16:11.000000,9.21,9.21,9.21,9.21,13100
2019-01-02T14:16:12.000000,9.22,9.22,9.21,9.21,0
2019-01-02T14:16:13.000000,9.21,9.21,9.21,9.21,3200
2019-01-02T14:16:14.000000,9.21,9.21,9.21,9.21,1000
2019-01-02T14:16:16.000000,9.21,9.21,9.21,9.21,6900
2019-01-02T14:16:17.000000,9.21,9.21,9.21,9.21,2700
2019-01-02T14:16:19.000000,9.21,9.21,9.21,9.21,5800
2019-01-02T14:16:20.000000,9.21,9.21,9.21,9.21,13000
2019-01-02T14:16:21.000000,9.21,9.21,9.21,9.21,1200
2019-01-02T14:16:22.000000,9.21,9.21,9.21,9.21,25100
2019-01-02T14:16:23.000000,9.21,9.21,9.21,9.21,4000
2019-01-02T14:16:24.000000,9.21,9.21,9.21,9.21,300
2019-01-02T14:16:25.000000,9.21,9.21,9.21,9.21,1100
2019-01-02T14:16:26.000000,9.21,9.21,9.21,9.21,1500
2019-01-02T14:16:27.000000,9.21,9.21,9.21,9.21,3000
2019-01-02T14:16:33.000000,9.21,9.21,9.21,9.21,3000
2019-01-02T14:16:34.000000,9.21,9.21,9.21,9.21,0
2019-01-02T14:16:36.000000,9.21,9.21,9.21,9.21,1000
2019-01-02T14:16:37.000000,9.21,9.21,9.21,9.21,20600
2019-01-02T14:16:38.000000,9.21,9.21,9.21,9.21,10800
2019-01-02T14:16:39.000000,9.22,9.22,9.21,9.21,0
2019-01-02T14:16:40.000000,9.21,9.21,9.21,9.21,300
2019-01-02T14:16:41.000000,9.21,9.21,9.21,9.21,1000
2019-01-02T14:16:42.000000,9.21,9.21,9.21,9.21,4000
2019-01-02T14:16:43.000000,9.21,9.21,9.21,9.21,1300
2019-01-02T14:16:44.000000,9.21,9.21,9.21,9.21,500
2019-01-02T14:16:46.000000,9.21,9.21,9.21,9.21,2300
2019-01-02T14:16:47.000000,9.21,9.21,9.21,9.21,4100
2019-01-02T14:16:48.000000,9.21,9.21,9.21,9.21,124200
2019-01-02T14:16:49.000000,9.22,9.22,9.21,9.21,0
2019-01-02T14:16:50.000000,9.21,9.21,9.21,9.21,3000
2019-01-02T14:16:54.000000,9.21,9.22,9.21,9.21,10000
2019-01-02T14:16:55.000000,9.21,9.21,9.21,9.21,18200
2019-01-02T14:16:56.000000,9.21,9.21,9.21,9.21,8000
2019-01-02T14:16:57.000000,9.21,9.22,9.21,9.21,0
2019-01-02T14:16:58.000000,9.22,9.22,9.21,9.21,5000
2019-01-02T14:16:59.000000,9.21,9.21,9.21,9.21,400
2019-01-02T14:17:01.000000,9.21,9.21,9.21,9.21,2100
2019-01-02T14:17:03.000000,9.21,9.21,9.21,9.21,2300
2019-01-02T14:17:04.000000,9.21,9.21,9.21,9.21,1800
2019-01-02T14:17:05.000000,9.21,9.21,9.21,9.21,6000
2019-01-02T14:17:06.000000,9.21,9.22,9.21,9.21,200
2019-01-02T14:17:07.000000,9.21,9.21,9.21,9.21,9000
2019-01-02T14:17:09.000000,9.21,9.21,9.21,9.21,500
2019-01-02T14:17:10.000000,9.21,9.21,9.21,9.21,1200
2019-01-02T14:17:11.000000,9.21,9.21,9.21,9.21,3000
2019-01-02T14:17:14.000000,9.21,9.21,9.21,9.21,0
2019-01-02T14:17:16.000000,9.21,9.21,9.21,9.21,500
2019-01-02T14:17:17.000000,9.21,9.22,9.21,9.21,1000
2019-01-02T14:17:18.000000,9.21,9.21,9.21,9.21,5800
2019-01-02T14:17:19.000000,9.21,9.21,9.21,9.21,800
2019-01-02T14:17:20.000000,9.21,9.21,9.21,9.21,200
2019-01-02T14:17:22.000000,9.21,9.21,9.21,9.21,4600
2019-01-02T14:17:23.000000,9.21,9.21,9.21,9.21,900
2019-01-02T14:17:26.000000,9.21,9.21,9.21,9.21,400
2019-01-02T14:17:27.000000,9.21,9.21,9.21,9.21,2100
2019-01-02T14:17:28.000000,9.21,9.21,9.21,9.21,2000
2019-01-02T14:17:30.000000,9.21,9.21,9.21,9.21,2000
2019-01-02T14:17:31.000000,9.21,9.21,9.21,9.21,2000
2019-01-02T14:17:32.000000,9.21,9.21,9.21,9.21,7200
2019-01-02T14:17:33.000000,9.21,9.21,9.21,9.21,5000
2019-01-02T14:17:35.000000,9.21,9.21,9.21,9.21,300
2019-01-02T14:17:36.000000,9.21,9.21,9.21,9.21,4200
2019-01-02T14:17:38.000000,9.21,9.21,9.21,9.21,1200
2019-01-02T14:17:39.000000,9.21,9.21,9.21,9.21,800
2019-01-02T14:17:40.000000,9.21,9.21,9.21,9.21,6900
2019-01-02T14:17:42.000000,9.21,9.21,9.21,9.21,0
2019-01-02T14:17:43.000000,9.21,9.21,9.21,9.21,0
2019-01-02T14:17:44.000000,9.21,9.21,9.21,9.21,1000
2019-01-02T14:17:45.000000,9.21,9.21,9.21,9.21,2000
2019-01-02T14:17:47.000000,9.21,9.21,9.21,9.21,1000
2019-01-02T14:17:48.000000,9.21,9.21,9.21,9.21,1000
2019-01-02T14:17:49.000000,9.21,9.21,9.21,9.21,1300
2019-01-02T14:17:50.000000,9.21,9.21,9.21,9.21,6000
2019-01-02T14:17:52.000000,9.21,9.21,9.21,9.21,300
2019-01-02T14:17:53.000000,9.21,9.21,9.21,9.21,0
2019-01-02T14:17:54.000000,9.21,9.21,9.21,9.21,42400
2019-01-02T14:17:55.000000,9.21,9.22,9.21,9.21,15400
2019-01-02T14:17:56.000000,9.21,9.21,9.21,9.21,300
2019-01-02T14:17:57.000000,9.21,9.21,9.21,9.21,600
2019-01-02T14:17:58.000000,9.21,9.21,9.21,9.21,5300
2019-01-02T14:18:00.000000,9.21,9.21,9.21,9.21,800
2019-01-02T14:18:01.000000,9.21,9.21,9.21,9.21,0
2019-01-02T14:18:02.000000,9.21,9.21,9.21,9.21,300
2019-01-02T14:18:03.000000,9.21,9.21,9.21,9.21,100
2019-01-02T14:18:04.000000,9.21,9.21,9.21,9.21,5300
2019-01-02T14:18:05.000000,9.21,9.21,9.21,9.21,100
2019-01-02T14:18:07.000000,9.21,9.21,9.21,9.21,200
2019-01-02T14:18:10.000000,9.21,9.21,9.21,9.21,500
2019-01-02T14:18:11.000000,9.21,9.21,9.21,9.21,2500
2019-01-02T14:18:12.000000,9.21,9.22,9.21,9.21,2100
2019-01-02T14:18:13.000000,9.21,9.21,9.21,9.21,35700
2019-01-02T14:18:14.000000,9.21,9.21,9.21,9.21,1500
2019-01-02T14:18:17.000000,9.21,9.21,9.21,9.21,1300
2019-01-02T14:18:18.000000,9.21,9.21,9.21,9.21,1500
2019-01-02T14:18:19.000000,9.21,9.21,9.21,9.21,0
2019-01-02T14:18:20.000000,9.21,9.21,9.21,9.21,3000
2019-01-02T14:18:22.000000,9.21,9.21,9.21,9.21,1000
2019-01-02T14:18:23.000000,9.21,9.21,9.21,9.21,17500
2019-01-02T14:18:24.000000,9.21,9.21,9.21,9.21,2100
2019-01-02T14:18:26.000000,9.21,9.21,9.21,9.21,0
2019-01-02T14:18:27.000000,9.21,9.22,9.21,9.21,300
2019-01-02T14:18:28.000000,9.21,9.21,9.21,9.21,11600
2019-01-02T14:18:30.000000,9.21,9.21,9.21,9.21,1100
2019-01-02T14:18:31.000000,9.21,9.21,9.21,9.21,2800
2019-01-02T14:18:32.000000,9.22,9.22,9.21,9.21,1500
2019-01-02T14:18:33.000000,9.21,9.21,9.21,9.21,4940
2019-01-02T14:18:34.000000,9.21,9.21,9.21,9.21,2000
2019-01-02T14:18:35.000000,9.21,9.21,9.21,9.21,8600
2019-01-02T14:18:36.000000,9.21,9.21,9.21,9.21,100
2019-01-02T14:18:37.000000,9.21,9.21,9.21,9.21,2000
2019-01-02T14:18:38.000000,9.21,9.22,9.21,9.21,7700
2019-01-02T14:18:39.000000,9.21,9.21,9.21,9.21,200
2019-01-02T14:18:40.000000,9.21,9.21,9.21,9.21,2300
2019-01-02T14:18:41.000000,9.21,9.21,9.21,9.21,5100
2019-01-02T14:18:42.000000,9.21,9.21,9.21,9.21,3600
2019-01-02T14:18:43.000000,9.21,9.21,9.21,9.21,0
2019-01-02T14:18:44.000000,9.21,9.21,9.21,9.21,7000
2019-01-02T14:18:45.000000,9.21,9.21,9.21,9.21,0
2019-01-02T14:18:47.000000,9.21,9.21,9.21,9.21,1000
2019-01-02T14:18:49.000000,9.22,9.22,9.21,9.21,0
2019-01-02T14:18:51.000000,9.21,9.21,9.21,9.21,9900
2019-01-02T14:18:52.000000,9.21,9.21,9.21,9.21,100
2019-01-02T14:18:53.000000,9.21,9.21,9.21,9.21,0
2019-01-02T14:18:54.000000,9.21,9.21,9.21,9.21,50400
2019-01-02T14:18:55.000000,9.21,9.21,9.21,9.21,1300
2019-01-02T14:18:56.000000,9.21,9.21,9.21,9.21,1100
2019-01-02T14:18:57.000000,9.21,9.21,9.21,9.21,4500
2019-01-02T14:18:58.000000,9.22,9.22,9.21,9.21,7500
2019-01-02T14:18:59.000000,9.21,9.21,9.21,9.21,1300
2019-01-02T14:19:00.000000,9.21,9.21,9.21,9.21,14400
2019-01-02T14:19:01.000000,9.21,9.22,9.21,9.21,0
2019-01-02T14:19:02.000000,9.21,9.21,9.21,9.21,2140
2019-01-02T14:19:03.000000,9.21,9.21,9.21,9.21,4600
2019-01-02T14:19:04.000000,9.21,9.21,9.21,9.21,700
2019-01-02T14:19:05.000000,9.21,9.21,9.21,9.21,5800
2019-01-02T14:19:06.000000,9.21,9.21,9.21,9.21,4700
2019-01-02T14:19:07.000000,9.21,9.21,9.21,9.21,19900
2019-01-02T14:19:08.000000,9.21,9.22,9.21,9.21,3100
2019-01-02T14:19:09.000000,9.21,9.22,9.21,9.21,4300
2019-01-02T14:19:10.000000,9.21,9.21,9.21,9.21,3700
2019-01-02T14:19:11.000000,9.21,9.21,9.21,9.21,21800
2019-01-02T14:19:13.000000,9.21,9.21,9.21,9.21,33500
2019-01-02T14:19:14.000000,9.21,9.21,9.21,9.21,4000
2019-01-02T14:19:15.000000,9.21,9.21,9.21,9.21,38000
2019-01-02T14:19:16.000000,9.21,9.21,9.21,9.21,17000
2019-01-02T14:19:17.000000,9.21,9.21,9.21,9.21,2600
2019-01-02T14:19:18.000000,9.21,9.21,9.21,9.21,100
2019-01-02T14:19:19.000000,9.21,9.21,9.21,9.21,9700
2019-01-02T14:19:20.000000,9.21,9.21,9.21,9.21,3400
2019-01-02T14:19:21.000000,9.21,9.21,9.21,9.21,10100
2019-01-02T14:19:22.000000,9.21,9.21,9.21,9.21,4000
2019-01-02T14:19:23.000000,9.21,9.21,9.21,9.21,20600
2019-01-02T14:19:24.000000,9.21,9.21,9.21,9.21,8000
2019-01-02T14:19:25.000000,9.21,9.21,9.21,9.21,2300
2019-01-02T14:19:27.000000,9.21,9.21,9.21,9.21,3500
2019-01-02T14:19:28.000000,9.21,9.21,9.21,9.21,10400
2019-01-02T14:19:30.000000,9.21,9.21,9.21,9.21,2000
2019-01-02T14:19:31.000000,9.21,9.21,9.21,9.21,0
2019-01-02T14:19:33.000000,9.21,9.21,9.21,9.21,35500
2019-01-02T14:19:34.000000,9.21,9.21,9.21,9.21,2600
2019-01-02T14:19:36.000000,9.21,9.21,9.21,9.21,200
2019-01-02T14:19:37.000000,9.21,9.21,9.21,9.21,1100
2019-01-02T14:19:38.000000,9.21,9.21,9.21,9.21,100
2019-01-02T14:19:39.000000,9.21,9.21,9.21,9.21,11600
2019-01-02T14:19:41.000000,9.21,9.21,9.21,9.21,1000
2019-01-02T14:19:43.000000,9.21,9.21,9.21,9.21,2600
2019-01-02T14:19:44.000000,9.21,9.21,9.21,9.21,3300
2019-01-02T14:19:45.000000,9.21,9.21,9.21,9.21,8600
2019-01-02T14:19:46.000000,9.21,9.21,9.21,9.21,6300
2019-01-02T14:19:47.000000,9.21,9.21,9.21,9.21,12800
2019-01-02T14:19:48.000000,9.21,9.21,9.21,9.21,2000
2019-01-02T14:19:49.000000,9.21,9.22,9.21,9.21,400
2019-01-02T14:19:51.000000,9.21,9.21,9.21,9.21,5000
2019-01-02T14:19:52.000000,9.21,9.21,9.21,9.21,800
2019-01-02T14:19:54.000000,9.21,9.21,9.21,9.21,500
2019-01-02T14:19:55.000000,9.21,9.21,9.21,9.21,6300
2019-01-02T14:19:56.000000,9.21,9.21,9.21,9.21,300
2019-01-02T14:19:58.000000,9.21,9.21,9.21,9.21,1900
2019-01-02T14:19:59.000000,9.21,9.21,9.21,9.21,100
2019-01-02T14:20:00.000000,9.21,9.21,9.21,9.21,240
2019-01-02T14:20:04.000000,9.21,9.21,9.21,9.21,0
2019-01-02T14:20:05.000000,9.21,9.21,9.21,9.21,6000
2019-01-02T14:20:06.000000,9.21,9.21,9.21,9.21,6000
2019-01-02T14:20:08.000000,9.21,9.22,9.21,9.21,500
2019-01-02T14:20:09.000000,9.21,9.21,9.21,9.21,500
2019-01-02T14:20:10.000000,9.21,9.21,9.21,9.21,3000
2019-01-02T14:20:11.000000,9.21,9.22,9.21,9.21,8100
2019-01-02T14:20:12.000000,9.21,9.21,9.21,9.21,3300
2019-01-02T14:20:13.000000,9.21,9.21,9.21,9.21,300
2019-01-02T14:20:14.000000,9.21,9.21,9.21,9.21,0
2019-01-02T14:20:16.000000,9.21,9.21,9.21,9.21,4000
2019-01-02T14:20:19.000000,9.21,9.21,9.21,9.21,8000
2019-01-02T14:20:20.000000,9.21,9.21,9.21,9.21,8900
2019-01-02T14:20:21.000000,9.21,9.21,9.21,9.21,5000
2019-01-02T14:20:22.000000,9.21,9.22,9.21,9.21,0
2019-01-02T14:20:23.000000,9.21,9.21,9.21,9.21,2900
2019-01-02T14:20:24.000000,9.21,9.21,9.21,9.21,1000
2019-01-02T14:20:25.000000,9.21,9.21,9.21,9.21,3600
2019-01-02T14:20:26.000000,9.21,9.21,9.21,9.21,5100
2019-01-02T14:20:27.000000,9.22,9.22,9.21,9.21,0
2019-01-02T14:20:28.000000,9.21,9.21,9.21,9.21,2700
2019-01-02T14:20:29.000000,9.22,9.22,9.21,9.21,0
2019-01-02T14:20:30.000000,9.21,9.21,9.21,9.21,3900
2019-01-02T14:20:31.000000,9.21,9.21,9.21,9.21,7100
2019-01-02T14:20:32.000000,9.21,9.21,9.21,9.21,500
2019-01-02T14:20:33.000000,9.21,9.22,9.21,9.21,2000
2019-01-02T14:20:35.000000,9.21,9.21,9.21,9.21,4700
2019-01-02T14:20:36.000000,9.21,9.21,9.21,9.21,1000
2019-01-02T14:20:37.000000,9.21,9.21,9.21,9.21,600
2019-01-02T14:20:38.000000,9.21,9.21,9.21,9.21,7200
2019-01-02T14:20:41.000000,9.21,9.22,9.21,9.21,6200
2019-01-02T14:20:42.000000,9.21,9.22,9.21,9.21,2100
2019-01-02T14:20:43.000000,9.21,9.21,9.21,9.21,4000
2019-01-02T14:20:44.000000,9.21,9.21,9.21,9.21,0
2019-01-02T14:20:45.000000,9.21,9.21,9.21,9.21,1800
2019-01-02T14:20:47.000000,9.21,9.21,9.21,9.21,4800
2019-01-02T14:20:49.000000,9.21,9.22,9.21,9.21,12600
2019-01-02T14:20:50.000000,9.21,9.22,9.21,9.21,32700
2019-01-02T14:20:51.000000,9.21,9.22,9.21,9.21,6900
2019-01-02T14:20:54.000000,9.21,9.22,9.21,9.21,30440
2019-01-02T14:20:55.000000,9.21,9.21,9.21,9.21,11100
2019-01-02T14:20:56.000000,9.21,9.21,9.21,9.21,6900
2019-01-02T14:20:58.000000,9.21,9.21,9.21,9.21,3300
2019-01-02T14:20:59.000000,9.21,9.21,9.21,9.21,1500
2019-01-02T14:21:00.000000,9.21,9.22,9.21,9.21,600
2019-01-02T14:21:03.000000,9.21,9.21,9.21,9.21,10500
2019-01-02T14:21:05.000000,9.21,9.21,9.21,9.21,200
2019-01-02T14:21:06.000000,9.21,9.22,9.21,9.22,2000
2019-01-02T14:21:08.000000,9.21,9.22,9.21,9.21,40000
2019-01-02T14:21:09.000000,9.21,9.21,9.21,9.21,10300
2019-01-02T14:21:10.000000,9.21,9.21,9.21,9.21,200
2019-01-02T14:21:11.000000,9.22,9.22,9.21,9.21,0
2019-01-02T14:21:12.000000,9.21,9.21,9.21,9.21,100
2019-01-02T14:21:13.000000,9.22,9.22,9.21,9.21,0
2019-01-02T14:21:14.000000,9.21,9.21,9.21,9.21,300
2019-01-02T14:21:15.000000,9.21,9.21,9.21,9.21,1000
2019-01-02T14:21:16.000000,9.21,9.21,9.21,9.21,0
2019-01-02T14:21:17.000000,9.21,9.21,9.21,9.21,500
2019-01-02T14:21:18.000000,9.21,9.21,9.21,9.21,2000
2019-01-02T14:21:19.000000,9.21,9.21,9.21,9.21,7500
2019-01-02T14:21:20.000000,9.21,9.21,9.21,9.21,0
2019-01-02T14:21:21.000000,9.21,9.21,9.21,9.21,4800
2019-01-02T14:21:23.000000,9.21,9.22,9.21,9.21,13100
2019-01-02T14:21:24.000000,9.21,9.21,9.21,9.21,2000
2019-01-02T14:21:25.000000,9.21,9.22,9.21,9.21,2000
2019-01-02T14:21:26.000000,9.21,9.21,9.21,9.21,800
2019-01-02T14:21:27.000000,9.21,9.21,9.21,9.21,600
2019-01-02T14:21:28.000000,9.21,9.21,9.21,9.21,7200
2019-01-02T14:21:31.000000,9.21,9.21,9.21,9.21,1000
2019-01-02T14:21:32.000000,9.21,9.21,9.21,9.21,3000
2019-01-02T14:21:34.000000,9.21,9.21,9.21,9.21,1300
2019-01-02T14:21:37.000000,9.21,9.21,9.21,9.21,300
2019-01-02T14:21:38.000000,9.21,9.21,9.21,9.21,200
2019-01-02T14:21:39.000000,9.21,9.21,9.21,9.21,1400
2019-01-02T14:21:40.000000,9.21,9.22,9.21,9.22,6900
2019-01-02T14:21:42.000000,9.21,9.22,9.21,9.21,5500
2019-01-02T14:21:43.000000,9.21,9.21,9.21,9.21,15700
2019-01-02T14:21:44.000000,9.21,9.21,9.21,9.21,0
2019-01-02T14:21:45.000000,9.21,9.21,9.21,9.21,8500
2019-01-02T14:21:46.000000,9.21,9.22,9.21,9.21,8800
2019-01-02T14:21:47.000000,9.21,9.21,9.21,9.21,1000
2019-01-02T14:21:48.000000,9.21,9.21,9.21,9.21,600
2019-01-02T14:21:50.000000,9.21,9.21,9.21,9.21,4900
2019-01-02T14:21:51.000000,9.21,9.21,9.21,9.21,3000
2019-01-02T14:21:52.000000,9.21,9.22,9.21,9.21,0
2019-01-02T14:21:53.000000,9.21,9.21,9.21,9.21,2600
2019-01-02T14:21:54.000000,9.21,9.21,9.21,9.21,1800
2019-01-02T14:21:55.000000,9.21,9.22,9.21,9.21,1500
2019-01-02T14:21:56.000000,9.21,9.21,9.21,9.21,5200
2019-01-02T14:21:57.000000,9.22,9.22,9.21,9.21,0
2019-01-02T14:21:58.000000,9.21,9.21,9.21,9.21,10000
2019-01-02T14:22:00.000000,9.21,9.21,9.21,9.21,2400
2019-01-02T14:22:02.000000,9.21,9.22,9.21,9.21,10000
2019-01-02T14:22:03.000000,9.21,9.21,9.21,9.21,10700
2019-01-02T14:22:04.000000,9.21,9.21,9.21,9.21,0
2019-01-02T14:22:05.000000,9.21,9.21,9.21,9.21,500
2019-01-02T14:22:06.000000,9.21,9.21,9.21,9.21,600
2019-01-02T14:22:07.000000,9.21,9.21,9.21,9.21,2000
2019-01-02T14:22:08.000000,9.21,9.21,9.21,9.21,800
2019-01-02T14:22:09.000000,9.21,9.21,9.21,9.21,5000
2019-01-02T14:22:10.000000,9.21,9.21,9.21,9.21,2800
2019-01-02T14:22:11.000000,9.21,9.22,9.21,9.21,3300
2019-01-02T14:22:12.000000,9.21,9.21,9.21,9.21,20000
2019-01-02T14:22:14.000000,9.21,9.22,9.21,9.22,2000
2019-01-02T14:22:15.000000,9.21,9.22,9.21,9.21,600
2019-01-02T14:22:16.000000,9.21,9.21,9.21,9.21,5800
2019-01-02T14:22:17.000000,9.21,9.21,9.21,9.21,2000
2019-01-02T14:22:18.000000,9.21,9.21,9.21,9.21,6500
2019-01-02T14:22:19.000000,9.21,9.22,9.21,9.21,18800
2019-01-02T14:22:20.000000,9.21,9.21,9.21,9.21,1000
2019-01-02T14:22:21.000000,9.21,9.21,9.21,9.21,7300
2019-01-02T14:22:22.000000,9.22,9.22,9.21,9.21,1500
2019-01-02T14:22:23.000000,9.21,9.22,9.21,9.21,300
2019-01-02T14:22:24.000000,9.21,9.21,9.21,9.21,5000
2019-01-02T14:22:25.000000,9.21,9.21,9.21,9.21,600
2019-01-02T14:22:26.000000,9.22,9.22,9.21,9.21,1000
2019-01-02T14:22:29.000000,9.21,9.21,9.21,9.21,4900
2019-01-02T14:22:30.000000,9.21,9.22,9.21,9.21,1000
2019-01-02T14:22:31.000000,9.21,9.22,9.21,9.22,0
2019-01-02T14:22:32.000000,9.21,9.21,9.21,9.21,0
2019-01-02T14:22:34.000000,9.21,9.21,9.21,9.21,1000
2019-01-02T14:22:35.000000,9.21,9.21,9.21,9.21,2500
2019-01-02T14:22:36.000000,9.21,9.21,9.21,9.21,3000
2019-01-02T14:22:37.000000,9.22,9.22,9.21,9.21,200
2019-01-02T14:22:38.000000,9.21,9.21,9.21,9.21,600
2019-01-02T14:22:39.000000,9.21,9.22,9.21,9.22,5000
2019-01-02T14:22:40.000000,9.22,9.22,9.21,9.21,0
2019-01-02T14:22:41.000000,9.21,9.21,9.21,9.21,1000
2019-01-02T14:22:42.000000,9.21,9.21,9.21,9.21,2100
2019-01-02T14:22:43.000000,9.21,9.22,9.21,9.21,27800
2019-01-02T14:22:44.000000,9.21,9.21,9.21,9.21,5000
2019-01-02T14:22:45.000000,9.21,9.22,9.21,9.22,10800
2019-01-02T14:22:46.000000,9.21,9.22,9.21,9.21,900
2019-01-02T14:22:47.000000,9.21,9.21,9.21,9.21,0
2019-01-02T14:22:48.000000,9.21,9.21,9.21,9.21,1000
2019-01-02T14:22:49.000000,9.22,9.22,9.21,9.21,0
2019-01-02T14:22:50.000000,9.21,9.21,9.21,9.21,1000
2019-01-02T14:22:51.000000,9.21,9.21,9.21,9.21,6100
2019-01-02T14:22:52.000000,9.22,9.22,9.21,9.21,0
2019-01-02T14:22:54.000000,9.21,9.21,9.21,9.21,5500
2019-01-02T14:22:55.000000,9.21,9.21,9.21,9.21,3100
2019-01-02T14:22:56.000000,9.21,9.21,9.21,9.21,1300
2019-01-02T14:22:57.000000,9.21,9.22,9.21,9.21,9800
2019-01-02T14:22:58.000000,9.21,9.21,9.21,9.21,500
2019-01-02T14:22:59.000000,9.21,9.21,9.21,9.21,1300
2019-01-02T14:23:01.000000,9.21,9.21,9.21,9.21,4000
2019-01-02T14:23:02.000000,9.22,9.22,9.21,9.21,0
2019-01-02T14:23:03.000000,9.21,9.21,9.21,9.21,3300
2019-01-02T14:23:04.000000,9.21,9.21,9.21,9.21,0
2019-01-02T14:23:05.000000,9.21,9.21,9.21,9.21,1900
2019-01-02T14:23:06.000000,9.21,9.21,9.21,9.21,5700
2019-01-02T14:23:07.000000,9.21,9.21,9.21,9.21,20000
2019-01-02T14:23:08.000000,9.21,9.21,9.21,9.21,6000
2019-01-02T14:23:09.000000,9.21,9.21,9.21,9.21,1000
2019-01-02T14:23:11.000000,9.21,9.21,9.21,9.21,1000
2019-01-02T14:23:12.000000,9.21,9.22,9.21,9.21,900
2019-01-02T14:23:13.000000,9.21,9.21,9.21,9.21,5000
2019-01-02T14:23:14.000000,9.21,9.21,9.21,9.21,500
2019-01-02T14:23:16.000000,9.21,9.22,9.21,9.21,3700
2019-01-02T14:23:17.000000,9.21,9.21,9.21,9.21,2200
2019-01-02T14:23:18.000000,9.21,9.22,9.21,9.21,27600
2019-01-02T14:23:20.000000,9.21,9.21,9.21,9.21,200
2019-01-02T14:23:21.000000,9.21,9.21,9.21,9.21,11900
2019-01-02T14:23:22.000000,9.21,9.21,9.21,9.21,1000
2019-01-02T14:23:23.000000,9.21,9.22,9.21,9.21,0
2019-01-02T14:23:24.000000,9.21,9.22,9.21,9.21,29200
2019-01-02T14:23:25.000000,9.21,9.21,9.21,9.21,9100
2019-01-02T14:23:26.000000,9.21,9.21,9.21,9.21,1000
2019-01-02T14:23:27.000000,9.21,9.21,9.21,9.21,700
2019-01-02T14:23:28.000000,9.21,9.21,9.21,9.21,1500
2019-01-02T14:23:29.000000,9.21,9.21,9.21,9.21,3600
2019-01-02T14:23:30.000000,9.21,9.21,9.21,9.21,1100
2019-01-02T14:23:31.000000,9.21,9.22,9.21,9.21,2700
2019-01-02T14:23:32.000000,9.21,9.21,9.21,9.21,5000
2019-01-02T14:23:34.000000,9.21,9.21,9.21,9.21,6000
2019-01-02T14:23:35.000000,9.22,9.22,9.21,9.21,0
2019-01-02T14:23:36.000000,9.22,9.22,9.21,9.21,4600
2019-01-02T14:23:38.000000,9.21,9.21,9.21,9.21,200
2019-01-02T14:23:39.000000,9.21,9.21,9.21,9.21,9900
2019-01-02T14:23:42.000000,9.21,9.21,9.21,9.21,2600
2019-01-02T14:23:44.000000,9.21,9.21,9.21,9.21,100
2019-01-02T14:23:45.000000,9.21,9.21,9.21,9.21,1000
2019-01-02T14:23:46.000000,9.21,9.21,9.21,9.21,3000
2019-01-02T14:23:47.000000,9.21,9.21,9.21,9.21,2200
2019-01-02T14:23:48.000000,9.21,9.21,9.21,9.21,200
2019-01-02T14:23:50.000000,9.21,9.21,9.21,9.21,600
2019-01-02T14:23:51.000000,9.21,9.21,9.21,9.21,3600
2019-01-02T14:23:52.000000,9.21,9.21,9.21,9.21,29700
2019-01-02T14:23:53.000000,9.21,9.21,9.21,9.21,4500
2019-01-02T14:23:54.000000,9.21,9.21,9.21,9.21,2200
2019-01-02T14:23:55.000000,9.21,9.21,9.21,9.21,100
2019-01-02T14:23:57.000000,9.21,9.21,9.21,9.21,2000
2019-01-02T14:23:59.000000,9.21,9.22,9.21,9.22,0
2019-01-02T14:24:00.000000,9.21,9.21,9.21,9.21,9100
2019-01-02T14:24:01.000000,9.22,9.22,9.21,9.21,3000
2019-01-02T14:24:02.000000,9.21,9.21,9.21,9.21,800
2019-01-02T14:24:03.000000,9.21,9.21,9.21,9.21,4200
2019-01-02T14:24:04.000000,9.21,9.21,9.21,9.21,1000
2019-01-02T14:24:06.000000,9.21,9.22,9.21,9.21,2800
2019-01-02T14:24:07.000000,9.21,9.21,9.21,9.21,1800
2019-01-02T14:24:08.000000,9.21,9.22,9.21,9.21,600
2019-01-02T14:24:09.000000,9.21,9.22,9.21,9.21,2240
2019-01-02T14:24:10.000000,9.21,9.22,9.21,9.22,0
2019-01-02T14:24:11.000000,9.21,9.21,9.21,9.21,1800
2019-01-02T14:24:12.000000,9.21,9.22,9.21,9.21,5400
2019-01-02T14:24:13.000000,9.21,9.22,9.21,9.21,8800
2019-01-02T14:24:14.000000,9.21,9.21,9.21,9.21,7900
2019-01-02T14:24:16.000000,9.21,9.21,9.21,9.21,1600
2019-01-02T14:24:17.000000,9.21,9.21,9.21,9.21,0
2019-01-02T14:24:19.000000,9.21,9.21,9.21,9.21,100
2019-01-02T14:24:20.000000,9.21,9.21,9.21,9.21,0
2019-01-02T14:24:21.000000,9.21,9.21,9.21,9.21,7700
2019-01-02T14:24:22.000000,9.21,9.21,9.21,9.21,2500
2019-01-02T14:24:24.000000,9.21,9.21,9.21,9.21,7700
2019-01-02T14:24:26.000000,9.21,9.21,9.21,9.21,27200
2019-01-02T14:24:27.000000,9.21,9.21,9.21,9.21,100
2019-01-02T14:24:28.000000,9.21,9.22,9.21,9.22,0
2019-01-02T14:24:29.000000,9.22,9.22,9.21,9.21,4000
2019-01-02T14:24:30.000000,9.21,9.21,9.21,9.21,2400
2019-01-02T14:24:31.000000,9.21,9.21,9.21,9.21,7900
2019-01-02T14:24:32.000000,9.21,9.21,9.21,9.21,500
2019-01-02T14:24:33.000000,9.21,9.21,9.21,9.21,2800
2019-01-02T14:24:34.000000,9.21,9.22,9.21,9.22,100
2019-01-02T14:24:35.000000,9.21,9.21,9.21,9.21,200
2019-01-02T14:24:36.000000,9.21,9.21,9.21,9.21,800
2019-01-02T14:24:37.000000,9.21,9.21,9.21,9.21,3000
2019-01-02T14:24:38.000000,9.21,9.21,9.21,9.21,23300
2019-01-02T14:24:39.000000,9.21,9.21,9.21,9.21,200
2019-01-02T14:24:40.000000,9.21,9.21,9.21,9.21,2000
2019-01-02T14:24:41.000000,9.22,9.22,9.21,9.21,1600
2019-01-02T14:24:42.000000,9.21,9.21,9.21,9.21,8300
2019-01-02T14:24:43.000000,9.21,9.21,9.21,9.21,2600
2019-01-02T14:24:44.000000,9.22,9.22,9.21,9.21,0
2019-01-02T14:24:47.000000,9.21,9.21,9.21,9.21,4100
2019-01-02T14:24:48.000000,9.21,9.21,9.21,9.21,2200
2019-01-02T14:24:49.000000,9.21,9.21,9.21,9.21,2300
2019-01-02T14:24:51.000000,9.21,9.21,9.21,9.21,12700
2019-01-02T14:24:52.000000,9.21,9.21,9.21,9.21,4500
2019-01-02T14:24:54.000000,9.22,9.22,9.21,9.21,0
2019-01-02T14:24:55.000000,9.21,9.21,9.21,9.21,700
2019-01-02T14:24:56.000000,9.21,9.21,9.21,9.21,2700
2019-01-02T14:24:58.000000,9.21,9.21,9.21,9.21,11000
2019-01-02T14:24:59.000000,9.21,9.21,9.21,9.21,200
2019-01-02T14:25:00.000000,9.21,9.22,9.21,9.21,32300
2019-01-02T14:25:02.000000,9.21,9.21,9.21,9.21,400
2019-01-02T14:25:03.000000,9.21,9.21,9.21,9.21,2600
2019-01-02T14:25:04.000000,9.22,9.22,9.21,9.21,500
2019-01-02T14:25:05.000000,9.21,9.22,9.21,9.21,1800
2019-01-02T14:25:07.000000,9.21,9.21,9.21,9.21,300
2019-01-02T14:25:08.000000,9.21,9.21,9.21,9.21,3000
2019-01-02T14:25:09.000000,9.21,9.21,9.21,9.21,1200
2019-01-02T14:25:11.000000,9.21,9.21,9.21,9.21,3000
2019-01-02T14:25:14.000000,9.21,9.22,9.21,9.22,2000
2019-01-02T14:25:15.000000,9.21,9.21,9.21,9.21,0
2019-01-02T14:25:16.000000,9.21,9.21,9.21,9.21,2100
2019-01-02T14:25:17.000000,9.21,9.21,9.21,9.21,0
2019-01-02T14:25:18.000000,9.21,9.21,9.21,9.21,18500
2019-01-02T14:25:19.000000,9.21,9.22,9.21,9.21,6200
2019-01-02T14:25:20.000000,9.21,9.21,9.21,9.21,1200
2019-01-02T14:25:22.000000,9.21,9.21,9.21,9.21,500
2019-01-02T14:25:23.000000,9.21,9.21,9.21,9.21,900
2019-01-02T14:25:26.000000,9.21,9.21,9.21,9.21,4300
2019-01-02T14:25:27.000000,9.21,9.21,9.21,9.21,10900
2019-01-02T14:25:28.000000,9.21,9.21,9.21,9.21,200
2019-01-02T14:25:29.000000,9.21,9.22,9.21,9.21,2100
2019-01-02T14:25:30.000000,9.21,9.21,9.21,9.21,5300
2019-01-02T14:25:31.000000,9.21,9.21,9.21,9.21,3900
2019-01-02T14:25:32.000000,9.21,9.21,9.21,9.21,3500
2019-01-02T14:25:33.000000,9.21,9.21,9.21,9.21,1100
2019-01-02T14:25:34.000000,9.21,9.22,9.21,9.21,27500
2019-01-02T14:25:36.000000,9.21,9.21,9.21,9.21,1000
2019-01-02T14:25:37.000000,9.21,9.21,9.21,9.21,7900
2019-01-02T14:25:38.000000,9.21,9.21,9.21,9.21,45200
2019-01-02T14:25:39.000000,9.21,9.21,9.21,9.21,400
2019-01-02T14:25:41.000000,9.22,9.22,9.21,9.21,400
2019-01-02T14:25:42.000000,9.21,9.21,9.21,9.21,7200
2019-01-02T14:25:43.000000,9.21,9.22,9.21,9.22,3000
2019-01-02T14:25:44.000000,9.21,9.21,9.21,9.21,2300
2019-01-02T14:25:45.000000,9.21,9.21,9.21,9.21,27000
2019-01-02T14:25:46.000000,9.21,9.21,9.21,9.21,0
2019-01-02T14:25:47.000000,9.21,9.21,9.21,9.21,1000
2019-01-02T14:25:48.000000,9.21,9.21,9.21,9.21,300
2019-01-02T14:25:50.000000,9.21,9.21,9.21,9.21,3000
2019-01-02T14:25:51.000000,9.21,9.21,9.21,9.21,10000
2019-01-02T14:25:52.000000,9.21,9.21,9.21,9.21,5000
2019-01-02T14:25:53.000000,9.21,9.21,9.21,9.21,200
2019-01-02T14:25:54.000000,9.21,9.21,9.21,9.21,6700
2019-01-02T14:25:55.000000,9.21,9.21,9.21,9.21,5900
2019-01-02T14:25:56.000000,9.21,9.21,9.21,9.21,0
2019-01-02T14:25:57.000000,9.21,9.21,9.21,9.21,0
2019-01-02T14:25:58.000000,9.21,9.21,9.21,9.21,300
2019-01-02T14:25:59.000000,9.21,9.21,9.21,9.21,19800
2019-01-02T14:26:00.000000,9.21,9.21,9.21,9.21,1000
2019-01-02T14:26:01.000000,9.21,9.21,9.21,9.21,1400
2019-01-02T14:26:02.000000,9.21,9.21,9.21,9.21,200
2019-01-02T14:26:03.000000,9.21,9.21,9.21,9.21,100
2019-01-02T14:26:04.000000,9.21,9.21,9.21,9.21,0
2019-01-02T14:26:07.000000,9.21,9.21,9.21,9.21,100
2019-01-02T14:26:09.000000,9.21,9.22,9.21,9.21,100
2019-01-02T14:26:10.000000,9.21,9.21,9.21,9.21,3100
2019-01-02T14:26:11.000000,9.21,9.21,9.21,9.21,100
2019-01-02T14:26:12.000000,9.21,9.21,9.21,9.21,100
2019-01-02T14:26:13.000000,9.21,9.21,9.21,9.21,11500
2019-01-02T14:26:14.000000,9.21,9.21,9.21,9.21,0
2019-01-02T14:26:16.000000,9.21,9.21,9.21,9.21,4900
2019-01-02T14:26:17.000000,9.21,9.21,9.21,9.21,300
2019-01-02T14:26:19.000000,9.21,9.21,9.21,9.21,7600
2019-01-02T14:26:20.000000,9.21,9.21,9.21,9.21,34100
2019-01-02T14:26:21.000000,9.21,9.21,9.21,9.21,500
2019-01-02T14:26:22.000000,9.21,9.21,9.21,9.21,1500
2019-01-02T14:26:24.000000,9.21,9.21,9.21,9.21,0
2019-01-02T14:26:25.000000,9.21,9.21,9.21,9.21,900
2019-01-02T14:26:26.000000,9.21,9.21,9.21,9.21,75000
2019-01-02T14:26:28.000000,9.21,9.21,9.21,9.21,7200
2019-01-02T14:26:29.000000,9.21,9.21,9.21,9.21,6100
2019-01-02T14:26:30.000000,9.21,9.21,9.21,9.21,21000
2019-01-02T14:26:31.000000,9.21,9.21,9.21,9.21,1100
2019-01-02T14:26:32.000000,9.21,9.21,9.21,9.21,1100
2019-01-02T14:26:33.000000,9.21,9.22,9.21,9.21,500
2019-01-02T14:26:34.000000,9.21,9.21,9.21,9.21,900
2019-01-02T14:26:35.000000,9.21,9.22,9.21,9.21,7800
2019-01-02T14:26:36.000000,9.21,9.21,9.21,9.21,10000
2019-01-02T14:26:37.000000,9.21,9.21,9.21,9.21,5600
2019-01-02T14:26:38.000000,9.21,9.21,9.21,9.21,2600
2019-01-02T14:26:39.000000,9.21,9.21,9.21,9.21,8700
2019-01-02T14:26:40.000000,9.21,9.21,9.21,9.21,1000
2019-01-02T14:26:41.000000,9.21,9.21,9.21,9.21,9700
2019-01-02T14:26:42.000000,9.21,9.21,9.21,9.21,3000
2019-01-02T14:26:43.000000,9.22,9.22,9.21,9.21,7800
2019-01-02T14:26:44.000000,9.21,9.22,9.21,9.21,5000
2019-01-02T14:26:46.000000,9.22,9.22,9.21,9.21,8000
2019-01-02T14:26:47.000000,9.22,9.22,9.21,9.21,0
2019-01-02T14:26:48.000000,9.21,9.21,9.21,9.21,2600
2019-01-02T14:26:49.000000,9.21,9.21,9.21,9.21,5600
2019-01-02T14:26:50.000000,9.21,9.21,9.21,9.21,12400
2019-01-02T14:26:51.000000,9.21,9.21,9.21,9.21,4000
2019-01-02T14:26:52.000000,9.21,9.22,9.21,9.21,12500
2019-01-02T14:26:53.000000,9.21,9.22,9.21,9.22,200
2019-01-02T14:26:55.000000,9.21,9.21,9.21,9.21,3800
2019-01-02T14:26:56.000000,9.21,9.22,9.21,9.21,4000
2019-01-02T14:26:58.000000,9.21,9.21,9.21,9.21,32800
2019-01-02T14:26:59.000000,9.21,9.22,9.21,9.22,0
2019-01-02T14:27:00.000000,9.21,9.21,9.21,9.21,7800
2019-01-02T14:27:01.000000,9.21,9.21,9.21,9.21,700
2019-01-02T14:27:02.000000,9.21,9.21,9.21,9.21,19800
2019-01-02T14:27:03.000000,9.21,9.22,9.21,9.21,9900
2019-01-02T14:27:04.000000,9.21,9.21,9.21,9.21,3600
2019-01-02T14:27:05.000000,9.21,9.21,9.21,9.21,2700
2019-01-02T14:27:06.000000,9.21,9.21,9.21,9.21,4800
2019-01-02T14:27:07.000000,9.21,9.21,9.21,9.21,2200
2019-01-02T14:27:10.000000,9.21,9.21,9.21,9.21,15500
2019-01-02T14:27:11.000000,9.21,9.21,9.21,9.21,1500
2019-01-02T14:27:12.000000,9.21,9.21,9.21,9.21,27500
2019-01-02T14:27:14.000000,9.21,9.21,9.21,9.21,3100
2019-01-02T14:27:15.000000,9.21,9.22,9.21,9.21,3700
2019-01-02T14:27:16.000000,9.21,9.21,9.21,9.21,400
2019-01-02T14:27:17.000000,9.22,9.22,9.21,9.22,4200
2019-01-02T14:27:19.000000,9.21,9.22,9.21,9.21,200
2019-01-02T14:27:20.000000,9.21,9.21,9.21,9.21,7500
2019-01-02T14:27:21.000000,9.22,9.22,9.21,9.21,7600
2019-01-02T14:27:23.000000,9.22,9.22,9.21,9.21,7400
2019-01-02T14:27:24.000000,9.22,9.22,9.21,9.21,3000
2019-01-02T14:27:25.000000,9.21,9.21,9.21,9.21,100
2019-01-02T14:27:26.000000,9.21,9.21,9.21,9.21,10000
2019-01-02T14:27:27.000000,9.21,9.21,9.21,9.21,4900
2019-01-02T14:27:28.000000,9.21,9.21,9.21,9.21,2100
2019-01-02T14:27:29.000000,9.21,9.21,9.21,9.21,2200
2019-01-02T14:27:30.000000,9.22,9.22,9.21,9.21,0
2019-01-02T14:27:31.000000,9.21,9.21,9.21,9.21,7500
2019-01-02T14:27:32.000000,9.21,9.21,9.21,9.21,700
2019-01-02T14:27:33.000000,9.21,9.21,9.21,9.21,26700
2019-01-02T14:27:35.000000,9.21,9.21,9.21,9.21,2000
2019-01-02T14:27:37.000000,9.22,9.22,9.21,9.21,0
2019-01-02T14:27:38.000000,9.21,9.21,9.21,9.21,1100
2019-01-02T14:27:39.000000,9.21,9.22,9.21,9.21,500
2019-01-02T14:27:40.000000,9.21,9.21,9.21,9.21,0
2019-01-02T14:27:41.000000,9.21,9.21,9.21,9.21,0
2019-01-02T14:27:42.000000,9.21,9.21,9.21,9.21,100
2019-01-02T14:27:43.000000,9.21,9.21,9.21,9.21,6000
2019-01-02T14:27:44.000000,9.21,9.21,9.21,9.21,0
2019-01-02T14:27:46.000000,9.21,9.21,9.21,9.21,100
2019-01-02T14:27:51.000000,9.21,9.21,9.21,9.21,22800
2019-01-02T14:27:52.000000,9.21,9.21,9.21,9.21,6100
2019-01-02T14:27:53.000000,9.21,9.21,9.21,9.21,7000
2019-01-02T14:27:54.000000,9.21,9.21,9.21,9.21,1000
2019-01-02T14:27:56.000000,9.21,9.21,9.21,9.21,38200
2019-01-02T14:27:58.000000,9.22,9.22,9.21,9.21,200
2019-01-02T14:27:59.000000,9.21,9.21,9.21,9.21,2700
2019-01-02T14:28:00.000000,9.21,9.22,9.21,9.22,0
2019-01-02T14:28:01.000000,9.21,9.21,9.21,9.21,8100
2019-01-02T14:28:02.000000,9.21,9.21,9.21,9.21,1300
2019-01-02T14:28:04.000000,9.21,9.22,9.21,9.22,0
2019-01-02T14:28:05.000000,9.21,9.22,9.21,9.22,19400
2019-01-02T14:28:06.000000,9.21,9.21,9.21,9.21,2100
2019-01-02T14:28:09.000000,9.22,9.22,9.21,9.21,0
2019-01-02T14:28:11.000000,9.22,9.22,9.21,9.21,9700
2019-01-02T14:28:12.000000,9.21,9.21,9.21,9.21,400
2019-01-02T14:28:13.000000,9.21,9.22,9.21,9.21,200
2019-01-02T14:28:14.000000,9.22,9.22,9.21,9.21,3700
2019-01-02T14:28:15.000000,9.21,9.21,9.21,9.21,1500
2019-01-02T14:28:16.000000,9.21,9.21,9.21,9.21,800
2019-01-02T14:28:17.000000,9.22,9.22,9.21,9.22,0
2019-01-02T14:28:18.000000,9.21,9.22,9.21,9.21,0
2019-01-02T14:28:19.000000,9.21,9.22,9.21,9.21,100
2019-01-02T14:28:20.000000,9.21,9.21,9.21,9.21,2200
2019-01-02T14:28:21.000000,9.21,9.22,9.21,9.21,3500
2019-01-02T14:28:22.000000,9.21,9.21,9.21,9.21,2000
2019-01-02T14:28:23.000000,9.21,9.22,9.21,9.22,700
2019-01-02T14:28:24.000000,9.21,9.21,9.21,9.21,8700
2019-01-02T14:28:25.000000,9.21,9.22,9.21,9.22,7900
2019-01-02T14:28:26.000000,9.21,9.22,9.21,9.21,3500
2019-01-02T14:28:27.000000,9.22,9.22,9.21,9.21,200
2019-01-02T14:28:28.000000,9.21,9.21,9.21,9.21,1200
2019-01-02T14:28:29.000000,9.21,9.21,9.21,9.21,4100
2019-01-02T14:28:32.000000,9.21,9.21,9.21,9.21,1500
2019-01-02T14:28:33.000000,9.22,9.22,9.21,9.21,600
2019-01-02T14:28:36.000000,9.21,9.21,9.21,9.21,5000
2019-01-02T14:28:37.000000,9.21,9.21,9.21,9.21,500
2019-01-02T14:28:38.000000,9.21,9.21,9.21,9.21,2200
2019-01-02T14:28:39.000000,9.21,9.21,9.21,9.21,2000
2019-01-02T14:28:40.000000,9.22,9.22,9.21,9.21,0
2019-01-02T14:28:42.000000,9.21,9.21,9.21,9.21,2000
2019-01-02T14:28:43.000000,9.21,9.21,9.21,9.21,5400
2019-01-02T14:28:44.000000,9.21,9.22,9.21,9.21,5300
2019-01-02T14:28:45.000000,9.21,9.22,9.21,9.21,3900
2019-01-02T14:28:47.000000,9.22,9.22,9.21,9.21,200
2019-01-02T14:28:49.000000,9.21,9.22,9.21,9.21,1000
2019-01-02T14:28:50.000000,9.22,9.22,9.21,9.21,100
2019-01-02T14:28:51.000000,9.21,9.22,9.21,9.21,100
2019-01-02T14:28:52.000000,9.21,9.22,9.21,9.21,5900
2019-01-02T14:28:53.000000,9.22,9.22,9.21,9.21,0
2019-01-02T14:28:54.000000,9.21,9.21,9.21,9.21,1500
2019-01-02T14:28:55.000000,9.21,9.21,9.21,9.21,2000
2019-01-02T14:28:56.000000,9.21,9.22,9.21,9.22,3300
2019-01-02T14:28:59.000000,9.21,9.21,9.21,9.21,0
2019-01-02T14:29:00.000000,9.21,9.21,9.21,9.21,100
2019-01-02T14:29:01.000000,9.21,9.21,9.21,9.21,6000
2019-01-02T14:29:02.000000,9.22,9.22,9.21,9.22,1000
2019-01-02T14:29:03.000000,9.21,9.21,9.21,9.21,100
2019-01-02T14:29:04.000000,9.21,9.22,9.21,9.21,14200
2019-01-02T14:29:06.000000,9.22,9.22,9.21,9.21,0
2019-01-02T14:29:07.000000,9.22,9.22,9.21,9.21,1000
2019-01-02T14:29:08.000000,9.21,9.22,9.21,9.22,400
2019-01-02T14:29:09.000000,9.21,9.21,9.21,9.21,1600
2019-01-02T14:29:10.000000,9.22,9.22,9.21,9.21,0
2019-01-02T14:29:12.000000,9.22,9.22,9.21,9.21,0
2019-01-02T14:29:13.000000,9.21,9.21,9.21,9.21,1100
2019-01-02T14:29:14.000000,9.22,9.22,9.21,9.21,2100
2019-01-02T14:29:16.000000,9.21,9.21,9.21,9.21,1000
2019-01-02T14:29:17.000000,9.22,9.22,9.21,9.21,6000
2019-01-02T14:29:18.000000,9.21,9.21,9.21,9.21,500
2019-01-02T14:29:19.000000,9.21,9.22,9.21,9.21,39700
2019-01-02T14:29:20.000000,9.21,9.21,9.21,9.21,10000
2019-01-02T14:29:21.000000,9.21,9.21,9.21,9.21,500
2019-01-02T14:29:22.000000,9.21,9.21,9.21,9.21,600
2019-01-02T14:29:23.000000,9.21,9.21,9.21,9.21,1000
2019-01-02T14:29:26.000000,9.21,9.22,9.21,9.22,0
2019-01-02T14:29:27.000000,9.21,9.22,9.21,9.21,3600
2019-01-02T14:29:28.000000,9.21,9.21,9.21,9.21,28000
2019-01-02T14:29:30.000000,9.21,9.22,9.21,9.21,2000
2019-01-02T14:29:31.000000,9.21,9.21,9.21,9.21,3200
2019-01-02T14:29:32.000000,9.21,9.22,9.21,9.21,1300
2019-01-02T14:29:33.000000,9.22,9.22,9.21,9.21,2000
2019-01-02T14:29:34.000000,9.21,9.21,9.21,9.21,10200
2019-01-02T14:29:35.000000,9.21,9.21,9.21,9.21,600
2019-01-02T14:29:36.000000,9.22,9.22,9.21,9.21,0
2019-01-02T14:29:37.000000,9.21,9.22,9.21,9.21,4000
2019-01-02T14:29:38.000000,9.22,9.22,9.21,9.21,5100
2019-01-02T14:29:39.000000,9.21,9.21,9.21,9.21,32200
2019-01-02T14:29:40.000000,9.21,9.21,9.21,9.21,1200
2019-01-02T14:29:41.000000,9.21,9.21,9.21,9.21,1500
2019-01-02T14:29:42.000000,9.22,9.22,9.21,9.21,100
2019-01-02T14:29:43.000000,9.22,9.22,9.21,9.21,11700
2019-01-02T14:29:44.000000,9.21,9.22,9.21,9.21,3300
2019-01-02T14:29:45.000000,9.21,9.22,9.21,9.22,0
2019-01-02T14:29:47.000000,9.21,9.22,9.21,9.21,3000
2019-01-02T14:29:48.000000,9.21,9.22,9.21,9.21,4000
2019-01-02T14:29:49.000000,9.21,9.21,9.21,9.21,100
2019-01-02T14:29:50.000000,9.21,9.21,9.21,9.21,29700
2019-01-02T14:29:51.000000,9.21,9.21,9.21,9.21,2100
2019-01-02T14:29:53.000000,9.21,9.21,9.21,9.21,1600
2019-01-02T14:29:54.000000,9.21,9.22,9.21,9.21,14800
2019-01-02T14:29:55.000000,9.21,9.21,9.21,9.21,500
2019-01-02T14:29:56.000000,9.21,9.22,9.21,9.21,4100
2019-01-02T14:29:58.000000,9.21,9.21,9.21,9.21,4700
2019-01-02T14:29:59.000000,9.21,9.21,9.21,9.21,200
2019-01-02T14:30:00.000000,9.22,9.22,9.21,9.21,1000
2019-01-02T14:30:02.000000,9.21,9.22,9.21,9.21,700
2019-01-02T14:30:03.000000,9.21,9.22,9.21,9.21,100
2019-01-02T14:30:04.000000,9.21,9.22,9.21,9.21,2300
2019-01-02T14:30:05.000000,9.21,9.22,9.21,9.22,3700
2019-01-02T14:30:06.000000,9.21,9.22,9.21,9.22,0
2019-01-02T14:30:07.000000,9.21,9.21,9.21,9.21,12000
2019-01-02T14:30:08.000000,9.22,9.22,9.21,9.21,0
2019-01-02T14:30:09.000000,9.21,9.22,9.21,9.21,3400
2019-01-02T14:30:10.000000,9.22,9.22,9.21,9.21,0
2019-01-02T14:30:11.000000,9.22,9.22,9.21,9.21,6000
2019-01-02T14:30:13.000000,9.21,9.22,9.21,9.21,500
2019-01-02T14:30:14.000000,9.21,9.21,9.21,9.21,1900
2019-01-02T14:30:15.000000,9.22,9.22,9.21,9.21,9100
2019-01-02T14:30:17.000000,9.22,9.22,9.21,9.21,0
2019-01-02T14:30:18.000000,9.21,9.22,9.21,9.22,0
2019-01-02T14:30:19.000000,9.21,9.22,9.21,9.21,0
2019-01-02T14:30:20.000000,9.21,9.22,9.21,9.21,11400
2019-01-02T14:30:21.000000,9.21,9.21,9.21,9.21,2800
2019-01-02T14:30:22.000000,9.22,9.22,9.21,9.21,0
2019-01-02T14:30:23.000000,9.21,9.22,9.21,9.22,0
2019-01-02T14:30:24.000000,9.21,9.21,9.21,9.21,9100
2019-01-02T14:30:27.000000,9.22,9.22,9.21,9.21,0
2019-01-02T14:30:28.000000,9.22,9.22,9.21,9.21,1600
2019-01-02T14:30:29.000000,9.21,9.21,9.21,9.21,1400
2019-01-02T14:30:32.000000,9.21,9.21,9.21,9.21,6500
2019-01-02T14:30:33.000000,9.21,9.21,9.21,9.21,2000
2019-01-02T14:30:34.000000,9.21,9.21,9.21,9.21,1500
2019-01-02T14:30:35.000000,9.21,9.21,9.21,9.21,2200
2019-01-02T14:30:37.000000,9.21,9.21,9.21,9.21,1100
2019-01-02T14:30:38.000000,9.21,9.22,9.21,9.21,1900
2019-01-02T14:30:40.000000,9.21,9.22,9.21,9.22,0
2019-01-02T14:30:41.000000,9.21,9.22,9.21,9.21,20000
2019-01-02T14:30:42.000000,9.22,9.22,9.21,9.22,500
2019-01-02T14:30:43.000000,9.21,9.22,9.21,9.22,0
2019-01-02T14:30:44.000000,9.21,9.21,9.21,9.21,1900
2019-01-02T14:30:45.000000,9.21,9.22,9.21,9.21,1000
2019-01-02T14:30:46.000000,9.22,9.22,9.21,9.22,800
2019-01-02T14:30:48.000000,9.21,9.22,9.21,9.21,5000
2019-01-02T14:30:49.000000,9.21,9.21,9.21,9.21,1900
2019-01-02T14:30:50.000000,9.21,9.22,9.21,9.22,0
2019-01-02T14:30:51.000000,9.21,9.22,9.21,9.21,2000
2019-01-02T14:30:53.000000,9.22,9.22,9.21,9.21,0
2019-01-02T14:30:54.000000,9.21,9.22,9.21,9.21,16300
2019-01-02T14:30:55.000000,9.22,9.22,9.21,9.21,9000
2019-01-02T14:30:56.000000,9.22,9.22,9.21,9.22,0
2019-01-02T14:30:57.000000,9.21,9.21,9.21,9.21,3300
2019-01-02T14:30:58.000000,9.21,9.21,9.21,9.21,200
2019-01-02T14:30:59.000000,9.21,9.22,9.21,9.21,2200
2019-01-02T14:31:01.000000,9.22,9.22,9.21,9.21,5000
2019-01-02T14:31:02.000000,9.21,9.22,9.21,9.21,14500
2019-01-02T14:31:03.000000,9.22,9.22,9.21,9.21,2700
2019-01-02T14:31:04.000000,9.21,9.21,9.21,9.21,12700
2019-01-02T14:31:05.000000,9.22,9.22,9.21,9.21,0
2019-01-02T14:31:06.000000,9.21,9.21,9.21,9.21,2200
2019-01-02T14:31:07.000000,9.22,9.22,9.21,9.21,0
2019-01-02T14:31:09.000000,9.21,9.21,9.21,9.21,1200
2019-01-02T14:31:10.000000,9.21,9.21,9.21,9.21,2200
2019-01-02T14:31:12.000000,9.21,9.21,9.21,9.21,300
2019-01-02T14:31:13.000000,9.21,9.22,9.21,9.22,2100
2019-01-02T14:31:14.000000,9.21,9.22,9.21,9.21,3100
2019-01-02T14:31:15.000000,9.21,9.22,9.21,9.21,11700
2019-01-02T14:31:16.000000,9.21,9.22,9.21,9.21,0
2019-01-02T14:31:17.000000,9.21,9.22,9.21,9.22,0
2019-01-02T14:31:18.000000,9.21,9.22,9.21,9.21,8300
2019-01-02T14:31:19.000000,9.22,9.22,9.21,9.21,0
2019-01-02T14:31:20.000000,9.22,9.22,9.21,9.21,2700
2019-01-02T14:31:21.000000,9.21,9.22,9.21,9.21,2200
2019-01-02T14:31:22.000000,9.21,9.21,9.21,9.21,1000
2019-01-02T14:31:25.000000,9.21,9.23,9.21,9.23,17020
2019-01-02T14:31:26.000000,9.22,9.23,9.22,9.23,0
2019-01-02T14:31:28.000000,9.23,9.23,9.22,9.23,8900
2019-01-02T14:31:30.000000,9.23,9.23,9.23,9.23,700
2019-01-02T14:31:31.000000,9.23,9.23,9.23,9.23,2000
2019-01-02T14:31:33.000000,9.23,9.23,9.23,9.23,2500
2019-01-02T14:31:34.000000,9.23,9.23,9.23,9.23,0
2019-01-02T14:31:35.000000,9.23,9.23,9.23,9.23,18000
2019-01-02T14:31:37.000000,9.23,9.23,9.23,9.23,6700
2019-01-02T14:31:38.000000,9.23,9.23,9.23,9.23,100
2019-01-02T14:31:41.000000,9.23,9.23,9.23,9.23,2000
2019-01-02T14:31:43.000000,9.23,9.23,9.23,9.23,3000
2019-01-02T14:31:44.000000,9.23,9.23,9.23,9.23,4000
2019-01-02T14:31:45.000000,9.23,9.23,9.23,9.23,31500
2019-01-02T14:31:46.000000,9.23,9.23,9.22,9.23,1200
2019-01-02T14:31:47.000000,9.23,9.23,9.23,9.23,600
2019-01-02T14:31:48.000000,9.23,9.23,9.23,9.23,2500
2019-01-02T14:31:50.000000,9.23,9.23,9.23,9.23,3000
2019-01-02T14:31:51.000000,9.23,9.23,9.23,9.23,1000
2019-01-02T14:31:52.000000,9.23,9.23,9.23,9.23,1200
2019-01-02T14:31:54.000000,9.23,9.23,9.23,9.23,200
2019-01-02T14:31:55.000000,9.23,9.23,9.23,9.23,9400
2019-01-02T14:31:56.000000,9.23,9.23,9.23,9.23,600
2019-01-02T14:31:57.000000,9.23,9.23,9.23,9.23,10000
2019-01-02T14:31:58.000000,9.23,9.23,9.23,9.23,2800
2019-01-02T14:31:59.000000,9.23,9.23,9.23,9.23,100
2019-01-02T14:32:00.000000,9.23,9.23,9.23,9.23,21000
2019-01-02T14:32:01.000000,9.23,9.23,9.23,9.23,1000
2019-01-02T14:32:02.000000,9.23,9.23,9.23,9.23,0
2019-01-02T14:32:03.000000,9.23,9.23,9.23,9.23,17800
2019-01-02T14:32:04.000000,9.23,9.23,9.23,9.23,15200
2019-01-02T14:32:05.000000,9.23,9.23,9.23,9.23,5000
2019-01-02T14:32:06.000000,9.23,9.23,9.23,9.23,4300
2019-01-02T14:32:07.000000,9.23,9.23,9.23,9.23,4000
2019-01-02T14:32:08.000000,9.23,9.23,9.23,9.23,500
2019-01-02T14:32:09.000000,9.23,9.23,9.23,9.23,0
2019-01-02T14:32:10.000000,9.23,9.23,9.23,9.23,2200
2019-01-02T14:32:11.000000,9.23,9.23,9.23,9.23,1000
2019-01-02T14:32:14.000000,9.23,9.23,9.23,9.23,1900
2019-01-02T14:32:15.000000,9.23,9.23,9.23,9.23,2700
2019-01-02T14:32:16.000000,9.23,9.23,9.23,9.23,3000
2019-01-02T14:32:17.000000,9.23,9.23,9.23,9.23,3100
2019-01-02T14:32:21.000000,9.23,9.23,9.23,9.23,1000
2019-01-02T14:32:22.000000,9.23,9.23,9.23,9.23,2200
2019-01-02T14:32:23.000000,9.23,9.23,9.23,9.23,0
2019-01-02T14:32:25.000000,9.23,9.23,9.23,9.23,700
2019-01-02T14:32:26.000000,9.23,9.23,9.23,9.23,3900
2019-01-02T14:32:27.000000,9.23,9.23,9.23,9.23,0
2019-01-02T14:32:28.000000,9.23,9.23,9.23,9.23,2100
2019-01-02T14:32:29.000000,9.23,9.23,9.23,9.23,5000
2019-01-02T14:32:30.000000,9.23,9.23,9.23,9.23,6600
2019-01-02T14:32:31.000000,9.23,9.23,9.23,9.23,18620
2019-01-02T14:32:32.000000,9.23,9.23,9.23,9.23,0
2019-01-02T14:32:33.000000,9.23,9.23,9.23,9.23,11000
2019-01-02T14:32:34.000000,9.23,9.23,9.23,9.23,500
2019-01-02T14:32:35.000000,9.23,9.23,9.23,9.23,4300
2019-01-02T14:32:36.000000,9.22,9.23,9.22,9.23,0
2019-01-02T14:32:38.000000,9.23,9.23,9.23,9.23,300
2019-01-02T14:32:41.000000,9.23,9.23,9.23,9.23,500
2019-01-02T14:32:42.000000,9.23,9.23,9.23,9.23,200
2019-01-02T14:32:43.000000,9.23,9.23,9.23,9.23,55900
2019-01-02T14:32:44.000000,9.23,9.23,9.23,9.23,3000
2019-01-02T14:32:45.000000,9.22,9.23,9.22,9.23,1000
2019-01-02T14:32:47.000000,9.23,9.23,9.23,9.23,400
2019-01-02T14:32:49.000000,9.23,9.23,9.23,9.23,70400
2019-01-02T14:32:50.000000,9.23,9.23,9.23,9.23,400
2019-01-02T14:32:51.000000,9.23,9.23,9.23,9.23,2000
2019-01-02T14:32:52.000000,9.23,9.23,9.23,9.23,1000
2019-01-02T14:32:53.000000,9.23,9.23,9.22,9.23,0
2019-01-02T14:32:54.000000,9.23,9.23,9.23,9.23,4200
2019-01-02T14:32:55.000000,9.23,9.23,9.23,9.23,2500
2019-01-02T14:32:56.000000,9.23,9.23,9.23,9.23,2000
2019-01-02T14:32:57.000000,9.23,9.23,9.23,9.23,1500
2019-01-02T14:32:58.000000,9.23,9.23,9.23,9.23,4000
2019-01-02T14:33:01.000000,9.23,9.23,9.23,9.23,4800
2019-01-02T14:33:02.000000,9.23,9.23,9.23,9.23,3400
2019-01-02T14:33:03.000000,9.23,9.23,9.23,9.23,3000
2019-01-02T14:33:04.000000,9.23,9.23,9.23,9.23,12500
2019-01-02T14:33:06.000000,9.23,9.23,9.22,9.23,4000
2019-01-02T14:33:07.000000,9.23,9.23,9.23,9.23,7500
2019-01-02T14:33:08.000000,9.23,9.23,9.22,9.23,3000
2019-01-02T14:33:09.000000,9.23,9.23,9.23,9.23,3000
2019-01-02T14:33:10.000000,9.23,9.23,9.23,9.23,6000
2019-01-02T14:33:12.000000,9.23,9.23,9.22,9.23,3700
2019-01-02T14:33:13.000000,9.22,9.23,9.22,9.23,0
2019-01-02T14:33:14.000000,9.23,9.23,9.22,9.23,3100
2019-01-02T14:33:15.000000,9.23,9.23,9.23,9.23,3000
2019-01-02T14:33:16.000000,9.23,9.23,9.23,9.23,1000
2019-01-02T14:33:17.000000,9.23,9.23,9.22,9.23,3800
2019-01-02T14:33:18.000000,9.22,9.23,9.22,9.23,0
2019-01-02T14:33:19.000000,9.23,9.23,9.23,9.23,2000
2019-01-02T14:33:20.000000,9.23,9.23,9.23,9.23,4000
2019-01-02T14:33:21.000000,9.23,9.23,9.23,9.23,300
2019-01-02T14:33:23.000000,9.23,9.23,9.22,9.22,0
2019-01-02T14:33:25.000000,9.23,9.23,9.23,9.23,5900
2019-01-02T14:33:26.000000,9.22,9.23,9.22,9.23,0
2019-01-02T14:33:27.000000,9.23,9.23,9.23,9.23,0
2019-01-02T14:33:29.000000,9.23,9.23,9.22,9.23,1000
2019-01-02T14:33:30.000000,9.23,9.23,9.22,9.22,200
2019-01-02T14:33:31.000000,9.23,9.23,9.23,9.23,3000
2019-01-02T14:33:32.000000,9.23,9.23,9.23,9.23,700
2019-01-02T14:33:33.000000,9.23,9.23,9.23,9.23,1100
2019-01-02T14:33:34.000000,9.23,9.23,9.23,9.23,1900
2019-01-02T14:33:35.000000,9.22,9.23,9.22,9.23,0
2019-01-02T14:33:36.000000,9.23,9.23,9.23,9.23,1800
2019-01-02T14:33:37.000000,9.22,9.23,9.22,9.23,9400
2019-01-02T14:33:38.000000,9.23,9.23,9.23,9.23,4600
2019-01-02T14:33:42.000000,9.23,9.23,9.23,9.23,0
2019-01-02T14:33:44.000000,9.23,9.23,9.23,9.23,6200
2019-01-02T14:33:47.000000,9.23,9.23,9.23,9.23,100
2019-01-02T14:33:48.000000,9.23,9.23,9.23,9.23,200
2019-01-02T14:33:50.000000,9.23,9.23,9.23,9.23,0
2019-01-02T14:33:51.000000,9.23,9.23,9.23,9.23,3200
2019-01-02T14:33:54.000000,9.23,9.23,9.23,9.23,800
2019-01-02T14:33:55.000000,9.23,9.23,9.23,9.23,1600
2019-01-02T14:33:57.000000,9.23,9.23,9.22,9.22,100
2019-01-02T14:33:58.000000,9.23,9.23,9.23,9.23,4000
2019-01-02T14:34:00.000000,9.23,9.23,9.23,9.23,3000
2019-01-02T14:34:02.000000,9.23,9.23,9.23,9.23,2600
2019-01-02T14:34:03.000000,9.23,9.23,9.22,9.23,2700
2019-01-02T14:34:04.000000,9.23,9.23,9.23,9.23,23300
2019-01-02T14:34:06.000000,9.23,9.23,9.23,9.23,100
2019-01-02T14:34:08.000000,9.23,9.23,9.23,9.23,38100
2019-01-02T14:34:12.000000,9.23,9.23,9.23,9.23,1100
2019-01-02T14:34:15.000000,9.23,9.23,9.23,9.23,3400
2019-01-02T14:34:16.000000,9.23,9.23,9.23,9.23,1000
2019-01-02T14:34:17.000000,9.23,9.23,9.23,9.23,3500
2019-01-02T14:34:19.000000,9.23,9.23,9.23,9.23,200
2019-01-02T14:34:20.000000,9.23,9.23,9.23,9.23,500
2019-01-02T14:34:21.000000,9.23,9.23,9.23,9.23,0
2019-01-02T14:34:24.000000,9.23,9.23,9.23,9.23,11100
2019-01-02T14:34:27.000000,9.23,9.23,9.23,9.23,14500
2019-01-02T14:34:28.000000,9.23,9.23,9.23,9.23,1300
2019-01-02T14:34:29.000000,9.23,9.23,9.23,9.23,300
2019-01-02T14:34:30.000000,9.23,9.23,9.23,9.23,8500
2019-01-02T14:34:32.000000,9.23,9.23,9.23,9.23,0
2019-01-02T14:34:33.000000,9.23,9.23,9.23,9.23,3700
2019-01-02T14:34:34.000000,9.23,9.23,9.23,9.23,1100
2019-01-02T14:34:35.000000,9.23,9.23,9.23,9.23,11300
2019-01-02T14:34:36.000000,9.23,9.23,9.23,9.23,2000
2019-01-02T14:34:37.000000,9.23,9.23,9.23,9.23,13000
2019-01-02T14:34:38.000000,9.23,9.23,9.23,9.23,1100
2019-01-02T14:34:39.000000,9.23,9.23,9.23,9.23,2200
2019-01-02T14:34:40.000000,9.23,9.23,9.23,9.23,3000
2019-01-02T14:34:41.000000,9.23,9.23,9.23,9.23,1300
2019-01-02T14:34:42.000000,9.23,9.23,9.23,9.23,1000
2019-01-02T14:34:43.000000,9.23,9.23,9.23,9.23,10900
2019-01-02T14:34:44.000000,9.23,9.23,9.23,9.23,2000
2019-01-02T14:34:46.000000,9.23,9.23,9.23,9.23,2000
2019-01-02T14:34:47.000000,9.23,9.23,9.23,9.23,1300
2019-01-02T14:34:48.000000,9.23,9.23,9.23,9.23,1600
2019-01-02T14:34:49.000000,9.23,9.23,9.23,9.23,0
2019-01-02T14:34:50.000000,9.23,9.23,9.23,9.23,2200
2019-01-02T14:34:51.000000,9.23,9.23,9.23,9.23,16100
2019-01-02T14:34:52.000000,9.23,9.23,9.23,9.23,1100
2019-01-02T14:34:53.000000,9.23,9.23,9.23,9.23,100
2019-01-02T14:34:54.000000,9.23,9.23,9.23,9.23,4000
2019-01-02T14:34:55.000000,9.22,9.23,9.22,9.23,2000
2019-01-02T14:34:56.000000,9.23,9.23,9.23,9.23,21300
2019-01-02T14:34:57.000000,9.23,9.23,9.23,9.23,1100
2019-01-02T14:34:58.000000,9.23,9.23,9.23,9.23,6100
2019-01-02T14:34:59.000000,9.23,9.23,9.23,9.23,1100
2019-01-02T14:35:00.000000,9.23,9.23,9.23,9.23,6000
2019-01-02T14:35:01.000000,9.23,9.23,9.23,9.23,2600
2019-01-02T14:35:02.000000,9.23,9.23,9.23,9.23,0
2019-01-02T14:35:03.000000,9.23,9.23,9.23,9.23,10000
2019-01-02T14:35:05.000000,9.23,9.23,9.23,9.23,1100
2019-01-02T14:35:06.000000,9.23,9.23,9.23,9.23,3800
2019-01-02T14:35:08.000000,9.23,9.23,9.23,9.23,2200
2019-01-02T14:35:10.000000,9.23,9.23,9.23,9.23,2200
2019-01-02T14:35:11.000000,9.23,9.23,9.23,9.23,50000
2019-01-02T14:35:13.000000,9.23,9.23,9.23,9.23,33300
2019-01-02T14:35:14.000000,9.23,9.23,9.23,9.23,132600
2019-01-02T14:35:16.000000,9.23,9.23,9.23,9.23,0
2019-01-02T14:35:17.000000,9.23,9.23,9.23,9.23,10100
2019-01-02T14:35:18.000000,9.23,9.23,9.23,9.23,3000
2019-01-02T14:35:19.000000,9.23,9.23,9.23,9.23,100
2019-01-02T14:35:20.000000,9.23,9.23,9.23,9.23,20800
2019-01-02T14:35:21.000000,9.23,9.23,9.23,9.23,1600
2019-01-02T14:35:22.000000,9.23,9.23,9.23,9.23,0
2019-01-02T14:35:23.000000,9.23,9.23,9.23,9.23,200
2019-01-02T14:35:24.000000,9.23,9.23,9.23,9.23,0
2019-01-02T14:35:25.000000,9.23,9.23,9.23,9.23,10600
2019-01-02T14:35:26.000000,9.23,9.23,9.23,9.23,4200
2019-01-02T14:35:27.000000,9.23,9.23,9.23,9.23,3900
2019-01-02T14:35:29.000000,9.23,9.23,9.23,9.23,4500
2019-01-02T14:35:30.000000,9.23,9.23,9.23,9.23,400
2019-01-02T14:35:31.000000,9.23,9.23,9.23,9.23,0
2019-01-02T14:35:32.000000,9.23,9.23,9.23,9.23,62800
2019-01-02T14:35:33.000000,9.23,9.23,9.23,9.23,13500
2019-01-02T14:35:34.000000,9.23,9.23,9.23,9.23,13300
2019-01-02T14:35:35.000000,9.23,9.23,9.23,9.23,600
2019-01-02T14:35:37.000000,9.23,9.23,9.23,9.23,5100
2019-01-02T14:35:38.000000,9.23,9.23,9.23,9.23,100
2019-01-02T14:35:39.000000,9.23,9.23,9.23,9.23,2000
2019-01-02T14:35:40.000000,9.23,9.23,9.23,9.23,0
2019-01-02T14:35:41.000000,9.23,9.23,9.23,9.23,1600
2019-01-02T14:35:42.000000,9.23,9.23,9.23,9.23,600
2019-01-02T14:35:43.000000,9.23,9.23,9.23,9.23,1500
2019-01-02T14:35:44.000000,9.23,9.23,9.23,9.23,12400
2019-01-02T14:35:45.000000,9.23,9.23,9.23,9.23,4900
2019-01-02T14:35:46.000000,9.23,9.23,9.23,9.23,0
2019-01-02T14:35:47.000000,9.23,9.23,9.23,9.23,600
2019-01-02T14:35:49.000000,9.23,9.23,9.23,9.23,19700
2019-01-02T14:35:51.000000,9.23,9.23,9.23,9.23,5600
2019-01-02T14:35:52.000000,9.23,9.23,9.23,9.23,12800
2019-01-02T14:35:53.000000,9.23,9.23,9.23,9.23,200
2019-01-02T14:35:54.000000,9.23,9.23,9.23,9.23,100
2019-01-02T14:35:55.000000,9.23,9.23,9.23,9.23,22700
2019-01-02T14:35:56.000000,9.23,9.23,9.23,9.23,600
2019-01-02T14:35:57.000000,9.23,9.23,9.23,9.23,600
2019-01-02T14:35:58.000000,9.23,9.23,9.23,9.23,32100
2019-01-02T14:35:59.000000,9.23,9.23,9.23,9.23,3600
2019-01-02T14:36:00.000000,9.23,9.23,9.23,9.23,100
2019-01-02T14:36:01.000000,9.23,9.23,9.23,9.23,700
2019-01-02T14:36:02.000000,9.23,9.23,9.23,9.23,9400
2019-01-02T14:36:03.000000,9.23,9.23,9.23,9.23,2500
2019-01-02T14:36:04.000000,9.23,9.23,9.23,9.23,3200
2019-01-02T14:36:05.000000,9.23,9.23,9.23,9.23,1000
2019-01-02T14:36:06.000000,9.23,9.23,9.23,9.23,600
2019-01-02T14:36:07.000000,9.23,9.23,9.23,9.23,12900
2019-01-02T14:36:08.000000,9.23,9.23,9.23,9.23,600
2019-01-02T14:36:09.000000,9.23,9.23,9.23,9.23,10200
2019-01-02T14:36:10.000000,9.23,9.23,9.23,9.23,700
2019-01-02T14:36:11.000000,9.23,9.23,9.23,9.23,1100
2019-01-02T14:36:12.000000,9.23,9.23,9.23,9.23,3800
2019-01-02T14:36:13.000000,9.23,9.23,9.22,9.23,10000
2019-01-02T14:36:14.000000,9.23,9.23,9.23,9.23,2000
2019-01-02T14:36:15.000000,9.23,9.23,9.23,9.23,300
2019-01-02T14:36:16.000000,9.23,9.23,9.23,9.23,1300
2019-01-02T14:36:17.000000,9.23,9.23,9.23,9.23,1000
2019-01-02T14:36:19.000000,9.23,9.23,9.23,9.23,68000
2019-01-02T14:36:20.000000,9.23,9.23,9.23,9.23,2000
2019-01-02T14:36:21.000000,9.23,9.23,9.23,9.23,10000
2019-01-02T14:36:22.000000,9.23,9.23,9.23,9.23,1000
2019-01-02T14:36:23.000000,9.23,9.23,9.23,9.23,11400
2019-01-02T14:36:25.000000,9.23,9.23,9.23,9.23,3200
2019-01-02T14:36:26.000000,9.23,9.23,9.23,9.23,2400
2019-01-02T14:36:27.000000,9.23,9.23,9.23,9.23,900
2019-01-02T14:36:28.000000,9.23,9.23,9.23,9.23,0
2019-01-02T14:36:29.000000,9.23,9.23,9.23,9.23,500
2019-01-02T14:36:30.000000,9.23,9.23,9.23,9.23,400
2019-01-02T14:36:31.000000,9.23,9.23,9.23,9.23,100
2019-01-02T14:36:32.000000,9.23,9.23,9.23,9.23,100
2019-01-02T14:36:33.000000,9.23,9.23,9.23,9.23,3000
2019-01-02T14:36:35.000000,9.23,9.23,9.23,9.23,1000
2019-01-02T14:36:36.000000,9.23,9.23,9.23,9.23,200
2019-01-02T14:36:37.000000,9.23,9.23,9.23,9.23,0
2019-01-02T14:36:38.000000,9.23,9.23,9.23,9.23,2200
2019-01-02T14:36:40.000000,9.23,9.23,9.23,9.23,0
2019-01-02T14:36:41.000000,9.23,9.23,9.23,9.23,0
2019-01-02T14:36:42.000000,9.23,9.23,9.23,9.23,0
2019-01-02T14:36:43.000000,9.23,9.23,9.23,9.23,1000
2019-01-02T14:36:44.000000,9.23,9.23,9.22,9.23,500
2019-01-02T14:36:45.000000,9.23,9.23,9.23,9.23,500
2019-01-02T14:36:46.000000,9.23,9.23,9.23,9.23,500
2019-01-02T14:36:47.000000,9.23,9.23,9.23,9.23,4800
2019-01-02T14:36:48.000000,9.23,9.23,9.23,9.23,1100
2019-01-02T14:36:49.000000,9.23,9.23,9.23,9.23,7000
2019-01-02T14:36:50.000000,9.23,9.23,9.23,9.23,7100
2019-01-02T14:36:51.000000,9.23,9.23,9.22,9.23,5000
2019-01-02T14:36:52.000000,9.23,9.23,9.23,9.23,8500
2019-01-02T14:36:53.000000,9.23,9.23,9.23,9.23,300
2019-01-02T14:36:54.000000,9.23,9.23,9.23,9.23,500
2019-01-02T14:36:57.000000,9.23,9.23,9.23,9.23,13900
2019-01-02T14:37:00.000000,9.23,9.23,9.23,9.23,0
2019-01-02T14:37:01.000000,9.23,9.23,9.23,9.23,4100
2019-01-02T14:37:02.000000,9.23,9.23,9.23,9.23,200
2019-01-02T14:37:04.000000,9.23,9.23,9.23,9.23,3200
2019-01-02T14:37:05.000000,9.23,9.23,9.23,9.23,7000
2019-01-02T14:37:07.000000,9.23,9.23,9.23,9.23,16200
2019-01-02T14:37:08.000000,9.23,9.23,9.23,9.23,200
2019-01-02T14:37:09.000000,9.23,9.23,9.23,9.23,8200
2019-01-02T14:37:11.000000,9.23,9.23,9.23,9.23,4800
2019-01-02T14:37:12.000000,9.23,9.23,9.23,9.23,2000
2019-01-02T14:37:13.000000,9.22,9.23,9.22,9.23,600
2019-01-02T14:37:14.000000,9.23,9.23,9.22,9.22,0
2019-01-02T14:37:15.000000,9.23,9.23,9.23,9.23,4800
2019-01-02T14:37:16.000000,9.23,9.23,9.23,9.23,1000
2019-01-02T14:37:17.000000,9.23,9.23,9.23,9.23,0
2019-01-02T14:37:18.000000,9.23,9.23,9.23,9.23,1400
2019-01-02T14:37:20.000000,9.23,9.23,9.23,9.23,5100
2019-01-02T14:37:22.000000,9.23,9.23,9.23,9.23,2100
2019-01-02T14:37:23.000000,9.23,9.23,9.23,9.23,700
2019-01-02T14:37:24.000000,9.23,9.23,9.23,9.23,4000
2019-01-02T14:37:25.000000,9.22,9.23,9.22,9.23,0
2019-01-02T14:37:26.000000,9.23,9.23,9.23,9.23,1000
2019-01-02T14:37:27.000000,9.23,9.23,9.23,9.23,0
2019-01-02T14:37:28.000000,9.23,9.23,9.23,9.23,17300
2019-01-02T14:37:31.000000,9.23,9.23,9.23,9.23,1000
2019-01-02T14:37:32.000000,9.23,9.23,9.23,9.23,4600
2019-01-02T14:37:33.000000,9.23,9.23,9.23,9.23,5000
2019-01-02T14:37:35.000000,9.23,9.23,9.23,9.23,500
2019-01-02T14:37:36.000000,9.23,9.23,9.23,9.23,0
2019-01-02T14:37:37.000000,9.23,9.23,9.22,9.23,5000
2019-01-02T14:37:38.000000,9.23,9.23,9.22,9.23,200
2019-01-02T14:37:39.000000,9.23,9.23,9.23,9.23,100
2019-01-02T14:37:40.000000,9.23,9.23,9.23,9.23,2000
2019-01-02T14:37:41.000000,9.23,9.23,9.22,9.22,0
2019-01-02T14:37:42.000000,9.23,9.23,9.23,9.23,700
2019-01-02T14:37:43.000000,9.23,9.23,9.23,9.23,1000
2019-01-02T14:37:44.000000,9.23,9.23,9.22,9.22,600
2019-01-02T14:37:45.000000,9.23,9.23,9.22,9.23,450000
2019-01-02T14:37:46.000000,9.23,9.23,9.23,9.23,100
2019-01-02T14:37:47.000000,9.22,9.23,9.22,9.23,100
2019-01-02T14:37:48.000000,9.23,9.23,9.22,9.22,0
2019-01-02T14:37:49.000000,9.23,9.23,9.22,9.23,3000
2019-01-02T14:37:50.000000,9.23,9.23,9.23,9.23,3500
2019-01-02T14:37:52.000000,9.23,9.23,9.23,9.23,444500
2019-01-02T14:37:53.000000,9.23,9.23,9.23,9.23,6600
2019-01-02T14:37:54.000000,9.23,9.23,9.22,9.23,10000
2019-01-02T14:37:55.000000,9.23,9.23,9.22,9.23,1000
2019-01-02T14:37:56.000000,9.23,9.23,9.23,9.23,600
2019-01-02T14:37:57.000000,9.23,9.23,9.23,9.23,500
2019-01-02T14:37:59.000000,9.23,9.23,9.23,9.23,3200
2019-01-02T14:38:00.000000,9.23,9.23,9.23,9.23,17000
2019-01-02T14:38:02.000000,9.23,9.23,9.22,9.23,2700
2019-01-02T14:38:03.000000,9.23,9.23,9.22,9.23,3900
2019-01-02T14:38:04.000000,9.23,9.23,9.22,9.23,2600
2019-01-02T14:38:05.000000,9.23,9.23,9.23,9.23,13200
2019-01-02T14:38:06.000000,9.23,9.23,9.23,9.23,1000
2019-01-02T14:38:07.000000,9.23,9.23,9.23,9.23,17000
2019-01-02T14:38:08.000000,9.23,9.23,9.23,9.23,900
2019-01-02T14:38:09.000000,9.23,9.23,9.23,9.23,1500
2019-01-02T14:38:12.000000,9.23,9.23,9.23,9.23,3300
2019-01-02T14:38:13.000000,9.23,9.23,9.23,9.23,1100
2019-01-02T14:38:14.000000,9.23,9.23,9.23,9.23,1100
2019-01-02T14:38:15.000000,9.23,9.23,9.22,9.23,3000
2019-01-02T14:38:16.000000,9.23,9.23,9.23,9.23,400
2019-01-02T14:38:17.000000,9.23,9.23,9.23,9.23,5000
2019-01-02T14:38:18.000000,9.23,9.23,9.23,9.23,200
2019-01-02T14:38:19.000000,9.23,9.23,9.23,9.23,13900
2019-01-02T14:38:20.000000,9.23,9.23,9.23,9.23,2500
2019-01-02T14:38:21.000000,9.23,9.23,9.23,9.23,8200
2019-01-02T14:38:22.000000,9.23,9.23,9.23,9.23,22300
2019-01-02T14:38:23.000000,9.22,9.23,9.22,9.23,2500
2019-01-02T14:38:25.000000,9.23,9.23,9.23,9.23,0
2019-01-02T14:38:26.000000,9.23,9.23,9.23,9.23,2600
2019-01-02T14:38:27.000000,9.23,9.23,9.23,9.23,1100
2019-01-02T14:38:28.000000,9.23,9.23,9.23,9.23,3000
2019-01-02T14:38:30.000000,9.23,9.23,9.23,9.23,700
2019-01-02T14:38:32.000000,9.23,9.23,9.22,9.22,1200
2019-01-02T14:38:33.000000,9.23,9.23,9.22,9.22,5300
2019-01-02T14:38:34.000000,9.22,9.23,9.22,9.23,4300
2019-01-02T14:38:35.000000,9.23,9.23,9.23,9.23,600
2019-01-02T14:38:36.000000,9.23,9.23,9.22,9.23,2600
2019-01-02T14:38:37.000000,9.23,9.23,9.22,9.23,22700
2019-01-02T14:38:38.000000,9.23,9.23,9.23,9.23,5100
2019-01-02T14:38:39.000000,9.23,9.23,9.23,9.23,2600
2019-01-02T14:38:40.000000,9.23,9.23,9.23,9.23,600
2019-01-02T14:38:41.000000,9.23,9.23,9.23,9.23,800
2019-01-02T14:38:42.000000,9.23,9.23,9.22,9.23,1700
2019-01-02T14:38:43.000000,9.23,9.23,9.23,9.23,1100
2019-01-02T14:38:44.000000,9.22,9.23,9.22,9.23,1200
2019-01-02T14:38:45.000000,9.23,9.23,9.23,9.23,0
2019-01-02T14:38:46.000000,9.23,9.23,9.23,9.23,500
2019-01-02T14:38:47.000000,9.23,9.23,9.23,9.23,10500
2019-01-02T14:38:48.000000,9.23,9.23,9.22,9.22,600
2019-01-02T14:38:49.000000,9.22,9.23,9.22,9.23,2100
2019-01-02T14:38:50.000000,9.23,9.23,9.23,9.23,500
2019-01-02T14:38:51.000000,9.23,9.23,9.22,9.23,3200
2019-01-02T14:38:52.000000,9.23,9.23,9.23,9.23,800
2019-01-02T14:38:53.000000,9.23,9.23,9.23,9.23,1700
2019-01-02T14:38:55.000000,9.23,9.23,9.23,9.23,15300
2019-01-02T14:38:56.000000,9.23,9.23,9.23,9.23,27200
2019-01-02T14:38:57.000000,9.22,9.23,9.22,9.23,26100
2019-01-02T14:38:58.000000,9.23,9.23,9.23,9.23,9500
2019-01-02T14:38:59.000000,9.23,9.23,9.23,9.23,5800
2019-01-02T14:39:00.000000,9.23,9.23,9.23,9.23,3000
2019-01-02T14:39:01.000000,9.23,9.23,9.23,9.23,2000
2019-01-02T14:39:03.000000,9.23,9.23,9.23,9.23,4100
2019-01-02T14:39:04.000000,9.23,9.23,9.23,9.23,2400
2019-01-02T14:39:05.000000,9.23,9.23,9.23,9.23,500
2019-01-02T14:39:06.000000,9.23,9.23,9.22,9.23,6100
2019-01-02T14:39:07.000000,9.23,9.23,9.23,9.23,12300
2019-01-02T14:39:08.000000,9.23,9.23,9.22,9.23,1600
2019-01-02T14:39:09.000000,9.23,9.23,9.23,9.23,1800
2019-01-02T14:39:10.000000,9.23,9.23,9.23,9.23,5300
2019-01-02T14:39:11.000000,9.23,9.23,9.23,9.23,3700
2019-01-02T14:39:12.000000,9.23,9.23,9.23,9.23,1100
2019-01-02T14:39:13.000000,9.23,9.23,9.23,9.23,34200
2019-01-02T14:39:14.000000,9.23,9.23,9.22,9.23,2400
2019-01-02T14:39:15.000000,9.23,9.23,9.23,9.23,1200
2019-01-02T14:39:16.000000,9.23,9.23,9.23,9.23,400
2019-01-02T14:39:17.000000,9.23,9.23,9.23,9.23,1100
2019-01-02T14:39:18.000000,9.23,9.23,9.23,9.23,1200
2019-01-02T14:39:19.000000,9.23,9.23,9.23,9.23,19000
2019-01-02T14:39:20.000000,9.23,9.23,9.23,9.23,200
2019-01-02T14:39:21.000000,9.23,9.23,9.23,9.23,0
2019-01-02T14:39:22.000000,9.23,9.23,9.23,9.23,600
2019-01-02T14:39:23.000000,9.23,9.23,9.23,9.23,10100
2019-01-02T14:39:25.000000,9.23,9.23,9.22,9.23,4000
2019-01-02T14:39:26.000000,9.23,9.23,9.23,9.23,0
2019-01-02T14:39:28.000000,9.22,9.23,9.22,9.23,0
2019-01-02T14:39:29.000000,9.23,9.23,9.23,9.23,0
2019-01-02T14:39:30.000000,9.23,9.23,9.22,9.23,3600
2019-01-02T14:39:32.000000,9.23,9.23,9.23,9.23,3000
2019-01-02T14:39:33.000000,9.23,9.23,9.23,9.23,30000
2019-01-02T14:39:34.000000,9.23,9.23,9.23,9.23,7800
2019-01-02T14:39:35.000000,9.23,9.23,9.23,9.23,8800
2019-01-02T14:39:36.000000,9.23,9.23,9.23,9.23,400
2019-01-02T14:39:37.000000,9.23,9.23,9.23,9.23,2300
2019-01-02T14:39:38.000000,9.23,9.23,9.22,9.23,1000
2019-01-02T14:39:39.000000,9.23,9.23,9.23,9.23,10100
2019-01-02T14:39:40.000000,9.23,9.23,9.23,9.23,0
2019-01-02T14:39:41.000000,9.23,9.23,9.23,9.23,8200
2019-01-02T14:39:42.000000,9.23,9.23,9.23,9.23,2500
2019-01-02T14:39:44.000000,9.22,9.23,9.22,9.23,0
2019-01-02T14:39:45.000000,9.23,9.23,9.23,9.23,900
2019-01-02T14:39:46.000000,9.23,9.23,9.23,9.23,1100
2019-01-02T14:39:47.000000,9.23,9.23,9.23,9.23,600
2019-01-02T14:39:49.000000,9.23,9.23,9.23,9.23,400
2019-01-02T14:39:50.000000,9.22,9.23,9.22,9.23,0
2019-01-02T14:39:51.000000,9.23,9.23,9.22,9.22,600
2019-01-02T14:39:52.000000,9.23,9.23,9.22,9.23,12600
2019-01-02T14:39:53.000000,9.22,9.23,9.22,9.23,8800
2019-01-02T14:39:54.000000,9.23,9.23,9.23,9.23,0
2019-01-02T14:39:56.000000,9.23,9.23,9.22,9.23,1800
2019-01-02T14:39:57.000000,9.23,9.23,9.23,9.23,1300
2019-01-02T14:39:58.000000,9.23,9.23,9.23,9.23,600
2019-01-02T14:39:59.000000,9.23,9.23,9.23,9.23,7000
2019-01-02T14:40:00.000000,9.23,9.23,9.23,9.23,5100
2019-01-02T14:40:01.000000,9.22,9.23,9.22,9.23,14400
2019-01-02T14:40:02.000000,9.22,9.23,9.22,9.23,7500
2019-01-02T14:40:03.000000,9.23,9.23,9.22,9.23,1000
2019-01-02T14:40:04.000000,9.23,9.23,9.22,9.23,10700
2019-01-02T14:40:05.000000,9.23,9.23,9.23,9.23,1700
2019-01-02T14:40:06.000000,9.22,9.23,9.22,9.23,1100
2019-01-02T14:40:07.000000,9.22,9.23,9.22,9.22,800
2019-01-02T14:40:08.000000,9.23,9.23,9.23,9.23,3500
2019-01-02T14:40:09.000000,9.23,9.23,9.22,9.23,8500
2019-01-02T14:40:10.000000,9.23,9.23,9.23,9.23,600
2019-01-02T14:40:11.000000,9.23,9.23,9.23,9.23,12400
2019-01-02T14:40:13.000000,9.23,9.23,9.22,9.22,14000
2019-01-02T14:40:14.000000,9.23,9.23,9.22,9.22,5200
2019-01-02T14:40:15.000000,9.23,9.23,9.23,9.23,8900
2019-01-02T14:40:16.000000,9.23,9.23,9.22,9.23,900
2019-01-02T14:40:17.000000,9.23,9.23,9.22,9.23,0
2019-01-02T14:40:18.000000,9.23,9.23,9.23,9.23,600
2019-01-02T14:40:19.000000,9.23,9.23,9.22,9.23,8900
2019-01-02T14:40:20.000000,9.23,9.23,9.22,9.23,2100
2019-01-02T14:40:21.000000,9.23,9.23,9.23,9.23,3100
2019-01-02T14:40:22.000000,9.23,9.23,9.22,9.23,4100
2019-01-02T14:40:23.000000,9.23,9.23,9.23,9.23,1600
2019-01-02T14:40:24.000000,9.23,9.23,9.23,9.23,600
2019-01-02T14:40:25.000000,9.23,9.23,9.23,9.23,1700
2019-01-02T14:40:26.000000,9.23,9.23,9.23,9.23,600
2019-01-02T14:40:27.000000,9.23,9.23,9.23,9.23,42900
2019-01-02T14:40:28.000000,9.23,9.23,9.22,9.23,18100
2019-01-02T14:40:29.000000,9.23,9.23,9.22,9.23,10600
2019-01-02T14:40:30.000000,9.23,9.23,9.23,9.23,11700
2019-01-02T14:40:31.000000,9.23,9.23,9.23,9.23,100
2019-01-02T14:40:32.000000,9.23,9.23,9.22,9.23,4200
2019-01-02T14:40:33.000000,9.23,9.23,9.23,9.23,6600
2019-01-02T14:40:34.000000,9.23,9.23,9.23,9.23,13600
2019-01-02T14:40:35.000000,9.23,9.23,9.23,9.23,1800
2019-01-02T14:40:36.000000,9.22,9.22,9.21,9.21,8580
2019-01-02T14:40:37.000000,9.21,9.21,9.21,9.21,2000
2019-01-02T14:40:38.000000,9.21,9.21,9.21,9.21,4500
2019-01-02T14:40:39.000000,9.21,9.21,9.21,9.21,200
2019-01-02T14:40:41.000000,9.21,9.21,9.21,9.21,2500
2019-01-02T14:40:42.000000,9.21,9.22,9.21,9.21,6300
2019-01-02T14:40:43.000000,9.21,9.21,9.21,9.21,35800
2019-01-02T14:40:44.000000,9.21,9.21,9.21,9.21,700
2019-01-02T14:40:46.000000,9.21,9.21,9.21,9.21,9800
2019-01-02T14:40:51.000000,9.21,9.21,9.21,9.21,4100
2019-01-02T14:40:52.000000,9.21,9.21,9.21,9.21,9100
2019-01-02T14:40:53.000000,9.21,9.21,9.21,9.21,200
2019-01-02T14:40:55.000000,9.21,9.21,9.21,9.21,2200
2019-01-02T14:40:56.000000,9.21,9.21,9.21,9.21,21500
2019-01-02T14:40:57.000000,9.21,9.21,9.21,9.21,0
2019-01-02T14:40:58.000000,9.21,9.21,9.21,9.21,5700
2019-01-02T14:40:59.000000,9.21,9.21,9.21,9.21,300
2019-01-02T14:41:02.000000,9.22,9.22,9.21,9.21,7500
2019-01-02T14:41:05.000000,9.21,9.21,9.21,9.21,19100
2019-01-02T14:41:06.000000,9.21,9.23,9.21,9.23,59720
2019-01-02T14:41:07.000000,9.22,9.23,9.22,9.23,5800
2019-01-02T14:41:08.000000,9.23,9.23,9.22,9.23,900
2019-01-02T14:41:09.000000,9.23,9.23,9.22,9.23,9000
2019-01-02T14:41:10.000000,9.23,9.23,9.23,9.23,4000
2019-01-02T14:41:11.000000,9.23,9.23,9.23,9.23,4500
2019-01-02T14:41:12.000000,9.22,9.23,9.22,9.23,4700
2019-01-02T14:41:13.000000,9.23,9.23,9.23,9.23,11700
2019-01-02T14:41:14.000000,9.22,9.23,9.22,9.23,0
2019-01-02T14:41:15.000000,9.23,9.23,9.22,9.22,6100
2019-01-02T14:41:16.000000,9.22,9.23,9.22,9.23,0
2019-01-02T14:41:17.000000,9.23,9.23,9.23,9.23,600
2019-01-02T14:41:18.000000,9.23,9.23,9.23,9.23,9400
2019-01-02T14:41:19.000000,9.23,9.23,9.23,9.23,55600
2019-01-02T14:41:20.000000,9.23,9.23,9.22,9.23,51000
2019-01-02T14:41:21.000000,9.23,9.23,9.23,9.23,1400
2019-01-02T14:41:22.000000,9.23,9.23,9.23,9.23,12800
2019-01-02T14:41:23.000000,9.23,9.23,9.22,9.23,1200
2019-01-02T14:41:24.000000,9.23,9.23,9.23,9.23,5000
2019-01-02T14:41:25.000000,9.23,9.23,9.23,9.23,3100
2019-01-02T14:41:27.000000,9.23,9.23,9.23,9.23,2400
2019-01-02T14:41:28.000000,9.23,9.23,9.22,9.23,6800
2019-01-02T14:41:29.000000,9.23,9.23,9.22,9.22,11500
2019-01-02T14:41:30.000000,9.23,9.23,9.22,9.23,11100
2019-01-02T14:41:31.000000,9.23,9.23,9.23,9.23,9000
2019-01-02T14:41:32.000000,9.23,9.23,9.23,9.23,6700
2019-01-02T14:41:33.000000,9.22,9.23,9.22,9.23,700
2019-01-02T14:41:34.000000,9.23,9.23,9.23,9.23,1700
2019-01-02T14:41:35.000000,9.23,9.23,9.23,9.23,3000
2019-01-02T14:41:37.000000,9.23,9.23,9.22,9.23,500
2019-01-02T14:41:39.000000,9.23,9.23,9.22,9.23,600
2019-01-02T14:41:40.000000,9.23,9.23,9.22,9.23,6600
2019-01-02T14:41:41.000000,9.23,9.23,9.23,9.23,54500
2019-01-02T14:41:42.000000,9.22,9.23,9.22,9.23,200
2019-01-02T14:41:43.000000,9.23,9.23,9.23,9.23,6100
2019-01-02T14:41:44.000000,9.23,9.23,9.22,9.22,0
2019-01-02T14:41:45.000000,9.23,9.23,9.23,9.23,1700
2019-01-02T14:41:46.000000,9.23,9.23,9.23,9.23,600
2019-01-02T14:41:47.000000,9.22,9.23,9.22,9.22,100
2019-01-02T14:41:48.000000,9.23,9.23,9.23,9.23,600
2019-01-02T14:41:49.000000,9.23,9.23,9.23,9.23,600
2019-01-02T14:41:50.000000,9.23,9.23,9.22,9.23,4000
2019-01-02T14:41:51.000000,9.23,9.23,9.22,9.23,3500
2019-01-02T14:41:55.000000,9.23,9.23,9.22,9.23,4900
2019-01-02T14:41:56.000000,9.23,9.23,9.22,9.22,100
2019-01-02T14:41:57.000000,9.23,9.23,9.23,9.23,15000
2019-01-02T14:41:58.000000,9.23,9.23,9.22,9.23,2500
2019-01-02T14:42:00.000000,9.22,9.23,9.22,9.23,1700
2019-01-02T14:42:04.000000,9.23,9.23,9.22,9.23,1100
2019-01-02T14:42:05.000000,9.23,9.23,9.23,9.23,900
2019-01-02T14:42:06.000000,9.23,9.23,9.22,9.23,1400
2019-01-02T14:42:07.000000,9.22,9.23,9.22,9.23,9500
2019-01-02T14:42:08.000000,9.23,9.23,9.23,9.23,1500
2019-01-02T14:42:09.000000,9.23,9.23,9.22,9.22,5800
2019-01-02T14:42:10.000000,9.23,9.23,9.23,9.23,5500
2019-01-02T14:42:11.000000,9.23,9.23,9.21,9.21,25880
2019-01-02T14:42:12.000000,9.21,9.21,9.21,9.21,3000
2019-01-02T14:42:13.000000,9.21,9.21,9.21,9.21,19000
2019-01-02T14:42:14.000000,9.21,9.21,9.21,9.21,24500
2019-01-02T14:42:16.000000,9.21,9.22,9.21,9.21,10400
2019-01-02T14:42:17.000000,9.21,9.21,9.21,9.21,1100
2019-01-02T14:42:18.000000,9.21,9.21,9.21,9.21,1600
2019-01-02T14:42:19.000000,9.21,9.21,9.21,9.21,1700
2019-01-02T14:42:20.000000,9.21,9.21,9.21,9.21,5800
2019-01-02T14:42:21.000000,9.21,9.21,9.21,9.21,3800
2019-01-02T14:42:22.000000,9.21,9.21,9.21,9.21,3000
2019-01-02T14:42:24.000000,9.21,9.22,9.21,9.22,0
2019-01-02T14:42:25.000000,9.21,9.21,9.21,9.21,0
2019-01-02T14:42:26.000000,9.21,9.22,9.21,9.22,11800
2019-01-02T14:42:27.000000,9.21,9.21,9.21,9.21,2000
2019-01-02T14:42:28.000000,9.21,9.22,9.21,9.22,0
2019-01-02T14:42:29.000000,9.21,9.21,9.21,9.21,1100
2019-01-02T14:42:30.000000,9.21,9.21,9.21,9.21,1000
2019-01-02T14:42:31.000000,9.21,9.21,9.21,9.21,8900
2019-01-02T14:42:32.000000,9.21,9.21,9.21,9.21,300
2019-01-02T14:42:33.000000,9.21,9.21,9.21,9.21,2800
2019-01-02T14:42:35.000000,9.21,9.21,9.21,9.21,5000
2019-01-02T14:42:36.000000,9.21,9.21,9.21,9.21,700
2019-01-02T14:42:37.000000,9.21,9.21,9.21,9.21,600
2019-01-02T14:42:38.000000,9.21,9.21,9.21,9.21,56900
2019-01-02T14:42:39.000000,9.22,9.22,9.21,9.21,0
2019-01-02T14:42:40.000000,9.21,9.21,9.21,9.21,8800
2019-01-02T14:42:44.000000,9.21,9.21,9.21,9.21,3400
2019-01-02T14:42:45.000000,9.21,9.21,9.21,9.21,2200
2019-01-02T14:42:46.000000,9.21,9.21,9.21,9.21,300
2019-01-02T14:42:47.000000,9.22,9.22,9.21,9.21,1200
2019-01-02T14:42:50.000000,9.21,9.21,9.21,9.21,25400
2019-01-02T14:42:51.000000,9.21,9.21,9.21,9.21,500
2019-01-02T14:42:52.000000,9.21,9.21,9.21,9.21,11500
2019-01-02T14:42:53.000000,9.21,9.21,9.21,9.21,1700
2019-01-02T14:42:54.000000,9.21,9.21,9.21,9.21,3000
2019-01-02T14:42:55.000000,9.21,9.21,9.21,9.21,1000
2019-01-02T14:42:56.000000,9.22,9.22,9.21,9.21,0
2019-01-02T14:42:57.000000,9.21,9.22,9.21,9.21,10000
2019-01-02T14:42:58.000000,9.21,9.21,9.21,9.21,3600
2019-01-02T14:42:59.000000,9.21,9.21,9.21,9.21,3100
2019-01-02T14:43:00.000000,9.21,9.21,9.21,9.21,4500
2019-01-02T14:43:01.000000,9.21,9.21,9.21,9.21,10700
2019-01-02T14:43:02.000000,9.21,9.21,9.21,9.21,1100
2019-01-02T14:43:03.000000,9.21,9.21,9.21,9.21,3200
2019-01-02T14:43:04.000000,9.21,9.21,9.21,9.21,21900
2019-01-02T14:43:05.000000,9.21,9.21,9.21,9.21,10000
2019-01-02T14:43:06.000000,9.21,9.22,9.21,9.22,1500
2019-01-02T14:43:07.000000,9.21,9.21,9.21,9.21,12100
2019-01-02T14:43:08.000000,9.21,9.21,9.21,9.21,3100
2019-01-02T14:43:09.000000,9.22,9.22,9.21,9.21,0
2019-01-02T14:43:10.000000,9.21,9.21,9.21,9.21,1500
2019-01-02T14:43:11.000000,9.21,9.21,9.21,9.21,5900
2019-01-02T14:43:12.000000,9.21,9.21,9.21,9.21,0
2019-01-02T14:43:13.000000,9.21,9.21,9.21,9.21,600
2019-01-02T14:43:14.000000,9.21,9.22,9.21,9.21,10300
2019-01-02T14:43:15.000000,9.21,9.21,9.21,9.21,5200
2019-01-02T14:43:16.000000,9.21,9.21,9.21,9.21,200
2019-01-02T14:43:17.000000,9.21,9.21,9.21,9.21,1700
2019-01-02T14:43:18.000000,9.21,9.21,9.21,9.21,1100
2019-01-02T14:43:19.000000,9.21,9.21,9.21,9.21,200
2019-01-02T14:43:20.000000,9.21,9.21,9.21,9.21,2200
2019-01-02T14:43:21.000000,9.21,9.21,9.21,9.21,20800
2019-01-02T14:43:22.000000,9.21,9.21,9.21,9.21,2500
2019-01-02T14:43:23.000000,9.21,9.21,9.21,9.21,5200
2019-01-02T14:43:25.000000,9.21,9.21,9.21,9.21,3700
2019-01-02T14:43:27.000000,9.21,9.22,9.21,9.21,12800
2019-01-02T14:43:28.000000,9.21,9.21,9.21,9.21,0
2019-01-02T14:43:29.000000,9.21,9.21,9.21,9.21,5300
2019-01-02T14:43:30.000000,9.22,9.22,9.21,9.21,1100
2019-01-02T14:43:31.000000,9.21,9.21,9.21,9.21,4100
2019-01-02T14:43:34.000000,9.21,9.21,9.21,9.21,600
2019-01-02T14:43:35.000000,9.21,9.22,9.21,9.21,2100
2019-01-02T14:43:36.000000,9.22,9.22,9.21,9.21,0
2019-01-02T14:43:37.000000,9.21,9.21,9.21,9.21,5700
2019-01-02T14:43:38.000000,9.21,9.21,9.21,9.21,5600
2019-01-02T14:43:41.000000,9.21,9.21,9.21,9.21,2600
2019-01-02T14:43:42.000000,9.21,9.21,9.21,9.21,1000
2019-01-02T14:43:43.000000,9.21,9.21,9.21,9.21,0
2019-01-02T14:43:44.000000,9.21,9.21,9.21,9.21,50000
2019-01-02T14:43:47.000000,9.21,9.21,9.21,9.21,700
2019-01-02T14:43:48.000000,9.21,9.21,9.21,9.21,1100
2019-01-02T14:43:49.000000,9.21,9.21,9.21,9.21,32500
2019-01-02T14:43:50.000000,9.22,9.22,9.21,9.21,6000
2019-01-02T14:43:51.000000,9.21,9.22,9.21,9.21,7100
2019-01-02T14:43:52.000000,9.21,9.21,9.21,9.21,0
2019-01-02T14:43:53.000000,9.21,9.21,9.21,9.21,1100
2019-01-02T14:43:54.000000,9.22,9.22,9.21,9.21,1800
2019-01-02T14:43:55.000000,9.21,9.21,9.21,9.21,2900
2019-01-02T14:43:56.000000,9.21,9.21,9.21,9.21,13000
2019-01-02T14:43:57.000000,9.21,9.21,9.21,9.21,200
2019-01-02T14:43:58.000000,9.21,9.21,9.21,9.21,4300
2019-01-02T14:43:59.000000,9.21,9.21,9.21,9.21,21000
2019-01-02T14:44:00.000000,9.21,9.21,9.21,9.21,3000
2019-01-02T14:44:01.000000,9.21,9.21,9.21,9.21,400
2019-01-02T14:44:02.000000,9.21,9.21,9.21,9.21,17700
2019-01-02T14:44:03.000000,9.21,9.21,9.21,9.21,2000
2019-01-02T14:44:04.000000,9.21,9.21,9.21,9.21,12600
2019-01-02T14:44:05.000000,9.21,9.22,9.21,9.22,5000
2019-01-02T14:44:06.000000,9.21,9.22,9.21,9.22,3000
2019-01-02T14:44:07.000000,9.21,9.21,9.21,9.21,14500
2019-01-02T14:44:08.000000,9.21,9.21,9.21,9.21,500
2019-01-02T14:44:09.000000,9.21,9.21,9.21,9.21,1000
2019-01-02T14:44:11.000000,9.21,9.21,9.21,9.21,900
2019-01-02T14:44:12.000000,9.21,9.21,9.21,9.21,5000
2019-01-02T14:44:13.000000,9.21,9.22,9.21,9.21,12000
2019-01-02T14:44:14.000000,9.21,9.23,9.21,9.23,12220
2019-01-02T14:44:16.000000,9.23,9.23,9.23,9.23,24200
2019-01-02T14:44:17.000000,9.23,9.23,9.23,9.23,100
2019-01-02T14:44:18.000000,9.23,9.23,9.23,9.23,2200
2019-01-02T14:44:19.000000,9.23,9.23,9.23,9.23,200
2019-01-02T14:44:20.000000,9.23,9.23,9.23,9.23,13200
2019-01-02T14:44:21.000000,9.23,9.23,9.22,9.23,5000
2019-01-02T14:44:22.000000,9.23,9.23,9.23,9.23,21700
2019-01-02T14:44:23.000000,9.23,9.23,9.23,9.23,29500
2019-01-02T14:44:24.000000,9.23,9.23,9.22,9.23,3000
2019-01-02T14:44:25.000000,9.23,9.23,9.23,9.23,13300
2019-01-02T14:44:26.000000,9.23,9.23,9.23,9.23,2200
2019-01-02T14:44:27.000000,9.23,9.23,9.23,9.23,1000
2019-01-02T14:44:28.000000,9.23,9.23,9.23,9.23,5800
2019-01-02T14:44:29.000000,9.23,9.23,9.23,9.23,800
2019-01-02T14:44:30.000000,9.23,9.23,9.22,9.23,500
2019-01-02T14:44:31.000000,9.23,9.23,9.23,9.23,1600
2019-01-02T14:44:32.000000,9.23,9.23,9.23,9.23,900
2019-01-02T14:44:33.000000,9.23,9.23,9.23,9.23,0
2019-01-02T14:44:34.000000,9.23,9.23,9.23,9.23,16000
2019-01-02T14:44:35.000000,9.22,9.23,9.22,9.23,0
2019-01-02T14:44:36.000000,9.23,9.23,9.22,9.23,5600
2019-01-02T14:44:37.000000,9.23,9.23,9.23,9.23,8700
2019-01-02T14:44:38.000000,9.23,9.23,9.23,9.23,400
2019-01-02T14:44:39.000000,9.23,9.23,9.22,9.23,11200
2019-01-02T14:44:41.000000,9.23,9.23,9.22,9.23,0
2019-01-02T14:44:42.000000,9.23,9.23,9.23,9.23,300
2019-01-02T14:44:43.000000,9.23,9.23,9.23,9.23,1000
2019-01-02T14:44:44.000000,9.23,9.23,9.23,9.23,500
2019-01-02T14:44:45.000000,9.23,9.23,9.23,9.23,0
2019-01-02T14:44:46.000000,9.23,9.23,9.23,9.23,18400
2019-01-02T14:44:47.000000,9.23,9.23,9.23,9.23,21700
2019-01-02T14:44:48.000000,9.23,9.23,9.23,9.23,800
2019-01-02T14:44:49.000000,9.23,9.23,9.23,9.23,1000
2019-01-02T14:44:50.000000,9.22,9.23,9.22,9.23,6000
2019-01-02T14:44:51.000000,9.23,9.23,9.22,9.23,10700
2019-01-02T14:44:53.000000,9.23,9.23,9.23,9.23,6400
2019-01-02T14:44:54.000000,9.23,9.23,9.22,9.23,14900
2019-01-02T14:44:55.000000,9.23,9.23,9.23,9.23,16000
2019-01-02T14:44:57.000000,9.23,9.23,9.23,9.23,2000
2019-01-02T14:44:58.000000,9.23,9.23,9.23,9.23,2600
2019-01-02T14:44:59.000000,9.23,9.23,9.23,9.23,22000
2019-01-02T14:45:00.000000,9.23,9.23,9.23,9.23,989300
2019-01-02T14:45:01.000000,9.23,9.23,9.23,9.23,200
2019-01-02T14:45:02.000000,9.23,9.23,9.21,9.21,46080
2019-01-02T14:45:03.000000,9.21,9.21,9.21,9.21,141300
2019-01-02T14:45:04.000000,9.22,9.22,9.21,9.21,3800
2019-01-02T14:45:05.000000,9.21,9.21,9.21,9.21,2500
2019-01-02T14:45:06.000000,9.21,9.22,9.21,9.21,160500
2019-01-02T14:45:07.000000,9.21,9.22,9.21,9.21,16100
2019-01-02T14:45:08.000000,9.21,9.21,9.21,9.21,500
2019-01-02T14:45:09.000000,9.21,9.22,9.21,9.21,1200
2019-01-02T14:45:10.000000,9.21,9.21,9.21,9.21,4900
2019-01-02T14:45:11.000000,9.21,9.21,9.21,9.21,50100
2019-01-02T14:45:12.000000,9.21,9.21,9.21,9.21,1900
2019-01-02T14:45:13.000000,9.21,9.22,9.21,9.21,2600
2019-01-02T14:45:14.000000,9.22,9.22,9.21,9.21,0
2019-01-02T14:45:15.000000,9.21,9.22,9.21,9.21,150400
2019-01-02T14:45:18.000000,9.21,9.21,9.21,9.21,141000
2019-01-02T14:45:19.000000,9.22,9.22,9.21,9.21,7600
2019-01-02T14:45:20.000000,9.21,9.21,9.21,9.21,600
2019-01-02T14:45:21.000000,9.21,9.22,9.21,9.21,14600
2019-01-02T14:45:22.000000,9.21,9.21,9.21,9.21,100
2019-01-02T14:45:24.000000,9.21,9.21,9.21,9.21,350
2019-01-02T14:45:25.000000,9.22,9.22,9.21,9.21,7700
2019-01-02T14:45:26.000000,9.21,9.22,9.21,9.21,1100
2019-01-02T14:45:29.000000,9.22,9.22,9.21,9.21,800
2019-01-02T14:45:30.000000,9.21,9.21,9.21,9.21,600
2019-01-02T14:45:31.000000,9.21,9.22,9.21,9.21,2100
2019-01-02T14:45:32.000000,9.21,9.21,9.21,9.21,1000
2019-01-02T14:45:33.000000,9.21,9.22,9.21,9.21,6300
2019-01-02T14:45:34.000000,9.22,9.22,9.21,9.21,3700
2019-01-02T14:45:35.000000,9.21,9.21,9.21,9.21,3100
2019-01-02T14:45:36.000000,9.21,9.22,9.21,9.21,2700
2019-01-02T14:45:37.000000,9.21,9.22,9.21,9.21,103700
2019-01-02T14:45:38.000000,9.21,9.21,9.21,9.21,6900
2019-01-02T14:45:39.000000,9.21,9.21,9.21,9.21,2600
2019-01-02T14:45:40.000000,9.21,9.22,9.21,9.21,2500
2019-01-02T14:45:41.000000,9.21,9.21,9.21,9.21,1650
2019-01-02T14:45:42.000000,9.21,9.21,9.21,9.21,1600
2019-01-02T14:45:43.000000,9.21,9.21,9.21,9.21,25100
2019-01-02T14:45:44.000000,9.21,9.22,9.21,9.21,900
2019-01-02T14:45:45.000000,9.21,9.21,9.21,9.21,50
2019-01-02T14:45:46.000000,9.21,9.21,9.21,9.21,700
2019-01-02T14:45:47.000000,9.21,9.21,9.21,9.21,52400
2019-01-02T14:45:48.000000,9.21,9.21,9.21,9.21,5400
2019-01-02T14:45:49.000000,9.21,9.21,9.21,9.21,3900
2019-01-02T14:45:50.000000,9.21,9.22,9.21,9.21,500
2019-01-02T14:45:51.000000,9.21,9.21,9.21,9.21,16000
2019-01-02T14:45:52.000000,9.21,9.21,9.21,9.21,6700
2019-01-02T14:45:53.000000,9.21,9.21,9.21,9.21,3800
2019-01-02T14:45:54.000000,9.21,9.21,9.21,9.21,5500
2019-01-02T14:45:55.000000,9.21,9.21,9.21,9.21,13600
2019-01-02T14:45:58.000000,9.21,9.21,9.21,9.21,9100
2019-01-02T14:45:59.000000,9.21,9.21,9.21,9.21,5000
2019-01-02T14:46:00.000000,9.22,9.22,9.21,9.21,500
2019-01-02T14:46:01.000000,9.21,9.22,9.21,9.21,700
2019-01-02T14:46:02.000000,9.21,9.21,9.21,9.21,0
2019-01-02T14:46:03.000000,9.21,9.21,9.21,9.21,13300
2019-01-02T14:46:04.000000,9.21,9.21,9.21,9.21,200
2019-01-02T14:46:05.000000,9.21,9.21,9.21,9.21,1400
2019-01-02T14:46:06.000000,9.21,9.21,9.21,9.21,5800
2019-01-02T14:46:07.000000,9.21,9.21,9.21,9.21,5100
2019-01-02T14:46:08.000000,9.21,9.21,9.21,9.21,500
2019-01-02T14:46:09.000000,9.21,9.21,9.21,9.21,0
2019-01-02T14:46:10.000000,9.21,9.21,9.21,9.21,500
2019-01-02T14:46:11.000000,9.22,9.22,9.21,9.21,2100
2019-01-02T14:46:12.000000,9.21,9.21,9.21,9.21,1000
2019-01-02T14:46:13.000000,9.21,9.21,9.21,9.21,7600
2019-01-02T14:46:14.000000,9.21,9.22,9.21,9.21,8400
2019-01-02T14:46:15.000000,9.21,9.21,9.21,9.21,4400
2019-01-02T14:46:16.000000,9.21,9.22,9.21,9.21,1100
2019-01-02T14:46:17.000000,9.21,9.21,9.21,9.21,0
2019-01-02T14:46:18.000000,9.21,9.21,9.21,9.21,4600
2019-01-02T14:46:19.000000,9.21,9.21,9.21,9.21,9100
2019-01-02T14:46:20.000000,9.21,9.21,9.21,9.21,2100
2019-01-02T14:46:21.000000,9.21,9.21,9.21,9.21,5050
2019-01-02T14:46:22.000000,9.21,9.21,9.21,9.21,1500
2019-01-02T14:46:23.000000,9.21,9.21,9.21,9.21,11900
2019-01-02T14:46:24.000000,9.21,9.21,9.21,9.21,2100
2019-01-02T14:46:25.000000,9.21,9.21,9.21,9.21,3000
2019-01-02T14:46:26.000000,9.21,9.21,9.21,9.21,6000
2019-01-02T14:46:27.000000,9.21,9.21,9.21,9.21,3200
2019-01-02T14:46:28.000000,9.21,9.21,9.21,9.21,2700
2019-01-02T14:46:29.000000,9.21,9.21,9.21,9.21,100
2019-01-02T14:46:30.000000,9.21,9.21,9.21,9.21,0
2019-01-02T14:46:33.000000,9.21,9.21,9.21,9.21,12400
2019-01-02T14:46:34.000000,9.21,9.21,9.21,9.21,300
2019-01-02T14:46:36.000000,9.21,9.21,9.21,9.21,500
2019-01-02T14:46:37.000000,9.21,9.21,9.21,9.21,1100
2019-01-02T14:46:38.000000,9.21,9.21,9.21,9.21,0
2019-01-02T14:46:39.000000,9.21,9.21,9.21,9.21,600
2019-01-02T14:46:40.000000,9.21,9.21,9.21,9.21,2400
2019-01-02T14:46:41.000000,9.21,9.21,9.21,9.21,4000
2019-01-02T14:46:42.000000,9.21,9.21,9.21,9.21,2400
2019-01-02T14:46:44.000000,9.21,9.21,9.21,9.21,500
2019-01-02T14:46:45.000000,9.21,9.21,9.21,9.21,3100
2019-01-02T14:46:46.000000,9.21,9.21,9.21,9.21,67891
2019-01-02T14:46:47.000000,9.21,9.21,9.21,9.21,6400
2019-01-02T14:46:48.000000,9.21,9.21,9.21,9.21,2300
2019-01-02T14:46:49.000000,9.21,9.21,9.21,9.21,2000
2019-01-02T14:46:51.000000,9.21,9.21,9.21,9.21,10500
2019-01-02T14:46:52.000000,9.21,9.21,9.21,9.21,17300
2019-01-02T14:46:53.000000,9.21,9.21,9.21,9.21,900
2019-01-02T14:46:54.000000,9.21,9.21,9.21,9.21,2000
2019-01-02T14:46:55.000000,9.21,9.21,9.21,9.21,1500
2019-01-02T14:46:56.000000,9.21,9.21,9.21,9.21,15300
2019-01-02T14:46:57.000000,9.21,9.21,9.21,9.21,1000
2019-01-02T14:46:58.000000,9.21,9.22,9.21,9.22,4000
2019-01-02T14:46:59.000000,9.21,9.21,9.21,9.21,2500
2019-01-02T14:47:00.000000,9.21,9.21,9.21,9.21,400
2019-01-02T14:47:01.000000,9.21,9.21,9.21,9.21,1200
2019-01-02T14:47:02.000000,9.21,9.21,9.21,9.21,100
2019-01-02T14:47:03.000000,9.21,9.21,9.21,9.21,3400
2019-01-02T14:47:05.000000,9.21,9.21,9.21,9.21,28800
2019-01-02T14:47:06.000000,9.21,9.21,9.21,9.21,13000
2019-01-02T14:47:07.000000,9.21,9.21,9.21,9.21,25100
2019-01-02T14:47:08.000000,9.21,9.21,9.21,9.21,15100
2019-01-02T14:47:09.000000,9.21,9.21,9.21,9.21,3200
2019-01-02T14:47:10.000000,9.21,9.21,9.21,9.21,2600
2019-01-02T14:47:11.000000,9.21,9.21,9.21,9.21,3100
2019-01-02T14:47:12.000000,9.21,9.21,9.21,9.21,2900
2019-01-02T14:47:13.000000,9.21,9.21,9.21,9.21,2300
2019-01-02T14:47:14.000000,9.21,9.21,9.21,9.21,7900
2019-01-02T14:47:15.000000,9.21,9.21,9.21,9.21,2700
2019-01-02T14:47:16.000000,9.21,9.21,9.21,9.21,18000
2019-01-02T14:47:17.000000,9.21,9.21,9.21,9.21,8800
2019-01-02T14:47:18.000000,9.21,9.21,9.21,9.21,5100
2019-01-02T14:47:19.000000,9.21,9.21,9.21,9.21,4200
2019-01-02T14:47:20.000000,9.21,9.21,9.21,9.21,300
2019-01-02T14:47:21.000000,9.21,9.21,9.21,9.21,5600
2019-01-02T14:47:22.000000,9.21,9.21,9.21,9.21,6100
2019-01-02T14:47:24.000000,9.21,9.21,9.21,9.21,10600
2019-01-02T14:47:25.000000,9.21,9.21,9.21,9.21,3600
2019-01-02T14:47:26.000000,9.21,9.21,9.21,9.21,4000
2019-01-02T14:47:27.000000,9.21,9.22,9.21,9.21,22800
2019-01-02T14:47:28.000000,9.21,9.21,9.21,9.21,5700
2019-01-02T14:47:29.000000,9.21,9.21,9.21,9.21,1600
2019-01-02T14:47:30.000000,9.21,9.22,9.21,9.21,147300
2019-01-02T14:47:31.000000,9.21,9.21,9.21,9.21,3700
2019-01-02T14:47:32.000000,9.21,9.21,9.21,9.21,0
2019-01-02T14:47:33.000000,9.21,9.21,9.21,9.21,287400
2019-01-02T14:47:34.000000,9.21,9.21,9.21,9.21,0
2019-01-02T14:47:35.000000,9.21,9.21,9.21,9.21,1700
2019-01-02T14:47:36.000000,9.21,9.21,9.21,9.21,2200
2019-01-02T14:47:37.000000,9.21,9.21,9.21,9.21,2800
2019-01-02T14:47:38.000000,9.21,9.21,9.21,9.21,1500
2019-01-02T14:47:39.000000,9.21,9.21,9.21,9.21,2600
2019-01-02T14:47:41.000000,9.21,9.21,9.21,9.21,1300
2019-01-02T14:47:42.000000,9.21,9.21,9.21,9.21,200
2019-01-02T14:47:43.000000,9.21,9.22,9.21,9.21,10000
2019-01-02T14:47:44.000000,9.21,9.21,9.21,9.21,1500
2019-01-02T14:47:45.000000,9.21,9.21,9.21,9.21,7500
2019-01-02T14:47:46.000000,9.21,9.21,9.21,9.21,275900
2019-01-02T14:47:47.000000,9.21,9.21,9.21,9.21,1500
2019-01-02T14:47:48.000000,9.21,9.21,9.21,9.21,3000
2019-01-02T14:47:49.000000,9.21,9.21,9.21,9.21,2000
2019-01-02T14:47:50.000000,9.21,9.22,9.21,9.21,0
2019-01-02T14:47:51.000000,9.21,9.21,9.21,9.21,282000
2019-01-02T14:47:52.000000,9.21,9.21,9.21,9.21,2600
2019-01-02T14:47:53.000000,9.21,9.21,9.21,9.21,800
2019-01-02T14:47:56.000000,9.21,9.21,9.21,9.21,500
2019-01-02T14:47:57.000000,9.21,9.21,9.21,9.21,6600
2019-01-02T14:47:58.000000,9.21,9.21,9.21,9.21,1300
2019-01-02T14:47:59.000000,9.21,9.21,9.21,9.21,500
2019-01-02T14:48:00.000000,9.21,9.21,9.21,9.21,30000
2019-01-02T14:48:01.000000,9.21,9.21,9.21,9.21,3200
2019-01-02T14:48:02.000000,9.21,9.21,9.21,9.21,10600
2019-01-02T14:48:03.000000,9.21,9.21,9.21,9.21,5600
2019-01-02T14:48:04.000000,9.21,9.21,9.21,9.21,300
2019-01-02T14:48:05.000000,9.21,9.21,9.21,9.21,188500
2019-01-02T14:48:06.000000,9.21,9.21,9.21,9.21,10200
2019-01-02T14:48:07.000000,9.21,9.21,9.21,9.21,64700
2019-01-02T14:48:09.000000,9.21,9.21,9.21,9.21,800
2019-01-02T14:48:10.000000,9.21,9.21,9.21,9.21,1200
2019-01-02T14:48:11.000000,9.21,9.21,9.21,9.21,3600
2019-01-02T14:48:12.000000,9.21,9.21,9.21,9.21,1000
2019-01-02T14:48:13.000000,9.21,9.21,9.21,9.21,5100
2019-01-02T14:48:14.000000,9.21,9.21,9.21,9.21,11700
2019-01-02T14:48:15.000000,9.21,9.21,9.21,9.21,1700
2019-01-02T14:48:16.000000,9.21,9.21,9.21,9.21,1700
2019-01-02T14:48:17.000000,9.21,9.21,9.21,9.21,3400
2019-01-02T14:48:18.000000,9.21,9.21,9.21,9.21,2300
2019-01-02T14:48:19.000000,9.21,9.21,9.21,9.21,1300
2019-01-02T14:48:20.000000,9.21,9.21,9.21,9.21,2900
2019-01-02T14:48:21.000000,9.21,9.21,9.21,9.21,284400
2019-01-02T14:48:22.000000,9.21,9.21,9.21,9.21,3300
2019-01-02T14:48:23.000000,9.21,9.21,9.20,9.20,1100
2019-01-02T14:48:26.000000,9.21,9.21,9.21,9.21,2200
2019-01-02T14:48:27.000000,9.20,9.21,9.20,9.21,1500
2019-01-02T14:48:28.000000,9.21,9.21,9.21,9.21,1000
2019-01-02T14:48:29.000000,9.20,9.21,9.20,9.21,400
2019-01-02T14:48:30.000000,9.21,9.21,9.21,9.21,200
2019-01-02T14:48:31.000000,9.21,9.21,9.21,9.21,1200
2019-01-02T14:48:32.000000,9.21,9.21,9.21,9.21,53900
2019-01-02T14:48:33.000000,9.21,9.21,9.20,9.20,28600
2019-01-02T14:48:34.000000,9.21,9.21,9.21,9.21,3000
2019-01-02T14:48:35.000000,9.21,9.21,9.21,9.21,3400
2019-01-02T14:48:36.000000,9.21,9.21,9.20,9.20,2700
2019-01-02T14:48:37.000000,9.21,9.21,9.20,9.21,3100
2019-01-02T14:48:38.000000,9.21,9.21,9.20,9.21,7400
2019-01-02T14:48:39.000000,9.21,9.21,9.21,9.21,133900
2019-01-02T14:48:40.000000,9.21,9.21,9.20,9.21,8000
2019-01-02T14:48:41.000000,9.21,9.21,9.21,9.21,4800
2019-01-02T14:48:42.000000,9.21,9.21,9.21,9.21,11500
2019-01-02T14:48:44.000000,9.21,9.21,9.20,9.20,2000
2019-01-02T14:48:45.000000,9.21,9.21,9.21,9.21,1100
2019-01-02T14:48:47.000000,9.21,9.21,9.21,9.21,2500
2019-01-02T14:48:48.000000,9.21,9.21,9.21,9.21,21500
2019-01-02T14:48:49.000000,9.21,9.21,9.20,9.21,100
2019-01-02T14:48:50.000000,9.20,9.21,9.20,9.21,17100
2019-01-02T14:48:51.000000,9.21,9.21,9.21,9.21,100
2019-01-02T14:48:52.000000,9.21,9.21,9.21,9.21,22400
2019-01-02T14:48:53.000000,9.20,9.21,9.20,9.21,0
2019-01-02T14:48:54.000000,9.21,9.21,9.20,9.21,1500
2019-01-02T14:48:55.000000,9.21,9.21,9.20,9.21,11000
2019-01-02T14:48:56.000000,9.21,9.21,9.20,9.21,13600
2019-01-02T14:48:57.000000,9.21,9.21,9.21,9.21,1100
2019-01-02T14:48:58.000000,9.21,9.21,9.20,9.21,2200
2019-01-02T14:48:59.000000,9.21,9.21,9.21,9.21,7700
2019-01-02T14:49:00.000000,9.20,9.21,9.20,9.21,1500
2019-01-02T14:49:01.000000,9.21,9.21,9.21,9.21,2300
2019-01-02T14:49:02.000000,9.20,9.21,9.20,9.21,6500
2019-01-02T14:49:03.000000,9.21,9.21,9.20,9.21,31800
2019-01-02T14:49:04.000000,9.21,9.21,9.20,9.21,13300
2019-01-02T14:49:05.000000,9.21,9.21,9.21,9.21,14900
2019-01-02T14:49:06.000000,9.21,9.21,9.21,9.21,6500
2019-01-02T14:49:07.000000,9.21,9.21,9.20,9.21,4400
2019-01-02T14:49:08.000000,9.20,9.21,9.20,9.21,200
2019-01-02T14:49:09.000000,9.21,9.21,9.21,9.21,5100
2019-01-02T14:49:10.000000,9.21,9.21,9.20,9.21,15000
2019-01-02T14:49:11.000000,9.21,9.21,9.21,9.21,6700
2019-01-02T14:49:12.000000,9.21,9.21,9.20,9.21,2100
2019-01-02T14:49:13.000000,9.20,9.21,9.20,9.20,16000
2019-01-02T14:49:14.000000,9.21,9.21,9.21,9.21,3400
2019-01-02T14:49:15.000000,9.20,9.21,9.20,9.21,293000
2019-01-02T14:49:16.000000,9.21,9.21,9.21,9.21,6400
2019-01-02T14:49:17.000000,9.21,9.21,9.21,9.21,6100
2019-01-02T14:49:18.000000,9.20,9.21,9.20,9.21,200
2019-01-02T14:49:19.000000,9.21,9.21,9.20,9.21,7100
2019-01-02T14:49:21.000000,9.21,9.21,9.21,9.21,3100
2019-01-02T14:49:22.000000,9.21,9.21,9.21,9.21,59000
2019-01-02T14:49:23.000000,9.21,9.21,9.20,9.20,15800
2019-01-02T14:49:24.000000,9.21,9.21,9.21,9.21,12600
2019-01-02T14:49:25.000000,9.21,9.21,9.21,9.21,6000
2019-01-02T14:49:27.000000,9.21,9.21,9.21,9.21,1200
2019-01-02T14:49:28.000000,9.21,9.21,9.20,9.21,8200
2019-01-02T14:49:29.000000,9.21,9.21,9.21,9.21,4000
2019-01-02T14:49:30.000000,9.21,9.21,9.20,9.21,19700
2019-01-02T14:49:31.000000,9.20,9.21,9.20,9.21,1400
2019-01-02T14:49:32.000000,9.21,9.21,9.21,9.21,200
2019-01-02T14:49:33.000000,9.21,9.21,9.21,9.21,3400
2019-01-02T14:49:34.000000,9.21,9.21,9.20,9.21,6100
2019-01-02T14:49:35.000000,9.20,9.21,9.20,9.21,5000
2019-01-02T14:49:36.000000,9.21,9.21,9.21,9.21,3400
2019-01-02T14:49:37.000000,9.21,9.21,9.21,9.21,2000
2019-01-02T14:49:38.000000,9.20,9.21,9.20,9.21,300
2019-01-02T14:49:39.000000,9.21,9.21,9.21,9.21,1000
2019-01-02T14:49:40.000000,9.21,9.21,9.21,9.21,3100
2019-01-02T14:49:41.000000,9.21,9.21,9.21,9.21,8800
2019-01-02T14:49:42.000000,9.21,9.21,9.21,9.21,1100
2019-01-02T14:49:43.000000,9.21,9.21,9.21,9.21,10300
2019-01-02T14:49:44.000000,9.21,9.21,9.20,9.20,0
2019-01-02T14:49:45.000000,9.21,9.21,9.20,9.21,56200
2019-01-02T14:49:46.000000,9.21,9.21,9.20,9.20,2700
2019-01-02T14:49:48.000000,9.21,9.21,9.20,9.20,3600
2019-01-02T14:49:50.000000,9.21,9.21,9.21,9.21,6800
2019-01-02T14:49:51.000000,9.21,9.21,9.21,9.21,2400
2019-01-02T14:49:52.000000,9.21,9.21,9.20,9.21,4300
2019-01-02T14:49:54.000000,9.21,9.21,9.21,9.21,0
2019-01-02T14:49:55.000000,9.21,9.21,9.20,9.21,2700
2019-01-02T14:49:56.000000,9.20,9.21,9.20,9.21,100
2019-01-02T14:49:58.000000,9.21,9.21,9.20,9.21,0
2019-01-02T14:49:59.000000,9.21,9.21,9.21,9.21,1600
2019-01-02T14:50:00.000000,9.21,9.21,9.21,9.21,10800
2019-01-02T14:50:01.000000,9.21,9.21,9.21,9.21,30000
2019-01-02T14:50:02.000000,9.21,9.21,9.20,9.21,2600
2019-01-02T14:50:03.000000,9.21,9.21,9.20,9.21,145700
2019-01-02T14:50:04.000000,9.20,9.21,9.20,9.21,0
2019-01-02T14:50:05.000000,9.21,9.21,9.21,9.21,6100
2019-01-02T14:50:06.000000,9.21,9.21,9.21,9.21,152600
2019-01-02T14:50:07.000000,9.20,9.21,9.20,9.21,0
2019-01-02T14:50:08.000000,9.21,9.21,9.20,9.20,18400
2019-01-02T14:50:09.000000,9.21,9.21,9.21,9.21,12800
2019-01-02T14:50:10.000000,9.21,9.21,9.20,9.21,19400
2019-01-02T14:50:11.000000,9.21,9.21,9.21,9.21,2300
2019-01-02T14:50:12.000000,9.21,9.21,9.21,9.21,3800
2019-01-02T14:50:13.000000,9.21,9.21,9.21,9.21,900
2019-01-02T14:50:14.000000,9.21,9.21,9.21,9.21,2600
2019-01-02T14:50:15.000000,9.21,9.21,9.21,9.21,146500
2019-01-02T14:50:16.000000,9.20,9.21,9.20,9.21,3400
2019-01-02T14:50:17.000000,9.21,9.21,9.20,9.21,200000
2019-01-02T14:50:18.000000,9.21,9.21,9.21,9.21,101300
2019-01-02T14:50:19.000000,9.21,9.21,9.21,9.21,5700
2019-01-02T14:50:20.000000,9.21,9.21,9.20,9.21,2000
2019-01-02T14:50:21.000000,9.21,9.21,9.20,9.21,152900
2019-01-02T14:50:22.000000,9.21,9.21,9.21,9.21,3100
2019-01-02T14:50:23.000000,9.21,9.21,9.20,9.20,0
2019-01-02T14:50:24.000000,9.21,9.21,9.21,9.21,81500
2019-01-02T14:50:26.000000,9.20,9.21,9.20,9.21,140300
2019-01-02T14:50:27.000000,9.21,9.21,9.21,9.21,11500
2019-01-02T14:50:28.000000,9.21,9.21,9.21,9.21,5600
2019-01-02T14:50:29.000000,9.21,9.21,9.21,9.21,5300
2019-01-02T14:50:30.000000,9.21,9.21,9.21,9.21,21100
2019-01-02T14:50:31.000000,9.21,9.21,9.21,9.21,1000
2019-01-02T14:50:32.000000,9.21,9.21,9.20,9.21,12100
2019-01-02T14:50:33.000000,9.21,9.21,9.20,9.21,500
2019-01-02T14:50:34.000000,9.21,9.21,9.20,9.21,10000
2019-01-02T14:50:35.000000,9.21,9.21,9.21,9.21,500
2019-01-02T14:50:36.000000,9.21,9.21,9.21,9.21,300
2019-01-02T14:50:37.000000,9.20,9.21,9.20,9.21,0
2019-01-02T14:50:38.000000,9.20,9.21,9.20,9.21,4000
2019-01-02T14:50:39.000000,9.21,9.21,9.20,9.21,12000
2019-01-02T14:50:40.000000,9.21,9.21,9.20,9.21,400
2019-01-02T14:50:41.000000,9.21,9.21,9.21,9.21,800
2019-01-02T14:50:42.000000,9.21,9.21,9.21,9.21,3300
2019-01-02T14:50:44.000000,9.21,9.21,9.21,9.21,2100
2019-01-02T14:50:45.000000,9.21,9.21,9.20,9.21,2100
2019-01-02T14:50:46.000000,9.21,9.21,9.21,9.21,141000
2019-01-02T14:50:47.000000,9.21,9.21,9.21,9.21,1800
2019-01-02T14:50:48.000000,9.21,9.21,9.20,9.20,2000
2019-01-02T14:50:49.000000,9.21,9.21,9.20,9.21,100
2019-01-02T14:50:50.000000,9.21,9.21,9.20,9.21,11200
2019-01-02T14:50:51.000000,9.21,9.21,9.20,9.21,11800
2019-01-02T14:50:52.000000,9.21,9.21,9.20,9.20,0
2019-01-02T14:50:55.000000,9.21,9.21,9.20,9.21,1000
2019-01-02T14:50:56.000000,9.21,9.21,9.21,9.21,31600
2019-01-02T14:50:57.000000,9.21,9.21,9.20,9.21,500
2019-01-02T14:50:58.000000,9.21,9.21,9.21,9.21,7000
2019-01-02T14:50:59.000000,9.21,9.21,9.20,9.21,2500
2019-01-02T14:51:00.000000,9.21,9.21,9.21,9.21,1600
2019-01-02T14:51:01.000000,9.20,9.21,9.20,9.21,3000
2019-01-02T14:51:02.000000,9.21,9.21,9.20,9.20,275300
2019-01-02T14:51:03.000000,9.21,9.21,9.20,9.21,1100
2019-01-02T14:51:04.000000,9.21,9.21,9.21,9.21,5400
2019-01-02T14:51:05.000000,9.20,9.21,9.20,9.21,0
2019-01-02T14:51:06.000000,9.21,9.21,9.20,9.21,10000
2019-01-02T14:51:07.000000,9.21,9.21,9.20,9.21,500
2019-01-02T14:51:08.000000,9.21,9.21,9.20,9.20,3000
2019-01-02T14:51:09.000000,9.21,9.21,9.20,9.20,8900
2019-01-02T14:51:10.000000,9.21,9.21,9.21,9.21,10000
2019-01-02T14:51:11.000000,9.21,9.21,9.20,9.20,0
2019-01-02T14:51:12.000000,9.21,9.21,9.21,9.21,10000
2019-01-02T14:51:13.000000,9.21,9.21,9.20,9.20,6100
2019-01-02T14:51:14.000000,9.21,9.21,9.20,9.21,2100
2019-01-02T14:51:15.000000,9.21,9.21,9.20,9.21,800
2019-01-02T14:51:16.000000,9.21,9.21,9.21,9.21,206400
2019-01-02T14:51:17.000000,9.21,9.21,9.20,9.21,4700
2019-01-02T14:51:18.000000,9.21,9.21,9.20,9.21,10600
2019-01-02T14:51:19.000000,9.21,9.21,9.21,9.21,1800
2019-01-02T14:51:20.000000,9.21,9.21,9.21,9.21,2200
2019-01-02T14:51:21.000000,9.21,9.21,9.21,9.21,7100
2019-01-02T14:51:22.000000,9.21,9.21,9.21,9.21,8000
2019-01-02T14:51:23.000000,9.21,9.21,9.20,9.21,2400
2019-01-02T14:51:24.000000,9.21,9.21,9.21,9.21,9500
2019-01-02T14:51:25.000000,9.21,9.21,9.20,9.21,1500
2019-01-02T14:51:26.000000,9.21,9.21,9.20,9.21,300
2019-01-02T14:51:27.000000,9.21,9.21,9.21,9.21,5800
2019-01-02T14:51:29.000000,9.21,9.21,9.20,9.21,3700
2019-01-02T14:51:30.000000,9.20,9.21,9.20,9.21,144300
2019-01-02T14:51:31.000000,9.21,9.21,9.21,9.21,6300
2019-01-02T14:51:32.000000,9.21,9.21,9.21,9.21,1400
2019-01-02T14:51:33.000000,9.20,9.21,9.20,9.21,141000
2019-01-02T14:51:34.000000,9.21,9.21,9.21,9.21,1200
2019-01-02T14:51:35.000000,9.21,9.21,9.20,9.21,9800
2019-01-02T14:51:36.000000,9.21,9.21,9.20,9.20,0
2019-01-02T14:51:37.000000,9.21,9.21,9.20,9.20,500
2019-01-02T14:51:38.000000,9.20,9.21,9.20,9.21,5100
2019-01-02T14:51:39.000000,9.21,9.21,9.21,9.21,148300
2019-01-02T14:51:40.000000,9.21,9.21,9.20,9.21,6300
2019-01-02T14:51:41.000000,9.21,9.21,9.20,9.21,6900
2019-01-02T14:51:42.000000,9.21,9.21,9.21,9.21,4000
2019-01-02T14:51:43.000000,9.21,9.21,9.20,9.21,10700
2019-01-02T14:51:44.000000,9.21,9.21,9.21,9.21,17700
2019-01-02T14:51:45.000000,9.21,9.21,9.21,9.21,147100
2019-01-02T14:51:46.000000,9.21,9.21,9.21,9.21,25500
2019-01-02T14:51:48.000000,9.21,9.21,9.21,9.21,4500
2019-01-02T14:51:49.000000,9.21,9.21,9.20,9.21,1600
2019-01-02T14:51:50.000000,9.20,9.21,9.20,9.21,100
2019-01-02T14:51:51.000000,9.20,9.21,9.20,9.21,29200
2019-01-02T14:51:52.000000,9.21,9.21,9.21,9.21,5800
2019-01-02T14:51:53.000000,9.20,9.21,9.20,9.21,6000
2019-01-02T14:51:54.000000,9.20,9.21,9.20,9.21,144400
2019-01-02T14:51:55.000000,9.21,9.21,9.20,9.21,2400
2019-01-02T14:51:56.000000,9.21,9.21,9.21,9.21,1400
2019-01-02T14:51:57.000000,9.21,9.21,9.20,9.21,143700
2019-01-02T14:51:58.000000,9.21,9.21,9.20,9.21,11500
2019-01-02T14:52:00.000000,9.21,9.21,9.21,9.21,1600
2019-01-02T14:52:01.000000,9.21,9.21,9.20,9.20,1800
2019-01-02T14:52:02.000000,9.21,9.21,9.20,9.21,3400
2019-01-02T14:52:03.000000,9.21,9.21,9.21,9.21,3700
2019-01-02T14:52:04.000000,9.20,9.21,9.20,9.21,8600
2019-01-02T14:52:05.000000,9.20,9.21,9.20,9.21,2300
2019-01-02T14:52:06.000000,9.21,9.21,9.21,9.21,35500
2019-01-02T14:52:07.000000,9.21,9.21,9.21,9.21,2500
2019-01-02T14:52:08.000000,9.21,9.21,9.20,9.20,13700
2019-01-02T14:52:09.000000,9.21,9.21,9.20,9.21,4600
2019-01-02T14:52:10.000000,9.21,9.21,9.20,9.21,4300
2019-01-02T14:52:11.000000,9.21,9.21,9.21,9.21,3200
2019-01-02T14:52:12.000000,9.20,9.21,9.20,9.20,9600
2019-01-02T14:52:13.000000,9.20,9.21,9.20,9.21,600
2019-01-02T14:52:14.000000,9.21,9.21,9.20,9.20,1500
2019-01-02T14:52:15.000000,9.21,9.21,9.21,9.21,141100
2019-01-02T14:52:16.000000,9.21,9.21,9.21,9.21,10500
2019-01-02T14:52:17.000000,9.21,9.21,9.21,9.21,1400
2019-01-02T14:52:18.000000,9.21,9.21,9.20,9.21,147700
2019-01-02T14:52:19.000000,9.21,9.21,9.20,9.21,2100
2019-01-02T14:52:20.000000,9.21,9.21,9.20,9.21,1000
2019-01-02T14:52:21.000000,9.21,9.21,9.21,9.21,1500
2019-01-02T14:52:22.000000,9.21,9.21,9.21,9.21,6800
2019-01-02T14:52:23.000000,9.21,9.21,9.20,9.21,3100
2019-01-02T14:52:24.000000,9.21,9.21,9.20,9.21,16200
2019-01-02T14:52:25.000000,9.21,9.21,9.20,9.21,2400
2019-01-02T14:52:26.000000,9.21,9.21,9.21,9.21,9000
2019-01-02T14:52:27.000000,9.21,9.21,9.20,9.21,21000
2019-01-02T14:52:28.000000,9.21,9.21,9.20,9.20,600
2019-01-02T14:52:30.000000,9.21,9.21,9.21,9.21,8000
2019-01-02T14:52:31.000000,9.21,9.21,9.20,9.20,74900
2019-01-02T14:52:32.000000,9.21,9.21,9.21,9.21,4300
2019-01-02T14:52:33.000000,9.21,9.21,9.21,9.21,3900
2019-01-02T14:52:34.000000,9.21,9.21,9.20,9.20,7800
2019-01-02T14:52:35.000000,9.21,9.21,9.21,9.21,2100
2019-01-02T14:52:36.000000,9.21,9.21,9.21,9.21,5000
2019-01-02T14:52:37.000000,9.21,9.21,9.20,9.21,3500
2019-01-02T14:52:38.000000,9.21,9.21,9.20,9.21,1200
2019-01-02T14:52:39.000000,9.20,9.21,9.20,9.21,1100
2019-01-02T14:52:40.000000,9.21,9.21,9.20,9.20,0
2019-01-02T14:52:41.000000,9.21,9.21,9.20,9.20,0
2019-01-02T14:52:42.000000,9.21,9.21,9.20,9.20,142200
2019-01-02T14:52:43.000000,9.21,9.21,9.20,9.21,15700
2019-01-02T14:52:44.000000,9.21,9.21,9.20,9.21,1300
2019-01-02T14:52:45.000000,9.21,9.21,9.20,9.21,2300
2019-01-02T14:52:46.000000,9.21,9.21,9.21,9.21,43700
2019-01-02T14:52:47.000000,9.20,9.21,9.20,9.20,0
2019-01-02T14:52:48.000000,9.21,9.21,9.20,9.20,190400
2019-01-02T14:52:49.000000,9.21,9.21,9.21,9.21,2700
2019-01-02T14:52:50.000000,9.21,9.21,9.20,9.21,1300
2019-01-02T14:52:51.000000,9.21,9.21,9.20,9.21,3600
2019-01-02T14:52:52.000000,9.21,9.21,9.21,9.21,1600
2019-01-02T14:52:53.000000,9.21,9.21,9.21,9.21,4100
2019-01-02T14:52:54.000000,9.21,9.21,9.21,9.21,7000
2019-01-02T14:52:55.000000,9.21,9.21,9.20,9.21,2000
2019-01-02T14:52:56.000000,9.21,9.21,9.21,9.21,4500
2019-01-02T14:52:57.000000,9.21,9.21,9.21,9.21,3400
2019-01-02T14:52:58.000000,9.21,9.21,9.20,9.20,4300
2019-01-02T14:52:59.000000,9.21,9.21,9.20,9.21,15900
2019-01-02T14:53:00.000000,9.21,9.21,9.20,9.21,2100
2019-01-02T14:53:02.000000,9.21,9.21,9.20,9.21,4900
2019-01-02T14:53:03.000000,9.20,9.21,9.20,9.21,3700
2019-01-02T14:53:04.000000,9.21,9.21,9.20,9.21,3200
2019-01-02T14:53:05.000000,9.21,9.21,9.20,9.21,1000
2019-01-02T14:53:06.000000,9.21,9.21,9.21,9.21,287700
2019-01-02T14:53:07.000000,9.21,9.21,9.20,9.21,5500
2019-01-02T14:53:08.000000,9.21,9.21,9.20,9.20,1000
2019-01-02T14:53:09.000000,9.21,9.21,9.21,9.21,2600
2019-01-02T14:53:10.000000,9.20,9.21,9.20,9.21,0
2019-01-02T14:53:11.000000,9.21,9.21,9.21,9.21,4100
2019-01-02T14:53:12.000000,9.21,9.21,9.21,9.21,13600
2019-01-02T14:53:13.000000,9.21,9.21,9.21,9.21,1600
2019-01-02T14:53:14.000000,9.21,9.21,9.20,9.21,5100
2019-01-02T14:53:15.000000,9.21,9.21,9.20,9.21,900
2019-01-02T14:53:16.000000,9.21,9.21,9.21,9.21,4500
2019-01-02T14:53:17.000000,9.20,9.21,9.20,9.20,400
2019-01-02T14:53:18.000000,9.21,9.21,9.21,9.21,1700
2019-01-02T14:53:19.000000,9.20,9.21,9.20,9.21,1100
2019-01-02T14:53:20.000000,9.21,9.21,9.21,9.21,2100
2019-01-02T14:53:21.000000,9.21,9.21,9.21,9.21,3800
2019-01-02T14:53:22.000000,9.21,9.21,9.21,9.21,2600
2019-01-02T14:53:23.000000,9.21,9.21,9.20,9.21,2500
2019-01-02T14:53:24.000000,9.21,9.21,9.20,9.21,1800
2019-01-02T14:53:25.000000,9.21,9.21,9.21,9.21,1200
2019-01-02T14:53:26.000000,9.21,9.21,9.21,9.21,13100
2019-01-02T14:53:27.000000,9.21,9.21,9.20,9.21,4900
2019-01-02T14:53:28.000000,9.21,9.21,9.21,9.21,26600
2019-01-02T14:53:29.000000,9.21,9.21,9.20,9.21,4000
2019-01-02T14:53:30.000000,9.21,9.21,9.20,9.20,3200
2019-01-02T14:53:31.000000,9.21,9.21,9.20,9.21,2700
2019-01-02T14:53:32.000000,9.21,9.21,9.21,9.21,8000
2019-01-02T14:53:33.000000,9.21,9.21,9.20,9.21,15600
2019-01-02T14:53:34.000000,9.21,9.21,9.21,9.21,7400
2019-01-02T14:53:35.000000,9.21,9.21,9.21,9.21,1900
2019-01-02T14:53:36.000000,9.21,9.21,9.20,9.20,1000
2019-01-02T14:53:37.000000,9.21,9.21,9.21,9.21,30800
2019-01-02T14:53:38.000000,9.21,9.21,9.20,9.21,3800
2019-01-02T14:53:39.000000,9.21,9.21,9.20,9.21,2500
2019-01-02T14:53:40.000000,9.21,9.21,9.20,9.21,4200
2019-01-02T14:53:41.000000,9.21,9.21,9.20,9.21,1500
2019-01-02T14:53:43.000000,9.20,9.21,9.20,9.21,21800
2019-01-02T14:53:44.000000,9.20,9.21,9.20,9.21,20000
2019-01-02T14:53:45.000000,9.21,9.21,9.20,9.21,8900
2019-01-02T14:53:46.000000,9.21,9.21,9.20,9.21,12700
2019-01-02T14:53:47.000000,9.21,9.21,9.20,9.21,1000
2019-01-02T14:53:48.000000,9.21,9.21,9.20,9.21,2400
2019-01-02T14:53:49.000000,9.21,9.21,9.20,9.21,1000
2019-01-02T14:53:50.000000,9.21,9.21,9.21,9.21,18200
2019-01-02T14:53:51.000000,9.21,9.21,9.20,9.21,24200
2019-01-02T14:53:52.000000,9.21,9.21,9.20,9.21,1200
2019-01-02T14:53:53.000000,9.21,9.21,9.20,9.21,3500
2019-01-02T14:53:54.000000,9.21,9.21,9.21,9.21,100
2019-01-02T14:53:55.000000,9.21,9.21,9.21,9.21,3000
2019-01-02T14:53:56.000000,9.21,9.21,9.20,9.21,3200
2019-01-02T14:53:57.000000,9.21,9.21,9.20,9.21,13100
2019-01-02T14:53:58.000000,9.21,9.21,9.20,9.21,5100
2019-01-02T14:53:59.000000,9.21,9.21,9.20,9.21,11500
2019-01-02T14:54:00.000000,9.21,9.21,9.21,9.21,26900
2019-01-02T14:54:01.000000,9.21,9.21,9.20,9.21,3200
2019-01-02T14:54:02.000000,9.21,9.21,9.20,9.21,3100
2019-01-02T14:54:03.000000,9.21,9.21,9.20,9.21,5700
2019-01-02T14:54:04.000000,9.20,9.21,9.20,9.21,2600
2019-01-02T14:54:05.000000,9.21,9.21,9.20,9.21,2000
2019-01-02T14:54:06.000000,9.21,9.21,9.20,9.20,1000
2019-01-02T14:54:07.000000,9.21,9.21,9.21,9.21,500
2019-01-02T14:54:08.000000,9.21,9.21,9.20,9.21,16400
2019-01-02T14:54:09.000000,9.21,9.21,9.21,9.21,500
2019-01-02T14:54:10.000000,9.21,9.21,9.21,9.21,2000
2019-01-02T14:54:11.000000,9.21,9.21,9.20,9.21,25800
2019-01-02T14:54:12.000000,9.21,9.21,9.20,9.21,24200
2019-01-02T14:54:13.000000,9.21,9.21,9.20,9.21,8200
2019-01-02T14:54:14.000000,9.21,9.21,9.20,9.21,1900
2019-01-02T14:54:15.000000,9.20,9.21,9.20,9.21,7800
2019-01-02T14:54:16.000000,9.20,9.21,9.20,9.21,2500
2019-01-02T14:54:17.000000,9.21,9.21,9.20,9.21,14400
2019-01-02T14:54:18.000000,9.21,9.21,9.21,9.21,4500
2019-01-02T14:54:19.000000,9.21,9.21,9.20,9.20,3500
2019-01-02T14:54:20.000000,9.21,9.21,9.21,9.21,15400
2019-01-02T14:54:22.000000,9.21,9.21,9.20,9.21,4200
2019-01-02T14:54:23.000000,9.21,9.21,9.20,9.21,9700
2019-01-02T14:54:24.000000,9.21,9.21,9.20,9.21,14100
2019-01-02T14:54:25.000000,9.21,9.21,9.20,9.20,11400
2019-01-02T14:54:26.000000,9.21,9.21,9.20,9.21,5000
2019-01-02T14:54:27.000000,9.20,9.21,9.20,9.21,2300
2019-01-02T14:54:28.000000,9.21,9.21,9.20,9.20,3900
2019-01-02T14:54:29.000000,9.21,9.21,9.21,9.21,6600
2019-01-02T14:54:30.000000,9.21,9.21,9.20,9.20,3200
2019-01-02T14:54:31.000000,9.21,9.21,9.21,9.21,8000
2019-01-02T14:54:32.000000,9.21,9.21,9.21,9.21,4700
2019-01-02T14:54:33.000000,9.21,9.21,9.21,9.21,14200
2019-01-02T14:54:34.000000,9.21,9.21,9.21,9.21,14600
2019-01-02T14:54:35.000000,9.21,9.21,9.21,9.21,8000
2019-01-02T14:54:36.000000,9.21,9.21,9.21,9.21,11000
2019-01-02T14:54:37.000000,9.20,9.21,9.20,9.21,15000
2019-01-02T14:54:38.000000,9.21,9.21,9.20,9.21,2000
2019-01-02T14:54:39.000000,9.20,9.21,9.20,9.21,500
2019-01-02T14:54:40.000000,9.21,9.21,9.21,9.21,2900
2019-01-02T14:54:41.000000,9.21,9.21,9.20,9.20,0
2019-01-02T14:54:42.000000,9.20,9.21,9.20,9.21,1700
2019-01-02T14:54:43.000000,9.21,9.21,9.21,9.21,200
2019-01-02T14:54:44.000000,9.21,9.21,9.20,9.20,3000
2019-01-02T14:54:45.000000,9.21,9.21,9.20,9.21,6700
2019-01-02T14:54:46.000000,9.21,9.21,9.20,9.21,500
2019-01-02T14:54:47.000000,9.21,9.21,9.21,9.21,10100
2019-01-02T14:54:48.000000,9.21,9.21,9.20,9.21,5000
2019-01-02T14:54:49.000000,9.20,9.21,9.20,9.21,4000
2019-01-02T14:54:50.000000,9.21,9.21,9.21,9.21,3100
2019-01-02T14:54:51.000000,9.21,9.21,9.20,9.21,152000
2019-01-02T14:54:52.000000,9.21,9.21,9.20,9.21,1600
2019-01-02T14:54:53.000000,9.21,9.21,9.21,9.21,3200
2019-01-02T14:54:54.000000,9.21,9.21,9.21,9.21,3700
2019-01-02T14:54:55.000000,9.21,9.21,9.21,9.21,2800
2019-01-02T14:54:56.000000,9.21,9.21,9.20,9.20,0
2019-01-02T14:54:57.000000,9.21,9.21,9.20,9.20,10000
2019-01-02T14:54:58.000000,9.21,9.21,9.20,9.20,1800
2019-01-02T14:54:59.000000,9.21,9.21,9.21,9.21,12200
2019-01-02T14:55:00.000000,9.21,9.21,9.21,9.21,13200
2019-01-02T14:55:01.000000,9.21,9.21,9.20,9.20,3000
2019-01-02T14:55:02.000000,9.20,9.21,9.20,9.21,4000
2019-01-02T14:55:03.000000,9.21,9.21,9.20,9.20,141500
2019-01-02T14:55:04.000000,9.21,9.21,9.20,9.21,1400
2019-01-02T14:55:05.000000,9.21,9.21,9.20,9.21,2000
2019-01-02T14:55:06.000000,9.20,9.21,9.20,9.21,100
2019-01-02T14:55:07.000000,9.21,9.21,9.20,9.21,5000
2019-01-02T14:55:08.000000,9.21,9.21,9.20,9.21,8600
2019-01-02T14:55:09.000000,9.21,9.21,9.20,9.21,4500
2019-01-02T14:55:10.000000,9.21,9.21,9.21,9.21,1400
2019-01-02T14:55:11.000000,9.20,9.21,9.20,9.21,1000
2019-01-02T14:55:12.000000,9.21,9.21,9.20,9.20,2500
2019-01-02T14:55:13.000000,9.21,9.21,9.21,9.21,3600
2019-01-02T14:55:14.000000,9.21,9.21,9.21,9.21,11100
2019-01-02T14:55:15.000000,9.20,9.21,9.20,9.21,5100
2019-01-02T14:55:16.000000,9.20,9.21,9.20,9.21,2000
2019-01-02T14:55:17.000000,9.21,9.21,9.21,9.21,9000
2019-01-02T14:55:18.000000,9.21,9.21,9.21,9.21,5100
2019-01-02T14:55:19.000000,9.21,9.21,9.20,9.21,14600
2019-01-02T14:55:20.000000,9.21,9.21,9.20,9.21,76500
2019-01-02T14:55:21.000000,9.21,9.21,9.21,9.21,2000
2019-01-02T14:55:22.000000,9.21,9.21,9.21,9.21,4800
2019-01-02T14:55:23.000000,9.20,9.21,9.20,9.21,500
2019-01-02T14:55:24.000000,9.21,9.21,9.20,9.20,62300
2019-01-02T14:55:25.000000,9.21,9.21,9.20,9.20,1000
2019-01-02T14:55:26.000000,9.21,9.21,9.21,9.21,5800
2019-01-02T14:55:27.000000,9.21,9.21,9.20,9.21,3800
2019-01-02T14:55:28.000000,9.21,9.21,9.21,9.21,500
2019-01-02T14:55:29.000000,9.21,9.21,9.21,9.21,4000
2019-01-02T14:55:30.000000,9.21,9.21,9.20,9.20,0
2019-01-02T14:55:31.000000,9.21,9.21,9.20,9.20,8400
2019-01-02T14:55:32.000000,9.21,9.21,9.20,9.21,300
2019-01-02T14:55:33.000000,9.21,9.21,9.21,9.21,500
2019-01-02T14:55:34.000000,9.20,9.21,9.20,9.21,3700
2019-01-02T14:55:35.000000,9.21,9.21,9.20,9.20,0
2019-01-02T14:55:36.000000,9.21,9.21,9.21,9.21,6800
2019-01-02T14:55:37.000000,9.21,9.21,9.21,9.21,9600
2019-01-02T14:55:38.000000,9.21,9.21,9.21,9.21,4100
2019-01-02T14:55:39.000000,9.21,9.21,9.20,9.21,3100
2019-01-02T14:55:40.000000,9.21,9.21,9.20,9.21,2700
2019-01-02T14:55:41.000000,9.21,9.21,9.20,9.21,1700
2019-01-02T14:55:42.000000,9.21,9.21,9.21,9.21,12900
2019-01-02T14:55:43.000000,9.21,9.21,9.20,9.21,12400
2019-01-02T14:55:44.000000,9.21,9.21,9.21,9.21,2000
2019-01-02T14:55:45.000000,9.21,9.21,9.20,9.21,500
2019-01-02T14:55:46.000000,9.21,9.21,9.21,9.21,3000
2019-01-02T14:55:47.000000,9.21,9.21,9.20,9.21,1500
2019-01-02T14:55:48.000000,9.21,9.21,9.20,9.21,1400
2019-01-02T14:55:49.000000,9.21,9.21,9.20,9.21,6200
2019-01-02T14:55:50.000000,9.21,9.21,9.21,9.21,3400
2019-01-02T14:55:51.000000,9.21,9.21,9.20,9.20,1000
2019-01-02T14:55:52.000000,9.21,9.21,9.21,9.21,800
2019-01-02T14:55:53.000000,9.20,9.21,9.20,9.21,5400
2019-01-02T14:55:54.000000,9.21,9.21,9.20,9.21,4000
2019-01-02T14:55:55.000000,9.21,9.21,9.21,9.21,6000
2019-01-02T14:55:56.000000,9.21,9.21,9.21,9.21,600
2019-01-02T14:55:57.000000,9.21,9.21,9.20,9.21,4200
2019-01-02T14:55:58.000000,9.21,9.21,9.20,9.21,5300
2019-01-02T14:55:59.000000,9.21,9.21,9.20,9.20,4000
2019-01-02T14:56:00.000000,9.21,9.21,9.20,9.21,4400
2019-01-02T14:56:01.000000,9.20,9.21,9.20,9.21,25300
2019-01-02T14:56:02.000000,9.21,9.21,9.20,9.21,5000
2019-01-02T14:56:03.000000,9.21,9.21,9.21,9.21,14900
2019-01-02T14:56:04.000000,9.21,9.21,9.20,9.21,500
2019-01-02T14:56:05.000000,9.21,9.21,9.21,9.21,5800
2019-01-02T14:56:06.000000,9.21,9.21,9.20,9.21,4100
2019-01-02T14:56:07.000000,9.21,9.21,9.20,9.21,16800
2019-01-02T14:56:08.000000,9.21,9.21,9.21,9.21,100
2019-01-02T14:56:09.000000,9.21,9.21,9.21,9.21,39000
2019-01-02T14:56:10.000000,9.21,9.21,9.20,9.21,400
2019-01-02T14:56:11.000000,9.20,9.21,9.20,9.21,1100
2019-01-02T14:56:12.000000,9.21,9.21,9.20,9.21,2500
2019-01-02T14:56:13.000000,9.20,9.21,9.20,9.21,1100
2019-01-02T14:56:14.000000,9.21,9.21,9.21,9.21,6800
2019-01-02T14:56:15.000000,9.21,9.21,9.20,9.21,5300
2019-01-02T14:56:16.000000,9.21,9.21,9.20,9.21,8700
2019-01-02T14:56:17.000000,9.20,9.21,9.20,9.21,0
2019-01-02T14:56:18.000000,9.21,9.21,9.20,9.21,9600
2019-01-02T14:56:19.000000,9.21,9.21,9.20,9.21,800
2019-01-02T14:56:20.000000,9.20,9.21,9.20,9.21,3700
2019-01-02T14:56:21.000000,9.21,9.21,9.20,9.21,3300
2019-01-02T14:56:22.000000,9.21,9.21,9.21,9.21,1300
2019-01-02T14:56:23.000000,9.21,9.21,9.20,9.21,2600
2019-01-02T14:56:24.000000,9.21,9.21,9.20,9.21,4400
2019-01-02T14:56:25.000000,9.21,9.21,9.20,9.20,3500
2019-01-02T14:56:26.000000,9.21,9.21,9.21,9.21,17400
2019-01-02T14:56:27.000000,9.21,9.21,9.21,9.21,6500
2019-01-02T14:56:28.000000,9.20,9.21,9.20,9.21,7300
2019-01-02T14:56:29.000000,9.21,9.21,9.20,9.21,1200
2019-01-02T14:56:30.000000,9.21,9.21,9.20,9.21,1400
2019-01-02T14:56:31.000000,9.21,9.21,9.21,9.21,3500
2019-01-02T14:56:32.000000,9.21,9.21,9.20,9.21,23600
2019-01-02T14:56:33.000000,9.21,9.21,9.20,9.20,2400
2019-01-02T14:56:34.000000,9.20,9.21,9.20,9.21,3100
2019-01-02T14:56:35.000000,9.21,9.21,9.21,9.21,5000
2019-01-02T14:56:36.000000,9.21,9.21,9.20,9.21,59400
2019-01-02T14:56:37.000000,9.21,9.21,9.20,9.21,7400
2019-01-02T14:56:38.000000,9.20,9.21,9.20,9.21,5000
2019-01-02T14:56:39.000000,9.21,9.21,9.20,9.21,7400
2019-01-02T14:56:40.000000,9.21,9.21,9.21,9.21,5100
2019-01-02T14:56:41.000000,9.21,9.21,9.20,9.21,90500
2019-01-02T14:56:42.000000,9.21,9.21,9.21,9.21,900
2019-01-02T14:56:43.000000,9.21,9.21,9.20,9.20,3700
2019-01-02T14:56:44.000000,9.21,9.21,9.20,9.21,2400
2019-01-02T14:56:45.000000,9.21,9.21,9.20,9.21,141100
2019-01-02T14:56:46.000000,9.20,9.21,9.20,9.20,3800
2019-01-02T14:56:47.000000,9.21,9.21,9.21,9.21,8600
2019-01-02T14:56:48.000000,9.21,9.21,9.21,9.21,144500
2019-01-02T14:56:49.000000,9.21,9.21,9.20,9.21,5233
2019-01-02T14:56:50.000000,9.21,9.21,9.20,9.21,9800
2019-01-02T14:56:51.000000,9.21,9.21,9.20,9.21,3700
2019-01-02T14:56:52.000000,9.21,9.21,9.20,9.20,600
2019-01-02T14:56:53.000000,9.21,9.21,9.21,9.21,5300
2019-01-02T14:56:54.000000,9.21,9.21,9.21,9.21,2000
2019-01-02T14:56:55.000000,9.20,9.21,9.20,9.21,100
2019-01-02T14:56:56.000000,9.21,9.21,9.21,9.21,13700
2019-01-02T14:56:57.000000,9.21,9.21,9.20,9.21,12200
2019-01-02T14:56:58.000000,9.21,9.21,9.20,9.21,4300
2019-01-02T14:56:59.000000,9.21,9.21,9.21,9.21,9800
