日期,股票代码,开盘,收盘,最高,最低,成交量,成交额,振幅,涨跌幅,涨跌额,换手率
1991-04-03,000001,49.0,49.0,49.0,49.0,1,5000.0,0.0,22.5,9.0,0.0
1991-04-04,000001,48.76,48.76,48.76,48.76,3,15000.0,0.0,-0.49,-0.24,0.0
1991-04-05,000001,48.52,48.52,48.52,48.52,2,10000.0,0.0,-0.49,-0.24,0.0
1991-04-06,000001,48.28,48.28,48.28,48.28,7,34000.0,0.0,-0.49,-0.24,0.0
1991-04-08,000001,48.04,48.04,48.04,48.04,2,10000.0,0.0,-0.5,-0.24,0.0
1991-04-09,000001,47.8,47.8,47.8,47.8,4,19000.0,0.0,-0.5,-0.24,0.0
1991-04-10,000001,47.56,47.56,47.56,47.56,15,71000.0,0.0,-0.5,-0.24,0.0
1991-04-12,000001,47.08,47.08,47.08,47.08,8,38000.0,0.0,-1.01,-0.48,0.0
1991-04-13,000001,46.84,46.84,46.84,46.84,5,23000.0,0.0,-0.51,-0.24,0.0
1991-04-16,000001,46.38,46.38,46.38,46.38,2,9000.0,0.0,-0.98,-0.46,0.0
1991-04-17,000001,46.15,46.15,46.15,46.15,1,4615.0,0.0,-0.5,-0.23,0.0
1991-04-18,000001,45.92,45.92,45.92,45.92,4,18000.0,0.0,-0.5,-0.23,0.0
1991-04-19,000001,45.69,45.69,45.69,45.69,2,9000.0,0.0,-0.5,-0.23,0.0
1991-04-20,000001,45.46,45.46,45.46,45.46,5,23000.0,0.0,-0.5,-0.23,0.0
1991-04-23,000001,45.0,45.0,45.0,45.0,28,126000.0,0.0,-1.01,-0.46,0.01
1991-04-24,000001,44.78,44.78,44.78,44.78,16,72000.0,0.0,-0.49,-0.22,0.0
1991-04-25,000001,44.56,44.56,44.56,44.56,15,67000.0,0.0,-0.49,-0.22,0.0
1991-04-26,000001,44.34,44.34,44.34,44.34,8,35000.0,0.0,-0.49,-0.22,0.0
1991-04-29,000001,43.9,43.9,43.9,43.9,4,17000.0,0.0,-0.99,-0.44,0.0
1991-04-30,000001,43.68,43.68,43.68,43.68,2,9000.0,0.0,-0.5,-0.22,0.0
1991-05-02,000001,61.14,61.14,61.14,61.14,2,9000.0,0.0,39.97,17.46,0.0
1991-05-03,000001,60.84,60.84,60.84,60.84,3,13000.0,0.0,-0.49,-0.3,0.0
1991-05-04,000001,60.53,60.53,60.53,60.53,2,9000.0,0.0,-0.51,-0.31,0.0
1991-05-06,000001,60.53,60.53,60.53,60.53,9,38520.0,0.0,0.0,0.0,0.0
1991-05-07,000001,59.93,59.93,59.93,59.93,2,8518.0,0.0,-0.99,-0.6,0.0
1991-05-08,000001,59.63,59.63,59.63,59.63,109,462000.0,0.0,-0.5,-0.3,0.03
1991-05-09,000001,59.34,59.34,59.34,59.34,15,63000.0,0.0,-0.49,-0.29,0.0
1991-05-10,000001,59.04,59.04,59.04,59.04,20,84000.0,0.0,-0.51,-0.3,0.01
1991-05-11,000001,58.75,58.75,58.75,58.75,6,25000.0,0.0,-0.49,-0.29,0.0
1991-05-13,000001,58.46,58.46,58.46,58.46,19,79000.0,0.0,-0.49,-0.29,0.01
1991-05-14,000001,58.16,58.16,58.16,58.16,55,227000.0,0.0,-0.51,-0.3,0.01
1991-05-15,000001,57.87,57.87,57.87,57.87,387,1591000.0,0.0,-0.5,-0.29,0.1
1991-05-16,000001,57.57,57.57,57.57,57.57,493,2017000.0,0.0,-0.52,-0.3,0.13
1991-05-17,000001,57.29,57.29,57.29,57.29,419,1706000.0,0.0,-0.49,-0.28,0.11
1991-05-18,000001,57.01,57.01,57.01,57.01,110,446000.0,0.0,-0.49,-0.28,0.03
1991-05-20,000001,56.73,56.73,56.73,56.73,51,205000.0,0.0,-0.49,-0.28,0.01
1991-05-21,000001,56.45,56.45,56.45,56.45,63,253000.0,0.0,-0.49,-0.28,0.02
1991-05-22,000001,56.17,56.17,56.17,56.17,43,171000.0,0.0,-0.5,-0.28,0.01
1991-05-23,000001,55.89,55.89,55.89,55.89,17,67000.0,0.0,-0.5,-0.28,0.0
1991-05-24,000001,55.61,55.61,55.61,55.61,3,12000.0,0.0,-0.5,-0.28,0.0
1991-05-27,000001,55.05,55.05,55.05,55.05,5,19000.0,0.0,-1.01,-0.56,0.0
1991-05-28,000001,54.77,54.77,54.77,54.77,3,12000.0,0.0,-0.51,-0.28,0.0
1991-05-29,000001,54.51,54.51,54.51,54.51,36,139000.0,0.0,-0.47,-0.26,0.01
1991-05-30,000001,54.24,54.24,54.24,54.24,14,54000.0,0.0,-0.5,-0.27,0.0
1991-05-31,000001,53.98,53.98,53.98,53.98,1,4000.0,0.0,-0.48,-0.26,0.0
1991-06-01,000001,54.24,54.24,54.24,54.24,10,38000.0,0.0,0.48,0.26,0.0
1991-06-03,000001,53.44,53.44,53.44,53.44,7,26000.0,0.0,-1.47,-0.8,0.0
1991-06-04,000001,53.18,53.18,53.18,53.18,1,3777.0,0.0,-0.49,-0.26,0.0
1991-06-06,000001,52.65,52.65,52.65,52.65,4,15000.0,0.0,-1.0,-0.53,0.0
1991-06-07,000001,52.38,52.38,52.38,52.38,1,3720.0,0.0,-0.51,-0.27,0.0
1991-06-08,000001,52.11,52.11,52.11,52.11,6,22000.0,0.0,-0.52,-0.27,0.0
1991-06-10,000001,51.85,51.85,51.85,51.85,15,55000.0,0.0,-0.5,-0.26,0.0
1991-06-11,000001,51.6,51.6,51.6,51.6,12,44000.0,0.0,-0.48,-0.25,0.0
1991-06-12,000001,51.34,51.34,51.34,51.34,15,55000.0,0.0,-0.5,-0.26,0.0
1991-06-13,000001,51.09,51.09,51.09,51.09,34,123000.0,0.0,-0.49,-0.25,0.01
1991-06-14,000001,50.84,50.84,50.84,50.84,7,25000.0,0.0,-0.49,-0.25,0.0
1991-06-15,000001,50.59,50.59,50.59,50.59,27,97000.0,0.0,-0.49,-0.25,0.01
1991-06-17,000001,50.34,50.34,50.34,50.34,5,18000.0,0.0,-0.49,-0.25,0.0
1991-06-18,000001,50.08,50.08,50.08,50.08,10,35000.0,0.0,-0.52,-0.26,0.0
1991-06-19,000001,49.83,49.83,49.83,49.83,57,202000.0,0.0,-0.5,-0.25,0.02
1991-06-20,000001,49.58,49.58,49.58,49.58,30,105000.0,0.0,-0.5,-0.25,0.01
1991-06-21,000001,49.33,49.33,49.33,49.33,2,7000.0,0.0,-0.5,-0.25,0.0
1991-06-22,000001,49.08,49.08,49.08,49.08,16,56000.0,0.0,-0.51,-0.25,0.0
1991-06-24,000001,48.84,48.84,48.84,48.84,25,87000.0,0.0,-0.49,-0.24,0.01
1991-06-25,000001,48.6,48.6,48.6,48.6,12,41000.0,0.0,-0.49,-0.24,0.0
1991-06-26,000001,48.36,48.36,48.36,48.36,4,14000.0,0.0,-0.49,-0.24,0.0
1991-06-27,000001,48.12,48.12,48.12,48.12,4,14000.0,0.0,-0.5,-0.24,0.0
1991-06-28,000001,47.89,47.89,47.89,47.89,2,7000.0,0.0,-0.48,-0.23,0.0
1991-07-01,000001,47.41,47.41,47.41,47.41,2,7000.0,0.0,-1.0,-0.48,0.0
1991-07-02,000001,47.17,47.17,47.17,47.17,2,7000.0,0.0,-0.51,-0.24,0.0
1991-07-04,000001,46.7,46.7,46.7,46.7,11,36000.0,0.0,-1.0,-0.47,0.0
1991-07-05,000001,46.46,46.46,46.46,46.46,2,6594.0,0.0,-0.51,-0.24,0.0
1991-07-06,000001,46.23,46.23,46.23,46.23,1,3000.0,0.0,-0.5,-0.23,0.0
1991-07-08,000001,46.01,46.01,46.01,46.01,9,29000.0,0.0,-0.48,-0.22,0.0
1991-07-10,000001,45.56,45.56,45.56,45.56,6,19000.0,0.0,-0.98,-0.45,0.0
1991-07-11,000001,45.34,45.34,45.34,45.34,1,3217.0,0.0,-0.48,-0.22,0.0
1991-07-15,000001,44.67,44.67,44.67,44.67,4,13000.0,0.0,-1.48,-0.67,0.0
1991-07-19,000001,43.77,43.77,43.77,43.77,1,3000.0,0.0,-2.01,-0.9,0.0
1991-07-20,000001,43.55,43.55,43.55,43.55,2,6000.0,0.0,-0.5,-0.22,0.0
1991-07-24,000001,42.92,42.92,42.92,42.92,2,6000.0,0.0,-1.45,-0.63,0.0
1991-07-26,000001,42.5,42.5,42.5,42.5,3,9000.0,0.0,-0.98,-0.42,0.0
1991-07-29,000001,42.08,42.08,42.08,42.08,7,21000.0,0.0,-0.99,-0.42,0.0
1991-07-30,000001,41.87,41.87,41.87,41.87,7,21000.0,0.0,-0.5,-0.21,0.0
1991-07-31,000001,41.66,41.66,41.66,41.66,1,3000.0,0.0,-0.5,-0.21,0.0
1991-08-01,000001,41.45,41.45,41.45,41.45,7,20000.0,0.0,-0.5,-0.21,0.0
1991-08-02,000001,41.24,41.24,41.24,41.24,1,3000.0,0.0,-0.51,-0.21,0.0
1991-08-17,000001,21.3,22.42,22.42,20.95,328,499000.0,3.56,-45.64,-18.82,0.07
1991-08-19,000001,22.7,23.12,23.12,22.42,3100,4983000.0,3.12,3.12,0.7,0.64
1991-08-20,000001,23.12,22.35,23.12,22.28,1969,3135000.0,3.63,-3.33,-0.77,0.41
1991-08-21,000001,22.35,22.07,22.35,21.72,3431,5300000.0,2.82,-1.25,-0.28,0.71
1991-08-22,000001,22.07,21.16,22.07,21.16,2841,4298000.0,4.12,-4.12,-0.91,0.59
1991-08-23,000001,21.16,21.3,21.51,20.32,4381,6405000.0,5.62,0.66,0.14,0.91
1991-08-24,000001,21.3,22.14,22.42,21.3,3330,5167000.0,5.26,3.94,0.84,0.69
1991-08-26,000001,22.14,21.86,22.14,21.72,2772,4267000.0,1.9,-1.26,-0.28,0.57
1991-08-27,000001,21.79,21.58,21.86,21.44,2085,3177000.0,1.92,-1.28,-0.28,0.43
1991-08-28,000001,21.65,21.44,21.65,21.3,2439,3688000.0,1.62,-0.65,-0.14,0.51
1991-08-29,000001,21.37,21.44,21.51,21.3,2296,3455000.0,0.98,0.0,0.0,0.48
1991-08-30,000001,21.3,21.37,21.44,21.3,2251,3379000.0,0.65,-0.33,-0.07,0.47
1991-08-31,000001,21.37,21.3,21.37,21.09,1200,1798000.0,1.31,-0.33,-0.07,0.25
1991-09-02,000001,21.3,21.3,21.3,20.81,2316,3440000.0,2.3,0.0,0.0,0.48
1991-09-03,000001,21.3,21.3,21.3,20.88,2874,4271000.0,1.97,0.0,0.0,0.6
1991-09-04,000001,21.02,21.09,21.09,20.88,1604,2367000.0,0.99,-0.99,-0.21,0.33
1991-09-05,000001,20.88,20.74,20.88,20.32,4840,7030000.0,2.66,-1.66,-0.35,1.0
1991-09-06,000001,20.32,19.48,20.32,19.2,3267,4506000.0,5.4,-6.08,-1.26,0.68
1991-09-07,000001,19.48,19.69,19.69,19.06,3641,4970000.0,3.23,1.08,0.21,0.75
1991-09-09,000001,19.48,19.76,19.76,19.48,6297,8653000.0,1.42,0.36,0.07,1.31
1991-09-10,000001,19.48,19.83,19.83,19.48,4235,5856000.0,1.77,0.35,0.07,0.88
1991-09-11,000001,19.69,20.46,20.46,19.69,4528,6351000.0,3.88,3.18,0.63,0.94
1991-09-12,000001,20.39,20.53,20.6,20.32,3524,5086000.0,1.37,0.34,0.07,0.73
1991-09-13,000001,20.46,20.6,20.6,20.32,7525,10822000.0,1.36,0.34,0.07,1.56
1991-09-14,000001,20.46,20.53,20.53,20.39,3563,5124000.0,0.68,-0.34,-0.07,0.74
1991-09-16,000001,20.32,20.32,20.39,20.04,2240,3186000.0,1.7,-1.02,-0.21,0.46
1991-09-17,000001,20.18,20.25,20.25,20.04,3009,4265000.0,1.03,-0.34,-0.07,0.62
1991-09-18,000001,20.04,20.18,20.18,19.9,2620,3696000.0,1.38,-0.35,-0.07,0.54
1991-09-19,000001,20.04,20.11,20.11,19.9,3475,4890000.0,1.04,-0.35,-0.07,0.72
1991-09-20,000001,19.97,20.04,20.04,19.97,2340,3288000.0,0.35,-0.35,-0.07,0.49
1991-09-21,000001,19.97,20.04,20.04,19.97,1978,2780000.0,0.35,0.0,0.0,0.41
1991-09-23,000001,19.97,20.04,20.04,19.97,2078,2922000.0,0.35,0.0,0.0,0.43
1991-09-24,000001,19.97,20.04,20.04,19.97,1402,1973000.0,0.35,0.0,0.0,0.29
1991-09-25,000001,19.97,20.18,20.18,19.97,1770,2491000.0,1.05,0.7,0.14,0.37
1991-09-26,000001,20.04,20.32,20.32,20.04,717,1018000.0,1.39,0.69,0.14,0.15
1991-09-27,000001,20.32,20.6,20.74,20.32,1476,2140000.0,2.07,1.38,0.28,0.31
1991-09-28,000001,20.6,20.6,20.74,20.6,1086,1582000.0,0.68,0.0,0.0,0.23
1991-09-29,000001,20.67,20.74,20.81,20.6,930,1355000.0,1.02,0.68,0.14,0.19
1991-10-03,000001,20.81,22.35,22.84,20.81,1809,2804000.0,9.79,7.76,1.61,0.38
1991-10-04,000001,22.49,22.14,22.49,21.79,3931,6113000.0,3.13,-0.94,-0.21,0.82
1991-10-05,000001,22.07,22.56,22.7,21.93,2088,3260000.0,3.48,1.9,0.42,0.43
1991-10-07,000001,22.7,24.45,24.52,22.7,4083,6864000.0,8.07,8.38,1.89,0.85
1991-10-08,000001,26.48,30.26,30.26,26.34,6514,13028000.0,16.03,23.76,5.81,1.35
1991-10-09,000001,30.4,36.63,37.05,30.4,6476,16554000.0,21.98,21.05,6.37,1.34
1991-10-10,000001,36.7,31.1,39.29,29.07,6109,15418000.0,27.9,-15.1,-5.53,1.27
1991-10-11,000001,30.82,33.9,33.9,25.43,8566,18110000.0,27.23,9.0,2.8,1.78
1991-10-12,000001,33.9,34.32,34.81,33.9,3338,8151000.0,2.68,1.24,0.42,0.69
1991-10-14,000001,34.46,34.95,35.44,34.39,6485,16122000.0,3.06,1.84,0.63,1.34
1991-10-15,000001,34.88,32.92,34.88,32.5,3610,8593000.0,6.81,-5.81,-2.03,0.75
1991-10-16,000001,32.92,32.5,32.92,31.24,3914,8909000.0,5.1,-1.28,-0.42,0.81
1991-10-17,000001,32.5,34.32,34.32,32.5,4202,9842000.0,5.6,5.6,1.82,0.87
1991-10-18,000001,34.39,34.11,35.16,33.9,4856,11884000.0,3.67,-0.61,-0.21,1.01
1991-10-19,000001,33.97,33.9,34.04,33.62,1813,4340000.0,1.23,-0.62,-0.21,0.38
1991-10-21,000001,33.9,33.76,34.46,33.69,3557,8582000.0,2.27,-0.41,-0.14,0.74
1991-10-22,000001,33.9,33.2,33.9,32.99,3335,7887000.0,2.7,-1.66,-0.56,0.69
1991-10-23,000001,33.2,33.69,33.76,32.85,3233,7586000.0,2.74,1.48,0.49,0.67
1991-10-24,000001,33.76,33.9,34.32,33.62,3928,9424000.0,2.08,0.62,0.21,0.81
1991-10-25,000001,33.9,33.9,33.9,33.69,3579,8571000.0,0.62,0.0,0.0,0.74
1991-10-26,000001,33.83,33.83,33.9,33.76,2794,6689000.0,0.41,-0.21,-0.07,0.58
1991-10-28,000001,33.9,35.16,35.3,33.83,4554,11124000.0,4.35,3.93,1.33,0.94
1991-10-29,000001,35.3,36.21,36.84,35.3,4894,12601000.0,4.38,2.99,1.05,1.01
1991-10-30,000001,36.14,36.35,36.7,36.0,3787,9733000.0,1.93,0.39,0.14,0.79
1991-10-31,000001,36.28,37.96,38.24,36.28,4457,11686000.0,5.39,4.43,1.61,0.92
1991-11-01,000001,38.1,40.55,41.6,38.1,5810,16538000.0,9.22,6.82,2.59,1.2
1991-11-02,000001,40.62,40.76,41.18,40.34,3208,9272000.0,2.07,0.52,0.21,0.67
1991-11-04,000001,40.9,44.47,44.61,40.83,6774,20534000.0,9.27,9.1,3.71,1.4
1991-11-05,000001,44.54,44.26,45.94,44.26,9460,30561000.0,3.78,-0.47,-0.21,1.96
1991-11-06,000001,44.26,42.16,44.4,40.9,6239,18555000.0,7.91,-4.74,-2.1,1.29
1991-11-07,000001,42.37,42.58,44.4,42.3,7672,23581000.0,4.98,1.0,0.42,1.59
1991-11-08,000001,42.72,43.0,43.14,41.88,5690,17083000.0,2.96,0.99,0.42,1.18
1991-11-09,000001,43.0,45.52,45.66,43.0,4982,15639000.0,6.19,5.86,2.52,1.03
1991-11-12,000001,45.8,50.49,50.56,45.8,6237,21809000.0,10.46,10.92,4.97,1.29
1991-11-13,000001,50.56,51.33,51.96,50.56,7705,28174000.0,2.77,1.66,0.84,1.6
1991-11-14,000001,51.47,51.47,52.38,51.26,4583,16868905.0,2.18,0.27,0.14,0.95
1991-11-15,000001,51.33,50.28,52.38,50.21,6684,24561000.0,4.22,-2.31,-1.19,1.39
1991-11-16,000001,50.28,48.6,50.28,48.25,3476,12032000.0,4.04,-3.34,-1.68,0.72
1991-11-18,000001,49.09,41.67,49.09,41.39,4151,13364000.0,15.84,-14.26,-6.93,0.86
1991-11-19,000001,41.46,45.8,45.8,40.9,5768,17515000.0,11.76,9.91,4.13,1.2
1991-11-20,000001,45.8,47.62,47.9,45.8,4697,15810000.0,4.59,3.97,1.82,0.97
1991-11-21,000001,47.62,44.96,47.62,43.7,3278,10583000.0,8.23,-5.59,-2.66,0.68
1991-11-22,000001,45.03,45.24,45.8,43.7,4118,13128000.0,4.67,0.62,0.28,0.85
1991-11-23,000001,45.1,44.68,45.8,44.68,1717,5481000.0,2.48,-1.24,-0.56,0.36
1991-11-25,000001,45.03,40.62,45.03,40.62,2475,7650000.0,9.87,-9.09,-4.06,0.51
1991-11-26,000001,43.7,40.62,43.7,40.62,3563,10566000.0,7.58,0.0,0.0,0.74
1991-11-27,000001,40.62,42.3,42.3,39.99,4550,13101000.0,5.69,4.14,1.68,0.94
1991-11-28,000001,42.3,40.97,42.72,40.62,4320,12880000.0,4.96,-3.14,-1.33,0.9
1991-11-29,000001,40.9,39.29,40.9,38.73,3062,8557000.0,5.3,-4.1,-1.68,0.63
1991-11-30,000001,39.22,38.8,39.5,38.66,1429,3962000.0,2.14,-1.25,-0.49,0.3
1991-12-02,000001,38.94,38.17,38.94,37.82,4105,11099000.0,2.89,-1.62,-0.63,0.85
1991-12-03,000001,38.1,39.92,40.27,38.1,2348,6521000.0,5.69,4.58,1.75,0.49
1991-12-04,000001,39.92,39.5,40.2,39.5,2427,6853000.0,1.75,-1.05,-0.42,0.5
1991-12-05,000001,39.5,38.1,39.5,37.96,1260,3458000.0,3.9,-3.54,-1.4,0.26
1991-12-06,000001,38.1,38.8,38.94,38.1,1594,4341000.0,2.2,1.84,0.7,0.33
1991-12-07,000001,38.8,39.36,39.5,38.52,806,2218000.0,2.53,1.44,0.56,0.17
1991-12-09,000001,39.5,39.57,39.78,39.22,1444,4045000.0,1.42,0.53,0.21,0.3
1991-12-10,000001,39.5,40.2,40.2,39.5,1822,5160000.0,1.77,1.59,0.63,0.38
1991-12-11,000001,40.2,39.99,40.62,39.78,2019,5750000.0,2.09,-0.52,-0.21,0.42
1991-12-12,000001,39.99,39.36,39.99,39.08,1058,2953000.0,2.28,-1.58,-0.63,0.22
1991-12-13,000001,39.22,38.45,39.22,38.24,1294,3541000.0,2.49,-2.31,-0.91,0.27
1991-12-14,000001,38.38,38.8,38.8,38.31,596,1628000.0,1.27,0.91,0.35,0.12
1991-12-16,000001,38.66,38.94,39.22,38.66,1001,2762000.0,1.44,0.36,0.14,0.21
1991-12-17,000001,39.01,38.87,39.22,38.8,913,2521000.0,1.08,-0.18,-0.07,0.19
1991-12-18,000001,38.94,39.01,39.08,38.66,1239,3412000.0,1.08,0.36,0.14,0.26
1991-12-19,000001,38.94,39.01,39.22,38.8,884,2440550.0,1.08,0.0,0.0,0.18
1991-12-20,000001,38.94,38.8,39.22,38.8,1009,2787000.0,1.08,-0.54,-0.21,0.21
1991-12-21,000001,38.94,38.94,39.22,38.8,474,1309000.0,1.08,0.36,0.14,0.1
1991-12-23,000001,39.08,39.22,39.36,38.94,1270,3523000.0,1.08,0.72,0.28,0.26
1991-12-24,000001,39.36,40.97,41.32,38.1,1050,3010000.0,8.21,4.46,1.75,0.22
1991-12-25,000001,41.11,41.32,42.3,41.04,2269,6703000.0,3.08,0.85,0.35,0.47
1991-12-26,000001,41.32,39.5,41.32,39.5,1918,5510000.0,4.4,-4.4,-1.82,0.4
1991-12-27,000001,39.5,40.13,40.2,39.5,2105,5935000.0,1.77,1.59,0.63,0.44
1991-12-28,000001,40.06,41.25,41.32,40.06,1116,3220000.0,3.14,2.79,1.12,0.23
1991-12-30,000001,41.32,40.62,41.46,40.62,1059,3093000.0,2.04,-1.53,-0.63,0.22
1991-12-31,000001,40.62,41.39,41.39,40.62,759,2204000.0,1.9,1.9,0.77,0.15
1992-01-02,000001,41.39,41.11,41.46,40.9,1886,5491000.0,1.35,-0.68,-0.28,0.38
1992-01-03,000001,41.18,41.04,41.39,40.9,2212,6433000.0,1.19,-0.17,-0.07,0.44
1992-01-06,000001,41.04,41.88,42.02,40.97,2634,7721000.0,2.56,2.05,0.84,0.53
1992-01-07,000001,41.88,42.16,42.58,41.67,2931,8773000.0,2.17,0.67,0.28,0.59
1992-01-08,000001,42.02,41.81,42.58,41.67,1928,5745000.0,2.16,-0.83,-0.35,0.39
1992-01-09,000001,41.88,41.88,42.02,41.32,1535,4545000.0,1.67,0.17,0.07,0.31
1992-01-10,000001,41.81,42.02,42.02,41.6,1525,4532000.0,1.0,0.33,0.14,0.31
1992-01-13,000001,42.02,41.81,42.02,41.74,1353,4016000.0,0.67,-0.5,-0.21,0.27
1992-01-14,000001,41.81,41.18,41.81,40.9,1711,4996120.0,2.18,-1.51,-0.63,0.34
1992-01-15,000001,41.18,41.04,41.46,40.9,2205,6499000.0,1.36,-0.34,-0.14,0.44
1992-01-16,000001,40.9,40.76,40.9,40.27,1268,3658000.0,1.54,-0.68,-0.28,0.25
1992-01-17,000001,40.76,40.62,40.76,39.99,1143,3269000.0,1.89,-0.34,-0.14,0.23
1992-01-20,000001,40.62,41.53,41.6,40.62,1085,3179000.0,2.41,2.24,0.91,0.22
1992-01-21,000001,41.6,41.32,42.02,41.18,1576,4660000.0,2.02,-0.51,-0.21,0.32
1992-01-22,000001,41.25,40.83,41.32,40.62,1592,4608000.0,1.69,-1.19,-0.49,0.32
1992-01-23,000001,40.83,41.18,41.32,40.83,1477,4298000.0,1.2,0.86,0.35,0.3
1992-01-24,000001,41.25,41.74,41.88,40.97,2327,6857000.0,2.21,1.36,0.56,0.47
1992-01-27,000001,41.67,41.46,41.74,41.32,2571,7566000.0,1.01,-0.67,-0.28,0.52
1992-01-28,000001,41.46,41.6,41.6,41.39,2336,6874000.0,0.51,0.34,0.14,0.47
1992-01-29,000001,41.6,42.3,42.37,41.6,2127,6338000.0,1.85,1.68,0.7,0.43
1992-01-30,000001,42.23,42.58,42.79,42.23,1735,5232000.0,1.32,0.66,0.28,0.35
1992-01-31,000001,42.72,43.91,43.98,42.72,2275,7013000.0,2.96,3.12,1.33,0.46
1992-02-01,000001,43.91,45.1,45.1,43.91,2228,7129600.0,2.71,2.71,1.19,0.45
1992-02-02,000001,45.1,45.55,46.08,44.96,1735,5607520.0,2.48,1.0,0.45,0.35
1992-02-03,000001,43.91,45.1,45.1,43.91,2228,7021000.0,2.61,-0.99,-0.45,0.45
1992-02-07,000001,45.1,45.59,46.08,44.96,735,2382000.0,2.48,1.09,0.49,0.15
1992-02-10,000001,45.52,44.54,45.8,43.56,1644,5170000.0,4.91,-2.3,-1.05,0.33
1992-02-11,000001,44.26,44.61,44.82,44.26,1960,6199000.0,1.26,0.16,0.07,0.39
1992-02-12,000001,44.61,44.89,45.1,44.4,1358,4303000.0,1.57,0.63,0.28,0.27
1992-02-13,000001,44.96,45.1,45.17,44.82,1812,5790000.0,0.78,0.47,0.21,0.36
1992-02-14,000001,45.1,44.82,45.24,44.82,1924,6154000.0,0.93,-0.62,-0.28,0.39
1992-02-17,000001,44.68,44.05,44.82,43.84,1557,4880000.0,2.19,-1.72,-0.77,0.31
1992-02-18,000001,43.98,43.7,44.05,43.28,1955,6063000.0,1.75,-0.79,-0.35,0.39
1992-02-19,000001,43.7,43.77,43.98,43.42,1946,6030000.0,1.28,0.16,0.07,0.39
1992-02-20,000001,43.7,44.82,45.1,43.7,1296,4082000.0,3.2,2.4,1.05,0.26
1992-02-21,000001,44.82,44.61,44.96,44.54,1710,5429000.0,0.94,-0.47,-0.21,0.34
1992-02-24,000001,44.61,43.84,44.61,43.0,1405,4367000.0,3.61,-1.73,-0.77,0.28
1992-02-25,000001,43.98,43.63,43.98,43.42,1231,3812000.0,1.28,-0.48,-0.21,0.25
1992-02-26,000001,43.7,43.07,43.7,43.0,1419,4357000.0,1.6,-1.28,-0.56,0.29
1992-02-27,000001,43.28,43.7,43.7,43.0,2033,6259000.0,1.63,1.46,0.63,0.41
1992-02-28,000001,43.7,44.47,44.75,43.7,2335,7346000.0,2.4,1.76,0.77,0.47
1992-03-02,000001,44.68,44.68,45.1,44.54,3137,9962000.0,1.26,0.47,0.21,0.63
1992-03-03,000001,44.82,44.68,44.89,44.47,3150,9984000.0,0.94,0.0,0.0,0.63
1992-03-04,000001,44.82,44.75,44.96,44.47,2288,7248000.0,1.1,0.16,0.07,0.46
1992-03-05,000001,44.68,45.03,45.1,44.61,2733,8699000.0,1.09,0.63,0.28,0.55
1992-03-06,000001,45.1,45.24,45.52,44.89,4260,13654000.0,1.4,0.47,0.21,0.86
1992-03-09,000001,45.45,45.66,46.36,45.45,3515,11455000.0,2.01,0.93,0.42,0.71
1992-03-10,000001,45.8,45.24,45.8,44.96,2284,7351000.0,1.84,-0.92,-0.42,0.46
1992-03-11,000001,45.1,45.31,45.38,45.1,2738,8783000.0,0.62,0.15,0.07,0.55
1992-03-12,000001,45.24,45.45,45.45,45.1,2615,8396000.0,0.77,0.31,0.14,0.53
1992-03-13,000001,45.52,45.52,45.52,45.31,3170,10224000.0,0.46,0.15,0.07,0.64
1992-03-16,000001,45.73,46.22,46.36,45.59,4910,15963000.0,1.69,1.54,0.7,0.99
1992-03-17,000001,46.36,46.29,46.5,46.22,3106,10227000.0,0.61,0.15,0.07,0.62
1992-03-18,000001,46.29,46.36,46.43,46.15,6059,19918000.0,0.6,0.15,0.07,1.22
1992-03-19,000001,46.36,45.94,46.36,45.73,2286,7488000.0,1.36,-0.91,-0.42,0.46
1992-03-20,000001,46.15,45.73,46.15,45.38,2563,8317000.0,1.68,-0.46,-0.21,0.52
1992-03-23,000001,45.73,46.57,46.89,45.73,4865,10646000.0,2.54,1.84,0.84,0.65
1992-03-24,000001,46.78,46.99,46.99,46.47,6476,14213000.0,1.12,0.9,0.42,0.87
1992-03-25,000001,46.99,49.2,49.51,46.78,6652,14970000.0,5.81,4.7,2.21,0.89
1992-03-26,000001,49.51,51.4,52.24,49.2,9154,21920000.0,6.18,4.47,2.2,1.23
1992-03-27,000001,51.4,50.77,51.61,49.93,7313,17597000.0,3.27,-1.23,-0.63,0.98
1992-03-30,000001,50.77,52.87,53.5,50.56,7772,19152000.0,5.79,4.14,2.1,1.04
1992-03-31,000001,53.19,55.29,55.81,53.19,8832,22801000.0,4.96,4.58,2.42,1.18
1992-04-01,000001,55.92,57.07,57.39,55.92,7965,21328000.0,2.66,3.22,1.78,1.07
1992-04-02,000001,57.07,55.29,57.49,55.18,6544,17499000.0,4.05,-3.12,-1.78,0.88
1992-04-03,000001,55.6,55.08,55.6,53.71,6233,16093000.0,3.42,-0.38,-0.21,0.84
1992-04-06,000001,55.39,58.33,58.75,55.39,6456,17486000.0,6.1,5.9,3.25,0.86
1992-04-07,000001,58.65,59.38,60.43,57.28,8725,24420000.0,5.4,1.8,1.05,1.17
1992-04-08,000001,59.7,61.37,63.37,59.7,13153,38087000.0,6.18,3.35,1.99,1.76
1992-04-09,000001,61.48,61.9,62.74,60.22,9109,26508000.0,4.11,0.86,0.53,1.22
1992-04-10,000001,62.21,62.74,63.16,61.48,7676,22620000.0,2.71,1.36,0.84,1.03
1992-04-13,000001,63.05,69.77,71.56,63.05,7409,24412656.0,13.56,11.2,7.03,0.99
1992-04-14,000001,70.09,68.83,73.03,68.2,10532,35329000.0,6.92,-1.35,-0.94,1.41
1992-04-15,000001,69.14,64.84,70.93,64.0,8311,25431660.0,10.07,-5.8,-3.99,1.11
1992-04-16,000001,65.15,69.56,69.88,65.15,9177,29537000.0,7.29,7.28,4.72,1.23
1992-04-17,000001,69.88,67.78,70.09,67.57,9714,31576000.0,3.62,-2.56,-1.78,1.3
1992-04-20,000001,68.09,66.83,68.41,65.68,5993,18998000.0,4.03,-1.4,-0.95,0.8
1992-04-21,000001,67.15,66.73,67.57,65.68,6597,20739000.0,2.83,-0.15,-0.1,0.88
1992-04-22,000001,67.04,69.46,70.09,66.73,6276,20172000.0,5.04,4.09,2.73,0.84
1992-04-23,000001,69.77,70.61,72.19,69.77,8523,28624000.0,3.48,1.66,1.15,1.14
1992-04-24,000001,70.93,71.98,72.61,70.93,8983,30477000.0,2.38,1.94,1.37,1.2
1992-04-27,000001,72.29,71.56,73.87,70.93,8546,29122000.0,4.08,-0.58,-0.42,1.15
1992-04-28,000001,71.87,73.03,73.03,70.93,9624,32747000.0,2.93,2.05,1.47,1.29
1992-04-29,000001,73.34,76.18,76.18,73.34,9266,32743000.0,3.89,4.31,3.15,1.24
1992-04-30,000001,76.49,81.43,81.85,76.49,8061,30400000.0,7.04,6.89,5.25,1.08
1992-05-03,000001,81.74,86.99,90.25,81.74,8449,35076000.0,10.45,6.83,5.56,1.13
1992-05-04,000001,87.31,92.14,92.56,86.47,11462,48037000.0,7.0,5.92,5.15,1.54
1992-05-05,000001,91.82,99.17,100.54,91.82,10805,50729476.0,9.46,7.63,7.03,1.45
1992-05-06,000001,99.49,97.18,102.53,96.13,8999,42432000.0,6.45,-2.01,-1.99,1.21
1992-05-07,000001,97.49,92.03,97.49,90.14,10152,44456000.0,7.56,-5.3,-5.15,1.36
1992-05-08,000001,92.35,90.04,93.19,88.78,10726,46726000.0,4.79,-2.16,-1.99,1.44
1992-05-11,000001,90.35,92.45,92.56,87.73,10390,44366000.0,5.36,2.68,2.41,1.39
1992-05-12,000001,92.77,98.02,99.7,92.77,7969,36841000.0,7.5,6.02,5.57,1.07
1992-05-13,000001,98.33,97.81,100.33,97.6,8489,39667000.0,2.79,-0.21,-0.21,1.14
1992-05-14,000001,98.12,96.02,98.12,94.87,8912,40675000.0,3.32,-1.83,-1.79,1.19
1992-05-15,000001,96.34,95.81,97.6,94.97,8623,39173000.0,2.74,-0.22,-0.21,1.16
1992-05-18,000001,96.13,94.66,96.13,92.98,8883,39706000.0,3.29,-1.2,-1.15,1.19
1992-05-19,000001,94.97,98.12,98.33,94.45,10681,48544000.0,4.1,3.66,3.46,1.43
1992-05-20,000001,98.44,95.29,100.64,95.08,9665,45206000.0,5.67,-2.88,-2.83,1.29
1992-05-21,000001,95.6,95.08,95.6,92.14,6426,28695000.0,3.63,-0.22,-0.21,0.86
1992-05-22,000001,95.39,93.82,95.6,93.4,6180,27654000.0,2.31,-1.33,-1.26,0.83
1992-05-25,000001,94.13,96.02,96.13,93.61,9046,40547000.0,2.69,2.34,2.2,1.21
1992-05-26,000001,96.34,98.23,98.44,96.34,8409,38811000.0,2.19,2.3,2.21,1.13
1992-05-27,000001,98.54,97.18,99.7,96.97,9424,43915000.0,2.78,-1.07,-1.05,1.26
1992-05-28,000001,97.18,96.02,97.18,95.08,7088,32427000.0,2.16,-1.19,-1.16,0.95
1992-05-29,000001,96.34,95.5,96.34,93.4,7221,32447000.0,3.06,-0.54,-0.52,0.97
1992-06-01,000001,95.81,97.07,98.44,95.81,9258,42723000.0,2.75,1.64,1.57,1.24
1992-06-02,000001,97.39,94.87,97.39,93.5,7976,35819000.0,4.01,-2.27,-2.2,1.07
1992-06-03,000001,95.18,89.09,95.18,88.78,5311,22385866.0,6.75,-6.09,-5.78,0.71
1992-06-04,000001,89.41,87.31,89.41,81.64,9580,39101000.0,8.72,-2.0,-1.78,1.28
1992-06-05,000001,87.62,88.57,90.46,87.52,9708,40937000.0,3.37,1.44,1.26,1.3
1992-06-08,000001,88.88,87.73,88.88,84.26,7382,30223000.0,5.22,-0.95,-0.84,0.99
1992-06-09,000001,88.04,83.84,88.04,83.53,4779,19125000.0,5.14,-4.43,-3.89,0.64
1992-06-10,000001,84.16,82.9,84.37,81.22,6237,24384000.0,3.76,-1.12,-0.94,0.84
1992-06-11,000001,82.58,82.06,83.11,81.43,4873,18934000.0,2.03,-1.01,-0.84,0.65
1992-06-12,000001,82.37,81.43,82.37,80.17,6700,25666000.0,2.68,-0.77,-0.63,0.9
1992-06-15,000001,81.43,76.81,81.53,76.81,6830,25758000.0,5.8,-5.67,-4.62,0.92
1992-06-16,000001,76.49,71.14,76.6,70.4,7675,26456000.0,8.07,-7.38,-5.67,1.03
1992-06-17,000001,70.82,78.07,78.59,68.41,8761,32328092.0,14.31,9.74,6.93,1.17
1992-06-18,000001,77.75,76.81,81.01,75.97,11464,42674000.0,6.46,-1.61,-1.26,1.54
1992-06-19,000001,77.12,76.6,77.23,74.08,6673,23914000.0,4.1,-0.27,-0.21,0.89
1992-06-22,000001,76.28,72.4,76.28,71.77,7365,25481000.0,5.89,-5.48,-4.2,0.99
1992-06-23,000001,72.71,74.5,74.71,71.56,6171,21280000.0,4.35,2.9,2.1,0.83
1992-06-24,000001,74.18,74.08,74.18,72.4,5885,20425000.0,2.39,-0.56,-0.42,0.79
1992-06-25,000001,74.39,76.18,76.18,74.08,4801,17060000.0,2.83,2.83,2.1,0.64
1992-06-26,000001,76.18,78.49,79.54,76.18,7789,28770000.0,4.41,3.03,2.31,1.04
1992-06-29,000001,78.8,84.16,84.58,78.8,9890,38750000.0,7.36,7.22,5.67,1.33
1992-06-30,000001,84.47,88.78,88.78,84.47,10474,43381000.0,5.12,5.49,4.62,1.4
1992-07-01,000001,89.09,85.52,90.56,85.21,12467,51833000.0,6.03,-3.67,-3.26,1.67
1992-07-02,000001,85.21,85.0,86.26,83.21,12303,49439000.0,3.57,-0.61,-0.52,1.65
1992-07-03,000001,84.68,86.57,86.68,84.58,10053,40699000.0,2.47,1.85,1.57,1.35
1992-07-06,000001,86.89,84.58,90.04,84.58,12516,51814000.0,6.31,-2.3,-1.99,1.68
1992-07-07,000001,86.57,86.05,86.68,83.95,7305,29608000.0,3.23,1.74,1.47,0.98
1992-07-08,000001,86.36,86.26,86.68,85.21,4471,18222000.0,1.71,0.24,0.21,0.6
1992-07-09,000001,85.94,84.26,85.94,84.16,8171,32870000.0,2.06,-2.32,-2.0,1.09
1992-07-10,000001,84.16,83.74,84.16,82.69,7073,27975000.0,1.74,-0.62,-0.52,0.95
1992-07-13,000001,83.42,85.21,85.63,82.9,8844,35147000.0,3.26,1.76,1.47,1.18
1992-07-14,000001,85.52,86.57,87.1,85.52,7316,29903000.0,1.85,1.6,1.36,0.98
1992-07-15,000001,86.68,86.26,86.68,85.63,3795,15450000.0,1.21,-0.36,-0.31,0.51
1992-07-16,000001,85.94,88.15,88.36,85.94,5643,23193000.0,2.81,2.19,1.89,0.76
1992-07-17,000001,88.46,89.41,89.62,88.36,9570,40209000.0,1.43,1.43,1.26,1.28
1992-07-20,000001,89.72,94.87,95.08,89.72,8812,38600000.0,5.99,6.11,5.46,1.18
1992-07-21,000001,95.08,94.24,96.13,93.82,10981,49152000.0,2.43,-0.66,-0.63,1.47
1992-07-22,000001,94.03,94.34,94.66,92.98,9787,43573000.0,1.78,0.11,0.1,1.31
1992-07-23,000001,94.03,96.13,96.13,94.03,9438,42506000.0,2.23,1.9,1.79,1.26
1992-07-24,000001,95.81,96.86,97.18,95.5,10983,50159000.0,1.75,0.76,0.73,1.47
1992-07-27,000001,97.18,99.7,99.7,97.18,9152,42956000.0,2.6,2.93,2.84,1.23
1992-07-28,000001,99.38,96.97,99.7,96.97,8513,39424000.0,2.74,-2.74,-2.73,1.14
1992-07-29,000001,96.65,96.97,97.6,95.92,7008,32111000.0,1.73,0.0,0.0,0.94
1992-07-30,000001,97.18,97.81,97.81,96.76,6856,31571000.0,1.08,0.87,0.84,0.92
1992-07-31,000001,98.12,96.34,98.23,96.34,5622,25877000.0,1.93,-1.5,-1.47,0.75
1992-08-03,000001,96.34,90.67,98.44,90.46,6816,29240642.0,8.28,-5.89,-5.67,0.91
1992-08-04,000001,90.35,93.4,94.45,88.78,8555,37329000.0,6.25,3.01,2.73,1.15
1992-08-05,000001,93.71,94.55,95.08,91.51,5030,22316000.0,3.82,1.23,1.15,0.67
1992-08-06,000001,94.24,93.19,94.24,92.35,4050,17883000.0,2.0,-1.44,-1.36,0.54
1992-08-07,000001,92.98,95.08,95.29,92.14,6636,29641000.0,3.38,2.03,1.89,0.89
1992-08-10,000001,95.39,97.6,98.23,95.39,4609,21269000.0,2.99,2.65,2.52,0.62
1992-08-11,000001,97.81,92.45,97.81,89.51,1420,6179000.0,8.5,-5.28,-5.15,0.19
1992-08-12,000001,92.77,92.77,94.66,92.56,9204,40694000.0,2.27,0.35,0.32,1.23
1992-08-13,000001,92.98,89.62,92.98,88.67,9998,42692000.0,4.65,-3.4,-3.15,1.34
1992-08-14,000001,89.3,92.35,92.56,88.04,11193,47720000.0,5.04,3.05,2.73,1.5
1992-08-17,000001,92.66,92.98,95.81,92.66,10194,45304000.0,3.41,0.68,0.63,1.37
1992-08-18,000001,92.98,91.51,92.98,90.77,7413,32176000.0,2.38,-1.58,-1.47,0.99
1992-08-19,000001,91.19,92.24,92.98,91.19,3347,14606000.0,1.96,0.8,0.73,0.45
1992-08-20,000001,91.93,92.45,92.98,91.72,4314,18842000.0,1.37,0.23,0.21,0.58
1992-08-21,000001,92.35,90.98,92.45,90.67,5860,25350000.0,1.93,-1.59,-1.47,0.79
1992-08-24,000001,90.67,89.62,90.67,88.36,4623,19617000.0,2.54,-1.49,-1.36,0.62
1992-08-25,000001,89.3,86.26,89.3,86.05,5081,21024000.0,3.63,-3.75,-3.36,0.68
1992-08-26,000001,85.94,87.94,88.57,85.21,9575,39334000.0,3.9,1.95,1.68,1.28
1992-08-27,000001,88.25,88.36,90.04,87.1,6703,27979000.0,3.34,0.48,0.42,0.9
1992-08-28,000001,88.36,88.36,88.36,87.31,3661,15251000.0,1.19,0.0,0.0,0.49
1992-08-31,000001,88.04,87.2,88.04,86.68,3615,14922000.0,1.54,-1.31,-1.16,0.48
1992-09-01,000001,86.89,85.73,86.89,85.63,4287,17460000.0,1.44,-1.69,-1.47,0.57
1992-09-02,000001,85.63,84.58,85.73,82.06,7011,27813000.0,4.28,-1.34,-1.15,0.94
1992-09-03,000001,84.58,84.58,85.31,83.32,5391,21553000.0,2.35,0.0,0.0,0.72
1992-09-04,000001,84.68,82.06,84.68,81.85,6974,27350000.0,3.35,-2.98,-2.52,0.93
1992-09-07,000001,81.74,78.7,81.74,78.28,7261,27332000.0,4.22,-4.09,-3.36,0.97
1992-09-08,000001,78.38,82.48,83.32,77.23,10735,40417000.0,7.74,4.8,3.78,1.44
1992-09-09,000001,82.79,87.83,87.94,82.79,11382,45747000.0,6.24,6.49,5.35,1.52
1992-09-10,000001,88.15,89.51,90.88,88.15,15854,67233000.0,3.11,1.91,1.68,2.12
1992-09-11,000001,89.83,91.51,91.72,87.1,14762,63919460.0,5.16,2.23,2.0,1.98
1992-09-14,000001,91.82,89.2,93.82,88.78,13590,59413000.0,5.51,-2.52,-2.31,1.82
1992-09-15,000001,88.88,89.09,90.88,87.94,9362,39510000.0,3.3,-0.12,-0.11,1.25
1992-09-16,000001,88.78,90.35,91.93,87.73,5560,23656000.0,4.71,1.41,1.26,0.74
1992-09-17,000001,90.46,91.51,92.14,90.46,7977,34505000.0,1.86,1.28,1.16,1.07
1992-09-18,000001,91.51,90.04,91.93,89.62,5771,24735000.0,2.52,-1.61,-1.47,0.77
1992-09-21,000001,89.83,90.46,91.4,89.62,3430,14690000.0,1.98,0.47,0.42,0.46
1992-09-22,000001,90.46,89.93,90.88,89.62,4478,19053890.0,1.39,-0.59,-0.53,0.6
1992-09-23,000001,90.25,90.98,91.51,90.25,7356,31679000.0,1.4,1.17,1.05,0.99
1992-09-24,000001,91.3,95.71,95.92,91.3,20187,89877000.0,5.08,5.2,4.73,2.7
1992-09-25,000001,96.02,95.71,97.6,95.29,23953,109467000.0,2.41,0.0,0.0,3.21
1992-09-28,000001,95.71,94.97,95.81,94.03,9758,43934000.0,1.86,-0.77,-0.74,1.31
1992-09-29,000001,95.08,95.08,95.08,94.45,5714,25665000.0,0.66,0.12,0.11,0.77
1992-09-30,000001,95.08,94.24,95.18,93.82,7746,34655000.0,1.43,-0.88,-0.84,1.04
1992-10-04,000001,94.24,94.66,95.08,94.24,3344,15000000.0,0.89,0.45,0.42,0.45
1992-10-05,000001,94.66,93.61,94.87,93.4,3358,14962000.0,1.55,-1.11,-1.05,0.45
1992-10-06,000001,93.29,92.66,93.29,91.93,3479,15254000.0,1.45,-1.01,-0.95,0.47
1992-10-07,000001,92.35,93.4,93.4,91.93,2745,12035000.0,1.59,0.8,0.74,0.37
1992-10-08,000001,93.71,93.08,94.03,92.77,2771,12237000.0,1.35,-0.34,-0.32,0.37
1992-10-09,000001,93.19,94.13,94.34,92.77,5029,22199000.0,1.69,1.13,1.05,0.67
1992-10-12,000001,94.45,94.66,95.81,94.45,6215,27937000.0,1.44,0.56,0.53,0.83
1992-10-13,000001,94.97,93.61,94.97,93.4,3048,13553000.0,1.66,-1.11,-1.05,0.41
1992-10-14,000001,93.4,92.24,93.61,92.14,3574,15689000.0,1.57,-1.46,-1.37,0.48
1992-10-15,000001,91.93,93.71,94.03,91.51,2716,11864000.0,2.73,1.59,1.47,0.36
1992-10-16,000001,93.82,92.77,94.03,92.56,2718,11950000.0,1.57,-1.0,-0.94,0.36
1992-10-19,000001,92.77,90.46,92.77,90.04,4548,19700000.0,2.94,-2.49,-2.31,0.61
1992-10-20,000001,90.56,90.88,93.19,90.56,6679,28821000.0,2.91,0.46,0.42,0.89
1992-10-21,000001,90.56,89.09,91.19,88.78,4995,21239000.0,2.65,-1.97,-1.79,0.67
1992-10-22,000001,88.78,87.94,88.78,85.63,6833,28262000.0,3.54,-1.29,-1.15,0.92
1992-10-23,000001,87.94,86.26,87.94,86.15,7667,31529000.0,2.04,-1.91,-1.68,1.03
1992-10-26,000001,85.94,81.43,85.94,78.59,11162,42657000.0,8.52,-5.6,-4.83,1.5
1992-10-27,000001,81.43,79.96,82.27,79.85,14493,55373000.0,2.97,-1.81,-1.47,1.94
1992-10-28,000001,80.27,81.53,82.06,79.12,9524,36305000.0,3.68,1.96,1.57,1.28
1992-10-29,000001,81.22,83.74,83.74,81.11,11891,46187000.0,3.23,2.71,2.21,1.59
1992-10-30,000001,84.05,84.47,85.21,84.05,10481,41866000.0,1.39,0.87,0.73,1.4
1992-11-02,000001,84.58,80.38,84.58,80.17,7222,28034000.0,5.22,-4.84,-4.09,0.97
1992-11-03,000001,80.38,82.06,82.06,79.12,6686,25342000.0,3.66,2.09,1.68,0.9
1992-11-04,000001,82.06,80.8,82.06,80.38,2666,10193000.0,2.05,-1.54,-1.26,0.36
1992-11-05,000001,80.48,80.17,80.59,79.96,3411,12945000.0,0.78,-0.78,-0.63,0.46
1992-11-06,000001,79.96,80.38,80.8,79.96,4130,15676000.0,1.05,0.26,0.21,0.55
1992-11-09,000001,80.06,79.96,80.38,79.64,2193,8303000.0,0.92,-0.52,-0.42,0.29
1992-11-10,000001,79.64,79.54,80.38,79.12,3032,11440000.0,1.58,-0.53,-0.42,0.41
1992-11-11,000001,79.33,78.28,79.75,77.86,4007,14910000.0,2.38,-1.58,-1.26,0.54
1992-11-12,000001,78.28,75.65,79.54,74.5,5169,18912000.0,6.44,-3.36,-2.63,0.69
1992-11-13,000001,75.34,72.19,75.34,71.35,8281,28325000.0,5.27,-4.57,-3.46,1.11
1992-11-16,000001,71.87,65.26,71.87,65.15,8433,27269000.0,9.31,-9.6,-6.93,1.13
1992-11-17,000001,64.94,63.37,64.94,61.48,13071,39039000.0,5.3,-2.9,-1.89,1.75
1992-11-18,000001,63.58,67.36,68.83,63.58,12133,37760000.0,8.28,6.3,3.99,1.63
1992-11-19,000001,67.04,66.94,67.46,65.57,13819,43550000.0,2.81,-0.62,-0.42,1.85
1992-11-20,000001,66.94,66.1,67.78,66.1,10497,33207000.0,2.51,-1.25,-0.84,1.41
1992-11-23,000001,65.78,63.79,65.78,63.05,9535,28694000.0,4.13,-3.49,-2.31,1.28
1992-11-24,000001,63.58,65.26,65.26,63.16,4825,14585000.0,3.29,2.3,1.47,0.65
1992-11-25,000001,65.26,67.78,67.78,65.05,7201,22654000.0,4.18,3.86,2.52,0.96
1992-11-26,000001,67.78,73.45,74.29,67.78,15182,50684000.0,9.6,8.37,5.67,2.03
1992-11-27,000001,73.76,73.55,74.08,71.45,2076,7212362.0,3.58,0.14,0.1,0.28
1992-11-30,000001,73.87,81.01,81.74,73.87,12876,48360000.0,10.7,10.14,7.46,1.73
1992-12-01,000001,81.32,82.9,83.32,78.7,20516,78773000.0,5.7,2.33,1.89,2.75
1992-12-02,000001,83.21,81.64,84.58,81.01,17732,69630000.0,4.31,-1.52,-1.26,2.38
1992-12-03,000001,81.32,79.33,82.16,79.33,11345,43398000.0,3.47,-2.83,-2.31,1.52
1992-12-04,000001,79.01,82.48,82.79,79.01,13058,50300000.0,4.76,3.97,3.15,1.75
1992-12-07,000001,82.79,87.31,87.62,82.79,15665,63773000.0,5.86,5.86,4.83,2.1
1992-12-08,000001,87.62,87.52,88.46,87.1,15303,63477000.0,1.56,0.24,0.21,2.05
1992-12-09,000001,87.83,84.16,87.83,82.69,12081,48707000.0,5.87,-3.84,-3.36,1.62
1992-12-10,000001,84.47,82.37,84.47,81.85,13335,52301000.0,3.11,-2.13,-1.79,1.79
1992-12-11,000001,82.48,85.21,87.83,82.48,14021,56798000.0,6.5,3.45,2.84,1.88
1992-12-14,000001,85.52,85.63,86.68,84.58,10171,41203000.0,2.46,0.49,0.42,1.36
1992-12-15,000001,85.31,84.79,85.63,84.26,6192,24848000.0,1.6,-0.98,-0.84,0.83
1992-12-16,000001,84.58,86.26,86.26,84.16,6374,25787000.0,2.48,1.73,1.47,0.85
1992-12-17,000001,86.57,85.84,87.1,85.63,5041,20547000.0,1.7,-0.49,-0.42,0.68
1992-12-18,000001,86.15,87.52,87.62,85.73,6156,25229000.0,2.2,1.96,1.68,0.82
1992-12-21,000001,87.83,88.15,88.36,86.68,9501,39370000.0,1.92,0.72,0.63,1.27
1992-12-22,000001,88.46,87.73,88.78,87.73,7660,32058000.0,1.19,-0.48,-0.42,1.03
1992-12-23,000001,87.73,86.99,87.73,86.68,5817,24019000.0,1.2,-0.84,-0.74,0.78
1992-12-24,000001,86.68,88.25,88.78,86.68,4151,17230000.0,2.41,1.45,1.26,0.56
1992-12-25,000001,88.57,88.46,88.78,87.94,5259,22008000.0,0.95,0.24,0.21,0.7
1992-12-28,000001,88.78,89.09,89.09,88.46,4951,20778000.0,0.71,0.71,0.63,0.66
1992-12-29,000001,89.09,92.14,92.35,89.09,7412,31868000.0,3.66,3.42,3.05,0.99
1992-12-30,000001,92.45,94.45,94.66,92.45,12683,56493000.0,2.4,2.51,2.31,1.7
1992-12-31,000001,94.76,94.03,95.29,93.61,11450,51227000.0,1.78,-0.44,-0.42,1.53
1993-01-03,000001,94.03,96.02,96.13,94.03,9733,44049000.0,2.23,2.12,1.99,1.3
1993-01-04,000001,96.13,95.08,96.76,94.87,11834,53747000.0,1.97,-0.98,-0.94,1.59
1993-01-05,000001,95.08,95.29,96.13,94.66,6653,30012000.0,1.55,0.22,0.21,0.89
1993-01-06,000001,95.08,96.13,96.13,95.08,6654,30137000.0,1.1,0.88,0.84,0.89
1993-01-07,000001,96.13,97.18,97.18,95.6,6555,29975000.0,1.64,1.09,1.05,0.88
1993-01-08,000001,97.18,97.7,97.7,96.86,9127,42013000.0,0.86,0.54,0.52,1.22
1993-01-11,000001,98.02,100.75,101.38,97.81,9624,45488000.0,3.65,3.12,3.05,1.29
1993-01-12,000001,101.06,98.23,101.17,97.81,10314,48590000.0,3.33,-2.5,-2.52,1.38
1993-01-13,000001,98.23,99.28,100.12,97.81,8478,39754000.0,2.35,1.07,1.05,1.14
1993-01-14,000001,99.28,98.86,99.91,98.44,7724,36235000.0,1.48,-0.42,-0.42,1.03
1993-01-15,000001,98.86,99.7,99.91,98.23,6963,32621000.0,1.7,0.85,0.84,0.93
1993-01-18,000001,99.38,102.64,102.85,99.38,11350,54418000.0,3.48,2.95,2.94,1.52
1993-01-19,000001,102.95,103.27,104.0,102.85,13887,68030000.0,1.12,0.61,0.63,1.86
1993-02-01,000001,103.48,111.46,113.03,103.48,11269,59535000.0,9.25,7.93,8.19,1.51
1993-02-02,000001,111.77,113.56,115.87,111.77,11176,60225000.0,3.68,1.88,2.1,1.5
1993-02-03,000001,113.87,110.83,114.61,110.72,9736,51704000.0,3.43,-2.4,-2.73,1.3
1993-02-04,000001,110.83,111.46,111.88,109.36,10325,54231000.0,2.27,0.57,0.63,1.38
1993-02-05,000001,111.46,111.46,112.19,110.72,12226,64511000.0,1.32,0.0,0.0,1.64
1993-02-08,000001,111.77,113.98,115.66,111.77,13750,74683000.0,3.49,2.26,2.52,1.84
1993-02-09,000001,113.98,113.77,115.24,112.93,13750,74112504.0,2.03,-0.18,-0.21,1.84
1993-02-10,000001,113.98,114.82,116.08,113.98,10576,57600000.0,1.85,0.92,1.05,1.42
1993-02-11,000001,114.82,115.03,116.08,113.98,14547,79302000.0,1.83,0.18,0.21,1.95
1993-02-12,000001,115.03,112.09,115.03,109.67,24375,129769000.0,4.66,-2.56,-2.94,3.27
1993-02-15,000001,112.09,117.13,118.07,112.09,16569,91316000.0,5.33,4.5,5.04,2.22
1993-02-16,000001,117.44,117.97,119.65,117.44,18262,102656000.0,1.89,0.72,0.84,2.45
1993-02-17,000001,118.18,119.02,119.23,116.6,13109,73204000.0,2.23,0.89,1.05,1.76
1993-02-18,000001,119.33,120.28,120.28,118.18,12053,68287000.0,1.76,1.06,1.26,1.61
1993-02-19,000001,120.28,124.06,124.06,120.28,13611,78971000.0,3.14,3.14,3.78,1.82
1993-02-22,000001,124.06,127.94,129.94,124.06,15918,96859000.0,4.74,3.13,3.88,2.13
1993-02-23,000001,128.26,126.37,128.26,126.16,13401,80635000.0,1.64,-1.23,-1.57,1.8
1993-02-24,000001,126.58,121.75,126.58,120.7,15275,88136752.0,4.65,-3.66,-4.62,2.05
1993-02-25,000001,121.33,124.9,125.95,120.07,16335,94972000.0,4.83,2.59,3.15,2.19
1993-02-26,000001,125.21,124.27,126.58,123.01,11828,69693000.0,2.86,-0.5,-0.63,1.58
1993-03-01,000001,124.37,128.05,130.78,124.37,26475,160703248.0,5.16,3.04,3.78,3.55
1993-03-02,000001,128.36,125.74,128.36,125.53,12696,76302000.0,2.21,-1.8,-2.31,1.7
1993-03-03,000001,125.53,121.96,126.16,121.96,12161,71790000.0,3.34,-3.01,-3.78,1.63
1993-03-04,000001,121.96,122.8,124.48,119.96,20340,117525000.0,3.71,0.69,0.84,2.72
1993-03-05,000001,122.9,118.18,123.43,118.18,15733,90655000.0,4.28,-3.76,-4.62,2.11
1993-03-08,000001,118.18,121.33,122.38,118.18,15266,87618000.0,3.55,2.67,3.15,2.05
1993-03-09,000001,121.33,120.8,122.38,119.86,9501,54491000.0,2.08,-0.44,-0.53,1.27
1993-03-10,000001,120.49,123.53,123.64,120.49,11282,65366000.0,2.61,2.26,2.73,1.51
1993-03-11,000001,123.85,123.74,124.48,123.43,10508,61794000.0,0.85,0.17,0.21,1.41
1993-03-12,000001,124.06,124.48,124.48,123.85,9396,55379000.0,0.51,0.6,0.74,1.26
1993-03-15,000001,124.48,121.75,124.48,119.86,13282,76700000.0,3.71,-2.19,-2.73,1.78
1993-03-16,000001,121.75,122.59,123.43,121.75,9608,55764000.0,1.38,0.69,0.84,1.29
1993-03-17,000001,122.38,121.33,122.8,121.12,8529,49267000.0,1.37,-1.03,-1.26,1.14
1993-03-18,000001,121.33,121.75,122.38,120.38,7040,40641000.0,1.65,0.35,0.42,0.94
1993-03-19,000001,122.06,122.17,122.38,121.12,7638,44168000.0,1.03,0.34,0.42,1.02
1993-03-22,000001,122.38,119.86,122.38,119.44,8173,46907000.0,2.41,-1.89,-2.31,1.09
1993-03-23,000001,119.86,119.02,120.49,118.18,9551,53923000.0,1.93,-0.7,-0.84,1.28
1993-03-24,000001,119.02,116.71,119.44,116.29,8373,46841000.0,2.65,-1.94,-2.31,1.12
1993-03-25,000001,116.71,120.38,120.7,115.66,9414,52257000.0,4.32,3.14,3.67,1.26
1993-03-26,000001,120.7,120.49,122.17,120.49,8493,48910000.0,1.4,0.09,0.11,1.14
1993-03-29,000001,120.7,120.07,120.7,119.23,4793,27314000.0,1.22,-0.35,-0.42,0.64
1993-03-30,000001,120.07,120.17,120.28,119.12,3742,21233000.0,0.97,0.08,0.1,0.5
1993-03-31,000001,120.28,121.12,121.33,120.17,4635,26537000.0,0.97,0.79,0.95,0.62
1993-04-01,000001,121.33,121.12,121.43,120.7,4197,24100000.0,0.6,0.0,0.0,0.56
1993-04-02,000001,121.33,121.12,121.96,120.8,5078,29231000.0,0.96,0.0,0.0,0.68
1993-04-05,000001,121.12,120.38,121.22,120.28,4109,23524000.0,0.78,-0.61,-0.74,0.55
1993-04-06,000001,120.28,120.59,121.01,119.44,4295,24493000.0,1.3,0.17,0.21,0.58
1993-04-07,000001,120.28,121.85,121.96,120.28,4626,26649000.0,1.39,1.04,1.26,0.62
1993-04-08,000001,122.17,123.32,123.43,122.17,7346,42768000.0,1.03,1.21,1.47,0.98
1993-04-09,000001,123.43,122.9,123.85,122.59,7110,41623000.0,1.02,-0.34,-0.42,0.95
1993-04-12,000001,123.22,127.73,128.47,123.22,15612,93706000.0,4.27,3.93,4.83,2.09
1993-04-13,000001,128.05,128.68,128.99,127.73,16360,99548000.0,0.99,0.74,0.95,2.19
1993-04-14,000001,128.68,128.36,128.68,128.05,12043,73313000.0,0.49,-0.25,-0.32,1.61
1993-04-15,000001,128.68,128.05,128.68,127.21,10857,65850000.0,1.15,-0.24,-0.31,1.45
1993-04-16,000001,128.26,128.47,128.68,127.63,8848,53825000.0,0.82,0.33,0.42,1.19
1993-04-19,000001,128.68,127.0,128.68,126.89,9451,57238000.0,1.39,-1.14,-1.47,1.27
1993-04-20,000001,127.0,126.47,127.0,125.95,5543,33251000.0,0.83,-0.42,-0.53,0.74
1993-04-21,000001,126.58,126.47,126.58,125.84,3625,21715000.0,0.59,0.0,0.0,0.49
1993-04-22,000001,126.58,125.95,126.79,125.95,4216,25287000.0,0.66,-0.41,-0.52,0.56
1993-04-23,000001,125.95,124.9,125.95,124.06,5419,32082000.0,1.5,-0.83,-1.05,0.73
1993-04-26,000001,124.9,124.9,124.9,123.43,3973,23446000.0,1.18,0.0,0.0,0.53
1993-04-27,000001,124.9,124.48,125.21,124.48,2490,14722000.0,0.58,-0.34,-0.42,0.33
1993-04-28,000001,124.48,124.48,124.48,123.95,3344,19718000.0,0.43,0.0,0.0,0.45
1993-04-29,000001,124.48,123.64,124.48,123.64,2886,16979000.0,0.67,-0.67,-0.84,0.39
1993-04-30,000001,123.64,124.06,124.16,123.32,4143,24323000.0,0.68,0.34,0.42,0.55
1993-05-01,000001,124.06,122.48,124.06,122.38,2795,16224975.0,1.35,-1.27,-1.58,0.37
1993-05-02,000001,122.38,122.38,122.69,121.85,3410,19778000.0,0.69,-0.08,-0.1,0.46
1993-05-03,000001,124.06,122.48,124.06,122.38,2795,16325000.0,1.37,0.08,0.1,0.37
1993-05-04,000001,122.38,119.65,122.59,119.44,4692,26603640.0,2.57,-2.31,-2.83,0.63
1993-05-05,000001,116.71,116.71,119.75,111.46,12940,71558200.0,6.93,-2.46,-2.94,1.73
1993-05-06,000001,119.65,116.71,119.75,111.46,12940,70441000.0,7.1,0.0,0.0,1.73
1993-05-07,000001,116.71,116.08,117.34,113.56,10207,56056000.0,3.24,-0.54,-0.63,1.37
1993-05-10,000001,116.08,117.23,120.28,116.08,10639,59739000.0,3.62,0.99,1.15,1.43
1993-05-11,000001,116.92,115.13,117.13,113.98,8958,48827000.0,2.69,-1.79,-2.1,1.2
1993-05-12,000001,115.03,117.44,117.86,115.03,5891,32586000.0,2.46,2.01,2.31,0.79
1993-05-13,000001,117.76,119.96,120.7,117.76,6282,35577000.0,2.5,2.15,2.52,0.84
1993-05-14,000001,119.86,120.28,121.54,119.44,5352,30505000.0,1.75,0.27,0.32,0.72
1993-05-17,000001,120.28,117.97,120.7,117.97,4788,27061000.0,2.27,-1.92,-2.31,0.64
1993-05-18,000001,118.18,118.6,119.23,116.29,4041,22653000.0,2.49,0.53,0.63,0.54
1993-05-19,000001,118.6,118.6,118.81,117.76,3735,20973000.0,0.89,0.0,0.0,0.5
1993-05-20,000001,118.6,117.55,118.7,117.55,6462,36167000.0,0.97,-0.89,-1.05,0.87
1993-05-21,000001,117.55,114.82,117.65,114.19,9103,49980000.0,2.94,-2.32,-2.73,1.22
1993-05-24,000001,114.97,108.42,115.17,107.6,13845,37913000.0,6.59,-5.57,-6.4,1.0
1993-05-25,000001,108.42,110.46,110.87,106.78,17339,47194000.0,3.77,1.88,2.04,1.26
1993-05-26,000001,111.08,112.51,114.97,110.87,26506,74631000.0,3.71,1.86,2.05,1.92
1993-05-27,000001,112.51,112.51,112.92,110.87,18483,51620000.0,1.82,0.0,0.0,1.34
1993-05-28,000001,112.51,113.74,114.15,111.69,16883,47682000.0,2.19,1.09,1.23,1.22
1993-05-31,000001,114.35,117.01,117.01,114.15,15765,45363000.0,2.51,2.87,3.27,1.14
1993-06-01,000001,117.01,115.99,118.65,114.97,18771,54452000.0,3.15,-0.87,-1.02,1.36
1993-06-02,000001,115.79,116.61,117.01,114.97,11484,33078000.0,1.76,0.53,0.62,0.83
1993-06-03,000001,116.61,117.01,117.42,116.2,15060,43733000.0,1.05,0.34,0.4,1.09
1993-06-04,000001,116.61,117.01,117.42,116.2,15060,43824600.0,1.04,0.0,0.0,1.09
1993-06-07,000001,116.61,115.79,116.81,114.97,7077,20435000.0,1.57,-1.04,-1.22,0.51
1993-06-08,000001,115.79,115.38,115.99,114.97,5521,15862000.0,0.88,-0.35,-0.41,0.4
1993-06-09,000001,115.58,113.74,115.79,113.12,5727,16205000.0,2.31,-1.42,-1.64,0.41
1993-06-10,000001,113.74,113.53,113.74,112.51,4217,11894000.0,1.08,-0.18,-0.21,0.31
1993-06-11,000001,113.33,111.49,113.33,111.08,7504,20993000.0,1.98,-1.8,-2.04,0.54
1993-06-14,000001,111.49,108.62,111.49,108.01,10632,28796000.0,3.12,-2.57,-2.87,0.77
1993-06-15,000001,108.42,109.85,110.26,107.6,7867,21364000.0,2.45,1.13,1.23,0.57
1993-06-16,000001,109.64,109.44,109.85,108.82,4454,12133000.0,0.94,-0.37,-0.41,0.32
1993-06-17,000001,109.23,109.03,109.23,108.01,4776,12938000.0,1.11,-0.37,-0.41,0.35
1993-06-18,000001,108.82,111.49,111.69,108.62,8124,22284000.0,2.82,2.26,2.46,0.59
1993-06-21,000001,112.1,109.64,113.33,109.44,8859,24460000.0,3.49,-1.66,-1.85,0.64
1993-06-22,000001,109.64,109.64,110.05,108.42,5517,15064000.0,1.49,0.0,0.0,0.4
1993-06-23,000001,109.64,109.44,110.05,109.03,6193,16879000.0,0.93,-0.18,-0.2,0.45
1993-06-24,000001,109.64,109.85,110.05,109.03,8163,22310000.0,0.93,0.37,0.41,0.59
1993-06-25,000001,110.05,108.62,110.46,108.01,8342,22711000.0,2.23,-1.12,-1.23,0.6
1993-06-28,000001,108.42,108.21,108.62,106.37,5073,13627000.0,2.07,-0.38,-0.41,0.37
1993-06-29,000001,108.42,108.62,108.82,108.01,3450,9322000.0,0.75,0.38,0.41,0.25
1993-06-30,000001,108.82,107.6,109.03,107.6,4710,12680000.0,1.32,-0.94,-1.02,0.34
1993-07-01,000001,107.6,105.55,107.6,105.14,8072,21278000.0,2.29,-1.91,-2.05,0.58
1993-07-02,000001,105.55,105.14,105.55,101.25,13238,33901000.0,4.07,-0.39,-0.41,0.96
1993-07-05,000001,105.14,104.32,110.05,102.48,12111,32018000.0,7.2,-0.78,-0.82,0.68
1993-07-06,000001,104.32,101.45,104.32,101.45,6705,17097000.0,2.75,-2.75,-2.87,0.37
1993-07-07,000001,101.45,100.84,102.07,99.82,7945,19945000.0,2.22,-0.6,-0.61,0.44
1993-07-08,000001,100.63,100.63,101.04,99.82,5503,13808000.0,1.21,-0.21,-0.21,0.31
1993-07-09,000001,100.63,99.41,100.63,99.2,6549,16325000.0,1.42,-1.21,-1.22,0.37
1993-07-12,000001,99.41,93.47,99.41,91.63,11383,26716000.0,7.83,-5.98,-5.94,0.64
1993-07-13,000001,93.47,92.04,93.67,91.63,6332,14568000.0,2.18,-1.53,-1.43,0.35
1993-07-14,000001,92.04,92.85,93.67,91.83,4788,11110000.0,2.0,0.88,0.81,0.27
1993-07-15,000001,92.85,91.22,93.06,91.01,5209,11943000.0,2.21,-1.76,-1.63,0.29
1993-07-16,000001,91.22,87.94,91.42,87.94,9932,22058000.0,3.81,-3.6,-3.28,0.55
1993-07-19,000001,87.94,83.23,88.35,82.0,11273,23766000.0,7.22,-5.36,-4.71,0.63
1993-07-20,000001,82.62,81.18,82.62,77.5,15969,31706000.0,6.15,-2.46,-2.05,0.89
1993-07-21,000001,81.8,80.98,82.41,78.52,12026,24432000.0,4.79,-0.25,-0.2,0.67
1993-07-22,000001,80.98,82.21,82.21,79.55,8182,16736000.0,3.28,1.52,1.23,0.46
1993-07-23,000001,82.21,87.33,88.35,82.21,13030,28470550.0,7.47,6.23,5.12,0.73
1993-07-26,000001,87.94,89.78,89.99,87.53,16603,36878000.0,2.82,2.81,2.45,0.93
1993-07-27,000001,89.99,96.13,96.13,89.17,19275,45121000.0,7.75,7.07,6.35,1.08
1993-07-28,000001,96.13,98.79,102.27,96.13,25877,64305000.0,6.39,2.77,2.66,1.44
1993-07-29,000001,98.79,98.18,99.2,95.31,23136,56683200.0,3.94,-0.62,-0.61,1.29
1993-07-30,000001,98.79,98.59,99.82,98.18,19205,47428000.0,1.67,0.42,0.41,1.07
1993-08-02,000001,99.2,99.41,101.66,99.2,18351,45510480.0,2.5,0.83,0.82,1.02
1993-08-03,000001,98.79,96.95,99.0,96.95,9851,23839420.0,2.06,-2.47,-2.46,0.55
1993-08-04,000001,96.33,96.74,97.77,95.93,8623,20815000.0,1.9,-0.22,-0.21,0.48
1993-08-05,000001,97.36,99.0,99.0,97.36,7125,17436000.0,1.7,2.34,2.26,0.4
1993-08-06,000001,99.0,98.18,99.61,96.95,7702,18961000.0,2.69,-0.83,-0.82,0.43
1993-08-09,000001,98.18,101.45,101.86,97.77,14453,36067000.0,4.17,3.33,3.27,0.81
1993-08-10,000001,102.07,102.07,103.5,101.86,21454,54937000.0,1.62,0.61,0.62,1.2
1993-08-11,000001,101.45,106.37,106.37,100.63,17824,45506000.0,5.62,4.21,4.3,1.0
1993-08-12,000001,106.78,107.19,108.21,104.73,28253,75147000.0,3.27,0.77,0.82,1.58
1993-08-13,000001,107.8,107.8,108.62,107.39,25043,67299000.0,1.15,0.57,0.61,1.4
1993-08-16,000001,108.42,109.64,110.46,108.42,40537,109932000.0,1.89,1.71,1.84,2.26
1993-08-17,000001,110.26,101.86,117.42,101.86,37308,103344000.0,14.19,-7.1,-7.78,2.08
1993-08-18,000001,101.25,102.07,106.37,99.82,26655,67838000.0,6.43,0.21,0.21,1.49
1993-08-19,000001,102.68,99.82,103.09,98.79,11292,28335000.0,4.21,-2.2,-2.25,0.63
1993-08-20,000001,99.2,96.13,99.2,95.72,15302,36912000.0,3.49,-3.7,-3.69,0.85
1993-08-23,000001,95.52,92.04,95.52,91.63,14456,33604000.0,4.05,-4.25,-4.09,0.81
1993-08-24,000001,91.42,99.0,99.41,89.58,17429,41123000.0,10.68,7.56,6.96,0.97
1993-08-25,000001,99.0,95.11,99.0,94.9,11719,28194000.0,4.14,-3.93,-3.89,0.65
1993-08-26,000001,94.7,94.7,96.13,93.67,6680,15839000.0,2.59,-0.43,-0.41,0.37
1993-08-27,000001,94.08,93.06,96.13,92.04,9039,21129000.0,4.32,-1.73,-1.64,0.5
1993-08-30,000001,92.44,93.06,94.49,92.04,5398,12541921.0,2.63,0.0,0.0,0.3
1993-08-31,000001,93.26,94.7,96.95,93.26,5758,13709000.0,3.97,1.76,1.64,0.32
1993-09-01,000001,95.31,93.26,96.13,93.06,3954,9296000.0,3.24,-1.52,-1.44,0.22
1993-09-02,000001,92.85,93.06,94.08,92.65,3467,8064000.0,1.53,-0.21,-0.2,0.19
1993-09-03,000001,93.26,94.9,94.9,92.44,3977,9287000.0,2.64,1.98,1.84,0.22
1993-09-06,000001,95.52,94.49,96.13,94.08,3969,9425000.0,2.16,-0.43,-0.41,0.22
1993-09-07,000001,94.08,94.29,94.9,94.08,2382,5621000.0,0.87,-0.21,-0.2,0.13
1993-09-08,000001,94.08,93.67,94.49,93.26,3131,7336000.0,1.3,-0.66,-0.62,0.17
1993-09-09,000001,93.47,93.47,94.49,93.26,2479,5811000.0,1.31,-0.21,-0.2,0.14
1993-09-10,000001,93.47,92.65,93.88,92.04,3673,8532000.0,1.97,-0.88,-0.82,0.21
1993-09-13,000001,92.04,89.58,92.04,89.58,5964,13446000.0,2.66,-3.31,-3.07,0.33
1993-09-14,000001,88.96,89.37,90.4,88.35,5718,12774000.0,2.29,-0.23,-0.21,0.32
1993-09-15,000001,89.37,88.14,90.4,87.94,3950,8808000.0,2.75,-1.38,-1.23,0.22
1993-09-16,000001,87.94,87.74,89.17,87.53,4763,10501000.0,1.86,-0.45,-0.4,0.27
1993-09-20,000001,87.12,91.63,91.83,86.3,8119,18128000.0,6.3,4.43,3.89,0.45
1993-09-21,000001,91.22,89.58,92.85,89.37,6411,14634000.0,3.8,-2.24,-2.05,0.36
1993-09-22,000001,89.58,90.4,91.01,89.58,2810,6337000.0,1.6,0.92,0.82,0.16
1993-09-23,000001,90.81,91.01,92.04,90.6,4376,9989000.0,1.59,0.67,0.61,0.24
1993-09-24,000001,90.4,88.14,90.4,85.07,5406,11913000.0,5.86,-3.15,-2.87,0.3
1993-09-27,000001,88.14,88.55,89.37,87.94,1848,4091000.0,1.62,0.47,0.41,0.1
1993-09-28,000001,87.94,88.76,88.96,87.94,1846,4090000.0,1.15,0.24,0.21,0.1
1993-09-29,000001,88.76,89.99,91.22,88.76,3349,7523000.0,2.77,1.39,1.23,0.19
1993-09-30,000001,90.6,90.4,91.63,90.19,3364,7625000.0,1.6,0.46,0.41,0.19
1993-10-04,000001,91.01,91.63,92.04,90.81,2625,5991000.0,1.36,1.36,1.23,0.15
1993-10-05,000001,92.24,91.22,93.06,90.81,5916,13635000.0,2.46,-0.45,-0.41,0.33
1993-10-06,000001,91.22,89.99,91.22,89.58,2208,4983000.0,1.8,-1.35,-1.23,0.12
1993-10-07,000001,89.58,89.37,90.4,89.17,2792,6255000.0,1.37,-0.69,-0.62,0.16
1993-10-08,000001,89.99,89.17,89.99,89.17,2804,6273000.0,0.92,-0.22,-0.2,0.16
1993-10-11,000001,88.96,88.96,89.58,88.76,2383,5300993.0,0.92,-0.24,-0.21,0.13
1993-10-12,000001,88.96,88.76,88.96,88.35,2882,6388000.0,0.69,-0.22,-0.2,0.16
1993-10-13,000001,88.76,88.14,88.96,87.94,2820,6235000.0,1.15,-0.7,-0.62,0.16
1993-10-14,000001,88.14,87.94,88.14,87.74,2568,5650000.0,0.45,-0.23,-0.2,0.14
1993-10-15,000001,87.94,88.35,88.96,87.94,1774,3918000.0,1.16,0.47,0.41,0.1
1993-10-18,000001,87.94,87.33,87.94,87.33,2404,5271000.0,0.69,-1.15,-1.02,0.13
1993-10-19,000001,87.12,87.33,87.74,86.51,2519,5486000.0,1.41,0.0,0.0,0.14
1993-10-20,000001,87.12,86.92,87.12,86.51,2008,4362000.0,0.7,-0.47,-0.41,0.11
1993-10-21,000001,86.92,86.3,87.12,86.3,2454,5318000.0,0.94,-0.71,-0.62,0.14
1993-10-22,000001,86.3,85.89,86.51,85.28,3198,6858000.0,1.43,-0.48,-0.41,0.18
1993-10-25,000001,85.28,83.23,85.28,83.03,3844,8085000.0,2.62,-3.1,-2.66,0.21
1993-10-26,000001,83.23,85.07,85.07,82.21,3154,6563000.0,3.44,2.21,1.84,0.18
1993-10-27,000001,85.69,85.28,85.89,83.85,3769,8041000.0,2.4,0.25,0.21,0.21
1993-10-28,000001,85.28,88.96,89.58,84.66,4021,8792000.0,5.77,4.32,3.68,0.22
1993-10-29,000001,89.58,87.33,89.78,86.92,5669,12559000.0,3.21,-1.83,-1.63,0.32
1993-11-01,000001,86.71,86.51,86.71,85.69,3141,6794000.0,1.17,-0.94,-0.82,0.18
1993-11-02,000001,86.51,87.94,88.14,86.3,3168,6950000.0,2.13,1.65,1.43,0.18
1993-11-03,000001,87.94,87.53,89.17,87.33,2805,6190000.0,2.09,-0.47,-0.41,0.16
1993-11-04,000001,87.53,87.33,88.35,87.12,1481,3241000.0,1.41,-0.23,-0.2,0.08
1993-11-05,000001,87.12,87.74,87.94,86.92,1973,4332000.0,1.17,0.47,0.41,0.11
1993-11-08,000001,87.53,89.17,89.37,87.53,4773,10610000.0,2.1,1.63,1.43,0.27
1993-11-09,000001,89.17,87.94,89.58,87.94,3881,8625000.0,1.84,-1.38,-1.23,0.22
1993-11-10,000001,87.94,91.01,91.83,87.94,10136,22985000.0,4.42,3.49,3.07,0.57
1993-11-11,000001,91.63,92.04,94.08,91.63,10566,24457000.0,2.69,1.13,1.03,0.59
1993-11-12,000001,92.65,92.85,93.67,91.63,10504,24274000.0,2.22,0.88,0.81,0.59
1993-11-15,000001,93.47,95.31,97.56,93.47,19475,46991000.0,4.4,2.65,2.46,1.09
1993-11-16,000001,94.7,92.24,94.9,92.04,9292,21651000.0,3.0,-3.22,-3.07,0.52
1993-11-17,000001,92.04,91.42,93.47,91.22,8711,20028000.0,2.44,-0.89,-0.82,0.49
1993-11-18,000001,92.04,91.22,92.04,90.4,10465,23934000.0,1.79,-0.22,-0.2,0.58
1993-11-19,000001,91.22,90.6,92.04,90.4,9582,21807000.0,1.8,-0.68,-0.62,0.53
1993-11-22,000001,90.81,90.6,91.63,90.4,8590,19525000.0,1.36,0.0,0.0,0.48
1993-11-23,000001,90.4,88.96,90.6,88.76,6626,14887000.0,2.03,-1.81,-1.64,0.37
1993-11-24,000001,88.35,87.74,88.96,87.33,6911,15235000.0,1.83,-1.37,-1.22,0.39
1993-11-25,000001,87.53,88.55,89.17,87.33,5587,12299000.0,2.1,0.92,0.81,0.31
1993-11-26,000001,88.76,88.14,89.17,87.94,5334,11803000.0,1.39,-0.46,-0.41,0.3
1993-11-29,000001,87.94,87.94,88.14,87.33,3708,8141000.0,0.92,-0.23,-0.2,0.21
1993-11-30,000001,87.94,88.76,88.96,87.94,2843,6290000.0,1.16,0.93,0.82,0.16
1993-12-01,000001,88.76,87.94,88.76,87.74,3947,8694000.0,1.15,-0.92,-0.82,0.22
1993-12-02,000001,87.94,87.53,87.94,87.12,3207,7028000.0,0.93,-0.47,-0.41,0.18
1993-12-03,000001,87.53,87.12,87.74,87.12,4322,9434000.0,0.71,-0.47,-0.41,0.24
1993-12-06,000001,87.33,87.33,88.76,87.12,4381,9576000.0,1.88,0.24,0.21,0.24
1993-12-07,000001,87.33,86.71,87.53,85.89,5265,11487000.0,1.88,-0.71,-0.62,0.29
1993-12-08,000001,86.71,86.71,87.12,86.51,4254,9241000.0,0.7,0.0,0.0,0.24
1993-12-09,000001,87.12,86.51,87.12,86.3,4873,10585000.0,0.95,-0.23,-0.2,0.27
1993-12-10,000001,86.51,89.58,91.63,86.3,9002,20015000.0,6.16,3.55,3.07,0.5
1993-12-13,000001,90.19,87.12,91.63,85.28,11308,25090000.0,7.09,-2.75,-2.46,0.63
1993-12-14,000001,87.33,86.92,88.76,86.71,5398,11777000.0,2.35,-0.23,-0.2,0.3
1993-12-15,000001,87.12,90.6,90.81,87.12,6236,13790000.0,4.25,4.23,3.68,0.35
1993-12-16,000001,91.22,90.4,92.04,89.99,14759,33676000.0,2.26,-0.22,-0.2,0.82
1993-12-17,000001,89.78,89.78,90.4,88.96,6666,14987000.0,1.59,-0.69,-0.62,0.37
1993-12-20,000001,90.4,87.74,90.6,86.1,14501,31967000.0,5.01,-2.27,-2.04,0.81
1993-12-21,000001,87.74,89.37,89.58,87.12,8144,17951000.0,2.8,1.86,1.63,0.45
1993-12-22,000001,89.99,87.94,89.99,87.94,5487,12213000.0,2.29,-1.6,-1.43,0.31
1993-12-23,000001,87.94,87.74,89.17,87.53,4634,10231000.0,1.86,-0.23,-0.2,0.26
1993-12-24,000001,86.51,88.96,89.17,86.51,4932,10824000.0,3.03,1.39,1.22,0.28
1993-12-27,000001,89.37,87.94,89.58,87.74,3694,8173000.0,2.07,-1.15,-1.02,0.21
1993-12-28,000001,87.94,87.53,87.94,87.53,3714,8154000.0,0.47,-0.47,-0.41,0.21
1993-12-29,000001,87.53,87.33,88.76,87.12,2698,5909000.0,1.87,-0.23,-0.2,0.15
1993-12-30,000001,87.33,88.96,89.99,87.12,6827,15136000.0,3.29,1.87,1.63,0.38
1993-12-31,000001,89.99,89.37,90.81,88.96,9253,20807000.0,2.08,0.46,0.41,0.52
1994-01-03,000001,89.37,87.53,89.37,87.53,3082,6793000.0,2.06,-2.06,-1.84,0.17
1994-01-04,000001,87.33,87.53,88.35,87.33,2152,4719000.0,1.17,0.0,0.0,0.12
1994-01-05,000001,87.53,87.12,87.74,87.12,3159,6900000.0,0.71,-0.47,-0.41,0.18
1994-01-06,000001,87.53,88.76,88.96,87.53,4407,9721000.0,1.64,1.88,1.64,0.25
1994-01-07,000001,89.17,87.94,89.58,87.33,5996,13288000.0,2.53,-0.92,-0.82,0.33
1994-01-10,000001,87.94,88.35,89.58,87.94,4702,10438000.0,1.86,0.47,0.41,0.26
1994-01-11,000001,88.35,87.94,88.76,87.94,3364,7418000.0,0.93,-0.46,-0.41,0.19
1994-01-12,000001,87.53,87.74,87.94,87.53,2004,4398000.0,0.47,-0.23,-0.2,0.11
1994-01-13,000001,87.53,86.51,87.94,86.1,3699,8035000.0,2.1,-1.4,-1.23,0.21
1994-01-14,000001,86.92,84.25,86.92,83.85,8542,18183000.0,3.55,-2.61,-2.26,0.48
1994-01-17,000001,84.25,83.64,84.66,83.44,3368,7069000.0,1.45,-0.72,-0.61,0.19
1994-01-18,000001,83.44,83.64,83.85,80.98,3581,7370000.0,3.43,0.0,0.0,0.2
1994-01-19,000001,83.85,81.59,83.85,80.98,2734,5604000.0,3.43,-2.45,-2.05,0.15
1994-01-20,000001,80.57,80.36,80.57,79.75,3065,6163000.0,1.01,-1.51,-1.23,0.17
1994-01-21,000001,79.95,80.16,80.36,79.75,2788,5597000.0,0.76,-0.25,-0.2,0.16
1994-01-24,000001,80.36,79.95,81.39,79.75,2616,5275000.0,2.05,-0.26,-0.21,0.15
1994-01-25,000001,79.95,78.93,80.36,78.73,3116,6212000.0,2.04,-1.28,-1.02,0.17
1994-01-26,000001,78.93,76.88,78.93,75.66,3823,7408000.0,4.14,-2.6,-2.05,0.21
1994-01-27,000001,76.47,77.09,77.09,75.45,3217,6174000.0,2.13,0.27,0.21,0.18
1994-01-28,000001,77.29,75.66,77.29,75.66,2925,5611000.0,2.11,-1.85,-1.43,0.16
1994-01-31,000001,74.84,71.76,74.84,70.95,4665,8493000.0,5.14,-5.15,-3.9,0.26
1994-02-01,000001,70.95,71.56,73.61,69.51,4170,7544000.0,5.71,-0.28,-0.2,0.23
1994-02-02,000001,71.15,73.81,74.02,71.15,3789,6902000.0,4.01,3.14,2.25,0.21
1994-02-03,000001,74.84,78.93,78.93,74.63,8696,16883000.0,5.83,6.94,5.12,0.49
1994-02-04,000001,79.75,82.21,82.21,79.75,9796,19850000.0,3.12,4.16,3.28,0.55
1994-02-14,000001,83.23,75.66,83.85,75.25,6279,12359000.0,10.46,-7.97,-6.55,0.35
1994-02-15,000001,75.25,75.25,75.66,73.61,4199,7881000.0,2.71,-0.54,-0.41,0.23
1994-02-16,000001,75.66,75.45,76.06,74.43,3127,5937000.0,2.17,0.27,0.2,0.17
1994-02-17,000001,74.84,73.61,74.84,73.2,2517,4660000.0,2.17,-2.44,-1.84,0.14
1994-02-18,000001,72.79,73.81,74.43,72.79,2247,4154000.0,2.23,0.27,0.2,0.13
1994-02-21,000001,72.79,71.56,72.79,71.56,3486,6316000.0,1.67,-3.05,-2.25,0.19
1994-02-22,000001,72.79,72.99,76.68,72.38,8608,16112000.0,6.01,2.0,1.43,0.48
1994-02-23,000001,73.61,72.58,74.84,71.56,2505,4595000.0,4.49,-0.56,-0.41,0.14
1994-02-24,000001,73.81,74.22,74.84,72.58,3817,7023000.0,3.11,2.26,1.64,0.21
1994-02-25,000001,75.45,74.02,75.45,73.61,4894,9149000.0,2.48,-0.27,-0.2,0.27
1994-02-28,000001,74.02,72.17,74.02,71.97,2076,3813000.0,2.77,-2.5,-1.85,0.12
1994-03-01,000001,71.97,71.97,72.38,71.76,2375,4304000.0,0.86,-0.28,-0.2,0.13
1994-03-02,000001,71.97,71.56,72.17,71.36,1937,3496000.0,1.13,-0.57,-0.41,0.11
1994-03-03,000001,71.56,70.54,71.56,69.92,3359,5960000.0,2.29,-1.43,-1.02,0.19
1994-03-04,000001,69.92,69.1,69.92,69.1,3820,6674000.0,1.16,-2.04,-1.44,0.21
1994-03-07,000001,69.1,67.47,69.1,65.42,5082,8562000.0,5.33,-2.36,-1.63,0.28
1994-03-08,000001,67.47,66.85,67.47,66.24,2356,3969000.0,1.82,-0.92,-0.62,0.13
1994-03-09,000001,66.85,66.65,67.06,66.44,1988,3339000.0,0.93,-0.3,-0.2,0.11
1994-03-10,000001,66.65,65.62,66.65,65.42,3038,5042000.0,1.85,-1.55,-1.03,0.17
1994-03-11,000001,65.62,65.83,67.26,63.37,4400,7192000.0,5.93,0.32,0.21,0.25
1994-03-14,000001,67.06,68.28,69.92,66.65,5943,10174000.0,4.97,3.72,2.45,0.33
1994-03-15,000001,69.51,66.24,69.72,66.24,4401,7512000.0,5.1,-2.99,-2.04,0.25
1994-03-16,000001,66.03,66.24,66.24,65.01,2514,4159000.0,1.86,0.0,0.0,0.14
1994-03-17,000001,66.65,67.47,67.87,66.65,4775,8089000.0,1.84,1.86,1.23,0.27
1994-03-18,000001,67.87,67.26,68.28,66.65,4222,7175000.0,2.42,-0.31,-0.21,0.24
1994-03-21,000001,68.28,65.42,68.28,65.42,2499,4175000.0,4.25,-2.74,-1.84,0.14
1994-03-22,000001,65.01,63.98,65.01,63.78,2682,4347000.0,1.88,-2.2,-1.44,0.15
1994-03-23,000001,63.57,62.35,63.57,62.14,5487,8704000.0,2.24,-2.55,-1.63,0.31
1994-03-24,000001,62.14,60.71,62.35,60.3,5935,9144000.0,3.29,-2.63,-1.64,0.33
1994-03-25,000001,60.71,60.5,61.32,60.5,4035,6197000.0,1.35,-0.35,-0.21,0.23
1994-03-28,000001,64.6,61.32,77.7,61.12,7666,12239000.0,27.4,1.36,0.82,0.43
1994-03-29,000001,61.32,62.55,62.55,60.3,4270,6566000.0,3.67,2.01,1.23,0.24
1994-03-30,000001,62.55,61.94,62.96,60.3,9127,14270000.0,4.25,-0.98,-0.61,0.51
1994-03-31,000001,61.94,59.48,62.35,59.28,4186,6465000.0,4.96,-3.97,-2.46,0.23
1994-04-01,000001,59.28,58.87,59.48,58.66,5196,7772000.0,1.38,-1.03,-0.61,0.29
1994-04-04,000001,58.87,57.84,59.28,57.43,3220,4784000.0,3.14,-1.75,-1.03,0.18
1994-04-05,000001,57.64,57.64,58.25,57.23,3469,5058000.0,1.76,-0.35,-0.2,0.19
1994-04-06,000001,57.64,58.25,58.25,57.43,1954,2873000.0,1.42,1.06,0.61,0.11
1994-04-07,000001,58.46,58.25,59.07,58.25,2978,4418000.0,1.41,0.0,0.0,0.17
1994-04-08,000001,57.84,56.41,57.84,55.79,2587,3725000.0,3.52,-3.16,-1.84,0.14
1994-04-11,000001,56.41,53.54,56.41,53.13,3517,4883000.0,5.81,-5.09,-2.87,0.2
1994-04-12,000001,53.54,51.49,53.54,50.27,6610,8693000.0,6.11,-3.83,-2.05,0.37
1994-04-13,000001,52.72,50.68,53.13,50.68,4658,6141000.0,4.76,-1.57,-0.81,0.26
1994-04-14,000001,49.45,47.81,50.27,47.81,7109,8838000.0,4.85,-5.66,-2.87,0.4
1994-04-15,000001,47.4,50.06,50.27,46.99,22844,28149000.0,6.86,4.71,2.25,1.28
1994-04-18,000001,50.47,48.63,50.47,48.42,12761,16113000.0,4.1,-2.86,-1.43,0.71
1994-04-19,000001,48.22,46.38,48.22,45.97,10112,12196000.0,4.63,-4.63,-2.25,0.56
1994-04-20,000001,45.76,46.38,47.81,45.35,9585,11295000.0,5.3,0.0,0.0,0.54
1994-04-21,000001,46.58,48.22,48.63,46.58,10512,12856000.0,4.42,3.97,1.84,0.59
1994-04-22,000001,48.63,47.4,48.63,47.19,9580,11702000.0,2.99,-1.7,-0.82,0.53
1994-04-25,000001,47.4,48.42,48.83,46.99,4232,5215000.0,3.88,2.15,1.02,0.24
1994-04-26,000001,48.63,50.27,50.27,48.42,8675,10981000.0,3.82,3.82,1.85,0.48
1994-04-27,000001,50.47,53.13,53.13,50.31,17784,23317000.0,5.61,5.69,2.86,0.99
1994-04-28,000001,53.54,56.82,58.46,53.54,59829,86057000.0,9.26,6.95,3.69,3.34
1994-04-29,000001,56.41,63.33,63.37,55.18,65309,97754000.0,14.41,11.46,6.51,3.65
1994-05-03,000001,65.42,71.56,75.25,65.42,90294,161442000.0,15.52,13.0,8.23,5.04
1994-05-04,000001,73.61,65.62,74.22,65.42,78881,137414000.0,12.3,-8.3,-5.94,4.4
1994-05-05,000001,64.6,68.08,69.51,63.37,61645,104136000.0,9.36,3.75,2.46,3.44
1994-05-06,000001,68.69,67.51,69.51,65.83,60675,103806000.0,5.41,-0.84,-0.57,3.39
1994-05-09,000001,68.28,69.76,72.38,67.47,70774,124237000.0,7.27,3.33,2.25,3.95
1994-05-10,000001,70.33,67.96,70.33,67.38,38532,65998000.0,4.23,-2.58,-1.8,2.15
1994-05-11,000001,68.49,66.65,69.06,66.24,22710,39041000.0,4.15,-1.93,-1.31,1.27
1994-05-12,000001,66.24,64.6,66.85,64.6,15743,26116000.0,3.38,-3.08,-2.05,0.88
1994-05-13,000001,64.8,66.97,67.06,63.98,13289,21907000.0,4.77,3.67,2.37,0.74
1994-05-16,000001,67.87,67.67,68.28,66.15,14407,24425000.0,3.18,1.05,0.7,0.8
1994-05-17,000001,67.47,65.62,67.47,65.46,4562,7620000.0,2.97,-3.03,-2.05,0.25
1994-05-18,000001,65.42,65.01,66.2,64.6,4348,7168000.0,2.44,-0.93,-0.61,0.24
1994-05-19,000001,64.68,66.03,66.65,64.52,5562,9167000.0,3.28,1.57,1.02,0.31
1994-05-20,000001,66.03,65.42,66.65,64.93,4612,7706000.0,2.6,-0.92,-0.61,0.26
1994-05-23,000001,65.83,64.52,65.99,64.19,2711,4439000.0,2.75,-1.38,-0.9,0.15
1994-05-24,000001,64.23,64.43,64.8,64.19,1909,3107000.0,0.95,-0.14,-0.09,0.11
1994-05-25,000001,64.43,62.96,65.42,62.55,3748,6035000.0,4.45,-2.28,-1.47,0.21
1994-05-26,000001,62.96,60.01,62.96,59.89,7015,10882000.0,4.88,-4.69,-2.95,0.39
1994-05-27,000001,60.09,59.32,61.32,58.95,9180,14039000.0,3.95,-1.15,-0.69,0.51
1994-05-30,000001,59.28,56.37,59.28,55.59,5254,7502000.0,6.22,-4.97,-2.95,0.29
1994-05-31,000001,55.38,57.64,58.46,55.22,7660,11049000.0,5.75,2.25,1.27,0.43
1994-06-01,000001,57.64,55.59,57.64,55.59,6156,8824000.0,3.56,-3.56,-2.05,0.34
1994-06-02,000001,55.38,55.88,56.74,55.18,4416,6263000.0,2.81,0.52,0.29,0.25
1994-06-03,000001,56.0,56.12,57.47,55.88,7852,11318000.0,2.85,0.43,0.24,0.44
1994-06-06,000001,56.12,55.79,57.15,55.59,3046,4321000.0,2.78,-0.59,-0.33,0.17
1994-06-07,000001,55.79,55.71,55.88,55.63,1218,1722000.0,0.45,-0.14,-0.08,0.07
1994-06-08,000001,55.38,56.41,56.49,55.18,3897,5495000.0,2.35,1.26,0.7,0.22
1994-06-09,000001,56.41,55.71,57.23,55.67,3269,4658000.0,2.77,-1.24,-0.7,0.18
1994-06-10,000001,55.59,55.43,55.63,55.3,3370,4738000.0,0.59,-0.5,-0.28,0.19
1994-06-13,000001,55.18,53.75,55.18,53.54,4511,6230000.0,2.96,-3.03,-1.68,0.25
1994-06-14,000001,53.17,51.99,53.71,51.7,4727,6304000.0,3.74,-3.27,-1.76,0.26
1994-06-15,000001,51.49,52.23,52.31,51.13,2604,3444000.0,2.27,0.46,0.24,0.15
1994-06-16,000001,52.31,54.28,55.18,52.23,4637,6275000.0,5.65,3.92,2.05,0.26
1994-06-17,000001,54.69,57.23,57.39,53.95,10233,14378000.0,6.34,5.43,2.95,0.57
1994-06-20,000001,57.23,55.51,57.72,55.18,17532,25187000.0,4.44,-3.01,-1.72,0.98
1994-06-21,000001,54.98,54.81,55.02,54.36,5287,7336000.0,1.19,-1.26,-0.7,0.3
1994-06-22,000001,54.36,55.51,56.0,54.36,2422,3405000.0,2.99,1.28,0.7,0.14
1994-06-23,000001,55.18,55.3,55.79,55.18,2460,3456000.0,1.1,-0.38,-0.21,0.14
1994-06-24,000001,55.18,54.73,55.18,54.65,3343,4656000.0,0.96,-1.03,-0.57,0.19
1994-06-27,000001,54.36,52.97,54.36,52.93,4357,5892000.0,2.61,-3.22,-1.76,0.24
1994-06-28,000001,52.72,52.19,52.89,51.7,2941,3909000.0,2.25,-1.47,-0.78,0.16
1994-06-29,000001,52.19,52.11,52.72,51.86,3607,4797000.0,1.65,-0.15,-0.08,0.2
1994-06-30,000001,51.94,52.89,53.05,51.9,2575,3431000.0,2.21,1.5,0.78,0.14
1994-07-01,000001,52.31,52.31,52.8,52.31,2444,3265000.0,0.93,-1.1,-0.58,0.14
1994-07-04,000001,51.9,52.03,52.23,51.9,4701,6212000.0,0.63,-0.54,-0.28,0.26
1994-07-08,000001,51.74,54.36,54.61,51.17,15264,20533000.0,6.61,4.48,2.33,0.85
1994-07-11,000001,56.84,55.82,57.18,54.81,9746,8329000.0,4.36,2.69,1.46,0.36
1994-07-12,000001,55.82,56.43,56.77,55.82,4864,4198000.0,1.7,1.09,0.61,0.18
1994-07-13,000001,56.84,58.12,58.53,56.84,5594,4920000.0,2.99,2.99,1.69,0.21
1994-07-14,000001,58.19,57.85,59.27,57.85,18218,16340000.0,2.44,-0.46,-0.27,0.68
1994-07-15,000001,58.19,56.37,58.53,56.16,12191,10693000.0,4.1,-2.56,-1.48,0.45
1994-07-18,000001,55.49,54.0,55.49,53.8,8529,7078000.0,3.0,-4.2,-2.37,0.32
1994-07-19,000001,53.8,54.14,55.42,53.46,6446,5346000.0,3.63,0.26,0.14,0.24
1994-07-20,000001,54.41,54.0,54.47,53.8,4499,3731000.0,1.24,-0.26,-0.14,0.17
1994-07-21,000001,53.46,53.32,53.73,53.12,5114,4178000.0,1.13,-1.26,-0.68,0.19
1994-07-22,000001,53.12,53.05,53.8,52.18,6109,4953000.0,3.04,-0.51,-0.27,0.23
1994-07-25,000001,52.78,53.87,54.14,52.18,7278,5928000.0,3.69,1.55,0.82,0.27
1994-07-26,000001,54.68,55.55,55.62,54.0,13850,11651000.0,3.01,3.12,1.68,0.52
1994-07-27,000001,55.82,53.26,56.37,53.12,18522,15581000.0,5.85,-4.12,-2.29,0.69
1994-07-28,000001,53.26,51.91,53.46,51.64,17184,13860000.0,3.42,-2.53,-1.35,0.64
1994-07-29,000001,51.43,52.11,52.45,50.96,8693,6906000.0,2.87,0.39,0.2,0.32
1994-08-01,000001,58.87,62.92,63.93,57.51,92171,85832000.0,12.32,20.74,10.81,3.43
1994-08-02,000001,65.62,64.27,71.03,64.27,79112,82374000.0,10.74,2.15,1.35,2.94
1994-08-03,000001,63.6,71.03,71.37,63.6,89992,92407000.0,12.09,10.52,6.76,3.35
1994-08-04,000001,74.41,72.31,77.11,69.0,165650,183352000.0,11.42,1.8,1.28,6.17
1994-08-05,000001,72.38,75.42,75.76,70.35,126715,141174000.0,7.48,4.3,3.11,4.72
1994-08-08,000001,78.32,78.05,81.16,76.1,158792,188700992.0,6.71,3.49,2.63,5.91
1994-08-09,000001,77.11,72.38,77.11,72.04,62858,71263000.0,6.5,-7.26,-5.67,2.34
1994-08-10,000001,73.05,77.92,78.46,71.37,76943,87677000.0,9.8,7.65,5.54,2.86
1994-08-11,000001,81.16,75.82,82.51,75.76,117154,140806000.0,8.66,-2.7,-2.1,4.36
1994-08-12,000001,74.41,74.61,77.11,73.66,54742,62238000.0,4.55,-1.6,-1.21,2.04
1994-08-15,000001,73.73,73.87,75.42,72.38,30838,34475000.0,4.07,-0.99,-0.74,1.15
1994-08-16,000001,73.73,74.61,76.1,73.05,41111,46912000.0,4.13,1.0,0.74,1.53
1994-08-17,000001,76.43,76.43,76.43,75.15,25050,28817000.0,1.72,2.44,1.82,0.93
1994-08-18,000001,78.46,81.16,82.38,77.78,132545,161704992.0,6.02,6.19,4.73,4.93
1994-08-19,000001,81.16,78.46,82.18,77.11,101992,124251000.0,6.25,-3.33,-2.7,3.8
1994-08-22,000001,76.16,75.42,77.78,74.41,54555,62932000.0,4.3,-3.87,-3.04,1.9
1994-08-23,000001,76.91,77.65,77.78,74.74,33532,38683000.0,4.03,2.96,2.23,1.17
1994-08-24,000001,78.12,76.57,78.46,76.43,32723,38379000.0,2.61,-1.39,-1.08,1.14
1994-08-25,000001,75.62,75.08,76.57,75.08,26428,30357000.0,1.95,-1.95,-1.49,0.92
1994-08-26,000001,75.08,75.82,77.45,75.08,29843,34376000.0,3.16,0.99,0.74,1.04
1994-08-29,000001,75.42,78.19,81.5,74.68,93824,111947000.0,8.99,3.13,2.37,3.27
1994-08-30,000001,83.19,80.96,84.88,78.46,119720,147815008.0,8.21,3.54,2.77,4.18
1994-08-31,000001,82.51,82.51,83.19,80.82,138481,171887008.0,2.93,1.91,1.55,4.83
1994-09-01,000001,84.54,86.7,89.27,84.54,201635,265231008.0,5.73,5.08,4.19,7.04
1994-09-02,000001,86.57,88.93,89.2,86.23,112501,149260992.0,3.43,2.57,2.23,3.79
1994-09-05,000001,95.69,106.77,107.85,95.69,199907,307171008.0,13.67,20.06,17.84,6.73
1994-09-06,000001,109.54,112.38,114.95,107.51,196019,329151008.0,6.97,5.25,5.61,6.6
1994-09-07,000001,112.24,102.11,112.24,99.41,186190,302344000.0,11.42,-9.14,-10.27,6.27
1994-09-08,000001,100.76,109.88,112.24,100.76,161372,258472000.0,11.24,7.61,7.77,5.43
1994-09-09,000001,112.24,104.81,112.24,104.14,168786,278580992.0,7.37,-4.61,-5.07,5.68
1994-09-12,000001,106.16,113.73,114.27,106.16,267915,453099008.0,7.74,8.51,8.92,9.02
1994-09-13,000001,116.3,114.47,120.01,112.92,266650,468529984.0,6.23,0.65,0.74,8.98
1994-09-14,000001,114.81,111.43,115.15,109.41,144339,242644000.0,5.01,-2.66,-3.04,4.86
1994-09-15,000001,108.53,106.84,110.76,106.3,81034,132130000.0,4.0,-4.12,-4.59,2.73
1994-09-16,000001,109.54,109.54,110.76,107.51,81484,134153000.0,3.04,2.53,2.7,2.74
1994-09-19,000001,108.87,107.51,108.87,106.77,37350,60728000.0,1.92,-1.85,-2.03,1.26
1994-09-20,000001,106.16,105.76,106.84,104.47,46745,74605000.0,2.2,-1.63,-1.75,1.57
1994-09-21,000001,106.16,109.54,110.42,106.16,43127,70572000.0,4.03,3.57,3.78,1.45
1994-09-22,000001,111.57,107.38,111.57,106.5,46995,77050000.0,4.63,-1.97,-2.16,1.58
1994-09-23,000001,109.54,109.61,112.58,108.19,171899,284971008.0,4.09,2.08,2.23,5.79
1994-09-26,000001,109.88,109.81,110.22,107.51,53862,88659000.0,2.47,0.18,0.2,1.81
1994-09-27,000001,109.54,109.0,110.22,106.84,38921,63289000.0,3.08,-0.74,-0.81,1.31
1994-09-28,000001,109.2,109.14,110.22,106.16,60766,99514000.0,3.72,0.13,0.14,2.05
1994-09-29,000001,109.88,102.78,110.82,96.03,79312,124780000.0,13.55,-5.83,-6.36,2.67
1994-09-30,000001,101.43,95.35,101.43,94.0,68714,100952000.0,7.23,-7.23,-7.43,2.31
1994-10-05,000001,91.97,81.77,92.65,79.47,82743,106766000.0,13.82,-14.24,-13.58,2.79
1994-10-06,000001,81.84,79.68,86.03,79.14,70946,89364000.0,8.43,-2.56,-2.09,2.39
1994-10-07,000001,77.78,83.19,85.89,70.35,137797,162371008.0,19.5,4.41,3.51,4.64
1994-10-10,000001,82.51,79.14,82.51,75.76,64598,78499000.0,8.11,-4.87,-4.05,2.17
1994-10-11,000001,78.46,79.68,81.16,78.46,15961,19294000.0,3.41,0.68,0.54,0.54
1994-10-12,000001,79.68,79.27,80.35,79.14,17474,21103000.0,1.52,-0.51,-0.41,0.59
1994-10-13,000001,79.81,75.76,80.35,75.62,24969,29294000.0,5.97,-4.43,-3.51,0.84
1994-10-14,000001,75.08,76.97,77.78,72.04,43282,49158000.0,7.58,1.6,1.21,1.46
1994-10-17,000001,74.95,73.39,74.95,72.45,17024,19105000.0,3.25,-4.65,-3.58,0.57
1994-10-18,000001,72.72,73.66,74.47,72.38,8441,9433000.0,2.85,0.37,0.27,0.28
1994-10-19,000001,73.6,75.22,75.22,73.6,10721,12096000.0,2.2,2.12,1.56,0.36
1994-10-20,000001,75.22,78.46,79.68,75.08,23893,27787000.0,6.12,4.31,3.24,0.8
1994-10-21,000001,80.49,76.3,80.49,75.42,32450,38690000.0,6.46,-2.75,-2.16,1.09
1994-10-24,000001,75.76,80.35,80.35,75.76,27495,32619000.0,6.02,5.31,4.05,0.93
1994-10-25,000001,81.7,77.11,82.51,77.11,54619,65963000.0,6.72,-4.03,-3.24,1.84
1994-10-26,000001,76.43,75.42,77.11,75.08,18056,20810000.0,2.63,-2.19,-1.69,0.61
1994-10-27,000001,75.42,76.97,76.97,75.08,10036,11569000.0,2.51,2.06,1.55,0.34
1994-10-28,000001,76.97,75.08,77.72,74.95,13201,15205000.0,3.6,-2.46,-1.89,0.44
1994-10-31,000001,76.77,73.73,76.77,73.46,13985,15754000.0,4.41,-1.8,-1.35,0.47
1994-11-01,000001,75.08,74.54,75.08,73.73,4325,4888000.0,1.83,1.1,0.81,0.15
1994-11-02,000001,74.41,74.88,75.76,73.73,4035,4576000.0,2.72,0.46,0.34,0.14
1994-11-03,000001,74.41,75.82,76.43,74.34,8073,9283000.0,2.79,1.26,0.94,0.27
1994-11-04,000001,76.1,74.14,76.57,73.93,7315,8329000.0,3.48,-2.22,-1.68,0.25
1994-11-07,000001,73.6,74.0,74.41,72.38,4785,5321000.0,2.74,-0.19,-0.14,0.16
1994-11-08,000001,74.0,75.42,76.43,74.0,14277,16411000.0,3.28,1.92,1.42,0.48
1994-11-09,000001,75.76,76.3,76.43,74.74,11900,13643000.0,2.24,1.17,0.88,0.4
1994-11-10,000001,76.43,75.49,77.72,75.08,16472,19115000.0,3.46,-1.06,-0.81,0.55
1994-11-11,000001,75.49,76.57,76.57,75.08,6443,7431000.0,1.97,1.43,1.08,0.22
1994-11-14,000001,77.45,76.57,77.65,75.76,9679,11270000.0,2.47,0.0,0.0,0.33
1994-11-15,000001,75.76,75.49,76.1,75.28,6721,7721000.0,1.07,-1.41,-1.08,0.23
1994-11-16,000001,74.81,75.08,75.42,74.74,3546,4037000.0,0.9,-0.54,-0.41,0.12
1994-11-17,000001,75.08,74.61,75.76,74.47,3203,3642000.0,1.72,-0.63,-0.47,0.11
1994-11-18,000001,74.41,74.27,74.41,73.6,5566,6253000.0,1.09,-0.46,-0.34,0.19
1994-11-21,000001,74.27,74.14,74.41,73.93,2041,2300000.0,0.65,-0.18,-0.13,0.07
1994-11-22,000001,74.14,74.27,74.81,74.07,1959,2212000.0,1.0,0.18,0.13,0.07
1994-11-23,000001,74.27,74.07,74.41,73.26,3359,3760000.0,1.55,-0.27,-0.2,0.11
1994-11-24,000001,73.73,73.6,74.07,73.05,2814,3144000.0,1.38,-0.63,-0.47,0.09
1994-11-25,000001,73.73,73.93,74.95,73.73,4606,5203000.0,1.66,0.45,0.33,0.16
1994-11-28,000001,73.39,73.53,74.14,73.12,4614,5155000.0,1.38,-0.54,-0.4,0.16
1994-11-29,000001,73.26,74.07,74.07,73.12,3573,3984000.0,1.29,0.73,0.54,0.12
1994-11-30,000001,74.74,73.73,74.74,73.66,4144,4651000.0,1.46,-0.46,-0.34,0.14
1994-12-01,000001,73.73,73.8,74.68,73.73,1687,1891000.0,1.29,0.09,0.07,0.06
1994-12-02,000001,74.41,73.66,74.54,73.6,2609,2927000.0,1.27,-0.19,-0.14,0.09
1994-12-05,000001,73.73,72.31,73.73,72.24,5962,6597000.0,2.02,-1.83,-1.35,0.2
1994-12-06,000001,72.31,70.89,72.31,70.69,6897,7458000.0,2.24,-1.96,-1.42,0.23
1994-12-07,000001,71.03,71.3,72.04,70.69,2525,2730000.0,1.9,0.58,0.41,0.08
1994-12-08,000001,71.3,70.01,71.37,70.01,3861,4145000.0,1.91,-1.81,-1.29,0.13
1994-12-09,000001,69.0,68.8,69.07,67.99,4690,4886000.0,1.54,-1.73,-1.21,0.16
1994-12-12,000001,68.66,67.58,68.66,67.31,4430,4567000.0,1.96,-1.77,-1.22,0.15
1994-12-13,000001,66.97,67.99,69.0,65.96,6391,6573000.0,4.5,0.61,0.41,0.22
1994-12-14,000001,69.0,66.91,69.0,66.64,4316,4426000.0,3.47,-1.59,-1.08,0.15
1994-12-15,000001,66.91,74.41,78.12,66.64,16733,18079000.0,17.16,11.21,7.5,0.56
1994-12-16,000001,75.08,73.19,75.08,70.69,30186,33863000.0,5.9,-1.64,-1.22,1.02
1994-12-19,000001,73.05,69.88,73.66,69.68,11772,12765000.0,5.44,-4.52,-3.31,0.4
1994-12-20,000001,69.68,70.22,71.37,69.68,8305,8878000.0,2.42,0.49,0.34,0.28
1994-12-21,000001,70.01,68.32,70.82,67.31,12673,13339000.0,5.0,-2.71,-1.9,0.43
1994-12-22,000001,68.66,67.65,69.0,67.31,8006,8264000.0,2.47,-0.98,-0.67,0.27
1994-12-23,000001,67.65,68.53,69.41,67.58,7622,7940000.0,2.71,1.3,0.88,0.26
1994-12-26,000001,68.32,68.12,69.0,67.65,3735,3870000.0,1.97,-0.6,-0.41,0.13
1994-12-27,000001,67.65,67.11,68.19,66.84,8808,9017000.0,1.98,-1.48,-1.01,0.3
1994-12-28,000001,68.32,68.05,68.32,67.24,3532,3642000.0,1.61,1.4,0.94,0.12
1994-12-29,000001,68.05,67.78,68.93,67.51,4844,5007000.0,2.09,-0.4,-0.27,0.16
1994-12-30,000001,68.32,68.87,69.34,67.65,9131,9491000.0,2.49,1.61,1.09,0.31
1995-01-03,000001,69.0,70.49,70.76,67.04,7497,7911000.0,5.4,2.35,1.62,0.25
1995-01-04,000001,70.49,73.46,73.6,69.0,17496,19034000.0,6.53,4.21,2.97,0.59
1995-01-05,000001,73.73,73.19,75.08,71.97,32212,36150000.0,4.23,-0.37,-0.27,1.08
1995-01-06,000001,72.72,73.46,73.46,71.03,12579,13833000.0,3.32,0.37,0.27,0.42
1995-01-09,000001,72.38,70.96,73.05,70.62,7218,7836000.0,3.31,-3.4,-2.5,0.24
1995-01-10,000001,70.35,68.66,70.35,68.32,14652,15347000.0,2.86,-3.24,-2.3,0.49
1995-01-11,000001,68.66,69.41,69.95,68.66,7067,7433000.0,1.88,1.09,0.75,0.24
1995-01-12,000001,69.41,68.32,69.54,68.32,6604,6909000.0,1.76,-1.57,-1.09,0.22
1995-01-13,000001,67.99,68.32,68.66,67.38,4854,5021000.0,1.87,0.0,0.0,0.16
1995-01-16,000001,68.66,67.11,68.66,66.37,7692,7889000.0,3.35,-1.77,-1.21,0.26
1995-01-17,000001,66.97,67.45,68.32,66.64,3447,3535000.0,2.5,0.51,0.34,0.12
1995-01-18,000001,67.65,68.66,69.34,67.31,4475,4642000.0,3.01,1.79,1.21,0.15
1995-01-19,000001,69.34,67.04,69.34,67.04,7169,7443000.0,3.35,-2.36,-1.62,0.24
1995-01-20,000001,67.04,67.58,68.26,66.5,7173,7327000.0,2.63,0.81,0.54,0.24
1995-01-23,000001,67.04,67.51,68.26,67.04,3835,3952000.0,1.81,-0.1,-0.07,0.13
1995-01-24,000001,67.51,68.32,68.39,67.51,5220,5407000.0,1.3,1.2,0.81,0.18
1995-01-25,000001,68.66,69.61,69.61,68.32,9167,9646000.0,1.89,1.89,1.29,0.31
1995-01-26,000001,69.61,69.34,69.61,68.32,7268,7632000.0,1.85,-0.39,-0.27,0.24
1995-01-27,000001,69.34,69.27,70.22,69.0,9256,9818000.0,1.76,-0.1,-0.07,0.31
1995-02-13,000001,69.68,69.47,69.68,67.92,3250,3416000.0,2.54,0.29,0.2,0.11
1995-02-14,000001,69.0,69.0,69.68,68.66,1970,2072000.0,1.47,-0.68,-0.47,0.07
1995-02-15,000001,69.0,69.0,69.2,68.73,2203,2313000.0,0.68,0.0,0.0,0.07
1995-02-16,000001,68.66,68.73,69.0,68.66,1578,1653000.0,0.49,-0.39,-0.27,0.05
1995-02-17,000001,68.39,68.6,69.68,68.32,2526,2644000.0,1.98,-0.19,-0.13,0.09
1995-02-20,000001,68.32,68.46,68.73,68.32,1620,1690000.0,0.6,-0.2,-0.14,0.05
1995-02-21,000001,68.32,68.87,68.87,68.32,3132,3266000.0,0.8,0.6,0.41,0.11
1995-02-22,000001,68.87,74.0,74.41,68.19,15458,16956000.0,9.03,7.45,5.13,0.52
1995-02-23,000001,73.73,71.43,74.0,70.22,24755,27071000.0,5.11,-3.47,-2.57,0.83
1995-02-24,000001,71.43,69.27,71.7,68.66,14076,14927000.0,4.26,-3.02,-2.16,0.47
1995-02-27,000001,69.27,69.68,73.05,69.27,11678,12534000.0,5.46,0.59,0.41,0.39
1995-02-28,000001,69.68,69.88,70.22,69.34,3196,3393512.0,1.26,0.29,0.2,0.11
1995-03-01,000001,69.88,71.03,71.03,69.68,6871,7347000.0,1.93,1.65,1.15,0.23
1995-03-02,000001,71.03,70.89,71.16,70.42,4225,4551000.0,1.04,-0.2,-0.14,0.14
1995-03-03,000001,70.35,71.64,72.38,70.35,11415,12452000.0,2.86,1.06,0.75,0.38
1995-03-06,000001,71.64,73.32,73.32,71.64,13826,15288000.0,2.35,2.35,1.68,0.47
1995-03-07,000001,74.27,74.74,74.95,71.77,34972,39343000.0,4.34,1.94,1.42,1.18
1995-03-08,000001,74.74,73.73,74.81,72.72,19228,21545000.0,2.8,-1.35,-1.01,0.65
1995-03-09,000001,73.73,71.7,73.73,71.7,11589,12843000.0,2.75,-2.75,-2.03,0.39
1995-03-10,000001,72.31,71.57,73.6,71.37,11270,12372000.0,3.11,-0.18,-0.13,0.38
1995-03-13,000001,73.05,71.03,73.6,70.69,9443,10311000.0,4.07,-0.75,-0.54,0.32
1995-03-14,000001,71.37,70.55,72.11,70.35,6680,7229000.0,2.48,-0.68,-0.48,0.22
1995-03-15,000001,71.7,69.68,71.91,69.0,9646,10292000.0,4.12,-1.23,-0.87,0.32
1995-03-16,000001,69.68,70.35,70.42,69.2,2982,3165000.0,1.75,0.96,0.67,0.1
1995-03-17,000001,70.35,70.35,71.03,69.68,5104,5462000.0,1.92,0.0,0.0,0.17
1995-03-20,000001,70.69,69.47,71.5,69.47,2854,3065000.0,2.89,-1.25,-0.88,0.1
1995-03-21,000001,69.47,69.88,70.28,69.0,5326,5643000.0,1.84,0.59,0.41,0.18
1995-03-22,000001,69.68,70.69,71.1,69.41,4870,5223000.0,2.42,1.16,0.81,0.16
1995-03-23,000001,71.97,70.01,71.97,70.01,3559,3833000.0,2.77,-0.96,-0.68,0.12
1995-03-24,000001,70.01,70.35,71.03,69.68,2659,2833000.0,1.93,0.49,0.34,0.09
1995-03-27,000001,70.01,70.62,71.03,70.01,6578,7037000.0,1.45,0.38,0.27,0.22
1995-03-28,000001,70.69,70.22,70.69,70.08,1977,2116000.0,0.86,-0.57,-0.4,0.07
1995-03-29,000001,69.95,71.03,71.03,68.32,3156,3353000.0,3.86,1.15,0.81,0.11
1995-03-30,000001,71.03,69.68,71.37,69.68,6100,6567000.0,2.38,-1.9,-1.35,0.21
1995-03-31,000001,69.68,70.76,70.76,69.68,3776,4038000.0,1.55,1.55,1.08,0.13
1995-04-03,000001,70.89,71.03,71.57,70.69,6011,6494000.0,1.24,0.38,0.27,0.2
1995-04-04,000001,71.03,70.55,71.03,69.88,4737,5064000.0,1.62,-0.68,-0.48,0.16
1995-04-05,000001,70.55,69.74,71.16,69.74,3372,3604000.0,2.01,-1.15,-0.81,0.11
1995-04-06,000001,69.68,70.01,70.49,69.47,4846,5147000.0,1.46,0.39,0.27,0.16
1995-04-07,000001,69.74,72.24,73.19,69.74,15764,17257000.0,4.93,3.19,2.23,0.53
1995-04-10,000001,72.31,72.31,73.73,71.3,11633,12865000.0,3.36,0.1,0.07,0.39
1995-04-11,000001,71.7,70.22,71.7,70.01,8165,8780000.0,2.34,-2.89,-2.09,0.27
1995-04-12,000001,69.74,70.15,70.35,69.68,5291,5635000.0,0.95,-0.1,-0.07,0.18
1995-04-13,000001,70.15,69.95,71.7,69.81,4126,4399000.0,2.69,-0.29,-0.2,0.14
1995-04-14,000001,69.68,69.81,70.01,69.68,3633,3855000.0,0.47,-0.2,-0.14,0.12
1995-04-17,000001,69.81,69.81,70.89,69.68,3130,3348000.0,1.73,0.0,0.0,0.11
1995-04-18,000001,69.0,69.61,70.22,69.0,3887,4119000.0,1.75,-0.29,-0.2,0.13
1995-04-19,000001,69.14,69.41,69.61,69.14,2310,2438000.0,0.68,-0.29,-0.2,0.08
1995-04-20,000001,69.34,70.01,70.15,69.34,2985,3169000.0,1.17,0.86,0.6,0.1
1995-04-21,000001,70.35,69.47,70.35,69.0,3645,3867000.0,1.93,-0.77,-0.54,0.12
1995-04-24,000001,69.0,68.53,69.47,68.05,5490,5738000.0,2.04,-1.35,-0.94,0.18
1995-04-25,000001,68.32,67.78,68.32,67.65,3512,3631000.0,0.98,-1.09,-0.75,0.12
1995-04-26,000001,67.51,65.89,68.73,65.89,6571,6697000.0,4.19,-2.79,-1.89,0.22
1995-04-27,000001,65.62,62.18,65.62,58.87,25008,23991000.0,10.24,-5.63,-3.71,0.84
1995-04-28,000001,62.85,63.53,64.14,62.65,8118,7833000.0,2.4,2.17,1.35,0.27
1995-05-02,000001,63.53,62.78,63.53,62.58,2897,2780000.0,1.5,-1.18,-0.75,0.1
1995-05-03,000001,62.85,62.24,63.53,62.24,2629,2519000.0,2.05,-0.86,-0.54,0.09
1995-05-04,000001,62.24,61.64,62.65,61.43,2619,2470000.0,1.96,-0.96,-0.6,0.09
1995-05-05,000001,61.57,61.23,61.91,60.22,3169,2967000.0,2.74,-0.67,-0.41,0.11
1995-05-08,000001,61.23,60.96,61.23,60.55,1888,1757000.0,1.11,-0.44,-0.27,0.06
1995-05-09,000001,60.96,61.57,62.58,60.96,1198,1125000.0,2.66,1.0,0.61,0.04
1995-05-10,000001,61.91,60.15,61.91,60.08,3821,3540000.0,2.97,-2.31,-1.42,0.13
1995-05-11,000001,60.55,60.22,60.89,59.54,2976,2736000.0,2.24,0.12,0.07,0.1
1995-05-12,000001,60.22,61.43,61.91,60.22,2940,2743000.0,2.81,2.01,1.21,0.1
1995-05-15,000001,61.43,60.76,61.43,60.22,1223,1135000.0,1.97,-1.09,-0.67,0.04
1995-05-16,000001,61.23,60.76,61.3,60.76,1799,1676000.0,0.89,0.0,0.0,0.06
1995-05-17,000001,60.82,61.1,61.1,60.55,1409,1308000.0,0.91,0.56,0.34,0.05
1995-05-18,000001,81.7,77.11,82.51,72.45,115541,136828000.0,16.46,26.2,16.01,3.89
1995-05-19,000001,77.72,79.47,80.49,76.16,81640,97764000.0,5.62,3.06,2.36,2.75
1995-05-22,000001,81.16,80.76,85.22,78.8,119867,149356000.0,8.08,1.62,1.29,4.03
1995-05-23,000001,72.38,66.64,75.69,65.96,98076,105340000.0,12.05,-17.48,-14.12,3.3
1995-05-24,000001,65.69,66.91,69.68,65.01,33020,33621000.0,7.01,0.41,0.27,1.11
1995-05-25,000001,68.32,64.95,68.66,64.61,13378,13489000.0,6.05,-2.93,-1.96,0.45
1995-05-26,000001,64.81,65.49,70.96,63.26,23026,22977000.0,11.86,0.83,0.54,0.78
1995-05-29,000001,66.23,65.62,66.97,64.95,8113,8090000.0,3.08,0.2,0.13,0.27
1995-05-30,000001,66.3,65.28,66.3,64.95,4894,4876000.0,2.06,-0.52,-0.34,0.16
1995-05-31,000001,64.95,64.27,65.35,64.27,4950,4886000.0,1.65,-1.55,-1.01,0.17
1995-06-01,000001,64.27,64.95,65.28,64.27,4708,4644000.0,1.57,1.06,0.68,0.16
1995-06-02,000001,65.62,64.95,65.62,64.81,9289,9236000.0,1.25,0.0,0.0,0.31
1995-06-05,000001,64.95,64.14,65.55,63.93,5770,5687000.0,2.49,-1.25,-0.81,0.19
1995-06-06,000001,64.27,63.87,64.27,63.26,6818,6624000.0,1.57,-0.42,-0.27,0.23
1995-06-07,000001,63.6,65.22,65.28,63.6,6188,6050000.0,2.63,2.11,1.35,0.21
1995-06-08,000001,65.22,64.61,65.82,63.93,6265,6197000.0,2.9,-0.94,-0.61,0.21
1995-06-09,000001,64.27,64.14,64.61,63.93,4714,4609000.0,1.05,-0.73,-0.47,0.16
1995-06-12,000001,64.2,63.19,64.27,62.92,4596,4441000.0,2.1,-1.48,-0.95,0.15
1995-06-13,000001,62.99,63.19,63.6,62.72,6936,6666000.0,1.39,0.0,0.0,0.23
1995-06-14,000001,63.19,62.38,63.26,62.24,6505,6218000.0,1.61,-1.28,-0.81,0.22
1995-06-15,000001,59.54,59.61,59.95,57.51,10709,9719000.0,3.91,-4.44,-2.77,0.36
1995-06-16,000001,58.19,60.89,61.03,58.19,11378,10458000.0,4.76,2.15,1.28,0.38
1995-06-19,000001,60.89,61.3,61.57,59.54,8632,8022000.0,3.33,0.67,0.41,0.29
1995-06-20,000001,60.96,61.1,61.91,60.89,4621,4332000.0,1.66,-0.33,-0.2,0.16
1995-06-21,000001,61.57,61.91,61.91,60.89,4296,4029000.0,1.67,1.33,0.81,0.14
1995-06-22,000001,61.91,61.43,62.11,60.89,2371,2221000.0,1.97,-0.78,-0.48,0.08
1995-06-23,000001,61.43,61.16,61.43,60.89,3489,3260000.0,0.88,-0.44,-0.27,0.12
1995-06-26,000001,61.37,61.1,61.37,60.69,2051,1909000.0,1.11,-0.1,-0.06,0.07
1995-06-27,000001,60.89,61.03,61.43,60.76,2772,2583000.0,1.1,-0.11,-0.07,0.09
1995-06-28,000001,60.89,60.49,60.89,60.22,2177,2009000.0,1.1,-0.88,-0.54,0.07
1995-06-29,000001,60.76,60.55,60.76,60.08,2387,2203000.0,1.12,0.1,0.06,0.08
1995-06-30,000001,60.55,60.01,60.89,59.74,2384,2185000.0,1.9,-0.89,-0.54,0.08
1995-07-03,000001,59.54,58.8,59.54,58.66,3289,2963000.0,1.47,-2.02,-1.21,0.11
1995-07-04,000001,58.53,58.87,59.41,58.53,2101,1888000.0,1.5,0.12,0.07,0.07
1995-07-05,000001,58.87,59.07,59.54,58.73,2313,2090000.0,1.38,0.34,0.2,0.08
1995-07-06,000001,59.47,59.0,59.54,58.73,2978,2688000.0,1.37,-0.12,-0.07,0.1
1995-07-07,000001,58.87,60.55,60.55,58.73,5259,4795000.0,3.08,2.63,1.55,0.18
1995-07-10,000001,60.55,59.54,60.89,59.0,6830,6232000.0,3.12,-1.67,-1.01,0.23
1995-07-11,000001,59.54,58.87,60.08,58.8,3732,3372000.0,2.15,-1.13,-0.67,0.13
1995-07-12,000001,59.2,58.93,59.2,58.6,2882,2595000.0,1.02,0.1,0.06,0.1
1995-07-13,000001,58.8,59.2,59.54,58.66,4172,3763000.0,1.49,0.46,0.27,0.14
1995-07-14,000001,59.54,59.0,59.88,58.87,3782,3418000.0,1.71,-0.34,-0.2,0.13
1995-07-17,000001,58.87,60.15,60.22,58.87,6301,5756000.0,2.29,1.95,1.15,0.21
1995-07-18,000001,60.22,60.55,61.43,59.0,11395,10476000.0,4.04,0.67,0.4,0.38
1995-07-19,000001,61.64,59.68,61.64,59.54,9059,8371000.0,3.47,-1.44,-0.87,0.3
1995-07-20,000001,59.54,59.88,60.62,59.54,6158,5647000.0,1.81,0.34,0.2,0.21
1995-07-21,000001,60.08,60.35,60.89,59.88,4702,4325000.0,1.69,0.78,0.47,0.16
1995-07-24,000001,60.35,60.15,60.89,60.08,5827,5387000.0,1.34,-0.33,-0.2,0.2
1995-07-25,000001,60.22,59.88,60.62,59.54,3276,2991000.0,1.8,-0.45,-0.27,0.11
1995-07-26,000001,60.28,59.61,60.28,59.54,2636,2416000.0,1.24,-0.45,-0.27,0.09
1995-07-27,000001,59.47,59.95,60.22,59.2,3101,2833000.0,1.71,0.57,0.34,0.1
1995-07-28,000001,59.81,59.74,60.08,59.74,3313,3032000.0,0.57,-0.35,-0.21,0.11
1995-07-31,000001,59.74,59.81,60.22,59.68,2762,2527000.0,0.9,0.12,0.07,0.09
1995-08-01,000001,59.68,60.35,60.49,59.61,5146,4720000.0,1.47,0.9,0.54,0.17
1995-08-02,000001,61.23,59.74,61.23,59.68,3714,3436000.0,2.57,-1.01,-0.61,0.13
1995-08-03,000001,59.81,60.08,60.22,59.74,3599,3302000.0,0.8,0.57,0.34,0.12
1995-08-07,000001,60.08,63.46,63.6,60.08,20227,19219000.0,5.86,5.63,3.38,0.68
1995-08-08,000001,65.28,63.32,65.62,62.51,32132,31586000.0,4.9,-0.22,-0.14,1.08
1995-08-09,000001,63.32,62.58,63.32,61.43,9119,8645000.0,2.98,-1.17,-0.74,0.31
1995-08-10,000001,62.92,62.58,63.26,61.97,8578,8175000.0,2.06,0.0,0.0,0.29
1995-08-11,000001,64.27,63.6,65.62,63.26,10850,10569000.0,3.77,1.63,1.02,0.37
1995-08-14,000001,64.27,64.61,64.61,63.46,20640,20085000.0,1.81,1.59,1.01,0.69
1995-08-15,000001,64.61,64.88,67.65,63.8,40170,40506000.0,5.96,0.42,0.27,1.35
1995-08-16,000001,64.54,64.95,64.95,63.6,14156,13872000.0,2.08,0.11,0.07,0.48
1995-08-17,000001,64.95,64.95,65.49,64.34,17426,17202000.0,1.77,0.0,0.0,0.59
1995-08-18,000001,64.61,65.76,67.65,63.93,39866,39922000.0,5.73,1.25,0.81,1.34
1995-08-21,000001,66.3,64.54,66.64,64.27,19728,19694000.0,3.6,-1.86,-1.22,0.66
1995-08-22,000001,64.14,65.62,68.66,63.6,50711,50647000.0,7.84,1.67,1.08,1.71
1995-08-23,000001,66.3,66.57,66.97,65.28,47923,48358000.0,2.58,1.45,0.95,1.61
1995-08-24,000001,66.84,71.7,71.7,66.84,145199,155131008.0,7.3,7.71,5.13,4.89
1995-08-25,000001,72.38,69.41,72.92,69.0,117020,127164000.0,5.47,-3.19,-2.29,3.94
1995-08-29,000001,69.41,64.47,69.41,64.34,45327,45374000.0,7.3,-7.12,-4.94,1.53
1995-08-30,000001,63.93,63.8,65.28,63.26,25090,24524000.0,3.13,-1.04,-0.67,0.84
1995-08-31,000001,63.8,63.32,64.14,62.78,19951,19200000.0,2.13,-0.75,-0.48,0.67
1995-09-04,000001,64.27,63.73,64.34,63.32,10840,10534000.0,1.61,0.65,0.41,0.36
1995-09-05,000001,63.93,63.32,63.93,63.05,8810,8533000.0,1.38,-0.64,-0.41,0.3
1995-09-06,000001,63.32,63.87,63.87,62.78,9893,9516000.0,1.72,0.87,0.55,0.33
1995-09-07,000001,64.47,63.46,64.47,63.26,10523,10235000.0,1.89,-0.64,-0.41,0.35
1995-09-08,000001,63.46,63.26,63.46,62.92,8445,8133000.0,0.85,-0.32,-0.2,0.28
1995-09-11,000001,63.26,63.6,63.6,62.85,11465,11044000.0,1.19,0.54,0.34,0.39
1995-09-12,000001,64.27,63.66,64.88,63.46,9070,8853000.0,2.23,0.09,0.06,0.31
1995-09-13,000001,63.6,64.27,64.74,62.92,12551,12207000.0,2.86,0.96,0.61,0.42
1995-09-14,000001,64.61,64.2,64.61,63.6,11765,11488000.0,1.57,-0.11,-0.07,0.4
1995-09-15,000001,64.68,66.23,67.31,64.68,46343,46777000.0,4.1,3.16,2.03,1.56
1995-09-18,000001,66.97,66.84,67.65,66.64,18706,19089000.0,1.52,0.92,0.61,0.63
1995-09-19,000001,66.7,64.81,66.97,64.61,23612,23517000.0,3.53,-3.04,-2.03,0.79
1995-09-20,000001,64.34,64.47,64.47,63.8,13857,13556000.0,1.03,-0.52,-0.34,0.47
1995-09-21,000001,64.41,65.22,65.28,64.27,8927,8807000.0,1.57,1.16,0.75,0.3
1995-09-22,000001,65.42,64.74,65.55,64.61,14148,13993000.0,1.44,-0.74,-0.48,0.48
1995-09-25,000001,64.95,64.46,65.19,63.73,8532,6773000.0,2.26,-0.43,-0.28,0.24
1995-09-26,000001,64.78,64.22,64.87,63.97,10487,8313000.0,1.4,-0.37,-0.24,0.29
1995-09-27,000001,63.89,63.0,63.97,62.76,12108,9409000.0,1.88,-1.9,-1.22,0.34
1995-09-28,000001,62.51,62.51,62.92,62.11,9293,7138000.0,1.29,-0.78,-0.49,0.26
1995-09-29,000001,62.35,63.97,64.46,62.11,9585,7500000.0,3.76,2.34,1.46,0.27
1995-10-04,000001,64.14,63.16,64.54,62.92,6249,4886000.0,2.53,-1.27,-0.81,0.17
1995-10-05,000001,62.92,63.32,63.73,62.68,4744,3707000.0,1.66,0.25,0.16,0.13
1995-10-06,000001,62.92,62.92,63.97,62.76,4394,3418000.0,1.91,-0.63,-0.4,0.12
1995-10-09,000001,62.92,61.7,62.92,60.89,11797,9009000.0,3.23,-1.94,-1.22,0.33
1995-10-10,000001,62.19,61.14,62.19,60.81,7855,5942000.0,2.24,-0.91,-0.56,0.22
1995-10-11,000001,60.89,60.24,61.05,59.92,7050,5244000.0,1.85,-1.47,-0.9,0.2
1995-10-12,000001,60.08,59.35,60.49,59.35,10511,7727000.0,1.89,-1.48,-0.89,0.29
1995-10-13,000001,59.11,60.08,61.3,58.87,7589,5618000.0,4.09,1.23,0.73,0.21
1995-10-16,000001,60.16,61.14,61.54,60.16,8527,6405000.0,2.3,1.76,1.06,0.24
1995-10-17,000001,61.3,61.7,62.11,61.3,8058,6123000.0,1.32,0.92,0.56,0.23
1995-10-18,000001,62.11,61.7,62.35,60.89,6898,5236000.0,2.37,0.0,0.0,0.19
1995-10-19,000001,61.7,60.73,62.11,60.57,7879,5929000.0,2.5,-1.57,-0.97,0.22
1995-10-20,000001,60.89,63.97,64.54,60.08,26709,20502000.0,7.34,5.34,3.24,0.75
1995-10-23,000001,63.97,62.35,63.97,62.35,21716,16826000.0,2.53,-2.53,-1.62,0.61
1995-10-24,000001,62.51,62.43,63.73,62.11,7767,5973000.0,2.6,0.13,0.08,0.22
1995-10-25,000001,64.62,63.97,67.14,62.6,29512,23229000.0,7.27,2.47,1.54,0.83
1995-10-26,000001,63.97,62.11,63.97,61.87,18088,13974000.0,3.28,-2.91,-1.86,0.51
1995-10-27,000001,60.81,61.3,62.11,60.73,10774,8123000.0,2.22,-1.3,-0.81,0.3
1995-10-30,000001,60.89,60.73,61.3,60.49,8363,6270000.0,1.32,-0.93,-0.57,0.23
1995-10-31,000001,60.89,60.16,61.46,60.08,9094,6792000.0,2.27,-0.94,-0.57,0.25
1995-11-01,000001,60.89,60.49,61.3,60.08,8571,6361000.0,2.03,0.55,0.33,0.24
1995-11-02,000001,60.08,60.24,60.73,60.0,5420,4022000.0,1.21,-0.41,-0.25,0.15
1995-11-03,000001,60.16,60.73,60.89,60.08,5130,3815000.0,1.34,0.81,0.49,0.14
1995-11-06,000001,60.73,60.81,60.89,60.16,5768,4306000.0,1.2,0.13,0.08,0.16
1995-11-07,000001,60.73,60.65,60.73,60.08,5846,4344000.0,1.07,-0.26,-0.16,0.16
1995-11-08,000001,60.24,59.92,60.32,59.84,7713,5703000.0,0.79,-1.2,-0.73,0.22
1995-11-09,000001,59.76,59.76,60.08,59.43,4931,3628000.0,1.08,-0.27,-0.16,0.14
1995-11-10,000001,59.92,59.76,60.32,59.68,3033,2239000.0,1.07,0.0,0.0,0.08
1995-11-13,000001,58.46,58.46,59.76,58.46,7140,5165000.0,2.18,-2.18,-1.3,0.2
1995-11-14,000001,58.54,58.62,59.11,58.38,6313,4558000.0,1.25,0.27,0.16,0.18
1995-11-15,000001,58.87,58.46,58.87,57.97,4248,3053000.0,1.54,-0.27,-0.16,0.12
1995-11-16,000001,58.54,58.3,58.7,58.22,4317,3106000.0,0.82,-0.27,-0.16,0.12
1995-11-17,000001,58.14,58.22,58.46,58.05,47,3340819.0,0.7,-0.14,-0.08,0.0
1995-11-20,000001,58.3,58.22,58.46,57.73,3395,2426000.0,1.25,0.0,0.0,0.1
1995-11-21,000001,58.14,58.46,58.7,58.14,3740,2692000.0,0.96,0.41,0.24,0.1
1995-11-22,000001,58.38,58.7,61.3,58.38,22757,16749000.0,4.99,0.41,0.24,0.64
1995-11-23,000001,58.38,58.3,58.87,58.14,4486,3229000.0,1.24,-0.68,-0.4,0.13
1995-11-24,000001,58.46,58.95,59.11,58.46,3891,2811000.0,1.11,1.11,0.65,0.11
1995-11-27,000001,58.78,58.3,59.43,58.3,4564,3288000.0,1.92,-1.1,-0.65,0.13
1995-11-28,000001,58.14,57.81,58.14,57.24,7640,5420000.0,1.54,-0.84,-0.49,0.21
1995-11-29,000001,58.38,57.24,58.46,56.84,4801,3395000.0,2.8,-0.99,-0.57,0.13
1995-11-30,000001,57.16,56.84,57.16,56.43,6620,4624000.0,1.28,-0.7,-0.4,0.19
1995-12-01,000001,56.68,56.92,57.24,56.03,5194,3630000.0,2.13,0.14,0.08,0.15
1995-12-04,000001,57.24,56.6,57.24,56.35,4041,2816000.0,1.56,-0.56,-0.32,0.11
1995-12-05,000001,56.84,56.84,57.49,56.76,4172,2932000.0,1.29,0.42,0.24,0.12
1995-12-06,000001,56.84,56.84,57.24,56.51,3370,2363000.0,1.28,0.0,0.0,0.09
1995-12-07,000001,56.84,56.76,57.0,56.35,3844,2680000.0,1.14,-0.14,-0.08,0.11
1995-12-08,000001,56.76,56.84,57.24,56.6,3649,2556000.0,1.13,0.14,0.08,0.1
1995-12-11,000001,56.84,55.7,56.84,55.7,5013,3466000.0,2.01,-2.01,-1.14,0.14
1995-12-12,000001,55.7,55.78,56.03,54.89,6543,4457000.0,2.05,0.14,0.08,0.18
1995-12-13,000001,55.7,54.97,55.78,54.81,4908,3334000.0,1.74,-1.45,-0.81,0.14
1995-12-14,000001,54.73,54.57,54.97,54.49,3229,2176000.0,0.87,-0.73,-0.4,0.09
1995-12-15,000001,54.65,54.24,54.65,54.08,6432,4302000.0,1.04,-0.6,-0.33,0.18
1995-12-18,000001,54.0,53.51,54.08,52.95,4449,2941000.0,2.08,-1.35,-0.73,0.12
1995-12-19,000001,53.43,53.6,53.84,52.95,3768,2487000.0,1.66,0.17,0.09,0.11
1995-12-20,000001,53.27,53.84,54.0,53.27,3716,2455000.0,1.36,0.45,0.24,0.1
1995-12-21,000001,53.68,53.6,54.81,53.6,4840,3227000.0,2.25,-0.45,-0.24,0.14
1995-12-22,000001,53.6,53.6,54.24,53.43,3517,2329000.0,1.51,0.0,0.0,0.1
1995-12-25,000001,53.6,52.3,53.6,51.97,4772,3107000.0,3.04,-2.43,-1.3,0.13
1995-12-26,000001,52.22,52.7,53.51,52.22,5301,3464000.0,2.47,0.76,0.4,0.15
1995-12-27,000001,52.62,52.7,52.87,52.05,3985,2575000.0,1.56,0.0,0.0,0.11
1995-12-28,000001,52.38,51.97,52.78,51.81,4259,2743000.0,1.84,-1.39,-0.73,0.12
1995-12-29,000001,51.81,52.22,52.38,51.81,3824,2452000.0,1.1,0.48,0.25,0.11
1996-01-02,000001,51.57,51.32,51.57,51.16,2159,1368000.0,0.79,-1.72,-0.9,0.06
1996-01-03,000001,49.7,50.68,51.16,49.7,3841,2379000.0,2.84,-1.25,-0.64,0.11
1996-01-04,000001,50.19,51.24,51.32,49.95,3148,1967000.0,2.7,1.1,0.56,0.09
1996-01-05,000001,51.57,50.84,51.97,50.76,4752,3004000.0,2.36,-0.78,-0.4,0.13
1996-01-08,000001,50.35,50.35,50.6,49.7,3064,1889000.0,1.77,-0.96,-0.49,0.09
1996-01-09,000001,50.35,51.16,51.16,50.19,2884,1800000.0,1.93,1.61,0.81,0.08
1996-01-10,000001,51.08,50.27,51.08,50.03,2190,1357000.0,2.05,-1.74,-0.89,0.06
1996-01-11,000001,50.19,50.27,50.51,49.95,1891,1171000.0,1.11,0.0,0.0,0.05
1996-01-12,000001,50.35,50.76,51.0,49.95,3299,2058000.0,2.09,0.97,0.49,0.09
1996-01-15,000001,50.76,50.76,50.92,50.27,2658,1657000.0,1.28,0.0,0.0,0.07
1996-01-16,000001,50.76,50.76,51.24,50.43,1896,1189000.0,1.6,0.0,0.0,0.05
1996-01-17,000001,50.76,50.43,51.16,50.35,2348,1470000.0,1.6,-0.65,-0.33,0.07
1996-01-18,000001,49.95,49.05,50.11,49.05,4128,2515000.0,2.1,-2.74,-1.38,0.12
1996-01-19,000001,49.14,49.3,49.7,48.73,2163,1313000.0,1.98,0.51,0.25,0.06
1996-01-22,000001,49.3,48.73,49.3,48.0,7132,4270000.0,2.64,-1.16,-0.57,0.2
1996-01-23,000001,48.89,48.0,48.89,47.92,3782,2251000.0,1.99,-1.5,-0.73,0.11
1996-01-24,000001,48.73,48.81,49.05,48.32,4145,2479000.0,1.52,1.69,0.81,0.12
1996-01-25,000001,48.65,48.73,49.7,48.65,5240,3179000.0,2.15,-0.16,-0.08,0.15
1996-01-26,000001,48.57,49.7,50.35,48.24,3261,1986000.0,4.33,1.99,0.97,0.09
1996-01-29,000001,49.95,49.7,50.11,49.54,2523,1550000.0,1.15,0.0,0.0,0.07
1996-01-30,000001,49.54,50.03,50.03,49.46,2067,1265000.0,1.15,0.66,0.33,0.06
1996-01-31,000001,49.54,49.7,49.95,49.46,3381,2071000.0,0.98,-0.66,-0.33,0.09
1996-02-01,000001,49.95,50.03,50.19,49.7,7250,4460000.0,0.99,0.66,0.33,0.2
1996-02-02,000001,50.11,50.03,50.11,49.54,4449,2731000.0,1.14,0.0,0.0,0.12
1996-02-05,000001,49.95,49.95,50.35,49.54,7153,4390000.0,1.62,-0.16,-0.08,0.2
1996-02-06,000001,49.38,50.11,50.11,49.38,3293,2021000.0,1.46,0.32,0.16,0.09
1996-02-07,000001,50.11,50.11,50.19,49.78,2411,1486000.0,0.82,0.0,0.0,0.07
1996-02-08,000001,49.95,50.27,50.35,49.95,4412,2728000.0,0.8,0.32,0.16,0.12
1996-02-09,000001,50.27,51.32,52.14,50.19,12945,8181000.0,3.88,2.09,1.05,0.36
1996-02-12,000001,51.49,52.22,52.46,51.32,12444,7981000.0,2.22,1.75,0.9,0.35
1996-02-13,000001,52.7,54.41,55.14,52.62,34613,23190000.0,4.83,4.19,2.19,0.97
1996-02-14,000001,54.41,54.0,55.78,53.76,27254,18408000.0,3.71,-0.75,-0.41,0.76
1996-02-15,000001,54.0,55.62,55.87,53.6,21636,14665000.0,4.2,3.0,1.62,0.61
1996-02-16,000001,56.84,59.84,60.49,56.84,80891,58609000.0,6.56,7.59,4.22,2.26
1996-03-04,000001,64.14,63.97,64.7,60.89,77894,60284000.0,6.37,6.9,4.13,2.18
1996-03-05,000001,63.57,61.62,63.97,61.3,50231,38622000.0,4.17,-3.67,-2.35,1.41
1996-03-06,000001,60.81,60.08,61.95,59.68,34355,25615000.0,3.68,-2.5,-1.54,0.96
1996-03-07,000001,59.92,64.78,64.78,59.76,54102,41820000.0,8.36,7.82,4.7,1.51
1996-03-08,000001,65.35,64.7,65.76,63.32,102133,81697000.0,3.77,-0.12,-0.08,2.86
1996-03-11,000001,64.14,62.27,64.22,61.78,37563,29088000.0,3.77,-3.76,-2.43,1.05
1996-03-12,000001,61.7,62.84,63.49,61.7,23532,18091000.0,2.87,0.92,0.57,0.66
1996-03-13,000001,62.51,63.08,63.24,61.78,17869,13771000.0,2.32,0.38,0.24,0.5
1996-03-14,000001,66.57,63.32,67.3,63.32,113624,90528000.0,6.31,0.38,0.24,3.18
1996-03-15,000001,63.08,63.65,63.89,62.35,35367,27522000.0,2.43,0.52,0.33,0.99
1996-03-18,000001,63.32,65.19,65.35,63.32,48502,38655000.0,3.19,2.42,1.54,1.36
1996-03-19,000001,65.11,64.95,66.16,64.7,40885,32965000.0,2.24,-0.37,-0.24,1.14
1996-03-20,000001,64.7,64.95,65.27,64.54,17612,14062000.0,1.12,0.0,0.0,0.49
1996-03-21,000001,64.95,64.14,65.11,64.05,26177,20847000.0,1.63,-1.25,-0.81,0.73
1996-03-22,000001,63.97,64.62,64.87,63.49,20259,15994000.0,2.15,0.75,0.48,0.57
1996-03-25,000001,64.54,64.62,65.03,64.05,17704,14089000.0,1.52,0.0,0.0,0.5
1996-03-26,000001,64.54,64.05,65.11,63.57,26016,20626000.0,2.38,-0.88,-0.57,0.73
1996-03-27,000001,63.73,64.3,64.78,63.32,17628,13872000.0,2.28,0.39,0.25,0.49
1996-03-28,000001,63.81,63.97,64.78,63.73,13527,10707000.0,1.63,-0.51,-0.33,0.38
1996-03-29,000001,63.57,64.46,64.95,63.57,16153,12778000.0,2.16,0.77,0.49,0.45
1996-04-01,000001,65.27,64.62,65.51,64.54,24588,19709578.0,1.5,0.25,0.16,0.69
1996-04-02,000001,64.62,64.38,64.78,64.22,11733,9335000.0,0.87,-0.37,-0.24,0.33
1996-04-03,000001,64.14,64.95,65.19,64.14,14287,11400000.0,1.63,0.89,0.57,0.4
1996-04-04,000001,64.95,67.14,67.54,64.78,68810,56355000.0,4.25,3.37,2.19,1.93
1996-04-05,000001,67.38,69.0,69.57,67.22,85936,72833000.0,3.5,2.77,1.86,2.41
1996-04-08,000001,68.92,69.65,70.3,64.95,53091,45196000.0,7.75,0.94,0.65,1.49
1996-04-09,000001,69.0,69.16,69.97,68.84,32098,27457000.0,1.62,-0.7,-0.49,0.9
1996-04-10,000001,69.0,69.81,70.3,68.6,27453,23599000.0,2.46,0.94,0.65,0.77
1996-04-11,000001,70.3,71.43,71.6,69.65,45736,39899000.0,2.79,2.32,1.62,1.28
1996-04-12,000001,71.68,73.05,74.51,71.43,74736,67591000.0,4.31,2.27,1.62,2.09
1996-04-15,000001,73.05,73.7,75.16,72.65,57390,52344000.0,3.44,0.89,0.65,1.61
1996-04-16,000001,73.7,74.03,74.11,73.05,31996,29081000.0,1.44,0.45,0.33,0.9
1996-04-17,000001,73.87,74.19,74.92,73.62,41576,37985000.0,1.76,0.22,0.16,1.16
1996-04-18,000001,73.95,79.05,79.14,73.78,58771,55785000.0,7.22,6.55,4.86,1.65
1996-04-19,000001,79.14,84.65,85.62,79.05,135843,138298000.0,8.31,7.08,5.6,3.8
1996-04-22,000001,85.14,83.03,85.87,82.38,103198,108006000.0,4.12,-1.91,-1.62,2.89
1996-04-23,000001,82.22,85.38,85.95,81.97,73338,76004000.0,4.79,2.83,2.35,2.05
1996-04-24,000001,86.11,93.73,94.14,86.11,125672,141984992.0,9.41,9.78,8.35,3.52
1996-04-25,000001,94.14,93.73,99.0,91.7,150827,177263008.0,7.79,0.0,0.0,4.22
1996-04-26,000001,95.76,113.43,116.03,95.76,317771,422652992.0,21.63,21.02,19.7,8.9
1996-04-29,000001,117.65,129.0,129.41,116.84,239147,363537984.0,11.08,13.73,15.57,6.69
1996-04-30,000001,131.43,125.76,134.27,118.46,267282,420838016.0,12.26,-2.51,-3.24,7.48
1996-05-02,000001,131.43,117.65,133.05,115.22,248360,373039008.0,14.18,-6.45,-8.11,6.95
1996-05-03,000001,116.84,119.68,120.89,112.78,147888,214210000.0,6.89,1.73,2.03,4.14
1996-05-06,000001,120.57,129.81,129.81,120.16,165908,255756992.0,8.06,8.46,10.13,4.64
1996-05-07,000001,131.43,126.65,132.08,125.35,131557,207075008.0,5.18,-2.43,-3.16,3.68
1996-05-08,000001,124.95,124.14,126.57,120.97,92559,141148992.0,4.42,-1.98,-2.51,2.59
1996-05-09,000001,122.6,124.14,125.68,122.51,78515,119977000.0,2.55,0.0,0.0,2.2
1996-05-10,000001,123.32,122.6,123.73,118.87,86079,128694000.0,3.91,-1.24,-1.54,2.41
1996-05-13,000001,124.14,125.35,126.57,122.76,97516,150020992.0,3.11,2.24,2.75,2.73
1996-05-14,000001,126.57,128.51,133.46,125.35,263952,424720000.0,6.47,2.52,3.16,7.39
1996-05-15,000001,127.46,140.19,140.27,127.46,282204,470835008.0,9.97,9.09,11.68,7.9
1996-05-16,000001,142.78,142.38,147.0,140.35,260025,460444992.0,4.74,1.56,2.19,7.28
1996-05-17,000001,144.32,146.68,147.57,141.16,215124,385464000.0,4.5,3.02,4.3,6.02
1996-05-20,000001,158.03,146.03,158.03,141.97,174112,322726016.0,10.95,-0.44,-0.65,4.87
1996-05-21,000001,145.05,136.22,146.92,135.41,206304,360011520.0,7.88,-6.72,-9.81,5.78
1996-05-22,000001,135.49,147.81,148.46,132.24,245122,427700000.0,11.91,8.51,11.59,6.86
1996-05-23,000001,154.14,146.27,157.38,141.16,389905,714883968.0,10.97,-1.04,-1.54,10.92
1996-05-24,000001,145.87,148.62,151.54,144.0,265906,486039008.0,5.15,1.61,2.35,7.44
1996-05-27,000001,153.97,150.24,156.73,149.27,387110,364776000.0,5.02,1.09,1.62,5.42
1996-05-28,000001,149.27,146.03,150.89,142.95,218310,198150000.0,5.28,-2.8,-4.21,3.06
1996-05-29,000001,144.41,155.43,155.76,143.76,456760,426104000.0,8.22,6.44,9.4,6.4
1996-05-30,000001,157.87,162.41,164.68,154.14,836974,827833984.0,6.78,4.49,6.98,11.72
1996-05-31,000001,162.24,198.73,201.16,161.27,1139595,1292307968.0,24.56,22.36,36.32,15.96
1996-06-03,000001,204.41,213.16,226.3,204.41,1393239,1842414976.0,11.01,7.26,14.43,19.51
1996-06-04,000001,213.32,216.73,217.22,208.46,667444,874992000.0,4.11,1.67,3.57,9.35
1996-06-05,000001,217.38,211.22,221.92,209.6,556092,730830976.0,5.68,-2.54,-5.51,7.79
1996-06-06,000001,210.41,220.62,225.49,201.16,825467,1093651968.0,11.52,4.45,9.4,11.56
1996-06-07,000001,222.24,221.43,229.05,217.05,666490,921454016.0,5.44,0.37,0.81,9.34
1996-06-10,000001,219.81,220.62,223.54,216.57,298154,403676992.0,3.15,-0.37,-0.81,4.18
1996-06-11,000001,223.54,243.0,247.38,221.43,804086,1182781056.0,11.76,10.14,22.38,11.26
1996-06-12,000001,248.19,244.3,249.49,240.89,481630,726377024.0,3.54,0.53,1.3,6.75
1996-06-13,000001,246.24,246.57,252.41,244.95,370486,566190016.0,3.05,0.93,2.27,5.19
1996-06-14,000001,246.57,241.7,249.81,240.89,358013,539182016.0,3.62,-1.98,-4.87,5.01
1996-06-17,000001,241.7,239.27,246.57,236.68,380326,566355968.0,4.09,-1.01,-2.43,5.33
1996-06-18,000001,238.46,248.35,249.81,233.6,341593,509662016.0,6.77,3.79,9.08,4.78
1996-06-19,000001,251.43,245.6,254.35,243.0,325167,496520000.0,4.57,-1.11,-2.75,4.55
1996-06-20,000001,243.49,253.87,259.54,243.49,574513,901844992.0,6.54,3.37,8.27,8.05
1996-06-21,000001,254.35,251.43,256.3,249.81,251145,391969984.0,2.56,-0.96,-2.44,3.52
1996-06-24,000001,251.43,257.6,262.46,249.81,278885,441388000.0,5.03,2.45,6.17,3.91
1996-06-25,000001,251.43,254.35,260.35,251.43,237923,376168992.0,3.46,-1.26,-3.25,3.33
1996-06-26,000001,254.35,256.46,257.92,253.05,143006,225302000.0,1.91,0.83,2.11,2.0
1996-06-27,000001,257.27,256.3,262.3,255.0,203006,323553984.0,2.85,-0.06,-0.16,2.84
1996-06-28,000001,255.32,248.35,257.43,246.57,281605,437300000.0,4.24,-3.1,-7.95,3.94
1996-07-01,000001,243.16,237.49,247.87,235.22,312230,464950016.0,5.09,-4.37,-10.86,4.37
1996-07-02,000001,235.22,239.6,241.38,235.22,172205,253535008.0,2.59,0.89,2.11,2.41
1996-07-03,000001,240.89,250.62,252.73,239.43,298617,454875008.0,5.55,4.6,11.02,4.18
1996-07-04,000001,257.11,258.08,261.97,253.05,463964,736929024.0,3.56,2.98,7.46,6.5
1996-07-05,000001,261.16,267.32,274.14,258.41,559856,919742016.0,6.1,3.58,9.24,7.84
1996-07-08,000001,270.89,270.08,274.95,264.41,511064,852001024.0,3.94,1.03,2.76,7.16
1996-07-09,000001,267.65,264.73,269.27,261.16,410645,670348992.0,3.0,-1.98,-5.35,5.75
1996-07-10,000001,264.73,263.6,267.32,260.35,285191,462167008.0,2.63,-0.43,-1.13,3.99
1996-07-11,000001,264.41,258.73,267.0,257.43,313744,505763008.0,3.63,-1.85,-4.87,4.39
1996-07-12,000001,257.92,268.46,268.95,254.68,301187,485380000.0,5.52,3.76,9.73,4.22
1996-07-15,000001,270.08,260.84,270.89,257.92,226443,364992992.0,4.83,-2.84,-7.62,3.17
1996-07-16,000001,267.65,264.41,270.89,261.16,256554,418443008.0,3.73,1.37,3.57,3.59
1996-07-17,000001,264.41,257.92,267.97,243.32,287826,464020992.0,9.32,-2.45,-6.49,4.03
1996-07-18,000001,256.3,259.38,260.51,254.68,188772,299552992.0,2.26,0.57,1.46,2.64
1996-07-19,000001,259.54,258.41,260.35,254.35,237558,374472992.0,2.31,-0.37,-0.97,3.33
1996-07-22,000001,257.11,254.03,258.73,251.6,176745,276899008.0,2.76,-1.69,-4.38,2.48
1996-07-23,000001,254.68,261.0,267.49,252.73,212129,341531008.0,5.81,2.74,6.97,2.97
1996-07-24,000001,262.62,258.08,264.41,257.11,171833,275487008.0,2.8,-1.12,-2.92,2.41
1996-07-25,000001,259.54,260.03,272.84,259.22,372038,609454016.0,5.28,0.76,1.95,5.21
1996-07-26,000001,259.38,259.38,263.76,257.43,157194,251936000.0,2.43,-0.25,-0.65,2.2
1996-07-29,000001,257.92,262.78,262.95,257.27,138845,222486000.0,2.19,1.31,3.4,1.94
1996-07-30,000001,265.22,259.54,267.32,259.22,178134,289904992.0,3.08,-1.23,-3.24,2.5
1996-07-31,000001,261.16,256.14,262.3,253.87,133841,212112992.0,3.25,-1.31,-3.4,1.87
1996-08-01,000001,256.3,255.97,257.92,250.62,93651,146880000.0,2.85,-0.07,-0.17,1.31
1996-08-02,000001,257.92,254.35,262.78,251.43,114876,181719008.0,4.43,-0.63,-1.62,1.61
1996-08-05,000001,255.16,258.57,259.05,253.05,88900,140707008.0,2.36,1.66,4.22,1.25
1996-08-06,000001,259.54,263.11,264.41,257.6,124463,199879008.0,2.63,1.76,4.54,1.74
1996-08-07,000001,264.41,284.68,288.08,264.41,836049,1439611008.0,9.0,8.2,21.57,11.71
1996-08-08,000001,286.3,279.97,287.27,278.68,257683,448734016.0,3.02,-1.65,-4.71,3.61
1996-08-09,000001,280.62,275.76,282.24,271.7,301053,511366016.0,3.76,-1.5,-4.21,4.22
1996-08-12,000001,277.38,278.51,281.92,275.76,157059,270049984.0,2.23,1.0,2.75,2.2
1996-08-13,000001,278.51,281.76,281.76,278.19,132936,228900000.0,1.28,1.17,3.25,1.86
1996-08-14,000001,285.49,279.81,287.92,279.0,186352,324380000.0,3.17,-0.69,-1.95,2.61
1996-08-15,000001,280.62,277.05,283.7,275.92,184160,317779008.0,2.78,-0.99,-2.76,2.58
1996-08-16,000001,275.76,274.14,276.89,267.65,257097,431007008.0,3.34,-1.05,-2.91,3.6
1996-08-19,000001,275.76,270.08,276.57,269.27,104154,175103008.0,2.66,-1.48,-4.06,1.46
1996-08-20,000001,268.46,264.73,271.54,263.6,193887,318207008.0,2.94,-1.98,-5.35,2.72
1996-08-21,000001,267.65,278.51,283.87,267.65,571808,979817024.0,6.13,5.21,13.78,8.01
1996-08-22,000001,281.92,273.81,281.92,271.7,246442,417283008.0,3.67,-1.69,-4.7,3.45
1996-08-23,000001,275.27,266.84,275.43,262.78,333052,547782976.0,4.62,-2.55,-6.97,4.67
1996-08-26,000001,262.95,260.03,266.84,258.89,150553,243108992.0,2.98,-2.55,-6.81,2.11
1996-08-27,000001,259.54,260.35,262.78,257.11,126883,203048000.0,2.18,0.12,0.32,1.78
1996-08-28,000001,261.16,261.32,263.6,259.54,149392,240595008.0,1.56,0.37,0.97,2.09
1996-08-29,000001,259.54,261.0,264.89,255.65,95937,154460000.0,3.54,-0.12,-0.32,1.34
1996-08-30,000001,261.0,265.54,266.03,259.54,236854,383230016.0,2.49,1.74,4.54,3.32
1996-09-02,000001,266.03,262.62,267.32,260.84,205092,331865984.0,2.44,-1.1,-2.92,2.87
1996-09-03,000001,263.6,264.08,267.65,261.16,154448,251147008.0,2.47,0.56,1.46,2.16
1996-09-04,000001,264.41,265.05,267.49,261.81,131178,213231008.0,2.15,0.37,0.97,1.84
1996-09-05,000001,265.54,259.87,267.32,259.54,158832,256600992.0,2.94,-1.95,-5.18,2.22
1996-09-06,000001,259.54,257.92,261.97,255.49,117622,187128000.0,2.49,-0.75,-1.95,1.65
1996-09-09,000001,256.14,255.49,259.05,255.32,71643,113116000.0,1.45,-0.94,-2.43,1.0
1996-09-10,000001,253.05,247.38,256.14,245.6,133285,205912992.0,4.13,-3.17,-8.11,1.87
1996-09-11,000001,247.38,249.49,252.89,243.32,117349,179710000.0,3.87,0.85,2.11,1.64
1996-09-12,000001,248.19,243.16,249.0,240.89,107543,161594000.0,3.25,-2.54,-6.33,1.51
1996-09-13,000001,241.7,239.92,241.7,235.54,89626,131764000.0,2.53,-1.33,-3.24,1.26
1996-09-16,000001,238.46,235.22,238.46,228.73,126920,182094000.0,4.06,-1.96,-4.7,1.78
1996-09-17,000001,235.22,239.11,242.51,230.35,95285,139448992.0,5.17,1.65,3.89,1.33
1996-09-18,000001,240.08,228.41,241.54,226.62,104445,149352000.0,6.24,-4.47,-10.7,1.46
1996-09-19,000001,227.11,227.11,230.35,224.84,77736,108653000.0,2.41,-0.57,-1.3,1.09
1996-09-20,000001,227.92,237.65,238.3,227.92,80102,114941000.0,4.57,4.64,10.54,1.12
1996-09-23,000001,238.62,240.89,246.57,228.73,101844,151192000.0,7.51,1.36,3.24,1.43
1996-09-24,000001,241.7,244.78,246.08,241.7,76850,115786000.0,1.82,1.61,3.89,1.08
1996-09-25,000001,246.57,246.24,253.54,241.7,106389,162386000.0,4.84,0.6,1.46,1.49
1996-09-26,000001,246.57,254.35,256.3,246.24,191221,298312000.0,4.09,3.29,8.11,2.68
1996-09-27,000001,256.3,264.24,267.65,256.3,254013,412902016.0,4.46,3.89,9.89,3.56
1996-10-03,000001,269.27,262.46,272.51,259.54,136244,224887008.0,4.91,-0.67,-1.78,1.91
1996-10-04,000001,262.78,260.84,267.0,259.05,123818,200231008.0,3.03,-0.62,-1.62,1.73
1996-10-07,000001,261.16,263.6,264.41,259.54,85990,138816000.0,1.87,1.06,2.76,1.2
1996-10-08,000001,264.41,262.46,265.22,259.54,114411,184447008.0,2.15,-0.43,-1.14,1.6
1996-10-09,000001,264.41,260.84,266.03,259.7,133686,216308000.0,2.41,-0.62,-1.62,1.87
1996-10-10,000001,261.16,266.84,267.65,259.7,135961,220000992.0,3.05,2.3,6.0,1.9
1996-10-11,000001,269.27,267.65,270.89,263.43,164556,271046016.0,2.8,0.3,0.81,2.3
1996-10-14,000001,268.46,273.81,279.97,267.16,275452,466175008.0,4.79,2.3,6.16,3.86
1996-10-16,000001,283.87,275.11,286.3,268.95,282546,487500000.0,6.34,0.47,1.3,3.96
1996-10-17,000001,274.46,270.24,274.95,267.97,191800,319207008.0,2.54,-1.77,-4.87,2.69
1996-10-18,000001,269.43,263.27,272.19,261.16,162784,267459008.0,4.08,-2.58,-6.97,2.28
1996-10-21,000001,259.54,265.87,267.65,257.92,152309,247324992.0,3.7,0.99,2.6,2.13
1996-10-22,000001,259.54,261.49,264.08,256.3,160152,257720992.0,2.93,-1.65,-4.38,2.24
1996-10-23,000001,261.49,270.57,276.57,260.68,174271,287164992.0,6.08,3.47,9.08,2.44
1996-10-24,000001,273.0,266.51,275.76,264.41,137731,229498000.0,4.19,-1.5,-4.06,1.93
1996-10-25,000001,266.51,264.73,267.97,262.78,100726,164158000.0,1.95,-0.67,-1.78,1.41
1996-10-28,000001,264.73,270.24,273.81,264.41,174171,288864000.0,3.55,2.08,5.51,2.44
1996-10-29,000001,273.81,289.54,299.43,273.81,884851,1589639936.0,9.48,7.14,19.3,12.39
1996-10-30,000001,291.97,278.51,296.84,277.38,359547,631406976.0,6.72,-3.81,-11.03,5.04
1996-10-31,000001,279.0,281.43,283.7,274.3,212587,364507008.0,3.38,1.05,2.92,2.98
1996-11-01,000001,275.11,272.51,279.0,267.97,270361,456392992.0,3.92,-3.17,-8.92,3.79
1996-11-04,000001,270.89,275.76,279.81,269.27,160331,272192992.0,3.87,1.19,3.25,2.25
1996-11-05,000001,277.38,272.51,278.68,271.7,139384,235983008.0,2.53,-1.18,-3.25,1.95
1996-11-06,000001,275.76,268.62,275.76,266.19,119926,198960000.0,3.51,-1.43,-3.89,1.68
1996-11-07,000001,269.27,270.73,274.95,267.65,68436,114384000.0,2.72,0.79,2.11,0.96
1996-11-08,000001,270.73,274.3,274.95,269.76,107535,180743008.0,1.92,1.32,3.57,1.51
1996-11-11,000001,276.57,280.3,283.38,275.76,178749,308958016.0,2.78,2.19,6.0,2.5
1996-11-12,000001,282.08,280.62,285.16,278.68,126517,219491008.0,2.31,0.11,0.32,1.77
1996-11-13,000001,283.87,285.49,290.03,282.24,249285,439588992.0,2.78,1.74,4.87,3.49
1996-11-14,000001,285.49,296.68,298.14,283.87,509642,926435968.0,5.0,3.92,11.19,7.14
1996-11-15,000001,295.22,308.51,309.49,292.78,460326,868318976.0,5.63,3.99,11.83,6.45
1996-11-18,000001,316.3,320.84,326.84,313.05,472008,932808000.0,4.47,4.0,12.33,6.61
1996-11-19,000001,320.84,316.3,323.59,313.87,295915,579366976.0,3.03,-1.42,-4.54,4.14
1996-11-20,000001,308.19,315.49,320.84,304.95,278025,538907008.0,5.02,-0.26,-0.81,3.89
1996-11-21,000001,315.49,297.32,316.3,295.22,332774,627492992.0,6.68,-5.76,-18.17,4.66
1996-11-22,000001,291.97,299.92,300.08,285.49,310274,558860032.0,4.91,0.87,2.6,4.35
1996-11-25,000001,300.08,300.08,302.51,293.6,215983,397456000.0,2.97,0.05,0.16,3.03
1996-11-26,000001,300.41,296.84,304.14,294.41,170431,313296992.0,3.24,-1.08,-3.24,2.39
1996-11-27,000001,296.03,291.81,300.08,290.35,154153,279780000.0,3.28,-1.69,-5.03,2.16
1996-11-28,000001,290.35,291.0,293.43,287.11,133441,238687008.0,2.17,-0.28,-0.81,1.87
1996-11-29,000001,291.97,293.92,297.81,290.03,140049,253060992.0,2.67,1.0,2.92,1.96
1996-12-02,000001,296.51,294.41,300.08,291.97,152088,275960000.0,2.76,0.17,0.49,2.13
1996-12-03,000001,294.57,300.08,300.08,291.97,154522,283054016.0,2.75,1.93,5.67,2.16
1996-12-04,000001,303.65,300.89,306.24,299.27,154831,288148000.0,2.32,0.27,0.81,2.17
1996-12-05,000001,300.89,306.73,313.87,300.08,186669,352288992.0,4.58,1.94,5.84,2.61
1996-12-06,000001,309.81,309.49,316.46,307.87,204639,392472992.0,2.8,0.9,2.76,2.87
1996-12-09,000001,313.05,321.16,321.49,310.62,185140,360102016.0,3.51,3.77,11.67,2.59
1996-12-10,000001,321.16,314.35,321.16,308.19,168172,327177984.0,4.04,-2.12,-6.81,2.36
1996-12-11,000001,314.35,322.14,324.08,313.05,240234,473195008.0,3.51,2.48,7.79,3.36
1996-12-12,000001,324.41,321.65,332.51,314.35,291447,583644992.0,5.64,-0.15,-0.49,4.08
1996-12-13,000001,319.54,304.62,319.54,299.76,458300,869339008.0,6.15,-5.29,-17.03,6.42
1996-12-16,000001,273.49,273.49,273.49,273.49,62442,105277000.0,0.0,-10.22,-31.13,0.87
1996-12-17,000001,246.08,246.08,272.35,246.08,463675,718902016.0,9.61,-10.02,-27.41,6.49
1996-12-18,000001,247.87,270.73,270.73,246.24,445380,719400000.0,9.95,10.02,24.65,6.24
1996-12-19,000001,275.92,266.03,290.35,259.38,572946,970124992.0,11.44,-1.74,-4.7,8.03
1996-12-20,000001,262.62,265.87,270.57,257.92,277758,451471008.0,4.76,-0.06,-0.16,3.89
1996-12-23,000001,268.95,268.78,273.97,266.03,155369,258260992.0,2.99,1.09,2.91,2.18
1996-12-24,000001,268.95,258.73,271.38,258.41,153168,249324000.0,4.83,-3.74,-10.05,2.15
1996-12-25,000001,261.16,267.16,270.89,257.27,175391,285567008.0,5.26,3.26,8.43,2.46
1996-12-26,000001,270.57,267.16,272.19,264.41,51516,85214000.0,2.91,0.0,0.0,0.72
1996-12-27,000001,272.03,270.89,272.51,266.03,175916,292340000.0,2.43,1.4,3.73,2.46
1996-12-30,000001,272.19,273.65,274.14,267.32,175081,292680992.0,2.52,1.02,2.76,2.45
1996-12-31,000001,273.0,268.3,273.0,267.0,108380,179979008.0,2.19,-1.96,-5.35,1.52
1997-01-02,000001,267.65,267.65,270.89,264.73,67498,111365000.0,2.3,-0.24,-0.65,0.95
1997-01-03,000001,267.65,264.41,269.11,262.46,72462,118729000.0,2.48,-1.21,-3.24,1.01
1997-01-06,000001,262.14,257.76,263.11,256.78,92687,148282000.0,2.39,-2.52,-6.65,1.3
1997-01-07,000001,255.49,276.08,283.54,254.35,327164,553694016.0,11.32,7.11,18.32,4.58
1997-01-08,000001,274.95,267.49,275.43,265.7,124851,207672000.0,3.52,-3.11,-8.59,1.75
1997-01-09,000001,267.65,268.46,271.54,267.32,46214,76656000.0,1.58,0.36,0.97,0.65
1997-01-10,000001,267.65,274.14,275.76,267.32,118417,199163008.0,3.14,2.12,5.68,1.66
1997-01-13,000001,272.84,272.51,274.95,271.38,89145,149926000.0,1.3,-0.59,-1.63,1.25
1997-01-14,000001,272.51,267.0,272.68,265.22,77436,127889000.0,2.74,-2.02,-5.51,1.08
1997-01-15,000001,267.65,268.46,275.11,266.03,81768,136439008.0,3.4,0.55,1.46,1.15
1997-01-16,000001,267.32,270.41,272.19,267.32,41337,68724000.0,1.81,0.73,1.95,0.58
1997-01-17,000001,270.73,271.54,272.51,269.27,51724,86423000.0,1.2,0.42,1.13,0.72
1997-01-20,000001,272.51,272.35,273.49,269.27,74032,123633000.0,1.55,0.3,0.81,1.04
1997-01-21,000001,272.84,275.43,279.0,272.51,131296,222958000.0,2.38,1.13,3.08,1.84
1997-01-22,000001,279.0,283.7,285.16,276.08,232687,404747008.0,3.3,3.0,8.27,3.26
1997-01-23,000001,283.87,294.24,298.46,283.87,264847,477342016.0,5.14,3.72,10.54,3.71
1997-01-24,000001,295.22,292.78,295.87,286.78,169601,304699008.0,3.09,-0.5,-1.46,2.38
1997-01-27,000001,293.43,292.62,295.7,291.81,154886,280520000.0,1.33,-0.05,-0.16,2.17
1997-01-28,000001,291.97,296.03,297.65,291.97,110507,201188000.0,1.94,1.17,3.41,1.55
1997-01-29,000001,296.19,305.6,309.65,295.87,200763,376379008.0,4.65,3.23,9.57,2.81
1997-01-30,000001,308.35,307.87,310.14,302.68,125712,237463008.0,2.44,0.74,2.27,1.76
1997-01-31,000001,308.19,312.89,316.3,306.57,271490,523224992.0,3.16,1.63,5.02,3.8
1997-02-17,000001,307.87,311.76,317.11,303.81,179070,341956992.0,4.25,-0.36,-1.13,2.51
1997-02-18,000001,308.19,285.32,309.65,280.62,636572,1145976064.0,9.31,-8.48,-26.44,8.92
1997-02-19,000001,291.97,306.89,307.38,291.97,454504,842649024.0,5.4,7.56,21.57,6.37
1997-02-20,000001,276.24,306.08,318.24,276.24,629958,1170371968.0,13.69,-0.26,-0.81,8.82
1997-02-21,000001,304.95,308.19,309.81,303.0,228541,430911008.0,2.22,0.69,2.11,3.2
1997-02-24,000001,309.81,306.57,311.92,306.08,142884,271371008.0,1.89,-0.53,-1.62,2.0
1997-02-25,000001,308.19,314.51,320.84,305.43,284111,550137024.0,5.03,2.59,7.94,3.98
1997-02-26,000001,317.92,316.95,319.38,313.87,129555,252455008.0,1.75,0.78,2.44,1.81
1997-02-27,000001,316.3,313.05,317.92,311.43,158984,308582016.0,2.05,-1.23,-3.9,2.23
1997-02-28,000001,312.24,311.43,312.73,306.57,149898,286664000.0,1.97,-0.52,-1.62,2.1
1997-03-03,000001,312.73,314.03,317.27,311.11,122863,237792000.0,1.98,0.83,2.6,1.72
1997-03-04,000001,313.54,310.78,313.54,308.19,156856,300424992.0,1.7,-1.03,-3.25,2.2
1997-03-05,000001,311.11,308.51,313.38,308.19,114645,218816992.0,1.67,-0.73,-2.27,1.61
1997-03-06,000001,307.87,309.0,309.81,306.41,95569,181844000.0,1.1,0.16,0.49,1.34
1997-03-07,000001,309.49,310.14,313.87,308.19,98483,188266000.0,1.84,0.37,1.14,1.38
1997-03-10,000001,311.43,314.84,318.41,310.62,128497,249648992.0,2.51,1.52,4.7,1.8
1997-03-11,000001,315.49,318.24,318.73,312.57,183575,358038016.0,1.96,1.08,3.4,2.57
1997-03-12,000001,319.54,325.05,327.65,318.57,251126,502022016.0,2.85,2.14,6.81,3.52
1997-03-13,000001,326.03,322.46,329.27,320.35,178583,357744000.0,2.74,-0.8,-2.59,2.5
1997-03-14,000001,322.46,329.76,330.73,317.92,171159,341503008.0,3.97,2.26,7.3,2.4
1997-03-17,000001,337.38,362.19,362.84,337.38,465572,1015966976.0,7.72,9.83,32.43,6.52
1997-03-18,000001,364.95,365.76,380.35,355.22,439436,997350016.0,6.94,0.99,3.57,6.16
1997-03-19,000001,366.57,380.03,385.22,364.14,423729,979953024.0,5.76,3.9,14.27,5.94
1997-03-20,000001,381.32,374.68,393.16,373.05,318485,754819968.0,5.29,-1.41,-5.35,4.46
1997-03-21,000001,373.22,395.76,396.57,373.22,333392,795193024.0,6.23,5.63,21.08,4.67
1997-03-24,000001,407.11,435.32,435.32,407.11,434679,1145203968.0,7.13,10.0,39.56,6.09
1997-03-25,000001,446.03,450.08,453.32,435.32,431133,1186119936.0,4.13,3.39,14.76,6.04
1997-03-26,000001,450.08,456.89,467.92,437.92,291436,800782016.0,6.67,1.51,6.81,4.08
1997-03-27,000001,457.38,446.03,461.76,442.78,253455,707347968.0,4.15,-2.38,-10.86,3.55
1997-03-28,000001,441.32,446.51,457.38,439.38,221414,609809984.0,4.04,0.11,0.48,3.1
1997-03-31,000001,446.03,442.78,452.84,440.84,146999,404823008.0,2.69,-0.84,-3.73,2.06
1997-04-01,000001,443.59,445.22,450.41,438.41,159751,435560000.0,2.71,0.55,2.44,2.24
1997-04-02,000001,447.65,440.84,448.62,439.7,151946,416489984.0,2.0,-0.98,-4.38,2.13
1997-04-03,000001,441.16,453.81,454.14,440.84,172603,477880992.0,3.02,2.94,12.97,2.42
1997-04-04,000001,457.38,470.35,480.08,453.97,304961,881068032.0,5.75,3.64,16.54,4.27
1997-04-07,000001,471.97,478.62,486.57,469.54,294755,872059008.0,3.62,1.76,8.27,4.13
1997-04-08,000001,473.43,459.0,473.43,457.38,356424,1021459008.0,3.35,-4.1,-19.62,4.99
1997-04-09,000001,457.87,464.03,468.73,457.38,214448,612089024.0,2.47,1.1,5.03,3.0
1997-04-10,000001,463.87,455.59,464.19,454.14,266724,753820032.0,2.17,-1.82,-8.44,3.74
1997-04-11,000001,452.19,453.0,453.49,444.41,277178,765371008.0,1.99,-0.57,-2.59,3.88
1997-04-14,000001,453.16,446.84,457.05,444.41,208193,575180992.0,2.79,-1.36,-6.16,2.92
1997-04-15,000001,449.27,455.76,459.49,443.76,182623,506428992.0,3.52,2.0,8.92,2.56
1997-04-16,000001,456.57,452.51,460.3,450.57,119880,335679008.0,2.13,-0.71,-3.25,1.68
1997-04-17,000001,451.05,471.97,478.3,450.89,438156,1263939968.0,6.06,4.3,19.46,6.14
1997-04-18,000001,478.46,470.35,482.51,464.03,248514,722160000.0,3.92,-0.34,-1.62,3.48
1997-04-21,000001,502.78,504.41,516.08,488.68,367335,1139186944.0,5.83,7.24,34.06,5.15
1997-04-22,000001,507.65,502.78,510.57,501.16,175969,547193984.0,1.87,-0.32,-1.63,2.46
1997-04-23,000001,503.59,520.95,526.46,501.97,238707,762344000.0,4.87,3.61,18.17,3.34
1997-04-24,000001,517.05,525.32,533.59,509.27,219018,707870976.0,4.67,0.84,4.37,3.07
1997-04-25,000001,524.03,527.92,536.03,519.49,282695,919539968.0,3.15,0.49,2.6,3.96
1997-04-28,000001,535.22,577.38,580.95,535.22,300074,1048350976.0,8.66,9.37,49.46,4.2
1997-04-29,000001,587.11,579.81,614.03,554.68,334379,1207606016.0,10.28,0.42,2.43,4.68
1997-04-30,000001,579.0,596.03,597.65,569.27,203223,732400000.0,4.89,2.8,16.22,2.85
1997-05-05,000001,609.0,655.7,655.7,609.0,341417,1347021056.0,7.84,10.01,59.67,4.78
1997-05-06,000001,671.11,721.22,721.22,668.19,296049,1293507968.0,8.09,9.99,65.52,4.15
1997-05-07,000001,739.38,793.05,793.38,736.3,430057,2028539008.0,7.91,9.96,71.83,6.02
1997-05-08,000001,794.35,728.19,794.68,721.7,492336,2319613952.0,9.2,-8.18,-64.86,6.9
1997-05-09,000001,702.24,761.27,762.24,702.24,544942,2458331904.0,8.24,4.54,33.08,7.63
1997-05-12,000001,782.03,750.89,794.68,742.78,374863,1772326016.0,6.82,-1.36,-10.38,5.25
1997-05-13,000001,737.92,730.14,753.97,713.76,343128,1546640000.0,5.35,-2.76,-20.75,4.81
1997-05-14,000001,721.7,675.16,729.49,673.05,428043,1841835008.0,7.73,-7.53,-54.98,6.0
1997-05-15,000001,656.51,669.0,675.0,613.05,618456,2454287872.0,9.18,-0.91,-6.16,8.66
1997-05-16,000001,602.35,602.35,645.49,602.35,524224,1995661056.0,6.45,-9.96,-66.65,7.34
1997-05-19,000001,613.05,599.59,624.41,568.95,261004,952094016.0,9.21,-0.46,-2.76,3.66
1997-05-20,000001,604.95,659.59,659.59,603.32,447212,1762413952.0,9.38,10.01,60.0,6.26
1997-05-21,000001,674.35,647.27,681.16,632.68,463139,1873245056.0,7.35,-1.87,-12.32,6.49
1997-05-22,000001,582.57,594.24,626.03,582.57,467493,1738769024.0,6.71,-8.19,-53.03,6.55
1997-05-23,000001,594.41,633.32,640.62,594.24,408742,1565712000.0,7.8,6.58,39.08,5.73
1997-05-26,000001,583.87,613.05,624.41,577.38,170978,640425984.0,7.43,-3.2,-20.27,2.39
1997-05-27,000001,608.19,601.38,614.68,591.97,230917,856497984.0,3.7,-1.9,-11.67,3.23
1997-05-28,000001,601.7,582.73,606.24,580.62,258044,938340992.0,4.26,-3.1,-18.65,3.61
1997-05-29,000001,572.19,536.03,573.81,535.22,437734,1500521984.0,6.62,-8.01,-46.7,6.13
1997-05-30,000001,517.38,545.59,551.43,495.97,385443,1242914944.0,10.35,1.78,9.56,5.4
1997-06-02,000001,553.05,564.73,567.65,540.08,211742,726230016.0,5.05,3.51,19.14,2.97
1997-06-03,000001,567.65,564.24,588.73,561.16,190085,672062976.0,4.88,-0.09,-0.49,2.66
1997-06-04,000001,564.41,564.73,572.51,559.54,105690,367888000.0,2.3,0.09,0.49,1.48
1997-06-05,000001,567.32,573.16,586.3,566.35,147536,523511008.0,3.53,1.49,8.43,2.07
1997-06-06,000001,524.03,535.54,559.54,524.03,290846,967148992.0,6.2,-6.56,-37.62,4.07
1997-06-09,000001,535.22,525.65,535.22,516.57,92191,298088992.0,3.48,-1.85,-9.89,1.29
1997-06-10,000001,525.49,514.78,535.22,510.89,87920,283440992.0,4.63,-2.07,-10.87,1.23
1997-06-11,000001,510.89,518.19,519.0,473.27,212100,640846016.0,8.88,0.66,3.41,2.97
1997-06-12,000001,519.0,500.51,523.54,486.57,94351,295028992.0,7.13,-3.41,-17.68,1.32
1997-06-20,000001,534.41,550.78,550.78,510.89,237519,784270976.0,7.97,10.04,50.27,3.33
1997-06-23,000001,591.65,592.46,605.92,583.87,275649,1022572992.0,4.0,7.57,41.68,3.86
1997-06-24,000001,600.24,619.7,620.84,594.41,351869,1320019968.0,4.46,4.6,27.24,4.93
1997-06-25,000001,625.22,617.59,630.57,614.68,202359,775736000.0,2.56,-0.34,-2.11,2.83
1997-06-26,000001,616.3,619.38,624.41,609.0,127383,484425984.0,2.5,0.29,1.79,1.78
1997-06-27,000001,619.54,612.08,629.27,608.19,221862,850529984.0,3.4,-1.18,-7.3,3.11
1997-07-02,000001,616.3,585.97,623.59,551.43,188247,678427008.0,11.79,-4.27,-26.11,2.64
1997-07-03,000001,582.24,564.41,582.24,560.35,141879,498017984.0,3.74,-3.68,-21.56,1.99
1997-07-04,000001,551.43,561.0,572.19,541.7,122156,422564992.0,5.4,-0.6,-3.41,1.71
1997-07-07,000001,557.92,510.89,557.92,504.89,150755,491662016.0,9.45,-8.93,-50.11,2.11
1997-07-08,000001,502.78,536.35,538.46,499.54,172980,554534016.0,7.62,4.98,25.46,2.42
1997-07-09,000001,541.38,551.43,554.35,530.35,105078,353040000.0,4.47,2.81,15.08,1.47
1997-07-10,000001,551.43,536.51,561.0,535.22,78653,268016000.0,4.68,-2.71,-14.92,1.1
1997-07-11,000001,528.73,557.92,559.54,527.11,107378,363680000.0,6.04,3.99,21.41,1.5
1997-07-14,000001,564.41,566.51,576.57,560.51,97464,342440992.0,2.88,1.54,8.59,1.37
1997-07-15,000001,567.65,561.16,570.57,556.3,62213,215414000.0,2.52,-0.94,-5.35,0.87
1997-07-16,000001,564.41,578.84,588.73,562.78,149749,536257984.0,4.62,3.15,17.68,2.1
1997-07-17,000001,582.08,599.92,602.51,580.62,175461,642012032.0,3.78,3.64,21.08,2.46
1997-07-18,000001,608.03,603.49,609.81,600.08,149857,558904000.0,1.62,0.6,3.57,2.1
1997-07-21,000001,613.05,595.38,616.3,584.19,185618,689068992.0,5.32,-1.34,-8.11,2.6
1997-07-23,000001,633.97,599.59,635.76,595.22,210937,795068992.0,6.81,0.71,4.21,2.95
1997-07-24,000001,591.16,566.51,593.59,564.41,165765,591137024.0,4.87,-5.52,-33.08,2.32
1997-07-25,000001,559.05,566.03,574.14,551.76,111106,386161984.0,3.95,-0.08,-0.48,1.56
1997-07-28,000001,557.92,544.62,562.78,543.32,86127,292535008.0,3.44,-3.78,-21.41,1.21
1997-07-29,000001,540.08,554.68,557.92,537.65,69705,236115008.0,3.72,1.85,10.06,0.98
1997-07-30,000001,558.24,564.41,565.7,554.35,50100,173876000.0,2.05,1.75,9.73,0.7
1997-07-31,000001,567.32,562.62,569.27,561.0,35096,122218000.0,1.47,-0.32,-1.79,0.49
1997-08-01,000001,564.41,556.95,565.38,553.05,32812,112873000.0,2.19,-1.01,-5.67,0.46
1997-08-04,000001,554.51,547.7,554.68,544.62,45201,152943008.0,1.81,-1.66,-9.25,0.63
1997-08-05,000001,549.0,553.05,562.78,549.0,26804,92000000.0,2.52,0.98,5.35,0.38
1997-08-06,000001,554.68,545.76,557.92,544.62,23687,80195000.0,2.4,-1.32,-7.29,0.33
1997-08-07,000001,543.32,544.46,549.49,538.46,30512,102095000.0,2.02,-0.24,-1.3,0.43
1997-08-08,000001,544.95,551.76,559.38,531.97,39143,132541000.0,5.03,1.34,7.3,0.55
1997-08-11,000001,552.24,536.68,554.68,535.38,37418,124721000.0,3.5,-2.73,-15.08,0.52
1997-08-12,000001,531.97,511.05,535.22,510.89,72754,233580992.0,4.53,-4.78,-25.63,1.02
1997-08-13,000001,503.11,498.08,517.05,496.3,69723,217376000.0,4.06,-2.54,-12.97,0.98
1997-08-14,000001,496.3,512.35,515.76,495.97,53292,166495008.0,3.97,2.87,14.27,0.75
1997-08-15,000001,515.76,501.0,518.68,497.59,43958,136884000.0,4.12,-2.22,-11.35,0.62
1997-08-18,000001,494.68,494.84,501.16,484.95,63578,191964000.0,3.24,-1.23,-6.16,0.89
1997-08-19,000001,502.78,509.27,518.19,499.7,52998,166300000.0,3.74,2.92,14.43,0.74
1997-08-20,000001,517.22,530.35,534.73,515.76,66694,216324992.0,3.72,4.14,21.08,0.93
1997-08-21,000001,535.22,513.16,538.46,510.57,93078,297905984.0,5.26,-3.24,-17.19,1.3
1997-08-22,000001,510.89,512.03,520.62,503.11,100095,318214016.0,3.41,-0.22,-1.13,1.4
1997-08-25,000001,514.14,554.03,555.49,514.14,130658,285891008.0,8.08,8.2,42.0,1.22
1997-08-26,000001,556.7,547.7,564.49,544.54,198864,453726016.0,3.6,-1.14,-6.33,1.86
1997-08-27,000001,542.11,541.38,548.19,533.84,111487,246224992.0,2.62,-1.15,-6.32,1.04
1997-08-28,000001,539.68,546.73,565.22,534.81,122198,276320992.0,5.62,0.99,5.35,1.14
1997-08-29,000001,546.73,542.35,550.38,537.24,93291,206159008.0,2.4,-0.8,-4.38,0.87
1997-09-01,000001,541.62,543.08,554.51,537.24,57600,128284000.0,3.18,0.13,0.73,0.54
1997-09-02,000001,543.32,546.97,550.14,538.46,51523,114487000.0,2.15,0.72,3.89,0.48
1997-09-03,000001,545.76,566.19,567.65,545.76,182294,417704000.0,4.0,3.51,19.22,1.7
1997-09-04,000001,570.08,564.24,573.97,559.38,97948,227296000.0,2.58,-0.34,-1.95,0.91
1997-09-05,000001,564.73,562.78,565.22,557.92,47673,109279000.0,1.29,-0.26,-1.46,0.45
1997-09-08,000001,561.57,557.68,565.22,555.24,51671,117979000.0,1.77,-0.91,-5.1,0.48
1997-09-09,000001,555.49,551.84,561.81,550.62,48397,109962000.0,2.01,-1.05,-5.84,0.45
1997-09-10,000001,548.19,557.19,561.08,544.54,56247,127208000.0,3.0,0.97,5.35,0.53
1997-09-11,000001,557.92,560.35,576.89,551.35,141043,325375008.0,4.58,0.57,3.16,1.32
1997-09-12,000001,560.35,548.19,560.35,547.7,55049,124634000.0,2.26,-2.17,-12.16,0.51
1997-09-15,000001,548.19,533.59,548.19,532.62,68869,151788992.0,2.84,-2.66,-14.6,0.64
1997-09-16,000001,533.59,533.11,542.11,528.97,34804,75910000.0,2.46,-0.09,-0.48,0.32
1997-09-17,000001,533.35,527.76,535.78,526.3,29379,63528000.0,1.78,-1.0,-5.35,0.27
1997-09-18,000001,528.73,525.81,533.59,522.65,36596,78621000.0,2.07,-0.37,-1.95,0.34
1997-09-19,000001,526.3,528.49,531.16,525.08,28402,61239000.0,1.16,0.51,2.68,0.27
1997-09-22,000001,528.73,495.16,528.73,492.24,80842,167268000.0,6.9,-6.31,-33.33,0.75
1997-09-23,000001,489.81,470.11,494.68,460.62,118363,230710000.0,6.88,-5.06,-25.05,1.11
1997-09-24,000001,484.95,500.76,504.41,480.08,154245,311364992.0,5.18,6.52,30.65,1.44
1997-09-25,000001,514.62,507.81,520.46,500.76,103770,215542000.0,3.93,1.41,7.05,0.97
1997-09-26,000001,508.78,509.76,511.46,492.24,59529,122213000.0,3.78,0.38,1.95,0.56
1997-09-29,000001,501.97,511.22,516.57,495.89,74379,154272000.0,4.06,0.29,1.46,0.69
1997-09-30,000001,509.27,521.68,526.78,504.41,87588,186550000.0,4.38,2.05,10.46,0.82
1997-10-06,000001,535.78,516.57,535.78,514.14,46309,98308000.0,4.15,-0.98,-5.11,0.43
1997-10-07,000001,514.14,520.95,521.43,508.3,37301,78374000.0,2.54,0.85,4.38,0.35
1997-10-08,000001,530.68,536.03,540.41,521.43,91844,200032000.0,3.64,2.89,15.08,0.86
1997-10-09,000001,538.46,528.73,539.43,527.03,42618,93002000.0,2.31,-1.36,-7.3,0.4
1997-10-10,000001,528.49,531.89,535.54,526.3,34216,74513000.0,1.75,0.6,3.16,0.32
1997-10-13,000001,538.46,526.78,539.68,526.54,29818,64657000.0,2.47,-0.96,-5.11,0.28
1997-10-14,000001,526.05,529.46,532.38,522.16,34622,74668000.0,1.94,0.51,2.68,0.32
1997-10-15,000001,529.46,553.54,558.41,528.24,179125,401047008.0,5.7,4.55,24.08,1.67
1997-10-16,000001,557.92,577.38,582.24,551.84,405553,944438016.0,5.49,4.31,23.84,3.79
1997-10-17,000001,582.24,592.7,600.49,581.03,410431,995611008.0,3.37,2.65,15.32,3.83
1997-10-20,000001,598.78,607.54,616.3,594.41,384045,950905024.0,3.69,2.5,14.84,3.59
1997-10-21,000001,611.43,616.3,619.95,600.49,275978,688456000.0,3.2,1.44,8.76,2.58
1997-10-22,000001,623.59,645.49,677.11,621.16,1149457,3066992896.0,9.08,4.74,29.19,10.73
1997-10-23,000001,635.03,632.59,647.68,623.84,459789,1193752064.0,3.69,-2.0,-12.9,4.29
1997-10-24,000001,623.59,631.86,634.05,618.73,239775,615270976.0,2.42,-0.12,-0.73,2.24
1997-10-27,000001,635.76,635.03,646.22,631.14,228773,596254976.0,2.39,0.5,3.17,2.14
1997-10-28,000001,635.51,613.14,635.51,604.38,333219,840972032.0,4.9,-3.45,-21.89,3.11
1997-10-29,000001,616.3,625.78,626.76,611.43,220896,559054016.0,2.5,2.06,12.64,2.06
1997-10-30,000001,628.46,611.43,634.54,611.19,203928,520521984.0,3.73,-2.29,-14.35,1.9
1997-10-31,000001,606.57,613.62,623.35,604.14,140515,351123008.0,3.14,0.36,2.19,1.31
1997-11-03,000001,613.62,614.11,621.16,611.43,67212,169271008.0,1.59,0.08,0.49,0.63
1997-11-04,000001,616.3,628.7,630.41,614.11,106902,273030016.0,2.65,2.38,14.59,1.0
1997-11-05,000001,628.46,637.95,643.05,628.46,90343,235260992.0,2.32,1.47,9.25,0.84
1997-11-06,000001,643.05,628.22,647.92,627.97,112892,294643008.0,3.13,-1.53,-9.73,1.05
1997-11-07,000001,627.97,628.7,635.51,623.11,94749,243163008.0,1.97,0.08,0.48,0.88
1997-11-10,000001,628.46,616.3,634.54,611.43,126496,321231008.0,3.68,-1.97,-12.4,1.18
1997-11-11,000001,611.68,615.57,618.73,607.05,96919,243210000.0,1.9,-0.12,-0.73,0.91
1997-11-12,000001,616.3,614.11,627.97,611.92,82157,208390000.0,2.61,-0.24,-1.46,0.77
1997-11-13,000001,611.43,632.11,635.76,604.62,132664,334135008.0,5.07,2.93,18.0,1.24
1997-11-14,000001,633.81,630.16,640.62,625.05,162514,421396992.0,2.46,-0.31,-1.95,1.52
1997-11-17,000001,635.76,627.24,642.57,624.81,84892,219131008.0,2.82,-0.46,-2.92,0.79
1997-11-18,000001,624.81,627.24,640.14,623.59,75075,194203008.0,2.64,0.0,0.0,0.7
1997-11-19,000001,628.46,627.49,635.03,622.86,61586,158328992.0,1.94,0.04,0.25,0.58
1997-11-20,000001,626.03,618.49,630.89,614.11,64545,163892000.0,2.67,-1.43,-9.0,0.6
1997-11-21,000001,611.68,608.76,616.54,606.57,102220,255170000.0,1.61,-1.57,-9.73,0.95
1997-11-24,000001,607.78,587.59,608.03,587.11,82860,201067008.0,3.44,-3.48,-21.17,0.77
1997-11-25,000001,587.11,590.51,596.84,582.49,67299,162026000.0,2.44,0.5,2.92,0.63
1997-11-26,000001,591.97,592.22,595.14,587.11,40191,97005000.0,1.36,0.29,1.71,0.38
1997-11-27,000001,592.22,581.03,594.41,579.81,57003,136607008.0,2.47,-1.89,-11.19,0.53
1997-11-28,000001,574.95,593.43,596.35,572.51,74748,177362000.0,4.1,2.13,12.4,0.7
1997-12-01,000001,587.35,584.68,595.14,577.38,39929,95809000.0,2.99,-1.47,-8.75,0.37
1997-12-02,000001,584.68,582.24,592.7,581.76,23454,56185000.0,1.87,-0.42,-2.44,0.22
1997-12-03,000001,582.24,580.78,586.38,579.81,28951,68918000.0,1.13,-0.25,-1.46,0.27
1997-12-04,000001,580.78,584.19,587.11,575.43,34076,81257000.0,2.01,0.59,3.41,0.32
1997-12-05,000001,587.11,584.68,594.16,584.19,41047,98717000.0,1.71,0.08,0.49,0.38
1997-12-08,000001,584.68,584.68,591.49,584.19,28496,68286000.0,1.25,0.0,0.0,0.27
1997-12-09,000001,587.11,586.38,587.11,583.46,22849,54687000.0,0.62,0.29,1.7,0.21
1997-12-10,000001,587.11,591.0,597.08,587.11,27534,66647000.0,1.7,0.79,4.62,0.26
1997-12-11,000001,594.16,606.32,608.76,587.11,56977,138768000.0,3.66,2.59,15.32,0.53
1997-12-12,000001,607.78,596.84,611.19,594.41,45445,112194000.0,2.77,-1.56,-9.48,0.42
1997-12-15,000001,596.84,592.46,599.27,587.35,51574,124796000.0,2.0,-0.73,-4.38,0.48
1997-12-16,000001,592.7,594.89,599.27,589.78,53574,130071000.0,1.6,0.41,2.43,0.5
1997-12-17,000001,596.84,585.41,598.05,582.24,78710,188984000.0,2.66,-1.59,-9.48,0.73
1997-12-18,000001,582.24,583.46,597.57,577.87,58922,140920000.0,3.37,-0.33,-1.95,0.55
1997-12-19,000001,583.46,582.24,585.89,578.59,54362,129215000.0,1.25,-0.21,-1.22,0.51
1997-12-22,000001,579.32,582.97,594.41,562.78,121769,287304992.0,5.43,0.13,0.73,1.14
1997-12-23,000001,584.68,577.62,590.76,576.16,57951,137967008.0,2.5,-0.92,-5.35,0.54
1997-12-24,000001,577.38,567.16,577.38,562.78,96429,225148000.0,2.53,-1.81,-10.46,0.9
1997-12-25,000001,567.16,565.22,572.03,560.35,139350,321936992.0,2.06,-0.34,-1.94,1.3
1997-12-26,000001,574.95,571.3,587.11,567.16,108371,253868992.0,3.53,1.08,6.08,1.01
1997-12-29,000001,574.95,565.7,578.11,564.24,99020,229767008.0,2.43,-0.98,-5.6,0.92
1997-12-30,000001,565.7,559.87,567.65,556.7,115537,265122000.0,1.94,-1.03,-5.83,1.08
1997-12-31,000001,557.92,555.49,559.87,550.14,114575,259356000.0,1.74,-0.78,-4.38,1.07
1998-01-05,000001,554.27,587.11,587.35,540.89,200326,465782016.0,8.36,5.69,31.62,1.87
1998-01-06,000001,589.54,583.22,594.41,579.81,117009,281123008.0,2.49,-0.66,-3.89,1.09
1998-01-07,000001,582.24,572.27,583.22,570.08,68343,160438000.0,2.25,-1.88,-10.95,0.64
1998-01-08,000001,572.27,566.19,577.38,563.03,78616,182432000.0,2.51,-1.06,-6.08,0.73
1998-01-09,000001,562.78,564.24,570.81,558.16,86201,198184992.0,2.23,-0.34,-1.95,0.8
1998-01-12,000001,564.0,563.03,574.95,557.92,92051,211524000.0,3.02,-0.21,-1.21,0.86
1998-01-13,000001,557.92,544.78,557.92,507.08,150775,333022016.0,9.03,-3.24,-18.25,1.41
1998-01-14,000001,544.78,551.35,553.05,540.89,85924,191756000.0,2.23,1.21,6.57,0.8
1998-01-15,000001,551.84,548.92,557.92,542.11,50621,113170000.0,2.87,-0.44,-2.43,0.47
1998-01-16,000001,548.19,547.7,556.7,540.89,49191,109984000.0,2.88,-0.22,-1.22,0.46
1998-01-19,000001,550.62,542.59,550.62,540.89,47980,106795000.0,1.78,-0.93,-5.11,0.45
1998-01-20,000001,540.89,544.3,546.97,538.46,33714,74873000.0,1.57,0.32,1.71,0.31
1998-01-21,000001,543.32,541.38,545.76,540.41,30000,66584000.0,0.98,-0.54,-2.92,0.28
1998-01-22,000001,541.38,554.76,564.49,540.41,52731,119424000.0,4.45,2.47,13.38,0.49
1998-01-23,000001,557.92,567.16,572.51,554.76,68906,159434000.0,3.2,2.24,12.4,0.64
1998-02-09,000001,577.87,583.7,593.43,575.43,116034,277128992.0,3.17,2.92,16.54,1.08
1998-02-10,000001,583.7,573.49,585.89,567.65,37739,88698000.0,3.12,-1.75,-10.21,0.35
1998-02-11,000001,570.08,565.22,574.95,563.27,24248,56237000.0,2.04,-1.44,-8.27,0.23
1998-02-12,000001,562.78,559.14,570.08,557.92,29371,67572000.0,2.15,-1.08,-6.08,0.27
1998-02-13,000001,561.57,560.35,566.43,557.92,23044,52855000.0,1.52,0.22,1.21,0.22
1998-02-16,000001,560.35,552.57,560.35,551.84,28949,65532000.0,1.52,-1.39,-7.78,0.27
1998-02-17,000001,553.05,552.32,560.35,548.43,29142,65769000.0,2.16,-0.05,-0.25,0.27
1998-02-18,000001,553.05,553.05,557.92,549.41,26504,59710000.0,1.54,0.13,0.73,0.25
1998-02-19,000001,553.05,565.46,567.16,553.05,25963,59228000.0,2.55,2.24,12.41,0.24
1998-02-20,000001,567.65,560.35,570.08,557.92,24675,56726000.0,2.15,-0.9,-5.11,0.23
1998-02-23,000001,557.68,553.05,559.14,548.19,26702,60244000.0,1.95,-1.3,-7.3,0.25
1998-02-24,000001,551.84,552.32,558.65,550.62,19437,43986000.0,1.45,-0.13,-0.73,0.18
1998-02-25,000001,551.84,548.43,553.78,545.76,26800,60285000.0,1.45,-0.7,-3.89,0.25
1998-02-26,000001,545.76,549.89,557.68,543.57,31498,70645000.0,2.57,0.27,1.46,0.29
1998-02-27,000001,545.76,555.73,567.65,543.57,54352,124057000.0,4.38,1.06,5.84,0.51
1998-03-02,000001,551.35,536.27,552.57,533.59,61755,136559008.0,3.42,-3.5,-19.46,0.58
1998-03-03,000001,533.59,537.0,538.46,523.87,39164,84975000.0,2.72,0.14,0.73,0.37
1998-03-04,000001,538.95,539.43,542.11,535.54,29420,64624000.0,1.22,0.45,2.43,0.27
1998-03-05,000001,539.43,528.97,544.54,527.76,44607,96998000.0,3.11,-1.94,-10.46,0.42
1998-03-06,000001,514.38,522.89,524.35,509.27,60415,128205000.0,2.85,-1.15,-6.08,0.56
1998-03-09,000001,525.57,511.46,527.51,511.22,55343,116277000.0,3.12,-2.19,-11.43,0.52
1998-03-10,000001,508.05,511.95,523.38,497.59,78784,162276000.0,5.04,0.1,0.49,0.74
1998-03-11,000001,514.14,513.41,526.3,511.22,44889,95084000.0,2.95,0.29,1.46,0.42
1998-03-12,000001,492.73,506.59,522.65,491.03,46201,96566000.0,6.16,-1.33,-6.82,0.43
1998-03-13,000001,506.35,524.35,526.05,501.97,43845,92413079.0,4.75,3.51,17.76,0.41
1998-03-16,000001,526.3,527.27,530.92,519.0,34318,73634000.0,2.27,0.56,2.92,0.32
1998-03-17,000001,529.95,538.95,542.11,528.73,50903,111817000.0,2.54,2.22,11.68,0.48
1998-03-18,000001,542.84,527.51,543.32,526.05,29168,63409000.0,3.2,-2.12,-11.44,0.27
1998-03-19,000001,526.3,524.84,530.19,522.16,19839,42576115.0,1.52,-0.51,-2.67,0.19
1998-03-20,000001,524.84,519.24,528.24,514.38,19942,42450000.0,2.64,-1.07,-5.6,0.19
1998-03-23,000001,516.57,515.35,523.62,511.22,29311,61652000.0,2.39,-0.75,-3.89,0.27
1998-03-24,000001,514.14,540.41,540.89,513.65,46440,100442000.0,5.29,4.86,25.06,0.43
1998-03-25,000001,550.62,530.68,555.49,527.76,71564,158259008.0,5.13,-1.8,-9.73,0.67
1998-03-26,000001,528.24,517.78,528.49,516.81,28989,61728000.0,2.2,-2.43,-12.9,0.27
1998-03-27,000001,516.57,526.05,533.59,514.62,41937,89629000.0,3.66,1.6,8.27,0.39
1998-03-30,000001,526.54,528.24,536.03,519.0,58216,125131000.0,3.24,0.42,2.19,0.54
1998-03-31,000001,530.92,528.0,538.95,522.89,51684,112374000.0,3.04,-0.05,-0.24,0.48
1998-04-01,000001,526.3,522.89,530.19,520.95,41699,89237000.0,1.75,-0.97,-5.11,0.39
1998-04-02,000001,522.89,528.49,537.24,522.16,66952,144694000.0,2.88,1.07,5.6,0.63
1998-04-03,000001,528.73,546.97,550.62,528.73,141993,315136992.0,4.14,3.5,18.48,1.33
1998-04-06,000001,549.41,542.11,551.84,537.97,75338,167660992.0,2.54,-0.89,-4.86,0.7
1998-04-07,000001,543.32,539.43,547.95,537.97,58247,129021000.0,1.84,-0.49,-2.68,0.54
1998-04-08,000001,538.46,539.68,546.49,533.59,50257,110604000.0,2.39,0.05,0.25,0.47
1998-04-09,000001,540.89,539.19,548.19,536.51,66011,145646000.0,2.16,-0.09,-0.49,0.62
1998-04-10,000001,540.89,540.89,544.78,536.51,51624,113938000.0,1.53,0.32,1.7,0.48
1998-04-13,000001,541.38,554.03,562.78,541.38,138045,313599008.0,3.96,2.43,13.14,1.29
1998-04-14,000001,554.27,543.08,555.24,540.89,45137,101227000.0,2.59,-1.98,-10.95,0.42
1998-04-15,000001,543.08,540.41,544.54,537.24,53406,117912000.0,1.34,-0.49,-2.67,0.5
1998-04-17,000001,501.73,522.89,543.32,501.73,54618,118354000.0,7.7,-3.24,-17.52,0.51
1998-04-20,000001,514.14,502.95,514.14,499.54,92085,190260992.0,2.79,-3.81,-19.94,0.86
1998-04-21,000001,501.97,505.38,513.65,501.49,40380,83459000.0,2.42,0.48,2.43,0.38
1998-04-22,000001,508.05,509.51,510.49,503.92,59936,123922000.0,1.3,0.82,4.13,0.56
1998-04-23,000001,511.7,507.32,511.7,503.92,55906,115469000.0,1.53,-0.43,-2.19,0.52
1998-04-24,000001,506.84,510.49,523.38,503.68,77473,161190000.0,3.88,0.62,3.17,0.72
1998-04-27,000001,506.84,502.22,509.03,500.76,53545,110166000.0,1.62,-1.62,-8.27,0.5
1998-04-28,000001,503.92,511.22,513.89,503.19,40308,83674000.0,2.13,1.79,9.0,0.38
1998-04-29,000001,511.22,507.81,514.14,503.19,48940,101348000.0,2.14,-0.67,-3.41,0.46
1998-04-30,000001,508.3,510.73,512.92,504.41,45910,95220000.0,1.68,0.58,2.92,0.43
1998-05-04,000001,511.7,518.51,522.65,509.27,66702,140923008.0,2.62,1.52,7.78,0.62
1998-05-05,000001,520.22,511.7,523.87,510.73,44609,93931000.0,2.53,-1.31,-6.81,0.42
1998-05-06,000001,511.7,506.59,511.7,504.41,50498,104340000.0,1.42,-1.0,-5.11,0.47
1998-05-07,000001,506.59,499.78,509.27,498.81,73920,151802000.0,2.06,-1.34,-6.81,0.69
1998-05-08,000001,499.54,503.19,505.38,498.81,72819,149184000.0,1.31,0.68,3.41,0.68
1998-05-11,000001,503.19,500.51,509.27,495.89,79445,161907008.0,2.66,-0.53,-2.68,0.74
1998-05-12,000001,499.54,497.35,499.54,495.89,45250,91897000.0,0.73,-0.63,-3.16,0.42
1998-05-13,000001,498.32,500.76,501.97,494.19,58645,118918000.0,1.56,0.69,3.41,0.55
1998-05-14,000001,499.54,495.65,499.78,494.43,50320,101790000.0,1.07,-1.02,-5.11,0.47
1998-05-15,000001,497.11,506.84,514.14,497.11,65467,135612992.0,3.44,2.26,11.19,0.61
1998-05-18,000001,509.27,499.05,511.7,497.11,29911,61285000.0,2.88,-1.54,-7.79,0.28
1998-05-19,000001,499.3,495.65,501.97,495.16,30942,62721000.0,1.36,-0.68,-3.4,0.29
1998-05-20,000001,497.11,494.68,504.41,493.7,34161,69266000.0,2.16,-0.2,-0.97,0.32
1998-05-21,000001,494.68,494.43,496.62,492.24,34561,69639000.0,0.89,-0.05,-0.25,0.32
1998-05-22,000001,494.68,494.68,498.32,493.95,53579,108313000.0,0.88,0.05,0.25,0.5
1998-05-25,000001,494.68,492.24,495.89,490.54,58241,117001000.0,1.08,-0.49,-2.44,0.54
1998-05-26,000001,492.24,491.03,501.97,489.08,61753,124211000.0,2.62,-0.25,-1.21,0.58
1998-05-27,000001,491.03,491.03,494.68,488.59,67387,134944000.0,1.24,0.0,0.0,0.63
1998-05-28,000001,492.24,491.03,495.89,489.57,53883,107915000.0,1.29,0.0,0.0,0.5
1998-05-29,000001,492.24,491.51,492.24,489.81,51194,102557000.0,0.49,0.1,0.48,0.48
1998-06-01,000001,492.24,492.97,496.14,489.81,57961,116428000.0,1.29,0.3,1.46,0.54
1998-06-02,000001,492.24,489.81,492.97,488.59,59154,118377000.0,0.89,-0.64,-3.16,0.55
1998-06-03,000001,489.81,482.51,489.81,482.03,64354,127292000.0,1.59,-1.49,-7.3,0.6
1998-06-04,000001,482.03,482.27,489.57,475.7,63507,124654000.0,2.87,-0.05,-0.24,0.59
1998-06-05,000001,482.51,489.81,497.11,482.51,55793,111680000.0,3.03,1.56,7.54,0.52
1998-06-08,000001,489.81,480.08,491.03,480.08,34357,67939000.0,2.24,-1.99,-9.73,0.32
1998-06-09,000001,481.78,474.0,483.0,472.78,36491,71015000.0,2.13,-1.27,-6.08,0.34
1998-06-10,000001,474.0,467.68,477.65,465.49,37213,71212000.0,2.57,-1.33,-6.32,0.35
1998-06-11,000001,467.68,462.81,469.14,461.84,39519,74892000.0,1.56,-1.04,-4.87,0.37
1998-06-12,000001,477.65,467.92,481.3,465.49,36445,69855000.0,3.42,1.1,5.11,0.34
1998-06-15,000001,467.92,457.22,467.92,455.76,38926,72955000.0,2.6,-2.29,-10.7,0.36
1998-06-16,000001,456.0,446.27,456.0,445.54,46785,85586000.0,2.29,-2.39,-10.95,0.44
1998-06-17,000001,446.03,447.0,453.32,445.05,37726,68832000.0,1.85,0.16,0.73,0.35
1998-06-18,000001,449.43,463.3,467.68,447.24,44832,84308000.0,4.57,3.65,16.3,0.42
1998-06-19,000001,463.3,460.38,465.49,455.76,24556,46049000.0,2.1,-0.63,-2.92,0.23
1998-06-22,000001,455.76,448.22,458.19,446.03,38414,70435000.0,2.64,-2.64,-12.16,0.36
1998-06-23,000001,446.51,446.03,453.08,441.16,44259,80348000.0,2.66,-0.49,-2.19,0.41
1998-06-24,000001,444.81,446.51,449.68,442.38,40992,74327000.0,1.64,0.11,0.48,0.38
1998-06-25,000001,453.32,445.3,455.76,443.59,13697,24954000.0,2.73,-0.27,-1.21,0.13
1998-06-26,000001,446.03,444.08,448.46,443.59,24124,43837000.0,1.09,-0.27,-1.22,0.23
1998-06-29,000001,443.59,432.65,444.08,431.43,40800,72506000.0,2.85,-2.57,-11.43,0.38
1998-06-30,000001,433.87,419.76,433.87,419.27,39740,68520000.0,3.37,-2.98,-12.89,0.37
1998-07-01,000001,430.95,414.41,433.38,407.11,62872,106925000.0,6.26,-1.27,-5.35,0.59
1998-07-02,000001,413.19,419.03,420.49,409.05,44487,75297000.0,2.76,1.11,4.62,0.42
1998-07-03,000001,419.27,423.65,427.78,418.05,33457,57649000.0,2.32,1.1,4.62,0.31
1998-07-06,000001,419.27,411.97,419.27,411.97,23558,39885000.0,1.72,-2.76,-11.68,0.22
1998-07-07,000001,409.54,409.54,413.92,404.68,29295,48660000.0,2.24,-0.59,-2.43,0.27
1998-07-08,000001,411.97,415.87,420.49,409.54,19881,33673000.0,2.67,1.55,6.33,0.19
1998-07-09,000001,416.84,416.59,420.97,415.87,16326,27853000.0,1.23,0.17,0.72,0.15
1998-07-10,000001,416.84,413.92,417.32,411.97,18519,31262000.0,1.28,-0.64,-2.67,0.17
1998-07-13,000001,416.59,413.43,416.84,409.54,17515,29390000.0,1.76,-0.12,-0.49,0.16
1998-07-14,000001,414.41,406.14,415.62,405.16,18901,31494000.0,2.53,-1.76,-7.29,0.18
1998-07-15,000001,406.14,396.16,406.14,394.95,29423,47890000.0,2.76,-2.46,-9.98,0.27
1998-07-16,000001,393.73,387.65,394.95,386.68,43361,68771000.0,2.09,-2.15,-8.51,0.4
1998-07-17,000001,387.65,383.27,391.54,382.78,40257,63174000.0,2.26,-1.13,-4.38,0.38
1998-07-20,000001,381.57,372.57,381.81,370.62,44204,67268000.0,2.92,-2.79,-10.7,0.41
1998-07-21,000001,370.87,409.05,409.54,368.43,77395,124956000.0,11.03,9.79,36.48,0.72
1998-07-22,000001,409.05,421.22,441.16,394.95,221167,383264000.0,11.3,2.98,12.17,2.07
1998-07-23,000001,419.51,424.14,426.32,416.35,54778,94051000.0,2.37,0.69,2.92,0.51
1998-07-24,000001,424.14,436.05,439.46,421.22,97104,172296992.0,4.3,2.81,11.91,0.91
1998-07-27,000001,438.0,435.08,441.16,429.0,44738,79576000.0,2.79,-0.22,-0.97,0.42
1998-07-28,000001,431.43,426.57,436.3,424.62,27272,47644000.0,2.68,-1.96,-8.51,0.25
1998-07-29,000001,426.57,428.27,436.3,424.14,25197,44193000.0,2.85,0.4,1.7,0.24
1998-07-30,000001,428.27,424.87,432.65,421.7,22105,38319000.0,2.56,-0.79,-3.4,0.21
1998-07-31,000001,426.08,423.16,429.24,421.7,15406,26670000.0,1.77,-0.4,-1.71,0.14
1998-08-03,000001,423.65,408.57,424.14,406.62,31485,52988000.0,4.14,-3.45,-14.59,0.29
1998-08-04,000001,405.89,414.16,421.7,401.51,33302,55752000.0,4.94,1.37,5.59,0.31
1998-08-05,000001,415.62,414.89,416.84,407.59,18517,31131000.0,2.23,0.18,0.73,0.17
1998-08-06,000001,416.84,409.05,421.46,407.11,17541,29594000.0,3.46,-1.41,-5.84,0.16
1998-08-07,000001,406.14,408.32,414.41,405.16,18566,30922000.0,2.26,-0.18,-0.73,0.17
1998-08-10,000001,407.11,400.54,407.11,394.95,20845,34033000.0,2.98,-1.91,-7.78,0.19
1998-08-11,000001,400.54,391.3,406.62,390.08,25611,41441000.0,4.13,-2.31,-9.24,0.24
1998-08-12,000001,391.3,395.92,399.81,382.3,35233,56015000.0,4.47,1.18,4.62,0.33
1998-08-13,000001,397.38,395.68,401.03,392.51,25081,40485000.0,2.15,-0.06,-0.24,0.23
1998-08-14,000001,395.68,388.87,395.68,385.22,24491,38838000.0,2.64,-1.72,-6.81,0.23
1998-08-17,000001,387.41,372.81,387.41,368.19,48022,73736000.0,4.94,-4.13,-16.06,0.45
1998-08-18,000001,370.62,377.68,386.43,368.43,34464,53268000.0,4.83,1.31,4.87,0.32
1998-08-19,000001,379.14,390.57,391.3,377.92,30884,48294000.0,3.54,3.41,12.89,0.29
1998-08-20,000001,392.51,389.59,394.95,385.22,23253,36843000.0,2.49,-0.25,-0.98,0.22
1998-08-21,000001,391.3,420.73,427.78,386.43,97354,162494000.0,10.61,7.99,31.14,0.91
1998-08-24,000001,419.76,411.0,429.0,409.05,72777,124094000.0,4.74,-2.31,-9.73,0.68
1998-08-25,000001,409.54,407.35,410.51,399.81,27899,46039000.0,2.6,-0.89,-3.65,0.26
1998-08-26,000001,409.54,402.24,421.7,399.81,43542,73119000.0,5.37,-1.25,-5.11,0.41
1998-08-27,000001,399.81,394.7,402.24,393.73,27941,45245000.0,2.12,-1.87,-7.54,0.26
1998-08-28,000001,392.51,390.57,397.38,388.87,27213,43494000.0,2.16,-1.05,-4.13,0.25
1998-08-31,000001,387.65,395.92,396.41,380.35,34443,54165000.0,4.11,1.37,5.35,0.32
1998-09-01,000001,395.68,389.35,395.92,387.16,14863,23729000.0,2.21,-1.66,-6.57,0.14
1998-09-02,000001,387.65,388.38,392.51,385.22,9699,15393000.0,1.87,-0.25,-0.97,0.09
1998-09-03,000001,387.65,387.65,392.51,386.19,16495,26109000.0,1.63,-0.19,-0.73,0.15
1998-09-04,000001,390.57,390.32,397.38,387.65,15730,25101000.0,2.51,0.69,2.67,0.15
1998-09-07,000001,390.81,390.57,393.24,386.19,17801,28221000.0,1.81,0.06,0.25,0.17
1998-09-08,000001,392.03,391.3,401.03,391.05,22213,35787000.0,2.56,0.19,0.73,0.21
1998-09-09,000001,390.08,392.76,394.46,387.65,15346,24473000.0,1.74,0.37,1.46,0.14
1998-09-10,000001,394.46,398.11,404.43,392.03,36894,59830000.0,3.16,1.36,5.35,0.34
1998-09-11,000001,399.81,393.73,402.24,392.27,29433,47552000.0,2.5,-1.1,-4.38,0.27
1998-09-14,000001,392.51,394.7,400.54,387.65,40698,65114000.0,3.27,0.25,0.97,0.38
1998-09-15,000001,394.95,397.62,404.68,394.95,50622,82224000.0,2.47,0.74,2.92,0.47
1998-09-16,000001,397.38,394.7,397.38,391.3,29624,47571000.0,1.53,-0.73,-2.92,0.28
1998-09-17,000001,394.7,387.65,395.92,386.43,40461,64539000.0,2.4,-1.79,-7.05,0.38
1998-09-18,000001,385.22,384.24,392.03,382.78,29145,45755000.0,2.39,-0.88,-3.41,0.27
1998-09-21,000001,380.59,383.27,383.76,378.89,20264,31514000.0,1.27,-0.25,-0.97,0.19
1998-09-22,000001,383.27,384.49,392.51,383.27,18338,28960000.0,2.41,0.32,1.22,0.17
1998-09-23,000001,386.43,387.41,389.35,381.57,14699,23011000.0,2.02,0.76,2.92,0.14
1998-09-24,000001,381.57,380.11,387.65,379.87,19527,30346000.0,2.01,-1.88,-7.3,0.18
1998-09-25,000001,379.87,379.14,381.57,377.43,22126,34160000.0,1.09,-0.26,-0.97,0.21
1998-09-28,000001,384.0,380.59,388.87,378.41,25106,38964000.0,2.76,0.38,1.45,0.23
1998-09-29,000001,385.22,386.19,397.38,384.73,34671,55369000.0,3.32,1.47,5.6,0.32
1998-09-30,000001,388.87,386.92,392.51,384.24,16198,25528000.0,2.14,0.19,0.73,0.15
1998-10-05,000001,386.92,381.32,387.65,380.11,14479,22515000.0,1.95,-1.45,-5.6,0.14
1998-10-06,000001,380.84,376.95,382.78,376.7,17628,27165000.0,1.59,-1.15,-4.37,0.16
1998-10-07,000001,376.95,375.24,378.16,374.03,21286,32603000.0,1.1,-0.45,-1.71,0.2
1998-10-08,000001,375.49,375.97,377.92,374.27,17782,27204000.0,0.97,0.19,0.73,0.17
1998-10-09,000001,377.43,375.0,380.35,375.0,16603,25432000.0,1.42,-0.26,-0.97,0.16
1998-10-12,000001,375.24,373.3,378.41,370.62,22283,33893000.0,2.08,-0.45,-1.7,0.21
1998-10-13,000001,373.3,374.27,381.57,373.05,36807,56401000.0,2.28,0.26,0.97,0.34
1998-10-14,000001,374.27,371.59,375.49,370.62,20121,30513000.0,1.3,-0.72,-2.68,0.19
1998-10-15,000001,371.59,375.49,375.97,369.41,26588,40197000.0,1.77,1.05,3.9,0.25
1998-10-16,000001,379.38,374.76,380.35,373.78,17709,27138000.0,1.75,-0.19,-0.73,0.17
1998-10-19,000001,375.49,374.03,380.35,373.05,20184,30897000.0,1.95,-0.19,-0.73,0.19
1998-10-20,000001,373.54,371.59,377.68,370.14,21312,32276000.0,2.02,-0.65,-2.44,0.2
1998-10-21,000001,370.87,361.14,371.59,360.89,42947,63758000.0,2.88,-2.81,-10.45,0.4
1998-10-22,000001,356.27,357.97,358.46,351.41,41712,60317000.0,1.95,-0.88,-3.17,0.39
1998-10-23,000001,375.49,366.0,384.73,366.0,49146,74917000.0,5.23,2.24,8.03,0.46
1998-10-26,000001,363.32,357.0,363.32,353.11,31272,45360000.0,2.79,-2.46,-9.0,0.29
1998-10-27,000001,356.03,352.87,357.24,351.41,24886,35785000.0,1.63,-1.16,-4.13,0.23
1998-10-28,000001,352.38,352.87,358.46,351.16,20899,30053000.0,2.07,0.0,0.0,0.2
1998-10-29,000001,356.03,355.3,363.32,350.68,37706,54807000.0,3.58,0.69,2.43,0.35
1998-10-30,000001,356.03,365.51,373.05,356.03,56406,84545000.0,4.79,2.87,10.21,0.53
1998-11-02,000001,367.95,363.08,371.84,360.89,23113,34309000.0,3.0,-0.66,-2.43,0.22
1998-11-03,000001,363.08,358.95,366.24,357.97,20222,29623000.0,2.28,-1.14,-4.13,0.19
1998-11-04,000001,358.95,360.89,364.78,356.03,22726,33288000.0,2.44,0.54,1.94,0.21
1998-11-05,000001,360.89,365.03,365.76,357.73,26337,38753000.0,2.23,1.15,4.14,0.25
1998-11-06,000001,368.19,367.7,373.05,364.54,48273,72503000.0,2.33,0.73,2.67,0.45
1998-11-09,000001,368.92,373.05,375.49,368.19,39261,59464000.0,1.99,1.45,5.35,0.37
1998-11-10,000001,374.27,378.65,384.73,370.62,53317,82374000.0,3.78,1.5,5.6,0.5
1998-11-11,000001,380.35,375.0,380.35,373.05,23682,36241000.0,1.93,-0.96,-3.65,0.22
1998-11-12,000001,377.43,379.87,388.87,373.3,55618,86559000.0,4.15,1.3,4.87,0.52
1998-11-13,000001,380.35,380.11,382.78,376.7,30307,46809000.0,1.6,0.06,0.24,0.28
1998-11-16,000001,382.54,416.84,416.84,382.3,249880,413255008.0,9.09,9.66,36.73,2.33
1998-11-17,000001,421.22,419.27,435.57,415.62,265437,461492992.0,4.79,0.58,2.43,2.48
1998-11-18,000001,419.27,417.32,426.08,409.78,91338,155924000.0,3.89,-0.47,-1.95,0.85
1998-11-19,000001,414.41,411.0,417.32,410.27,53900,90885000.0,1.69,-1.51,-6.32,0.5
1998-11-20,000001,409.54,411.24,416.84,409.05,38372,64572000.0,1.9,0.06,0.24,0.36
1998-11-23,000001,411.97,406.14,413.43,402.73,45866,76060000.0,2.6,-1.24,-5.1,0.43
1998-11-24,000001,406.14,406.14,411.73,404.68,19698,32701000.0,1.74,0.0,0.0,0.18
1998-11-25,000001,407.35,394.7,411.49,393.97,34697,56612000.0,4.31,-2.82,-11.44,0.32
1998-11-26,000001,392.51,390.32,397.87,389.59,31330,50112000.0,2.1,-1.11,-4.38,0.29
1998-11-27,000001,390.32,385.22,394.22,384.0,22663,35932000.0,2.62,-1.31,-5.1,0.21
1998-11-30,000001,384.24,388.87,390.08,380.59,17331,27207000.0,2.46,0.95,3.65,0.16
1998-12-01,000001,392.51,383.76,392.51,382.78,11460,18047000.0,2.5,-1.31,-5.11,0.11
1998-12-02,000001,385.22,387.65,387.65,381.81,16714,26221000.0,1.52,1.01,3.89,0.16
1998-12-03,000001,388.14,390.32,396.41,385.22,19950,31790000.0,2.89,0.69,2.67,0.19
1998-12-04,000001,390.32,389.35,399.81,388.62,41395,66566000.0,2.87,-0.25,-0.97,0.39
1998-12-07,000001,399.81,386.43,401.03,385.46,28927,46528000.0,4.0,-0.75,-2.92,0.27
1998-12-08,000001,385.22,387.16,391.3,385.22,11284,17838000.0,1.57,0.19,0.73,0.11
1998-12-09,000001,387.89,383.51,390.08,383.51,11279,17713000.0,1.7,-0.94,-3.65,0.11
1998-12-10,000001,383.51,376.7,384.24,375.49,20967,32393000.0,2.28,-1.78,-6.81,0.2
1998-12-11,000001,375.49,382.3,384.0,374.03,11099,17134000.0,2.65,1.49,5.6,0.1
1998-12-14,000001,377.92,374.51,380.35,374.27,13899,21326000.0,1.59,-2.04,-7.79,0.13
1998-12-15,000001,371.84,374.76,375.49,367.95,30495,46022000.0,2.01,0.07,0.25,0.28
1998-12-16,000001,375.49,371.11,379.14,370.38,13395,20355000.0,2.34,-0.97,-3.65,0.13
1998-12-17,000001,370.62,365.51,370.62,364.54,25100,37603000.0,1.64,-1.51,-5.6,0.23
1998-12-18,000001,364.54,366.49,370.62,362.84,15919,23738000.0,2.13,0.27,0.98,0.15
1998-12-21,000001,367.7,368.43,375.0,365.76,21453,32283000.0,2.52,0.53,1.94,0.2
1998-12-22,000001,368.19,373.3,376.46,368.19,23781,36052000.0,2.24,1.32,4.87,0.22
1998-12-23,000001,374.27,369.41,378.89,368.19,29365,44694000.0,2.87,-1.04,-3.89,0.27
1998-12-24,000001,368.19,368.19,370.14,366.49,19510,29267000.0,0.99,-0.33,-1.22,0.18
1998-12-25,000001,368.19,369.41,376.7,368.19,22357,33787000.0,2.31,0.33,1.22,0.21
1998-12-28,000001,369.41,366.97,374.51,365.76,13462,20235000.0,2.37,-0.66,-2.44,0.13
1998-12-29,000001,366.97,363.57,368.92,362.84,16828,25079000.0,1.66,-0.93,-3.4,0.16
1998-12-30,000001,362.84,366.24,367.95,361.38,13711,20311000.0,1.81,0.73,2.67,0.13
1998-12-31,000001,366.97,364.54,368.68,364.3,13281,19833000.0,1.2,-0.46,-1.7,0.12
1999-01-04,000001,365.27,357.24,365.76,356.76,10705,15710000.0,2.47,-2.0,-7.3,0.1
1999-01-05,000001,356.03,355.78,358.46,351.16,17408,25148000.0,2.04,-0.41,-1.46,0.16
1999-01-06,000001,356.03,357.97,362.84,355.3,12036,17579000.0,2.12,0.62,2.19,0.11
1999-01-07,000001,357.24,365.76,374.27,356.51,17028,25376000.0,4.96,2.18,7.79,0.16
1999-01-08,000001,366.0,369.16,372.81,366.0,20518,30898000.0,1.86,0.93,3.4,0.19
1999-01-11,000001,372.32,368.19,372.81,365.27,12243,18299000.0,2.04,-0.26,-0.97,0.11
1999-01-12,000001,367.7,361.62,367.7,360.41,20422,30210000.0,1.98,-1.78,-6.57,0.19
1999-01-13,000001,360.41,359.68,364.54,358.7,15312,22510000.0,1.61,-0.54,-1.94,0.14
1999-01-14,000001,359.19,360.89,363.32,358.22,18631,27297000.0,1.42,0.34,1.21,0.17
1999-01-15,000001,362.35,358.95,363.32,358.46,11789,17258000.0,1.35,-0.54,-1.94,0.11
1999-01-18,000001,359.19,365.27,367.46,356.03,14565,21293000.0,3.18,1.76,6.32,0.14
1999-01-19,000001,367.7,364.78,368.19,362.11,11713,17437000.0,1.66,-0.13,-0.49,0.11
1999-01-20,000001,364.54,361.38,366.97,360.89,8975,13305000.0,1.67,-0.93,-3.4,0.08
1999-01-21,000001,358.22,359.92,360.89,358.22,11711,17134000.0,0.74,-0.4,-1.46,0.11
1999-01-22,000001,360.41,361.14,365.27,357.49,23224,34058000.0,2.16,0.34,1.22,0.22
1999-01-25,000001,362.11,356.51,364.05,355.54,16454,24089000.0,2.36,-1.28,-4.63,0.15
1999-01-26,000001,356.03,354.32,358.46,353.59,14617,21158000.0,1.37,-0.61,-2.19,0.14
1999-01-27,000001,355.05,355.78,357.24,353.35,15546,22482000.0,1.1,0.41,1.46,0.15
1999-01-28,000001,356.03,353.35,356.76,352.87,15029,21648000.0,1.09,-0.68,-2.43,0.14
1999-01-29,000001,353.35,355.3,359.68,351.16,16776,24104000.0,2.41,0.55,1.95,0.16
1999-02-01,000001,355.3,350.68,357.24,350.19,17564,25213000.0,1.98,-1.3,-4.62,0.16
1999-02-02,000001,349.95,350.92,351.65,347.03,20564,29182000.0,1.32,0.07,0.24,0.19
1999-02-03,000001,351.16,347.76,351.65,347.51,12454,17667000.0,1.18,-0.9,-3.16,0.12
1999-02-04,000001,346.3,339.97,346.3,339.49,23897,33355000.0,1.96,-2.24,-7.79,0.22
1999-02-05,000001,338.03,332.92,338.76,331.7,24531,33407000.0,2.08,-2.07,-7.05,0.23
1999-02-08,000001,329.27,329.27,335.59,325.38,19743,26512000.0,3.07,-1.1,-3.65,0.18
1999-02-09,000001,329.27,333.89,336.08,328.05,26014,35350000.0,2.44,1.4,4.62,0.24
1999-03-01,000001,334.14,340.46,342.89,331.7,10081,13937000.0,3.35,1.97,6.57,0.09
1999-03-02,000001,341.43,337.05,342.65,331.7,13246,18109000.0,3.22,-1.0,-3.41,0.12
1999-03-03,000001,335.35,339.97,341.19,331.95,14099,19319000.0,2.74,0.87,2.92,0.13
1999-03-04,000001,340.46,336.08,340.95,334.14,12813,17571000.0,2.0,-1.14,-3.89,0.12
1999-03-05,000001,335.35,339.24,342.65,334.38,14351,19766000.0,2.46,0.94,3.16,0.13
1999-03-08,000001,339.0,335.84,339.24,334.14,17756,24256000.0,1.5,-1.0,-3.4,0.17
1999-03-09,000001,335.59,343.14,348.73,335.59,34310,48037000.0,3.91,2.17,7.3,0.32
1999-03-10,000001,343.38,337.78,343.87,336.81,11622,16065000.0,2.06,-1.56,-5.36,0.11
1999-03-11,000001,334.14,341.68,345.32,334.14,19104,26510000.0,3.31,1.15,3.9,0.18
1999-03-12,000001,341.68,343.62,347.27,340.95,19391,27166000.0,1.85,0.57,1.94,0.18
1999-03-15,000001,344.35,342.16,346.3,341.19,17670,24636000.0,1.49,-0.42,-1.46,0.17
1999-03-16,000001,341.43,339.73,342.16,338.27,16451,22725000.0,1.14,-0.71,-2.43,0.15
1999-03-17,000001,339.49,341.43,346.54,339.0,21687,30298000.0,2.22,0.5,1.7,0.2
1999-03-18,000001,340.95,338.03,342.16,337.78,14194,19601000.0,1.28,-1.0,-3.4,0.13
1999-03-19,000001,339.0,340.46,341.43,333.65,17704,24404000.0,2.3,0.72,2.43,0.17
1999-03-22,000001,340.46,337.3,340.95,335.59,22602,30976000.0,1.57,-0.93,-3.16,0.21
1999-03-23,000001,337.3,336.08,338.76,333.89,24708,33743000.0,1.44,-0.36,-1.22,0.23
1999-03-24,000001,336.57,344.84,355.3,336.08,68137,96440000.0,5.72,2.61,8.76,0.64
1999-03-25,000001,344.84,339.24,345.08,338.27,18165,25166000.0,1.97,-1.62,-5.6,0.17
1999-03-26,000001,338.76,338.51,341.43,336.57,15335,21160000.0,1.43,-0.22,-0.73,0.14
1999-03-29,000001,338.51,340.95,341.19,335.35,15750,21689000.0,1.73,0.72,2.44,0.15
1999-03-30,000001,341.43,337.78,343.87,337.05,9315,12876000.0,2.0,-0.93,-3.17,0.09
1999-03-31,000001,337.78,336.32,340.22,335.35,13037,17847000.0,1.44,-0.43,-1.46,0.12
1999-04-01,000001,334.38,334.87,336.32,332.68,20840,28338000.0,1.08,-0.43,-1.45,0.19
1999-04-02,000001,334.87,338.03,343.62,334.38,13609,18692000.0,2.76,0.94,3.16,0.13
1999-04-05,000001,338.03,343.62,346.3,337.78,25814,35885000.0,2.52,1.65,5.59,0.24
1999-04-06,000001,343.87,338.76,343.87,337.78,16729,23125000.0,1.77,-1.41,-4.86,0.16
1999-04-07,000001,339.0,341.43,345.81,339.0,21169,29459000.0,2.01,0.79,2.67,0.2
1999-04-08,000001,342.89,358.46,360.89,341.68,120523,172603008.0,5.63,4.99,17.03,1.13
1999-04-09,000001,358.46,350.68,363.32,349.22,91006,132253000.0,3.93,-2.17,-7.78,0.85
1999-04-12,000001,350.68,344.59,354.81,344.11,35404,50122000.0,3.05,-1.74,-6.09,0.33
1999-04-13,000001,345.08,348.97,357.24,343.14,39079,55838000.0,4.09,1.27,4.38,0.36
1999-04-14,000001,348.24,345.32,352.38,344.11,19943,28136000.0,2.37,-1.05,-3.65,0.19
1999-04-15,000001,345.32,341.43,346.3,340.22,22568,31483000.0,1.76,-1.13,-3.89,0.21
1999-04-16,000001,341.43,341.19,346.05,338.27,21235,29489000.0,2.28,-0.07,-0.24,0.2
1999-04-19,000001,341.68,337.78,342.16,337.54,16096,22197000.0,1.35,-1.0,-3.41,0.15
1999-04-20,000001,337.78,339.97,344.84,336.57,11653,16155000.0,2.45,0.65,2.19,0.11
1999-04-21,000001,339.49,335.11,343.38,334.14,16064,22022000.0,2.72,-1.43,-4.86,0.15
1999-04-22,000001,334.14,330.97,337.78,327.08,23345,31432000.0,3.19,-1.24,-4.14,0.22
1999-04-23,000001,334.14,338.03,353.11,331.95,22100,30474000.0,6.39,2.13,7.06,0.21
1999-04-26,000001,339.0,328.54,340.22,328.05,21521,29252843.0,3.6,-2.81,-9.49,0.2
1999-04-27,000001,328.05,322.7,328.05,321.97,26127,34511000.0,1.85,-1.78,-5.84,0.24
1999-04-28,000001,324.41,324.65,331.46,322.95,14911,19765000.0,2.64,0.6,1.95,0.14
1999-04-29,000001,324.65,326.84,328.05,323.92,12454,16504000.0,1.27,0.67,2.19,0.12
1999-04-30,000001,327.08,329.27,333.16,326.84,12821,17199000.0,1.93,0.74,2.43,0.12
1999-05-04,000001,329.27,326.35,331.95,325.62,11581,15399000.0,1.92,-0.89,-2.92,0.11
1999-05-05,000001,326.35,323.68,328.05,322.46,14775,19482000.0,1.71,-0.82,-2.67,0.14
1999-05-06,000001,323.68,329.27,330.49,323.43,17105,22690000.0,2.18,1.73,5.59,0.16
1999-05-07,000001,329.76,321.97,330.0,321.49,14479,19126000.0,2.58,-2.22,-7.3,0.14
1999-05-10,000001,321.97,314.19,321.97,309.81,34563,44225000.0,3.78,-2.42,-7.78,0.32
1999-05-11,000001,314.68,316.38,320.76,313.46,14113,18110000.0,2.32,0.7,2.19,0.13
1999-05-12,000001,315.89,318.08,320.27,312.24,18129,23303000.0,2.54,0.54,1.7,0.17
1999-05-13,000001,318.57,312.24,319.05,311.27,10719,13682000.0,2.45,-1.84,-5.84,0.1
1999-05-14,000001,312.24,305.43,312.49,303.73,21645,27005000.0,2.81,-2.18,-6.81,0.2
1999-05-17,000001,304.46,302.03,312.97,297.65,24795,30629000.0,5.02,-1.11,-3.4,0.23
1999-05-18,000001,302.03,300.57,306.41,300.08,11303,13920000.0,2.1,-0.48,-1.46,0.11
1999-05-19,000001,300.08,319.54,321.49,299.11,37173,47320000.0,7.45,6.31,18.97,0.35
1999-05-20,000001,319.54,333.16,336.57,317.11,68142,90490000.0,6.09,4.26,13.62,0.64
1999-05-21,000001,332.92,334.14,346.3,330.73,81652,112676000.0,4.67,0.29,0.98,0.76
1999-05-24,000001,336.08,348.0,350.19,327.32,117602,163412000.0,6.84,4.15,13.86,1.1
1999-05-25,000001,348.73,342.16,352.87,334.62,85308,119724000.0,5.24,-1.68,-5.84,0.8
1999-05-26,000001,340.46,375.97,375.97,336.57,407123,614616000.0,11.52,9.88,33.81,3.8
1999-05-27,000001,413.19,413.19,413.19,411.97,77861,131195000.0,0.32,9.9,37.22,0.73
1999-05-31,000001,454.3,454.3,454.3,436.54,1032329,1902099968.0,4.3,9.95,41.11,9.64
1999-06-01,000001,454.3,492.24,498.32,441.41,859694,1666572032.0,12.53,8.35,37.94,8.03
1999-06-02,000001,496.87,495.89,541.14,489.81,956545,2003213952.0,10.43,0.74,3.65,8.93
1999-06-03,000001,489.57,486.89,503.19,482.51,509717,1022291968.0,4.17,-1.81,-9.0,4.76
1999-06-04,000001,492.24,496.87,510.49,487.38,413334,842516992.0,4.75,2.05,9.98,3.86
1999-06-07,000001,499.54,516.32,520.95,493.46,350214,727753024.0,5.53,3.91,19.45,3.27
1999-06-08,000001,521.43,505.62,525.81,501.49,330526,691062976.0,4.71,-2.07,-10.7,3.09
1999-06-09,000001,504.41,506.11,511.7,492.0,178934,366414016.0,3.9,0.1,0.49,1.67
1999-06-10,000001,551.59,506.35,552.32,501.97,468337,1001678976.0,9.95,0.05,0.24,4.37
1999-06-11,000001,502.46,504.16,509.76,499.54,158332,326124992.0,2.02,-0.43,-2.19,1.48
1999-06-14,000001,504.41,505.62,511.46,496.62,184867,380608000.0,2.94,0.29,1.46,1.73
1999-06-15,000001,519.0,504.89,538.46,496.14,435781,926958976.0,8.37,-0.14,-0.73,4.07
1999-06-16,000001,510.73,521.92,526.05,505.62,196010,413803008.0,4.05,3.37,17.03,1.83
1999-06-17,000001,530.19,550.14,557.92,516.08,555379,1225287936.0,8.02,5.41,28.22,5.19
1999-06-18,000001,557.43,541.87,563.27,538.22,390576,877929984.0,4.55,-1.5,-8.27,3.65
1999-06-21,000001,543.32,545.76,550.62,538.46,210998,468788000.0,2.24,0.72,3.89,1.97
1999-06-22,000001,547.46,535.3,550.14,526.3,232048,509374016.0,4.37,-1.92,-10.46,2.17
1999-06-23,000001,538.46,568.87,582.24,533.84,462531,1057345984.0,9.04,6.27,33.57,4.32
1999-06-24,000001,574.95,625.54,625.54,571.3,642189,1584704000.0,9.53,9.96,56.67,6.0
1999-06-25,000001,660.08,632.35,687.81,610.22,1064996,2915462912.0,12.4,1.09,6.81,9.94
1999-06-28,000001,647.43,688.78,689.27,643.05,712004,1959129984.0,7.31,8.92,56.43,6.65
1999-06-29,000001,708.24,696.32,718.46,677.11,693185,1968177024.0,6.0,1.09,7.54,6.47
1999-06-30,000001,696.57,673.22,699.0,661.54,527922,1467348992.0,5.38,-3.32,-23.1,4.93
1999-07-01,000001,667.14,658.62,667.38,606.32,911775,2388649984.0,9.07,-2.17,-14.6,8.51
1999-07-02,000001,672.24,654.49,684.41,650.11,373249,1011374016.0,5.21,-0.63,-4.13,3.49
1999-07-05,000001,655.7,614.84,659.59,611.43,255793,659478976.0,7.36,-6.06,-39.65,2.39
1999-07-06,000001,608.03,563.76,609.0,562.05,336020,799673024.0,7.64,-8.31,-51.08,3.14
1999-07-07,000001,562.78,591.73,591.97,559.14,244797,577377024.0,5.82,4.96,27.97,2.29
1999-07-08,000001,570.08,582.73,596.59,568.87,156404,374673984.0,4.68,-1.52,-9.0,1.46
1999-07-09,000001,582.24,580.54,586.87,567.65,139486,328107008.0,3.3,-0.38,-2.19,1.3
1999-07-12,000001,579.81,541.87,579.81,534.81,269952,610902976.0,7.75,-6.66,-38.67,2.52
1999-07-13,000001,533.59,504.16,533.59,501.97,305129,636899008.0,5.84,-6.96,-37.71,2.85
1999-07-14,000001,503.92,524.11,524.59,503.92,182547,383737984.0,4.1,3.96,19.95,1.7
1999-07-15,000001,523.87,514.14,528.73,511.46,115419,243590000.0,3.3,-1.9,-9.97,1.08
1999-07-16,000001,514.14,504.41,514.14,501.97,114687,237279008.0,2.37,-1.89,-9.73,1.07
1999-07-19,000001,485.19,470.84,498.32,465.49,233158,458900000.0,6.51,-6.66,-33.57,2.18
1999-07-20,000001,465.49,517.54,517.54,462.57,230587,463505984.0,11.67,9.92,46.7,2.15
1999-07-21,000001,541.87,562.54,568.87,540.89,537644,1222162048.0,5.41,8.69,45.0,5.02
1999-07-22,000001,554.76,533.35,559.38,532.38,248459,553315008.0,4.8,-5.19,-29.19,2.32
1999-07-23,000001,526.3,541.62,555.49,525.81,128767,286184992.0,5.56,1.55,8.27,1.2
1999-07-26,000001,542.35,538.46,549.89,536.03,76757,169918000.0,2.56,-0.58,-3.16,0.72
1999-07-27,000001,536.03,536.51,545.27,528.49,67453,147120000.0,3.12,-0.36,-1.95,0.63
1999-07-28,000001,536.51,538.7,550.62,533.59,65658,145156992.0,3.17,0.41,2.19,0.61
1999-07-29,000001,546.97,539.92,552.81,536.27,49721,110026000.0,3.07,0.23,1.22,0.46
1999-07-30,000001,543.32,540.89,547.95,536.03,53687,118974387.0,2.21,0.18,0.97,0.5
1999-08-02,000001,543.32,560.59,572.27,538.46,153071,351600992.0,6.25,3.64,19.7,1.43
1999-08-03,000001,562.78,556.22,565.22,553.05,61872,141068992.0,2.17,-0.78,-4.37,0.58
1999-08-04,000001,553.05,561.57,567.65,551.84,73472,168734000.0,2.84,0.96,5.35,0.69
1999-08-05,000001,562.78,555.24,566.68,553.54,63252,144140992.0,2.34,-1.13,-6.33,0.59
1999-08-06,000001,553.05,549.89,558.16,532.62,145696,323127008.0,4.6,-0.96,-5.35,1.36
1999-08-09,000001,536.03,535.54,545.76,534.81,61370,134855008.0,1.99,-2.61,-14.35,0.57
1999-08-10,000001,531.16,525.08,533.11,523.38,77097,165959008.0,1.82,-1.95,-10.46,0.72
1999-08-11,000001,516.57,518.76,533.59,516.08,46490,99293000.0,3.33,-1.2,-6.32,0.43
1999-08-12,000001,518.51,523.14,532.62,517.78,43956,94148000.0,2.86,0.84,4.38,0.41
1999-08-13,000001,523.87,522.89,533.59,521.43,33069,70986000.0,2.32,-0.05,-0.25,0.31
1999-08-17,000001,537.97,536.76,574.95,535.05,58507,129902000.0,7.63,2.65,13.87,0.55
1999-08-18,000001,538.46,538.46,543.81,529.46,28480,62075000.0,2.67,0.32,1.7,0.27
1999-08-19,000001,545.76,585.65,591.97,540.89,599385,1425243008.0,9.49,8.76,47.19,5.6
1999-08-20,000001,586.14,579.81,594.41,577.38,247206,592241984.0,2.91,-1.0,-5.84,2.31
1999-08-23,000001,577.14,587.11,601.7,575.68,147888,357432000.0,4.49,1.26,7.3,1.38
1999-08-24,000001,591.97,588.57,601.7,584.68,99694,241444992.0,2.9,0.25,1.46,0.93
1999-08-25,000001,589.05,577.62,593.43,572.03,114870,272619008.0,3.64,-1.86,-10.95,1.07
1999-08-26,000001,574.95,582.73,587.11,572.03,67137,159176000.0,2.61,0.88,5.11,0.63
1999-08-27,000001,583.46,588.81,599.27,579.81,117646,284497984.0,3.34,1.04,6.08,1.1
1999-08-30,000001,591.97,606.08,616.78,591.73,329742,819564992.0,4.25,2.93,17.27,3.08
1999-08-31,000001,611.43,602.92,612.65,594.16,103712,255356000.0,3.05,-0.52,-3.16,0.97
1999-09-01,000001,602.92,583.95,603.65,579.32,124187,299408000.0,4.04,-3.15,-18.97,1.16
1999-09-02,000001,580.54,589.78,593.19,570.08,102705,243931008.0,3.96,1.0,5.83,0.96
1999-09-03,000001,591.97,577.38,596.59,576.16,69227,165695008.0,3.46,-2.1,-12.4,0.65
1999-09-06,000001,570.08,574.7,582.24,570.08,55058,129182000.0,2.11,-0.46,-2.68,0.51
1999-09-07,000001,574.95,578.59,589.54,574.7,45033,106983000.0,2.58,0.68,3.89,0.42
1999-09-08,000001,579.81,582.24,590.76,578.59,42571,101826000.0,2.1,0.63,3.65,0.4
1999-09-09,000001,590.03,616.3,624.81,590.03,257715,644723968.0,5.97,5.85,34.06,2.41
1999-09-10,000001,623.35,604.62,624.57,599.51,182670,456115008.0,4.07,-1.9,-11.68,1.71
1999-09-13,000001,611.43,604.62,612.65,601.7,75633,187346000.0,1.81,0.0,0.0,0.71
1999-09-14,000001,606.57,599.76,611.19,599.27,51584,127319000.0,1.97,-0.8,-4.86,0.48
1999-09-15,000001,601.7,598.54,605.59,593.19,66395,162420000.0,2.07,-0.2,-1.22,0.62
1999-09-16,000001,596.84,595.38,601.46,594.89,41999,102473000.0,1.1,-0.53,-3.16,0.39
1999-09-17,000001,595.87,593.68,603.16,587.35,60010,146043008.0,2.66,-0.29,-1.7,0.56
1999-09-20,000001,593.92,587.59,596.35,586.62,56197,135252000.0,1.64,-1.03,-6.09,0.52
1999-09-21,000001,584.68,582.49,586.87,575.19,89328,211724000.0,1.99,-0.87,-5.1,0.83
1999-09-22,000001,582.24,582.0,589.54,579.81,50266,119977000.0,1.67,-0.08,-0.49,0.47
1999-09-23,000001,584.19,586.14,594.41,581.03,75372,180967008.0,2.3,0.71,4.14,0.7
1999-09-24,000001,589.54,587.35,601.22,584.19,51894,125306000.0,2.91,0.21,1.21,0.48
1999-09-27,000001,596.35,582.49,598.05,577.38,45013,108054557.0,3.52,-0.83,-4.86,0.42
1999-09-28,000001,582.73,578.11,585.41,573.73,53754,127047000.0,2.01,-0.75,-4.38,0.5
1999-09-29,000001,579.81,579.57,591.97,577.38,51255,122260000.0,2.52,0.25,1.46,0.48
1999-09-30,000001,579.81,569.84,586.87,567.16,63575,150422000.0,3.4,-1.68,-9.73,0.59
1999-10-08,000001,563.03,553.78,568.87,550.87,53419,121685000.0,3.16,-2.82,-16.06,0.5
1999-10-11,000001,554.27,543.57,562.78,541.62,29454,66079000.0,3.82,-1.84,-10.21,0.28
1999-10-12,000001,543.57,549.89,552.81,541.62,29143,65088000.0,2.06,1.16,6.32,0.27
1999-10-13,000001,552.57,536.51,555.49,534.32,39879,88021000.0,3.85,-2.43,-13.38,0.37
1999-10-14,000001,533.11,533.35,547.22,527.51,39962,87281000.0,3.67,-0.59,-3.16,0.37
1999-10-15,000001,534.81,554.76,555.24,534.81,53102,118857000.0,3.83,4.01,21.41,0.5
1999-10-18,000001,565.22,544.54,565.22,540.89,48643,106870000.0,4.39,-1.84,-10.22,0.45
1999-10-19,000001,535.54,529.7,538.46,526.3,60319,127587000.0,2.23,-2.73,-14.84,0.56
1999-10-20,000001,531.16,543.08,545.27,529.7,35316,75582000.0,2.94,2.53,13.38,0.33
1999-10-21,000001,543.08,531.89,543.32,530.92,31097,66208000.0,2.28,-2.06,-11.19,0.29
1999-10-22,000001,528.73,551.35,572.51,528.73,71788,158112992.0,8.23,3.66,19.46,0.67
1999-10-25,000001,553.3,540.65,555.49,538.95,26533,57339000.0,3.0,-1.94,-10.7,0.25
1999-10-26,000001,541.14,549.89,555.0,541.14,26323,57424000.0,2.56,1.71,9.24,0.25
1999-10-27,000001,560.35,557.92,567.16,553.05,65490,145822000.0,2.57,1.46,8.03,0.61
1999-10-28,000001,558.65,547.95,561.57,546.97,36129,79273000.0,2.62,-1.79,-9.97,0.34
1999-10-29,000001,548.19,542.84,553.05,539.43,30788,66525000.0,2.49,-0.93,-5.11,0.29
1999-11-01,000001,543.32,538.22,547.46,536.27,28908,61930000.0,2.06,-0.85,-4.62,0.27
1999-11-02,000001,543.08,552.81,567.65,543.08,99480,220654000.0,4.57,2.71,14.59,0.93
1999-11-03,000001,553.05,552.81,557.43,543.57,34564,75531000.0,2.51,0.0,0.0,0.32
1999-11-04,000001,548.19,547.22,555.49,545.03,23325,50937000.0,1.89,-1.01,-5.59,0.22
1999-11-05,000001,547.22,547.22,559.38,544.05,39449,86654000.0,2.8,0.0,0.0,0.37
1999-11-08,000001,552.32,565.46,567.65,550.14,137137,306808992.0,3.2,3.33,18.24,1.28
1999-11-09,000001,567.41,559.14,569.59,555.73,53645,119867000.0,2.45,-1.12,-6.32,0.5
1999-11-10,000001,557.92,545.51,559.14,527.51,57567,124292000.0,5.66,-2.44,-13.63,0.54
1999-11-11,000001,545.27,549.65,552.81,540.89,51445,112014000.0,2.19,0.76,4.14,0.48
1999-11-12,000001,545.76,553.05,560.35,543.32,26719,58855000.0,3.1,0.62,3.4,0.25
1999-11-15,000001,552.81,543.08,552.81,538.95,27630,59666000.0,2.51,-1.8,-9.97,0.26
1999-11-16,000001,546.97,532.87,554.03,528.97,49884,106330000.0,4.61,-1.88,-10.21,0.47
1999-11-17,000001,532.38,538.46,539.43,528.73,32390,68572000.0,2.01,1.05,5.59,0.3
1999-11-18,000001,540.89,538.46,548.19,530.68,35092,75316000.0,3.25,0.0,0.0,0.33
1999-11-19,000001,552.08,536.51,552.32,536.03,30679,66070000.0,3.03,-0.36,-1.95,0.29
1999-11-22,000001,536.76,533.59,537.24,527.51,41182,86760000.0,1.81,-0.54,-2.92,0.38
1999-11-23,000001,533.59,529.46,537.49,528.49,25375,53412000.0,1.69,-0.77,-4.13,0.24
1999-11-24,000001,529.46,518.03,531.16,516.57,46077,95590000.0,2.76,-2.16,-11.43,0.43
1999-11-25,000001,516.32,514.38,517.3,505.62,45449,92167000.0,2.25,-0.7,-3.65,0.42
1999-11-26,000001,514.62,511.7,517.78,509.03,28917,58782000.0,1.7,-0.52,-2.68,0.27
1999-11-29,000001,511.46,501.97,511.46,500.76,55297,110577000.0,2.09,-1.9,-9.73,0.52
1999-11-30,000001,499.78,496.87,504.41,494.19,38907,76954000.0,2.04,-1.02,-5.1,0.36
1999-12-01,000001,494.68,500.27,505.14,489.81,36895,72815000.0,3.09,0.68,3.4,0.34
1999-12-02,000001,500.51,496.14,503.19,495.89,15669,31021000.0,1.46,-0.83,-4.13,0.15
1999-12-03,000001,496.14,491.76,499.54,489.57,27728,54088000.0,2.01,-0.88,-4.38,0.26
1999-12-06,000001,492.0,481.78,492.0,479.59,58543,111569000.0,2.52,-2.03,-9.98,0.55
1999-12-07,000001,480.57,480.08,489.81,475.22,55016,104800000.0,3.03,-0.35,-1.7,0.51
1999-12-08,000001,480.08,480.08,484.7,476.68,24955,47375000.0,1.67,0.0,0.0,0.23
1999-12-09,000001,480.08,473.76,480.08,472.78,32039,60333000.0,1.52,-1.32,-6.32,0.3
1999-12-10,000001,473.76,483.97,484.95,466.7,48953,91878000.0,3.85,2.16,10.21,0.46
1999-12-13,000001,483.97,480.08,488.59,476.43,36546,69713000.0,2.51,-0.8,-3.89,0.34
1999-12-14,000001,480.08,481.05,482.03,477.65,19431,36923000.0,0.91,0.2,0.97,0.18
1999-12-15,000001,480.08,495.41,500.76,480.08,61700,120902000.0,4.3,2.99,14.36,0.58
1999-12-16,000001,495.41,485.19,496.14,484.95,42562,82559000.0,2.26,-2.06,-10.22,0.4
1999-12-17,000001,485.43,478.14,487.38,477.16,34289,65072000.0,2.11,-1.45,-7.05,0.32
1999-12-21,000001,475.22,461.59,475.22,460.62,51701,95160000.0,3.05,-3.46,-16.55,0.48
1999-12-22,000001,461.59,457.22,465.49,455.27,40218,72983000.0,2.21,-0.95,-4.37,0.38
1999-12-23,000001,458.19,452.59,460.62,450.89,34097,61284000.0,2.13,-1.01,-4.63,0.32
1999-12-24,000001,452.35,446.51,456.73,443.59,28936,51226000.0,2.9,-1.34,-6.08,0.27
1999-12-27,000001,445.78,432.89,447.24,431.43,63654,110047000.0,3.54,-3.05,-13.62,0.59
1999-12-28,000001,432.65,435.08,447.97,431.19,102089,176008000.0,3.88,0.51,2.19,0.95
1999-12-29,000001,435.08,439.7,443.35,432.89,48567,84016000.0,2.4,1.06,4.62,0.45
1999-12-30,000001,442.87,442.38,445.78,438.73,47123,82193000.0,1.6,0.61,2.68,0.44
2000-01-04,000001,443.59,462.81,469.14,436.3,82160,147324992.0,7.42,4.62,20.43,0.77
2000-01-05,000001,464.27,457.22,476.43,455.76,93993,173475008.0,4.47,-1.21,-5.59,0.88
2000-01-06,000001,456.24,474.73,481.3,449.68,120222,221192000.0,6.92,3.83,17.51,1.12
2000-01-07,000001,480.08,493.22,498.81,477.65,229346,443592000.0,4.46,3.89,18.49,2.14
2000-01-10,000001,499.3,507.81,516.08,498.81,185210,372294016.0,3.5,2.96,14.59,1.73
2000-01-11,000001,508.05,480.08,509.27,475.22,126663,245867008.0,6.71,-5.46,-27.73,1.18
2000-01-12,000001,480.08,461.59,484.95,458.92,91752,169418000.0,5.42,-3.85,-18.49,0.86
2000-01-13,000001,460.62,459.16,465.49,453.32,50058,90723000.0,2.64,-0.53,-2.43,0.47
2000-01-14,000001,459.16,452.84,465.24,449.68,55972,100267000.0,3.39,-1.38,-6.32,0.52
2000-01-17,000001,453.32,457.7,458.19,443.59,34501,61534000.0,3.22,1.07,4.86,0.32
2000-01-18,000001,455.76,448.22,457.7,445.54,46563,82818000.0,2.66,-2.07,-9.48,0.43
2000-01-19,000001,443.59,450.65,452.11,443.59,37811,67007000.0,1.9,0.54,2.43,0.35
2000-01-20,000001,450.89,451.14,453.32,444.81,58437,103508000.0,1.89,0.11,0.49,0.55
2000-01-21,000001,450.89,454.78,462.08,447.49,86262,154067008.0,3.23,0.81,3.64,0.81
2000-01-24,000001,453.57,443.59,454.54,436.3,112516,196243008.0,4.01,-2.46,-11.19,1.05
2000-01-25,000001,443.59,448.95,462.81,443.59,83718,149259008.0,4.33,1.21,5.36,0.78
2000-01-26,000001,448.95,447.0,452.84,443.59,47723,83862000.0,2.06,-0.43,-1.95,0.45
2000-01-27,000001,447.24,453.08,459.89,444.81,73569,131076000.0,3.37,1.36,6.08,0.69
2000-01-28,000001,455.76,468.65,469.87,447.49,167366,305519008.0,4.94,3.44,15.57,1.56
2000-02-14,000001,484.95,513.41,513.65,472.78,233709,460704992.0,8.72,9.55,44.76,2.18
2000-02-15,000001,516.57,490.78,528.97,482.51,350732,703966016.0,9.05,-4.41,-22.63,3.28
2000-02-16,000001,487.38,475.95,487.38,469.38,215392,404820000.0,3.67,-3.02,-14.83,2.01
2000-02-17,000001,475.95,475.22,496.87,461.35,358841,677313024.0,7.46,-0.15,-0.73,3.35
2000-02-18,000001,474.97,465.73,474.97,459.41,139293,255056992.0,3.27,-2.0,-9.49,1.3
2000-02-21,000001,465.73,477.89,492.24,455.76,237916,446412000.0,7.83,2.61,12.16,2.22
2000-02-22,000001,480.08,461.84,486.16,460.62,124888,232056000.0,5.34,-3.36,-16.05,1.17
2000-02-23,000001,460.62,458.19,469.87,455.76,88176,160031008.0,3.06,-0.79,-3.65,0.82
2000-02-24,000001,456.97,460.14,463.05,455.76,63338,114762000.0,1.59,0.43,1.95,0.59
2000-02-25,000001,460.14,457.95,460.62,455.76,97624,176012992.0,1.06,-0.48,-2.19,0.91
2000-02-28,000001,458.19,469.38,474.73,450.89,154358,279276000.0,5.21,2.5,11.43,1.44
2000-02-29,000001,470.35,463.54,479.84,456.97,143895,264902000.0,4.87,-1.24,-5.84,1.34
2000-03-01,000001,465.49,475.46,492.24,459.41,302414,571840000.0,7.08,2.57,11.92,2.82
2000-03-02,000001,472.78,464.51,474.24,460.62,118860,218828000.0,2.86,-2.3,-10.95,1.11
2000-03-03,000001,465.73,469.87,477.65,464.76,120727,225128000.0,2.77,1.15,5.36,1.13
2000-03-06,000001,475.22,461.59,489.81,460.62,180097,339648000.0,6.21,-1.76,-8.28,1.68
2000-03-07,000001,455.76,480.81,487.38,455.76,277554,521233984.0,6.85,4.16,19.22,2.59
2000-03-08,000001,481.78,473.27,484.7,468.16,108354,202976992.0,3.44,-1.57,-7.54,1.01
2000-03-09,000001,474.49,506.11,518.76,466.95,780590,1544929024.0,10.95,6.94,32.84,7.29
2000-03-10,000001,503.92,481.05,503.92,479.84,287432,560296000.0,4.76,-4.95,-25.06,2.68
2000-03-13,000001,480.08,483.24,494.68,477.65,112334,215746000.0,3.54,0.46,2.19,1.05
2000-03-14,000001,477.41,470.11,479.59,463.05,172199,318663008.0,3.42,-2.72,-13.13,1.61
2000-03-15,000001,467.92,466.46,477.65,463.05,73010,134828000.0,3.11,-0.78,-3.65,0.68
2000-03-16,000001,464.51,453.81,464.51,451.62,168057,303393984.0,2.76,-2.71,-12.65,1.57
2000-03-17,000001,450.89,459.89,463.54,450.41,88670,160128992.0,2.89,1.34,6.08,0.83
2000-03-20,000001,453.32,461.11,464.76,447.97,75644,137068000.0,3.65,0.27,1.22,0.71
2000-03-21,000001,461.11,462.08,465.24,455.76,69673,126477000.0,2.06,0.21,0.97,0.65
2000-03-22,000001,462.08,467.43,471.57,459.41,73829,135504992.0,2.63,1.16,5.35,0.69
2000-03-23,000001,467.92,470.59,473.27,462.08,82300,152316992.0,2.39,0.68,3.16,0.77
2000-03-24,000001,482.76,467.92,491.76,466.95,117626,223136000.0,5.27,-0.57,-2.67,1.1
2000-03-27,000001,467.92,474.97,476.19,465.49,98717,183487008.0,2.29,1.51,7.05,0.92
2000-03-28,000001,477.41,472.54,480.08,470.35,93154,174864992.0,2.05,-0.51,-2.43,0.87
2000-03-29,000001,475.22,467.68,477.16,463.78,76414,141508000.0,2.83,-1.03,-4.86,0.71
2000-03-30,000001,466.7,469.62,472.78,465.0,73107,135296992.0,1.66,0.41,1.94,0.68
2000-03-31,000001,469.62,464.76,470.35,463.3,71787,131989000.0,1.5,-1.03,-4.86,0.67
2000-04-03,000001,465.0,462.57,467.92,460.62,61355,112469000.0,1.57,-0.47,-2.19,0.57
2000-04-04,000001,462.57,458.43,464.03,456.97,63563,115426000.0,1.53,-0.9,-4.14,0.59
2000-04-05,000001,458.19,464.27,472.05,456.97,58978,107869000.0,3.29,1.27,5.84,0.55
2000-04-06,000001,465.49,467.43,467.92,461.84,52444,96256000.0,1.31,0.68,3.16,0.49
2000-04-07,000001,469.87,477.65,484.95,465.73,221066,418217984.0,4.11,2.19,10.22,2.06
2000-04-10,000001,480.32,475.7,487.38,472.78,105058,199596000.0,3.06,-0.41,-1.95,0.98
2000-04-11,000001,476.43,477.65,487.38,472.78,100332,190863008.0,3.07,0.41,1.95,0.94
2000-04-12,000001,480.08,482.51,492.24,477.65,157649,302648992.0,3.05,1.02,4.86,1.47
2000-04-13,000001,483.73,483.24,486.16,477.65,95699,182244000.0,1.76,0.15,0.73,0.89
2000-04-14,000001,483.73,492.0,504.41,483.73,317630,622422016.0,4.28,1.81,8.76,2.97
2000-04-17,000001,492.73,485.19,504.89,478.87,212811,415862016.0,5.29,-1.38,-6.81,1.99
2000-04-18,000001,485.92,482.27,491.03,479.35,75959,145108992.0,2.41,-0.6,-2.92,0.71
2000-04-19,000001,492.49,483.73,496.62,482.51,68779,133048000.0,2.93,0.3,1.46,0.64
2000-04-20,000001,484.46,480.57,488.11,477.65,92860,176624992.0,2.16,-0.65,-3.16,0.87
2000-04-21,000001,480.57,475.46,482.51,474.73,37235,70556385.0,1.62,-1.06,-5.11,0.35
2000-04-24,000001,475.46,469.62,478.62,467.92,61721,115057000.0,2.25,-1.23,-5.84,0.58
2000-04-25,000001,469.87,472.54,478.14,469.62,40296,75276000.0,1.81,0.62,2.92,0.38
2000-04-26,000001,475.22,483.24,499.54,471.57,102232,196202000.0,5.92,2.26,10.7,0.95
2000-04-27,000001,487.38,474.24,489.81,473.03,48162,91328000.0,3.47,-1.86,-9.0,0.45
2000-04-28,000001,473.76,481.3,484.95,471.57,69124,130823000.0,2.82,1.49,7.06,0.65
2000-05-08,000001,483.0,475.22,484.46,473.76,43998,82869000.0,2.22,-1.26,-6.08,0.41
2000-05-09,000001,475.22,464.76,477.65,460.62,58130,107205000.0,3.58,-2.2,-10.46,0.54
2000-05-10,000001,463.78,459.16,465.49,456.49,51816,93915000.0,1.94,-1.2,-5.6,0.48
2000-05-11,000001,458.43,455.51,465.24,454.54,52101,94298000.0,2.33,-0.79,-3.65,0.49
2000-05-12,000001,455.76,456.24,459.89,451.38,46386,83417000.0,1.87,0.16,0.73,0.43
2000-05-15,000001,456.0,443.59,456.97,443.11,42799,75823000.0,3.04,-2.77,-12.65,0.4
2000-05-16,000001,443.59,449.43,451.87,443.59,28772,50852000.0,1.87,1.32,5.84,0.27
2000-05-17,000001,449.19,447.24,454.3,443.59,31219,55064000.0,2.38,-0.49,-2.19,0.29
2000-05-18,000001,447.24,451.62,452.11,443.59,31972,56475000.0,1.91,0.98,4.38,0.3
2000-05-19,000001,452.84,453.57,460.62,450.89,41384,74248000.0,2.15,0.43,1.95,0.39
2000-05-22,000001,454.54,457.7,462.81,453.57,56730,102295000.0,2.04,0.91,4.13,0.53
2000-05-23,000001,457.7,459.65,460.62,447.97,54321,97403000.0,2.76,0.43,1.95,0.51
2000-05-24,000001,459.65,457.46,461.84,454.78,56906,102758000.0,1.54,-0.48,-2.19,0.53
2000-05-25,000001,458.19,471.32,479.84,458.19,122278,228292000.0,4.73,3.03,13.86,1.14
2000-05-26,000001,475.22,463.54,477.41,463.05,58532,108164000.0,3.05,-1.65,-7.78,0.55
2000-05-29,000001,463.54,462.32,467.92,455.76,95648,173296992.0,2.62,-0.26,-1.22,0.89
2000-05-30,000001,464.76,456.97,467.19,455.76,52872,95727000.0,2.47,-1.16,-5.35,0.49
2000-05-31,000001,456.73,455.76,461.84,453.32,54169,97498000.0,1.86,-0.26,-1.21,0.51
2000-06-01,000001,456.0,457.22,463.05,454.54,44001,79414000.0,1.87,0.32,1.46,0.41
2000-06-02,000001,457.22,460.62,467.92,455.76,71680,130463000.0,2.66,0.74,3.4,0.67
2000-06-05,000001,460.62,458.19,466.7,456.97,75602,137512000.0,2.11,-0.53,-2.43,0.71
2000-06-06,000001,459.41,462.08,463.54,455.76,58625,106444000.0,1.7,0.85,3.89,0.55
2000-06-07,000001,463.05,467.92,471.57,462.08,96722,178507008.0,2.05,1.26,5.84,0.9
2000-06-08,000001,470.35,472.78,485.68,470.35,240442,454825984.0,3.28,1.04,4.86,2.25
2000-06-09,000001,477.41,464.27,479.11,462.57,70452,130540000.0,3.5,-1.8,-8.51,0.66
2000-06-12,000001,463.05,467.43,470.35,460.14,44212,81191000.0,2.2,0.68,3.16,0.41
2000-06-13,000001,468.16,470.11,472.78,465.49,45091,83585000.0,1.56,0.57,2.68,0.42
2000-06-14,000001,472.78,472.3,480.08,470.11,87898,165480000.0,2.12,0.47,2.19,0.82
2000-06-15,000001,472.54,474.97,482.27,467.92,76365,143492992.0,3.04,0.57,2.67,0.71
2000-06-16,000001,474.97,467.68,479.35,465.0,46886,87274000.0,3.02,-1.53,-7.29,0.44
2000-06-19,000001,467.92,462.57,468.89,460.62,50467,92356000.0,1.77,-1.09,-5.11,0.47
2000-06-20,000001,462.57,460.38,465.49,457.46,48203,87845000.0,1.74,-0.47,-2.19,0.45
2000-06-21,000001,461.35,461.35,464.27,457.7,31678,57588000.0,1.43,0.21,0.97,0.3
2000-06-23,000001,467.92,461.11,467.92,458.19,42445,77357000.0,2.11,-0.05,-0.24,0.4
2000-06-26,000001,461.11,460.62,463.54,458.19,64624,117511000.0,1.16,-0.11,-0.49,0.6
2000-06-27,000001,460.62,458.92,463.05,456.97,74005,134153000.0,1.32,-0.37,-1.7,0.69
2000-06-28,000001,458.92,459.41,463.05,458.19,48394,87916000.0,1.06,0.11,0.49,0.45
2000-06-29,000001,459.41,457.46,460.62,455.76,61503,111064000.0,1.06,-0.42,-1.95,0.57
2000-06-30,000001,457.7,458.92,462.08,453.32,72800,131085000.0,1.91,0.32,1.46,0.68
2000-07-03,000001,455.76,449.43,456.49,448.46,55229,98410000.0,1.75,-2.07,-9.49,0.52
2000-07-04,000001,447.97,451.87,455.51,445.78,50343,89437000.0,2.16,0.54,2.44,0.47
2000-07-05,000001,452.11,447.73,452.35,446.03,36828,65252000.0,1.4,-0.92,-4.14,0.34
2000-07-06,000001,447.73,448.95,452.11,447.49,24370,43182000.0,1.03,0.27,1.22,0.23
2000-07-07,000001,449.68,454.3,456.97,448.46,23887,42708000.0,1.9,1.19,5.35,0.22
2000-07-10,000001,455.76,448.7,458.19,448.46,43051,76428000.0,2.14,-1.23,-5.6,0.4
2000-07-11,000001,449.43,456.49,459.65,449.19,44331,79494000.0,2.33,1.74,7.79,0.41
2000-07-12,000001,456.49,460.87,469.14,455.27,70926,129735000.0,3.04,0.96,4.38,0.66
2000-07-13,000001,460.87,455.76,465.49,454.54,43212,78240282.0,2.38,-1.11,-5.11,0.4
2000-07-14,000001,455.76,454.78,457.7,452.11,38262,68523000.0,1.23,-0.22,-0.98,0.36
2000-07-17,000001,455.27,451.38,455.76,449.68,38887,69247000.0,1.34,-0.75,-3.4,0.36
2000-07-18,000001,452.11,451.87,455.76,450.41,15672,27931000.0,1.19,0.11,0.49,0.15
2000-07-19,000001,454.54,456.73,462.81,451.87,36573,65937000.0,2.42,1.08,4.86,0.34
2000-07-20,000001,457.7,453.32,459.41,450.89,26775,47919000.0,1.87,-0.75,-3.41,0.25
2000-07-21,000001,453.32,451.87,456.97,450.41,35228,62952000.0,1.45,-0.32,-1.45,0.33
2000-07-24,000001,451.62,448.95,451.62,448.22,36401,64565000.0,0.75,-0.65,-2.92,0.34
2000-07-25,000001,449.68,450.41,452.84,448.22,40268,71493000.0,1.03,0.33,1.46,0.38
2000-07-26,000001,445.54,448.46,455.03,445.54,31042,55097000.0,2.11,-0.43,-1.95,0.29
2000-07-27,000001,452.84,479.59,491.51,452.11,644710,1228249984.0,8.79,6.94,31.13,6.02
2000-07-28,000001,475.22,467.19,479.35,466.7,176273,329043008.0,2.64,-2.59,-12.4,1.65
2000-07-31,000001,468.16,468.16,476.92,466.7,82135,153192000.0,2.19,0.21,0.97,0.77
2000-08-01,000001,469.14,469.62,476.43,468.65,48331,90129000.0,1.66,0.31,1.46,0.45
2000-08-02,000001,470.84,462.08,474.49,460.62,54390,99672000.0,2.95,-1.61,-7.54,0.51
2000-08-03,000001,463.05,461.59,469.38,458.43,72859,133099000.0,2.37,-0.11,-0.49,0.68
2000-08-04,000001,461.84,461.84,466.22,455.27,99677,181012992.0,2.37,0.05,0.25,0.93
2000-08-07,000001,463.3,463.05,470.35,460.62,31379,57672000.0,2.11,0.26,1.21,0.29
2000-08-08,000001,464.27,460.87,465.49,458.19,45152,82147000.0,1.58,-0.47,-2.18,0.42
2000-08-09,000001,460.62,464.27,469.87,459.41,44070,80766000.0,2.27,0.74,3.4,0.41
2000-08-10,000001,464.27,461.11,466.22,460.62,44990,82069000.0,1.21,-0.68,-3.16,0.42
2000-08-11,000001,461.35,462.81,466.7,460.62,46668,85484000.0,1.32,0.37,1.7,0.44
2000-08-14,000001,464.27,468.16,476.43,463.54,67842,125764000.0,2.79,1.16,5.35,0.63
2000-08-15,000001,467.92,463.05,470.11,462.57,28553,52501000.0,1.61,-1.09,-5.11,0.27
2000-08-16,000001,465.49,465.97,470.11,461.59,46560,85710000.0,1.84,0.63,2.92,0.43
2000-08-17,000001,465.97,469.87,478.87,465.49,83083,155420000.0,2.87,0.84,3.9,0.78
2000-08-18,000001,470.35,467.43,472.78,466.7,34539,63937000.0,1.29,-0.52,-2.44,0.32
2000-08-21,000001,467.92,465.49,472.78,465.0,51395,94992000.0,1.66,-0.42,-1.94,0.48
2000-08-22,000001,465.49,458.92,467.92,458.19,44340,81234000.0,2.09,-1.41,-6.57,0.41
2000-08-23,000001,458.19,457.95,463.05,448.7,87616,157344000.0,3.13,-0.21,-0.97,0.82
2000-08-24,000001,457.7,458.19,465.24,454.54,50125,90965000.0,2.34,0.05,0.24,0.47
2000-08-25,000001,459.41,458.19,460.62,455.76,31017,56040000.0,1.06,0.0,0.0,0.29
2000-08-28,000001,459.41,457.7,462.81,456.24,33713,61097000.0,1.43,-0.11,-0.49,0.31
2000-08-29,000001,457.7,456.49,459.41,455.76,37677,67929000.0,0.8,-0.26,-1.21,0.35
2000-08-30,000001,456.97,453.08,458.19,452.11,50504,90554000.0,1.33,-0.75,-3.41,0.47
2000-08-31,000001,453.08,449.68,454.78,448.95,43600,77650000.0,1.29,-0.75,-3.4,0.41
2000-09-01,000001,448.46,449.43,452.11,446.76,38580,68413000.0,1.19,-0.06,-0.25,0.36
2000-09-04,000001,448.46,447.24,450.89,443.11,36981,65053000.0,1.73,-0.49,-2.19,0.35
2000-09-05,000001,449.19,436.54,449.43,434.35,39139,68170000.0,3.37,-2.39,-10.7,0.37
2000-09-06,000001,435.32,427.54,436.05,427.05,52028,88342000.0,2.06,-2.06,-9.0,0.49
2000-09-07,000001,427.54,431.43,436.3,426.81,30112,51218000.0,2.22,0.91,3.89,0.28
2000-09-08,000001,431.43,430.22,433.62,429.0,24171,41027000.0,1.07,-0.28,-1.21,0.23
2000-09-11,000001,430.95,429.97,438.49,427.78,21988,37347000.0,2.49,-0.06,-0.25,0.21
2000-09-12,000001,429.97,435.57,438.49,429.97,30613,52443000.0,1.98,1.3,5.6,0.29
2000-09-13,000001,435.57,440.92,450.89,435.57,71459,124987000.0,3.52,1.23,5.35,0.67
2000-09-14,000001,441.16,434.35,443.35,433.87,17967,30928000.0,2.15,-1.49,-6.57,0.17
2000-09-15,000001,433.87,432.41,436.3,431.43,18135,30908000.0,1.12,-0.45,-1.94,0.17
2000-09-18,000001,432.65,427.05,433.87,426.57,24368,41141000.0,1.69,-1.24,-5.36,0.23
2000-09-19,000001,426.57,416.84,426.57,416.35,30940,51015000.0,2.39,-2.39,-10.21,0.29
2000-09-20,000001,416.35,419.76,423.41,409.54,35193,57459000.0,3.33,0.7,2.92,0.33
2000-09-21,000001,421.22,418.3,426.57,413.68,38490,63437000.0,3.07,-0.35,-1.46,0.36
2000-09-22,000001,418.3,413.43,421.22,412.22,25148,41079000.0,2.15,-1.16,-4.87,0.23
2000-09-25,000001,414.89,417.32,421.7,414.89,20270,33271000.0,1.65,0.94,3.89,0.19
2000-09-26,000001,418.05,421.7,426.32,418.05,19059,31759000.0,1.98,1.05,4.38,0.18
2000-09-27,000001,422.92,433.14,437.51,422.92,47382,80215000.0,3.46,2.71,11.44,0.44
2000-09-28,000001,433.87,428.76,437.76,428.03,44541,75950000.0,2.25,-1.01,-4.38,0.42
2000-09-29,000001,430.95,430.46,433.38,429.0,19144,32513000.0,1.02,0.4,1.7,0.18
2000-10-09,000001,431.43,425.35,435.81,423.16,15295,25598000.0,2.94,-1.19,-5.11,0.14
2000-10-10,000001,426.57,445.78,448.46,424.14,77650,133587000.0,5.72,4.8,20.43,0.73
2000-10-11,000001,448.46,442.62,452.35,441.16,129996,229744992.0,2.51,-0.71,-3.16,1.21
2000-10-12,000001,442.62,436.3,444.08,434.11,32432,55922000.0,2.25,-1.43,-6.32,0.3
2000-10-13,000001,433.87,436.05,441.16,433.87,22832,39341000.0,1.67,-0.06,-0.25,0.21
2000-10-16,000001,433.87,426.08,435.32,425.35,20977,35438000.0,2.29,-2.29,-9.97,0.2
2000-10-17,000001,426.57,429.73,433.38,424.38,11647,19620000.0,2.11,0.86,3.65,0.11
2000-10-18,000001,431.43,431.19,437.51,429.0,18160,30976000.0,1.98,0.34,1.46,0.17
2000-10-19,000001,431.43,426.32,432.89,424.14,16768,28261000.0,2.03,-1.13,-4.87,0.16
2000-10-20,000001,426.57,432.65,435.81,425.84,22719,38463000.0,2.34,1.48,6.33,0.21
2000-10-23,000001,442.14,441.41,448.22,438.49,101335,177172992.0,2.25,2.02,8.76,0.95
2000-10-24,000001,443.59,444.57,446.03,439.95,37856,66167000.0,1.38,0.72,3.16,0.35
2000-10-25,000001,444.81,449.68,452.11,443.59,64760,114336000.0,1.92,1.15,5.11,0.6
2000-10-26,000001,449.68,440.68,450.65,439.95,32601,57207000.0,2.38,-2.0,-9.0,0.3
2000-10-27,000001,440.68,442.87,446.03,438.0,30590,53190000.0,1.82,0.5,2.19,0.29
2000-10-30,000001,443.59,444.57,447.24,443.11,27639,48467000.0,0.93,0.38,1.7,0.26
2000-10-31,000001,444.81,444.81,447.97,443.84,34862,61256000.0,0.93,0.05,0.24,0.33
2000-11-01,000001,444.81,448.46,450.89,444.81,52602,93184000.0,1.37,0.82,3.65,0.49
2000-11-02,000001,450.89,452.59,455.76,449.68,95078,170040000.0,1.36,0.92,4.13,0.89
2000-11-03,000001,453.81,448.46,455.27,447.0,118124,209812992.0,1.83,-0.91,-4.13,1.1
2000-11-06,000001,457.27,450.31,457.27,446.51,53002,82600000.0,2.4,0.41,1.85,0.38
2000-11-07,000001,450.31,441.14,452.84,439.24,55642,85125000.0,3.02,-2.04,-9.17,0.4
2000-11-08,000001,441.14,448.41,450.62,441.14,29459,45520000.0,2.15,1.65,7.27,0.21
2000-11-09,000001,449.68,449.36,450.94,446.51,29967,46367000.0,0.99,0.21,0.95,0.22
2000-11-10,000001,449.68,450.94,456.32,446.51,43949,68324000.0,2.18,0.35,1.58,0.32
2000-11-13,000001,450.31,455.05,459.16,449.68,52375,81950000.0,2.1,0.91,4.11,0.38
2000-11-14,000001,456.95,457.9,460.74,452.84,39505,62095000.0,1.74,0.63,2.85,0.28
2000-11-15,000001,458.53,464.85,471.49,458.21,84687,135846000.0,2.9,1.52,6.95,0.61
2000-11-16,000001,465.49,464.54,470.23,462.32,44899,71885000.0,1.7,-0.07,-0.31,0.32
2000-11-17,000001,465.49,456.32,466.44,454.42,49313,77763000.0,2.59,-1.77,-8.22,0.35
2000-11-20,000001,456.32,454.1,456.32,449.99,42288,65853000.0,1.39,-0.49,-2.22,0.3
2000-11-21,000001,454.42,454.1,460.43,450.31,26534,41619000.0,2.23,0.0,0.0,0.19
2000-11-22,000001,454.1,458.85,460.74,454.1,27633,43495000.0,1.46,1.05,4.75,0.2
2000-11-23,000001,459.16,461.69,465.49,457.9,40003,63487000.0,1.65,0.62,2.84,0.29
2000-11-24,000001,463.91,460.11,476.87,456.0,119390,192508000.0,4.52,-0.34,-1.58,0.86
2000-11-27,000001,459.16,453.79,459.16,452.84,29513,46202000.0,1.37,-1.37,-6.32,0.21
2000-11-28,000001,453.79,455.05,457.58,452.84,21900,34302000.0,1.04,0.28,1.26,0.16
2000-11-29,000001,455.05,450.31,455.37,449.04,32303,50190000.0,1.39,-1.04,-4.74,0.23
2000-11-30,000001,449.99,449.36,454.42,448.41,25790,39999000.0,1.33,-0.21,-0.95,0.19
2000-12-01,000001,449.68,449.36,452.84,447.78,24196,37467000.0,1.13,0.0,0.0,0.17
2000-12-04,000001,449.68,449.36,450.31,446.51,24560,37895000.0,0.85,0.0,0.0,0.18
2000-12-05,000001,449.68,449.99,454.1,449.68,19406,30161000.0,0.98,0.14,0.63,0.14
2000-12-06,000001,450.31,445.88,452.21,444.93,24500,37793000.0,1.62,-0.91,-4.11,0.18
2000-12-07,000001,445.88,443.35,446.51,441.77,23709,36295000.0,1.06,-0.57,-2.53,0.17
2000-12-08,000001,438.61,439.56,443.35,437.03,51548,78289000.0,1.43,-0.85,-3.79,0.37
2000-12-11,000001,439.56,427.22,440.19,425.96,52914,79107000.0,3.24,-2.81,-12.34,0.38
2000-12-12,000001,427.22,433.55,433.87,422.8,37330,55102000.0,2.59,1.48,6.33,0.27
2000-12-13,000001,433.87,428.81,437.34,427.86,19574,29097000.0,2.19,-1.09,-4.74,0.14
2000-12-14,000001,433.55,432.6,438.92,428.81,24805,37186000.0,2.36,0.88,3.79,0.18
2000-12-15,000001,435.13,442.09,445.25,432.6,39232,59415000.0,2.92,2.19,9.49,0.28
2000-12-18,000001,442.09,442.4,444.93,430.7,47902,72757000.0,3.22,0.07,0.31,0.34
2000-12-19,000001,443.35,432.28,443.35,430.07,55099,82689000.0,3.0,-2.29,-10.12,0.4
2000-12-20,000001,433.23,429.44,433.87,427.54,30879,45892000.0,1.46,-0.66,-2.84,0.22
2000-12-21,000001,429.75,428.17,433.55,428.17,28314,42063000.0,1.25,-0.3,-1.27,0.2
2000-12-22,000001,428.17,422.8,429.12,421.22,58951,86405000.0,1.85,-1.25,-5.37,0.42
2000-12-25,000001,422.8,414.58,422.8,413.31,47117,67947000.0,2.24,-1.94,-8.22,0.34
2000-12-26,000001,414.89,414.89,421.85,411.73,45157,65023000.0,2.44,0.07,0.31,0.32
2000-12-27,000001,414.89,414.26,418.05,413.63,36036,51933000.0,1.07,-0.15,-0.63,0.26
2000-12-28,000001,414.89,413.63,415.52,412.36,38827,55779000.0,0.76,-0.15,-0.63,0.28
2000-12-29,000001,413.63,418.69,421.85,413.31,23630,34243000.0,2.06,1.22,5.06,0.17
2001-01-02,000001,419.32,419.64,424.38,414.89,34122,49505000.0,2.27,0.23,0.95,0.25
2001-01-03,000001,419.95,416.16,421.53,413.94,54294,78304000.0,1.81,-0.83,-3.48,0.39
2001-01-04,000001,416.47,413.31,418.05,411.73,48404,69573000.0,1.52,-0.68,-2.85,0.35
2001-01-05,000001,412.68,408.57,412.68,406.04,66419,94154000.0,1.61,-1.15,-4.74,0.48
2001-01-08,000001,408.57,402.24,408.57,401.61,69944,98044000.0,1.7,-1.55,-6.33,0.5
2001-01-09,000001,402.24,419.64,420.58,397.5,52336,74344000.0,5.74,4.33,17.4,0.38
2001-01-10,000001,419.95,415.52,420.9,412.05,34503,49823000.0,2.11,-0.98,-4.12,0.25
2001-01-11,000001,416.47,427.22,440.19,416.16,81211,120765000.0,5.78,2.82,11.7,0.58
2001-01-12,000001,427.22,427.54,432.28,423.11,38902,57510000.0,2.15,0.07,0.32,0.28
2001-01-15,000001,427.54,408.25,427.54,405.72,29981,43491000.0,5.1,-4.51,-19.29,0.22
2001-01-16,000001,408.25,417.42,419.64,406.04,23367,33634000.0,3.33,2.25,9.17,0.17
2001-01-17,000001,418.05,423.75,433.87,418.05,46971,69421000.0,3.79,1.52,6.33,0.34
2001-01-18,000001,424.38,430.7,437.03,424.38,53659,80080000.0,2.99,1.64,6.95,0.39
2001-01-19,000001,433.87,433.23,436.39,431.34,62236,93350000.0,1.17,0.59,2.53,0.45
2001-02-05,000001,433.87,420.9,437.03,419.64,24415,36108000.0,4.01,-2.85,-12.33,0.18
2001-02-06,000001,420.9,423.75,427.54,414.26,22101,32148000.0,3.16,0.68,2.85,0.16
2001-02-07,000001,424.06,419.32,427.54,418.05,13508,19732000.0,2.24,-1.05,-4.43,0.1
2001-02-08,000001,419.32,406.35,421.22,402.24,24233,34689000.0,4.53,-3.09,-12.97,0.17
2001-02-09,000001,406.99,414.58,418.05,406.99,20286,29095000.0,2.72,2.03,8.23,0.15
2001-02-12,000001,414.89,414.58,418.05,406.04,23028,32847000.0,2.9,0.0,0.0,0.17
2001-02-13,000001,415.21,411.73,416.47,411.73,15092,21663000.0,1.14,-0.69,-2.85,0.11
2001-02-14,000001,410.47,408.88,412.36,408.57,13593,19399000.0,0.92,-0.69,-2.85,0.1
2001-02-15,000001,411.1,406.99,413.31,406.67,13692,19457000.0,1.62,-0.46,-1.89,0.1
2001-02-16,000001,407.3,408.25,408.57,403.82,16732,23641000.0,1.17,0.31,1.26,0.12
2001-02-19,000001,407.94,417.74,418.05,406.04,15319,21857000.0,2.94,2.32,9.49,0.11
2001-02-20,000001,416.47,410.78,419.95,408.57,15961,22972000.0,2.72,-1.67,-6.96,0.11
2001-02-21,000001,410.15,402.24,410.15,400.66,36539,51274000.0,2.31,-2.08,-8.54,0.26
2001-02-22,000001,399.08,397.82,402.24,397.18,34421,47856000.0,1.26,-1.1,-4.42,0.25
2001-02-23,000001,395.92,406.04,406.04,395.92,18374,25558000.0,2.54,2.07,8.22,0.13
2001-02-26,000001,406.99,408.88,413.63,406.67,18624,26492000.0,1.71,0.7,2.84,0.13
2001-02-27,000001,410.15,405.41,411.1,403.82,23521,33177000.0,1.78,-0.85,-3.47,0.17
2001-02-28,000001,408.57,405.09,408.57,403.82,14854,20954000.0,1.17,-0.08,-0.32,0.11
2001-03-01,000001,408.57,411.73,418.05,405.41,21856,31308000.0,3.12,1.64,6.64,0.16
2001-03-02,000001,415.52,435.45,442.72,415.21,277292,416886016.0,6.68,5.76,23.72,1.99
2001-03-05,000001,437.34,435.45,446.83,434.18,186756,284499008.0,2.91,0.0,0.0,1.34
2001-03-06,000001,435.45,437.03,437.66,428.49,60021,89882000.0,2.11,0.36,1.58,0.43
2001-03-07,000001,438.61,447.46,451.26,437.03,153459,236435008.0,3.26,2.39,10.43,1.1
2001-03-08,000001,449.04,471.49,480.03,443.35,477047,763859008.0,8.2,5.37,24.03,3.43
2001-03-09,000001,471.81,471.81,479.08,466.12,315035,511896000.0,2.75,0.07,0.32,2.26
2001-03-12,000001,471.81,469.6,474.34,463.59,138881,223758000.0,2.28,-0.47,-2.21,1.0
2001-03-13,000001,469.6,465.49,473.71,462.32,130946,210222000.0,2.43,-0.88,-4.11,0.94
2001-03-14,000001,464.85,484.46,492.37,461.69,320527,532169984.0,6.59,4.08,18.97,2.3
2001-03-15,000001,484.78,487.62,490.78,481.3,190425,317040992.0,1.96,0.65,3.16,1.37
2001-03-16,000001,487.62,483.19,497.11,481.61,184004,308007008.0,3.18,-0.91,-4.43,1.32
2001-03-19,000001,483.19,486.04,489.2,476.55,120279,199294000.0,2.62,0.59,2.85,0.86
2001-03-20,000001,487.62,487.62,495.53,483.19,89125,149000000.0,2.54,0.33,1.58,0.64
2001-03-21,000001,487.94,495.84,499.95,481.3,194989,329230016.0,3.82,1.69,8.22,1.4
2001-03-22,000001,497.11,489.2,500.27,487.62,138282,232902000.0,2.55,-1.34,-6.64,0.99
2001-03-23,000001,489.2,468.33,491.42,467.07,245737,403145984.0,4.98,-4.27,-20.87,1.77
2001-03-26,000001,467.38,476.24,481.3,465.49,98645,160815008.0,3.38,1.69,7.91,0.71
2001-03-27,000001,481.3,474.34,482.88,469.6,75360,122854000.0,2.79,-0.4,-1.9,0.54
2001-03-28,000001,474.97,477.5,479.72,471.81,81723,133262000.0,1.67,0.67,3.16,0.59
2001-03-29,000001,478.14,475.61,482.88,473.39,66202,108531000.0,1.99,-0.4,-1.89,0.48
2001-03-30,000001,475.61,472.44,479.72,468.65,85320,138536992.0,2.33,-0.67,-3.17,0.61
2001-04-02,000001,473.39,482.25,486.04,469.28,88258,144640992.0,3.55,2.08,9.81,0.63
2001-04-03,000001,482.88,480.35,485.09,476.55,56464,93006000.0,1.77,-0.39,-1.9,0.41
2001-04-04,000001,481.3,471.49,490.78,465.8,97682,161312000.0,5.2,-1.84,-8.86,0.7
2001-04-05,000001,471.49,474.97,475.29,468.97,57501,93211000.0,1.34,0.74,3.48,0.41
2001-04-06,000001,480.03,475.29,483.83,471.81,45613,74695000.0,2.53,0.07,0.32,0.33
2001-04-09,000001,475.29,474.02,478.14,470.23,43284,70248000.0,1.66,-0.27,-1.27,0.31
2001-04-10,000001,474.02,478.14,482.88,474.02,39710,65183000.0,1.87,0.87,4.12,0.29
2001-04-11,000001,487.62,480.98,487.62,477.5,39723,65525000.0,2.12,0.59,2.84,0.29
2001-04-12,000001,481.3,479.4,486.36,475.92,72915,120149000.0,2.17,-0.33,-1.58,0.52
2001-04-13,000001,480.67,492.37,496.16,478.14,222942,373304992.0,3.76,2.71,12.97,1.6
2001-04-16,000001,497.11,493.95,500.59,490.78,175754,297996992.0,1.99,0.32,1.58,1.26
2001-04-17,000001,496.48,489.52,497.11,486.36,89307,150031008.0,2.18,-0.9,-4.43,0.64
2001-04-18,000001,486.04,484.14,492.37,483.51,81575,136003008.0,1.81,-1.1,-5.38,0.59
2001-04-19,000001,484.14,477.82,484.46,474.34,86040,141135008.0,2.09,-1.31,-6.32,0.62
2001-04-20,000001,477.82,471.81,480.67,471.18,105891,172436992.0,1.99,-1.26,-6.01,0.76
2001-04-23,000001,471.81,469.6,473.39,468.02,62462,100879000.0,1.14,-0.47,-2.21,0.45
2001-04-24,000001,470.23,470.23,475.61,469.6,41858,67783000.0,1.28,0.13,0.63,0.3
2001-04-25,000001,470.55,456.63,474.97,455.37,123479,196499008.0,4.17,-2.89,-13.6,0.89
2001-04-26,000001,456.0,450.62,459.16,449.68,69619,108651000.0,2.08,-1.32,-6.01,0.5
2001-04-27,000001,449.99,454.42,459.79,449.99,54906,85784000.0,2.17,0.84,3.8,0.39
2001-04-30,000001,454.42,450.62,456.95,449.04,38319,59566000.0,1.74,-0.84,-3.8,0.28
2001-05-08,000001,450.62,449.68,454.42,448.73,23696,36833578.0,1.26,-0.21,-0.94,0.17
2001-05-09,000001,451.26,449.99,453.47,449.68,45627,70902000.0,0.84,0.07,0.31,0.33
2001-05-10,000001,450.62,455.68,465.49,450.31,35342,55602000.0,3.37,1.26,5.69,0.25
2001-05-11,000001,456.0,455.37,459.48,451.57,22410,35011000.0,1.74,-0.07,-0.31,0.16
2001-05-14,000001,455.37,459.16,463.91,448.41,42033,65600000.0,3.4,0.83,3.79,0.3
2001-05-15,000001,459.79,454.1,463.27,451.89,31979,50195000.0,2.48,-1.1,-5.06,0.23
2001-05-16,000001,454.42,457.58,458.85,449.68,48507,75690000.0,2.02,0.77,3.48,0.35
2001-05-17,000001,457.58,450.31,458.53,449.68,34574,53838000.0,1.93,-1.59,-7.27,0.25
2001-05-18,000001,450.31,446.2,451.26,444.3,69729,107323000.0,1.55,-0.91,-4.11,0.5
2001-05-21,000001,446.2,441.14,446.51,439.56,91222,139034000.0,1.56,-1.13,-5.06,0.66
2001-05-22,000001,441.14,447.78,457.58,441.14,73003,113669000.0,3.73,1.51,6.64,0.52
2001-05-23,000001,449.68,456.95,459.48,444.3,72872,113614000.0,3.39,2.05,9.17,0.52
2001-05-24,000001,456.95,451.26,460.74,449.36,57709,90424000.0,2.49,-1.25,-5.69,0.41
2001-05-25,000001,451.26,451.57,456.0,447.46,28424,44110000.0,1.89,0.07,0.31,0.2
2001-05-28,000001,452.84,461.06,466.12,452.84,109881,174535008.0,2.94,2.1,9.49,0.79
2001-05-29,000001,461.06,461.06,467.38,460.74,71346,113863000.0,1.44,0.0,0.0,0.51
2001-05-30,000001,461.69,474.97,477.19,461.69,144197,233935008.0,3.36,3.02,13.91,1.04
2001-05-31,000001,476.55,471.81,479.08,470.86,68527,111426000.0,1.73,-0.67,-3.16,0.49
2001-06-01,000001,471.81,474.97,484.46,471.18,96910,159154000.0,2.81,0.67,3.16,0.7
2001-06-04,000001,475.61,468.02,479.08,466.12,54364,87825000.0,2.73,-1.46,-6.95,0.39
2001-06-05,000001,467.38,462.64,471.49,461.06,52559,83808000.0,2.23,-1.15,-5.38,0.38
2001-06-06,000001,462.64,462.96,468.02,460.74,43113,68730000.0,1.57,0.07,0.32,0.31
2001-06-07,000001,462.96,460.43,465.49,458.85,52996,84033000.0,1.43,-0.55,-2.53,0.38
2001-06-08,000001,460.11,456.95,461.38,449.99,38217,60046000.0,2.47,-0.76,-3.48,0.27
2001-06-11,000001,457.58,451.57,459.16,451.26,41376,64590000.0,1.73,-1.18,-5.38,0.3
2001-06-12,000001,451.57,453.15,458.85,449.68,30371,47482000.0,2.03,0.35,1.58,0.22
2001-06-13,000001,453.47,462.32,466.44,453.15,41233,65259000.0,2.93,2.02,9.17,0.3
2001-06-14,000001,465.49,457.58,471.81,456.0,66614,106511000.0,3.42,-1.03,-4.74,0.48
2001-06-15,000001,456.0,458.85,462.32,453.15,29632,46501000.0,2.0,0.28,1.27,0.21
2001-06-18,000001,458.85,448.41,459.79,443.98,41755,64927000.0,3.45,-2.28,-10.44,0.3
2001-06-19,000001,446.51,447.46,449.36,443.35,29865,45936000.0,1.34,-0.21,-0.95,0.21
2001-06-20,000001,448.09,442.72,452.52,439.24,49580,75939000.0,2.97,-1.06,-4.74,0.36
2001-06-21,000001,442.72,444.62,446.83,440.51,44313,67836000.0,1.43,0.43,1.9,0.32
2001-06-22,000001,445.88,452.21,454.1,440.19,33045,50776000.0,3.13,1.71,7.59,0.24
2001-06-25,000001,452.84,456.0,459.16,452.21,29092,45637000.0,1.54,0.84,3.79,0.21
2001-06-26,000001,456.0,450.31,456.32,449.68,33490,52098000.0,1.46,-1.25,-5.69,0.24
2001-06-27,000001,449.68,448.09,452.21,446.2,33555,51803000.0,1.33,-0.49,-2.22,0.24
2001-06-28,000001,449.04,443.67,451.89,443.04,34889,53645000.0,1.98,-0.99,-4.42,0.25
2001-07-02,000001,445.88,444.93,452.84,443.35,22439,34537000.0,2.14,0.28,1.26,0.16
2001-07-03,000001,444.93,445.88,447.15,443.35,16216,24899000.0,0.85,0.21,0.95,0.12
2001-07-04,000001,446.51,452.52,456.0,446.51,22095,34398000.0,2.13,1.49,6.64,0.16
2001-07-05,000001,454.42,454.74,467.07,454.1,80325,127473000.0,2.87,0.49,2.22,0.58
2001-07-06,000001,456.32,449.68,459.79,448.09,24026,37503000.0,2.57,-1.11,-5.06,0.17
2001-07-09,000001,455.37,445.88,455.37,444.93,17663,27237000.0,2.32,-0.85,-3.8,0.13
2001-07-10,000001,445.88,448.09,449.36,445.25,14205,21890000.0,0.92,0.5,2.21,0.1
2001-07-11,000001,448.09,442.4,449.04,441.14,41445,63359000.0,1.76,-1.27,-5.69,0.3
2001-07-12,000001,442.4,439.24,443.35,435.13,45039,68186000.0,1.86,-0.71,-3.16,0.32
2001-07-13,000001,439.56,437.34,443.35,436.71,21891,33142581.0,1.51,-0.43,-1.9,0.16
2001-07-16,000001,440.19,432.28,445.88,430.7,28337,42683000.0,3.47,-1.16,-5.06,0.2
2001-07-17,000001,432.28,427.54,432.6,422.8,33506,49315000.0,2.27,-1.1,-4.74,0.24
2001-07-18,000001,429.12,438.92,465.49,429.12,22853,34621000.0,8.51,2.66,11.38,0.16
2001-07-19,000001,438.92,437.66,440.19,430.07,20263,30429000.0,2.31,-0.29,-1.26,0.15
2001-07-20,000001,440.19,440.19,445.88,435.45,36420,55244000.0,2.38,0.58,2.53,0.26
2001-07-23,000001,441.77,437.34,445.25,436.39,26996,40926000.0,2.01,-0.65,-2.85,0.19
2001-07-24,000001,436.39,433.55,436.39,431.65,31326,46923000.0,1.08,-0.87,-3.79,0.23
2001-07-25,000001,433.23,427.22,434.5,425.96,32353,48066000.0,1.97,-1.46,-6.33,0.23
2001-07-26,000001,427.22,426.59,429.12,421.53,29724,43631000.0,1.78,-0.15,-0.63,0.21
2001-07-27,000001,429.12,433.55,434.5,421.85,32433,48053000.0,2.97,1.63,6.96,0.23
2001-07-30,000001,430.7,402.24,430.7,389.59,75980,108007000.0,9.48,-7.22,-31.31,0.55
2001-07-31,000001,396.24,396.87,408.57,394.34,40376,56392000.0,3.54,-1.34,-5.37,0.29
2001-08-01,000001,397.5,408.88,409.2,397.5,36467,51147000.0,2.95,3.03,12.01,0.26
2001-08-02,000001,408.88,400.66,409.2,395.29,29005,40401000.0,3.4,-2.01,-8.22,0.21
2001-08-03,000001,400.66,396.24,401.93,391.18,37632,51911000.0,2.68,-1.1,-4.42,0.27
2001-08-06,000001,394.34,372.2,395.29,357.97,76041,99291000.0,9.42,-6.07,-24.04,0.55
2001-08-07,000001,370.31,375.68,377.58,362.72,35797,46623000.0,3.99,0.93,3.48,0.26
2001-08-08,000001,376.31,370.31,376.63,367.78,27902,36322000.0,2.36,-1.43,-5.37,0.2
2001-08-09,000001,370.62,373.47,376.31,370.31,26722,34910000.0,1.62,0.85,3.16,0.19
2001-08-10,000001,388.96,384.54,388.96,380.11,24964,33496000.0,2.37,2.96,11.07,0.18
2001-08-13,000001,385.8,385.17,390.23,381.69,22956,30971000.0,2.22,0.16,0.63,0.16
2001-08-14,000001,383.59,380.74,389.28,376.95,20427,27399000.0,3.2,-1.15,-4.43,0.15
2001-08-15,000001,381.69,381.37,383.27,379.48,12583,16792000.0,1.0,0.17,0.63,0.09
2001-08-16,000001,381.69,373.47,381.69,372.2,29097,38296000.0,2.49,-2.07,-7.9,0.21
2001-08-17,000001,373.15,377.26,382.01,372.52,12351,16303000.0,2.54,1.01,3.79,0.09
2001-08-20,000001,377.58,377.58,379.48,373.15,13489,17742000.0,1.68,0.08,0.32,0.1
2001-08-21,000001,380.11,380.74,385.8,378.84,13534,18099000.0,1.84,0.84,3.16,0.1
2001-08-22,000001,378.84,375.37,380.11,372.2,17110,22439000.0,2.08,-1.41,-5.37,0.12
2001-08-23,000001,373.78,374.1,376.31,370.62,16623,21713000.0,1.52,-0.34,-1.27,0.12
2001-08-24,000001,375.37,371.25,379.48,370.62,13335,17445000.0,2.37,-0.76,-2.85,0.1
2001-08-27,000001,371.25,363.67,371.57,357.97,30753,39338000.0,3.66,-2.04,-7.58,0.22
2001-08-28,000001,361.14,364.61,365.88,354.81,24978,31612000.0,3.04,0.26,0.94,0.18
2001-08-29,000001,365.25,364.61,369.67,364.3,15802,20302000.0,1.47,0.0,0.0,0.11
2001-08-30,000001,364.61,361.14,364.61,360.5,9265,11784000.0,1.13,-0.95,-3.47,0.07
2001-08-31,000001,361.14,361.45,365.56,360.5,9271,11782000.0,1.4,0.09,0.31,0.07
2001-09-03,000001,362.72,357.34,366.19,356.39,13092,16526000.0,2.71,-1.14,-4.11,0.09
2001-09-04,000001,354.81,369.04,372.2,354.81,21234,27291000.0,4.87,3.27,11.7,0.15
2001-09-05,000001,372.2,368.41,374.73,365.88,17692,23069000.0,2.4,-0.17,-0.63,0.13
2001-09-06,000001,368.41,370.94,371.57,365.88,13026,16884000.0,1.54,0.69,2.53,0.09
2001-09-07,000001,370.62,360.82,370.62,357.66,23369,29751000.0,3.49,-2.73,-10.12,0.17
2001-09-10,000001,356.39,370.62,372.2,354.81,20550,26472000.0,4.82,2.72,9.8,0.15
2001-09-11,000001,373.15,367.14,373.78,365.56,15839,20482000.0,2.22,-0.94,-3.48,0.11
2001-09-12,000001,350.07,358.92,361.14,342.16,47979,60072000.0,5.17,-2.24,-8.22,0.34
2001-09-13,000001,360.5,357.66,364.3,357.34,11031,13954000.0,1.94,-0.35,-1.26,0.08
2001-09-14,000001,357.97,351.33,361.14,350.07,22289,27721000.0,3.1,-1.77,-6.33,0.16
2001-09-17,000001,350.07,339.32,350.07,339.0,50960,61735000.0,3.15,-3.42,-12.01,0.37
2001-09-18,000001,339.63,342.16,348.49,338.37,22364,27098000.0,2.98,0.84,2.84,0.16
2001-09-19,000001,342.16,366.51,370.31,340.27,52579,66430000.0,8.78,7.12,24.35,0.38
2001-09-20,000001,367.46,359.55,372.52,357.97,57348,73850000.0,3.97,-1.9,-6.96,0.41
2001-09-21,000001,358.29,359.24,363.67,355.13,18927,23931000.0,2.38,-0.09,-0.31,0.14
2001-09-24,000001,359.24,354.81,359.24,351.97,11867,14884000.0,2.02,-1.23,-4.43,0.09
2001-09-25,000001,356.39,357.66,363.98,354.81,14115,17808000.0,2.58,0.8,2.85,0.1
2001-09-26,000001,357.97,352.6,357.97,351.65,11419,14252000.0,1.77,-1.41,-5.06,0.08
2001-09-27,000001,351.65,354.49,360.82,350.07,14468,18109000.0,3.05,0.54,1.89,0.1
2001-09-28,000001,357.97,362.72,364.93,356.39,21822,27766000.0,2.41,2.32,8.23,0.16
2001-10-08,000001,362.72,356.71,365.25,353.23,14681,18546000.0,3.31,-1.66,-6.01,0.11
2001-10-09,000001,356.39,365.88,369.36,353.23,22102,28267000.0,4.52,2.57,9.17,0.16
2001-10-10,000001,353.55,350.38,355.13,339.32,21277,26286000.0,4.32,-4.24,-15.5,0.15
2001-10-11,000001,348.49,341.53,353.23,335.84,33521,40628000.0,4.96,-2.53,-8.85,0.24
2001-10-12,000001,341.53,358.61,366.19,335.84,58225,72607000.0,8.89,5.0,17.08,0.42
2001-10-15,000001,358.29,369.36,373.15,351.65,70961,91299000.0,6.0,3.0,10.75,0.5
2001-10-16,000001,369.36,364.61,370.62,359.55,30025,38497000.0,3.0,-1.29,-4.75,0.21
2001-10-17,000001,364.3,371.57,382.64,361.77,104854,137723008.0,5.72,1.91,6.96,0.74
2001-10-18,000001,373.15,373.47,382.95,370.62,87073,114648000.0,3.32,0.51,1.9,0.62
2001-10-19,000001,372.2,361.77,372.52,350.07,93921,119883000.0,6.01,-3.13,-11.7,0.67
2001-10-22,000001,360.5,364.61,373.47,357.34,56638,73022000.0,4.46,0.79,2.84,0.4
2001-10-23,000001,405.09,405.09,405.09,386.43,288159,403208992.0,5.12,11.1,40.48,2.05
2001-10-24,000001,412.68,405.72,418.05,396.24,269604,382936992.0,5.38,0.16,0.63,1.91
2001-10-25,000001,402.24,395.29,405.09,394.34,83517,115800000.0,2.65,-2.57,-10.43,0.59
2001-10-26,000001,395.29,399.08,402.24,391.49,52168,72146000.0,2.72,0.96,3.79,0.37
2001-10-29,000001,399.71,398.77,405.41,395.92,35707,49833000.0,2.38,-0.08,-0.31,0.25
2001-10-30,000001,398.77,390.23,399.08,388.96,42077,57538000.0,2.54,-2.14,-8.54,0.3
2001-10-31,000001,389.59,396.24,396.55,386.43,27271,37243000.0,2.59,1.54,6.01,0.19
2001-11-01,000001,396.24,395.29,402.24,393.71,21908,30310000.0,2.15,-0.24,-0.95,0.16
2001-11-02,000001,397.5,389.59,397.5,388.65,23722,32338000.0,2.24,-1.44,-5.7,0.17
2001-11-05,000001,388.01,383.9,388.96,382.64,24612,33088000.0,1.62,-1.46,-5.69,0.17
2001-11-06,000001,384.85,382.95,388.01,381.06,19944,26784000.0,1.81,-0.25,-0.95,0.14
2001-11-07,000001,377.89,364.93,383.9,356.39,51570,67442000.0,7.18,-4.71,-18.02,0.37
2001-11-08,000001,361.14,370.94,373.78,356.39,33479,43102000.0,4.77,1.65,6.01,0.24
2001-11-09,000001,370.94,380.74,383.27,365.88,42662,56287000.0,4.69,2.64,9.8,0.3
2001-11-12,000001,381.37,379.16,382.95,375.37,22648,30083000.0,1.99,-0.41,-1.58,0.16
2001-11-13,000001,378.53,379.79,385.8,376.31,12828,17117000.0,2.5,0.17,0.63,0.09
2001-11-14,000001,379.16,376.63,381.69,376.31,11156,14804000.0,1.42,-0.83,-3.16,0.08
2001-11-15,000001,376.31,373.47,379.16,370.62,14455,18922000.0,2.27,-0.84,-3.16,0.1
2001-11-16,000001,398.45,378.53,408.57,376.95,56401,76492000.0,8.47,1.35,5.06,0.4
2001-11-19,000001,382.64,378.84,382.64,375.37,56402,76492351.0,1.92,0.08,0.31,0.4
2001-11-20,000001,381.69,386.12,388.65,378.53,13229,17502011.0,2.67,1.92,7.28,0.09
2001-11-21,000001,388.01,392.44,392.76,382.95,27758,37454982.0,2.54,1.64,6.32,0.2
2001-11-22,000001,392.44,392.76,395.92,389.59,28119,38578000.0,1.61,0.08,0.32,0.2
2001-11-23,000001,392.76,387.7,393.07,386.43,19831,26963000.0,1.69,-1.29,-5.06,0.14
2001-11-26,000001,386.43,382.95,386.43,382.32,18437,24732000.0,1.06,-1.23,-4.75,0.13
2001-11-27,000001,382.95,384.22,385.8,381.69,15114,20267000.0,1.07,0.33,1.27,0.11
2001-11-28,000001,385.8,386.43,394.34,384.54,25681,34837000.0,2.55,0.58,2.21,0.18
2001-11-29,000001,386.43,382.95,388.01,381.69,22331,29958000.0,1.64,-0.9,-3.48,0.16
2001-11-30,000001,381.69,383.9,386.43,380.11,23024,30819000.0,1.65,0.25,0.95,0.16
2001-12-03,000001,383.9,386.43,390.23,383.27,31014,41900000.0,1.81,0.66,2.53,0.22
2001-12-04,000001,386.43,389.28,391.18,384.22,25995,35226000.0,1.8,0.74,2.85,0.18
2001-12-05,000001,389.59,378.21,389.91,377.58,46200,61795000.0,3.17,-2.84,-11.07,0.33
2001-12-06,000001,378.21,378.84,382.95,375.05,34154,45149000.0,2.09,0.17,0.63,0.24
2001-12-07,000001,378.84,376.63,382.95,374.73,23498,30980000.0,2.17,-0.58,-2.21,0.17
2001-12-10,000001,375.37,375.05,376.31,371.89,18770,24583000.0,1.17,-0.42,-1.58,0.13
2001-12-11,000001,375.68,372.52,378.53,370.62,21822,28533000.0,2.11,-0.67,-2.53,0.15
2001-12-12,000001,372.2,365.56,372.2,364.3,34074,43912000.0,2.12,-1.87,-6.96,0.24
2001-12-13,000001,364.3,361.77,368.72,361.14,26717,34256000.0,2.07,-1.04,-3.79,0.19
2001-12-14,000001,361.14,361.45,365.88,358.92,20302,25850000.0,1.92,-0.09,-0.32,0.14
2001-12-17,000001,360.82,357.97,363.35,357.34,22050,27850000.0,1.66,-0.96,-3.48,0.16
2001-12-18,000001,357.97,361.14,361.14,357.34,16559,20927000.0,1.06,0.89,3.17,0.12
2001-12-19,000001,361.77,356.08,364.3,354.81,24639,31157000.0,2.63,-1.4,-5.06,0.17
2001-12-20,000001,354.81,348.8,356.08,346.91,30866,38043000.0,2.58,-2.04,-7.28,0.22
2001-12-21,000001,348.49,349.44,350.07,347.85,19775,24338000.0,0.64,0.18,0.64,0.14
2001-12-24,000001,351.65,342.16,351.97,340.27,29927,36322000.0,3.35,-2.08,-7.28,0.21
2001-12-25,000001,339.95,343.11,344.69,338.68,22477,27149000.0,1.76,0.28,0.95,0.16
2001-12-26,000001,343.11,348.49,348.49,340.58,18084,21976000.0,2.31,1.57,5.38,0.13
2001-12-27,000001,348.49,342.16,352.28,341.53,22537,27534000.0,3.08,-1.82,-6.33,0.16
2001-12-28,000001,342.16,344.06,346.91,341.53,23829,28919000.0,1.57,0.56,1.9,0.17
2001-12-31,000001,345.32,346.91,348.49,342.16,21158,25781000.0,1.84,0.83,2.85,0.15
2002-01-04,000001,347.85,342.48,348.49,341.21,12540,15274000.0,2.1,-1.28,-4.43,0.09
2002-01-07,000001,342.48,340.27,345.32,337.42,16117,19372000.0,2.31,-0.65,-2.21,0.11
2002-01-08,000001,339.63,339.63,344.69,339.0,14385,17352000.0,1.67,-0.19,-0.64,0.1
2002-01-09,000001,339.0,335.52,340.58,334.26,23650,28219000.0,1.86,-1.21,-4.11,0.17
2002-01-10,000001,334.26,332.99,335.84,322.56,58288,67518000.0,3.96,-0.75,-2.53,0.41
2002-01-11,000001,332.99,323.82,333.31,323.19,27036,31269000.0,3.04,-2.75,-9.17,0.19
2002-01-14,000001,320.34,308.01,320.66,307.38,47988,53365000.0,4.1,-4.88,-15.81,0.34
2002-01-15,000001,304.22,302.95,312.12,302.64,33789,37102000.0,3.08,-1.64,-5.06,0.24
2002-01-16,000001,304.22,307.38,311.17,301.05,23518,25771000.0,3.34,1.46,4.43,0.17
2002-01-17,000001,307.38,285.56,307.38,283.66,39280,41505000.0,7.72,-7.1,-21.82,0.28
2002-01-18,000001,282.08,281.77,288.72,275.76,55843,56711000.0,4.54,-1.33,-3.79,0.4
2002-01-21,000001,281.77,263.11,282.08,262.48,50244,49446000.0,6.96,-6.62,-18.66,0.36
2002-01-22,000001,260.26,263.11,272.6,259.0,34656,33522000.0,5.17,0.0,0.0,0.25
2002-01-23,000001,263.11,286.51,286.82,260.26,40742,40302000.0,10.09,8.89,23.4,0.29
2002-01-24,000001,282.08,287.14,294.73,272.6,53538,55613000.0,7.72,0.22,0.63,0.38
2002-01-25,000001,287.14,282.4,288.41,280.5,24722,25369000.0,2.75,-1.65,-4.74,0.18
2002-01-28,000001,282.71,264.06,286.82,263.11,42525,41783000.0,8.4,-6.49,-18.34,0.3
2002-01-29,000001,259.95,269.12,271.65,258.37,26379,25631000.0,5.03,1.92,5.06,0.19
2002-01-30,000001,269.43,271.65,272.6,264.69,17524,17162000.0,2.94,0.94,2.53,0.12
2002-01-31,000001,272.6,292.52,296.31,272.6,90681,94665000.0,8.73,7.68,20.87,0.64
2002-02-01,000001,292.2,287.77,300.42,285.24,49506,51981000.0,5.19,-1.62,-4.75,0.35
2002-02-04,000001,287.77,293.78,294.73,283.66,34694,36277000.0,3.85,2.09,6.01,0.25
2002-02-05,000001,293.78,300.74,306.75,292.2,56953,61446000.0,4.95,2.37,6.96,0.4
2002-02-06,000001,302.64,288.09,303.58,287.77,38547,40758000.0,5.26,-4.21,-12.65,0.27
2002-02-07,000001,288.09,297.89,299.79,288.09,37699,40069000.0,4.06,3.4,9.8,0.27
2002-02-08,000001,302.64,296.63,302.95,294.73,34232,36670000.0,2.76,-0.42,-1.26,0.24
2002-02-25,000001,303.58,290.3,304.22,287.77,58945,62017000.0,5.55,-2.13,-6.33,0.42
2002-02-26,000001,288.41,282.08,289.99,278.29,45629,46606000.0,4.03,-2.83,-8.22,0.32
2002-02-27,000001,282.08,285.56,290.3,282.08,33362,34486000.0,2.91,1.23,3.48,0.24
2002-02-28,000001,285.56,280.5,286.19,279.87,27547,28132000.0,2.21,-1.77,-5.06,0.2
2002-03-01,000001,280.5,281.77,288.41,278.92,34547,35315000.0,3.38,0.45,1.27,0.25
2002-03-04,000001,281.77,287.14,287.46,279.24,21196,21749000.0,2.92,1.91,5.37,0.15
2002-03-05,000001,287.77,294.73,298.21,287.14,59252,62515000.0,3.86,2.64,7.59,0.42
2002-03-06,000001,295.05,301.05,309.59,292.52,115324,125274000.0,5.79,2.14,6.32,0.82
2002-03-07,000001,301.05,320.34,321.29,298.52,146089,161408992.0,7.56,6.41,19.29,1.04
2002-03-08,000001,323.19,320.34,328.88,313.7,155733,177803008.0,4.74,0.0,0.0,1.11
2002-03-11,000001,321.61,324.14,325.4,316.87,90161,103359000.0,2.66,1.19,3.8,0.64
2002-03-12,000001,324.14,315.6,331.09,315.28,110899,127298000.0,4.88,-2.63,-8.54,0.79
2002-03-13,000001,312.12,324.14,345.32,308.96,264321,311956000.0,11.52,2.71,8.54,1.88
2002-03-14,000001,323.82,327.93,331.73,320.66,89993,104348000.0,3.42,1.17,3.79,0.64
2002-03-15,000001,331.09,318.76,334.89,317.5,98778,114508000.0,5.3,-2.8,-9.17,0.7
2002-03-18,000001,323.51,335.52,336.47,320.34,165283,194138000.0,5.06,5.26,16.76,1.17
2002-03-19,000001,335.52,337.1,340.9,330.78,99549,118662000.0,3.02,0.47,1.58,0.71
2002-03-20,000001,337.42,335.52,341.21,332.36,92908,110858000.0,2.63,-0.47,-1.58,0.66
2002-03-21,000001,337.1,332.04,339.0,331.73,61965,73509000.0,2.17,-1.04,-3.48,0.44
2002-03-22,000001,331.09,322.56,331.73,320.03,63435,73206000.0,3.52,-2.86,-9.48,0.45
2002-03-25,000001,322.56,323.82,324.77,319.39,32796,37577000.0,1.67,0.39,1.26,0.23
2002-03-26,000001,323.82,316.87,323.82,313.7,41994,47472000.0,3.13,-2.15,-6.95,0.3
2002-03-27,000001,315.28,316.23,320.98,313.39,24968,28170000.0,2.4,-0.2,-0.64,0.18
2002-03-28,000001,315.28,316.87,323.82,315.28,24931,28377000.0,2.7,0.2,0.64,0.18
2002-03-29,000001,318.45,308.33,320.03,306.75,39688,44235000.0,4.19,-2.7,-8.54,0.28
2002-04-01,000001,308.33,306.75,309.28,301.37,27331,29857000.0,2.57,-0.51,-1.58,0.19
2002-04-02,000001,306.75,297.58,308.64,296.94,25417,27495000.0,3.81,-2.99,-9.17,0.18
2002-04-03,000001,297.26,300.42,303.58,293.78,22735,24454000.0,3.29,0.95,2.84,0.16
2002-04-04,000001,301.37,310.86,312.12,298.84,29912,32793000.0,4.42,3.48,10.44,0.21
2002-04-05,000001,312.12,312.12,315.28,308.33,27113,30153000.0,2.24,0.41,1.26,0.19
2002-04-08,000001,313.7,315.92,318.45,310.86,31058,34923000.0,2.43,1.22,3.8,0.22
2002-04-09,000001,315.28,312.12,316.87,304.22,69026,76176000.0,4.0,-1.2,-3.8,0.49
2002-04-10,000001,312.12,311.17,313.7,305.17,52035,57299000.0,2.73,-0.3,-0.95,0.37
2002-04-11,000001,311.17,308.01,312.12,306.75,35898,39711000.0,1.73,-1.02,-3.16,0.25
2002-04-12,000001,307.38,310.86,311.49,304.53,28848,31837000.0,2.26,0.93,2.85,0.2
2002-04-15,000001,308.96,303.9,311.49,302.0,24409,26679000.0,3.05,-2.24,-6.96,0.17
2002-04-16,000001,301.05,300.42,305.17,299.16,25418,27467000.0,1.98,-1.15,-3.48,0.18
2002-04-17,000001,299.79,299.47,302.95,298.84,19398,20907000.0,1.37,-0.32,-0.95,0.14
2002-04-19,000001,297.26,290.94,297.26,289.35,54656,57404000.0,2.64,-2.85,-8.53,0.39
2002-04-22,000001,290.94,290.94,291.57,287.14,24760,25802000.0,1.52,0.0,0.0,0.18
2002-04-23,000001,291.57,292.2,303.9,291.57,28682,30635000.0,4.24,0.43,1.26,0.2
2002-04-24,000001,292.52,291.25,296.94,289.67,25372,26651000.0,2.49,-0.33,-0.95,0.18
2002-04-25,000001,291.88,298.21,299.47,290.62,25428,26943000.0,3.04,2.39,6.96,0.18
2002-04-26,000001,298.21,301.05,305.8,297.58,29650,32127000.0,2.76,0.95,2.84,0.21
2002-04-29,000001,302.64,306.11,306.75,297.89,36360,39504000.0,2.94,1.68,5.06,0.26
2002-04-30,000001,306.75,323.19,332.36,304.22,197516,225426000.0,9.19,5.58,17.08,1.4
2002-05-08,000001,324.14,323.19,331.09,320.98,79135,91729000.0,3.13,0.0,0.0,0.56
2002-05-09,000001,320.98,332.68,336.79,320.98,120076,141088992.0,4.89,2.94,9.49,0.85
2002-05-10,000001,332.36,323.82,332.36,320.03,69409,80699000.0,3.71,-2.66,-8.86,0.49
2002-05-13,000001,323.19,317.81,325.72,317.18,49230,56115000.0,2.64,-1.86,-6.01,0.35
2002-05-14,000001,317.5,314.65,322.87,313.07,26344,29842000.0,3.08,-0.99,-3.16,0.19
2002-05-15,000001,313.7,310.22,315.28,305.8,35218,39061000.0,3.01,-1.41,-4.43,0.25
2002-05-16,000001,308.96,314.02,314.65,304.53,65627,72575000.0,3.26,1.22,3.8,0.47
2002-05-17,000001,314.34,316.87,319.08,311.81,51529,57970000.0,2.32,0.91,2.85,0.37
2002-05-20,000001,316.87,312.44,317.81,310.22,31594,35249000.0,2.4,-1.4,-4.43,0.22
2002-05-21,000001,316.87,321.29,325.72,314.02,56984,65273000.0,3.74,2.83,8.85,0.4
2002-05-23,000001,317.18,313.39,322.87,310.86,51567,58130000.0,3.74,-2.46,-7.9,0.37
2002-05-24,000001,313.39,305.48,313.7,304.53,45130,49758000.0,2.93,-2.52,-7.91,0.32
2002-05-27,000001,304.22,304.22,308.96,301.05,22483,24438000.0,2.59,-0.41,-1.26,0.16
2002-05-28,000001,307.06,310.54,314.34,304.22,29559,32895000.0,3.33,2.08,6.32,0.21
2002-05-29,000001,312.75,308.01,313.07,306.75,25399,28031000.0,2.04,-0.81,-2.53,0.18
2002-05-30,000001,307.38,315.92,317.18,305.17,42861,47762000.0,3.9,2.57,7.91,0.3
2002-05-31,000001,315.92,312.44,321.92,312.12,39313,44443000.0,3.1,-1.1,-3.48,0.28
2002-06-03,000001,312.12,312.12,316.55,309.59,38155,42559000.0,2.23,-0.1,-0.32,0.27
2002-06-04,000001,313.7,320.34,326.35,313.7,69857,79869000.0,4.05,2.63,8.22,0.5
2002-06-05,000001,320.34,308.96,321.61,308.33,39444,44111000.0,4.15,-3.55,-11.38,0.28
2002-06-06,000001,307.38,319.71,322.56,304.85,66910,75097000.0,5.73,3.48,10.75,0.48
2002-06-07,000001,320.03,320.98,325.4,316.23,78452,89973000.0,2.87,0.4,1.27,0.56
2002-06-10,000001,320.66,324.45,333.62,318.45,68047,79086000.0,4.73,1.08,3.47,0.48
2002-06-11,000001,324.45,323.19,327.93,321.29,25962,29893000.0,2.05,-0.39,-1.26,0.18
2002-06-12,000001,323.19,325.4,326.35,318.13,33311,38103000.0,2.54,0.68,2.21,0.24
2002-06-13,000001,325.4,318.76,325.72,318.45,20105,23018000.0,2.23,-2.04,-6.64,0.14
2002-06-14,000001,318.76,312.75,318.76,311.17,34068,38374000.0,2.38,-1.89,-6.01,0.24
2002-06-17,000001,310.54,313.7,313.7,309.91,18520,20656000.0,1.21,0.3,0.95,0.13
2002-06-18,000001,313.7,318.76,321.61,313.7,33824,38387000.0,2.52,1.61,5.06,0.24
2002-06-19,000001,318.13,312.44,322.56,311.81,48417,54554000.0,3.37,-1.98,-6.32,0.34
2002-06-20,000001,312.44,314.02,320.03,312.44,20745,23375000.0,2.43,0.51,1.58,0.15
2002-06-21,000001,315.28,336.15,342.48,315.28,321467,380398016.0,8.66,7.05,22.13,2.28
2002-06-24,000001,373.78,373.78,373.78,364.61,575771,753049984.0,2.73,11.19,37.63,4.09
2002-06-25,000001,414.89,415.21,415.21,393.39,1176848,1683309952.0,5.84,11.08,41.43,8.36
2002-06-26,000001,408.57,416.16,436.39,405.41,814647,1195457024.0,7.46,0.23,0.95,5.78
2002-06-27,000001,414.89,426.59,436.71,414.89,526997,783208000.0,5.24,2.51,10.43,3.74
2002-06-28,000001,428.49,433.87,449.68,425.64,615102,931425024.0,5.64,1.71,7.28,4.37
2002-07-01,000001,435.45,427.86,436.39,425.33,180048,267704992.0,2.55,-1.39,-6.01,1.28
2002-07-02,000001,426.28,432.28,433.23,419.64,139774,205950000.0,3.18,1.03,4.42,0.99
2002-07-03,000001,431.34,438.61,449.68,431.02,232846,354551008.0,4.32,1.46,6.33,1.65
2002-07-04,000001,440.19,427.22,446.83,426.28,216896,326230016.0,4.69,-2.6,-11.39,1.54
2002-07-05,000001,426.28,431.02,431.65,423.75,76053,112616000.0,1.85,0.89,3.8,0.54
2002-07-08,000001,432.28,430.07,437.03,427.86,110526,164899008.0,2.13,-0.22,-0.95,0.78
2002-07-09,000001,430.7,430.7,437.34,427.22,118113,176207008.0,2.35,0.15,0.63,0.84
2002-07-10,000001,431.65,414.58,433.87,410.15,296248,429851008.0,5.51,-3.74,-16.12,2.1
2002-07-11,000001,411.73,411.73,416.79,407.62,129835,186082000.0,2.21,-0.69,-2.85,0.92
2002-07-12,000001,411.73,409.2,414.26,408.57,62118,88622000.0,1.38,-0.61,-2.53,0.44
2002-07-15,000001,408.25,402.88,408.57,400.66,95340,133978000.0,1.93,-1.54,-6.32,0.68
2002-07-16,000001,402.24,401.61,414.26,399.08,68212,96210000.0,3.77,-0.32,-1.27,0.48
2002-07-17,000001,402.24,415.52,416.16,400.66,62382,88266000.0,3.86,3.46,13.91,0.44
2002-07-18,000001,416.47,431.65,433.87,413.31,301154,445254016.0,4.95,3.88,16.13,2.14
2002-07-19,000001,431.65,433.55,436.39,426.28,201623,301489984.0,2.34,0.44,1.9,1.43
2002-07-22,000001,433.23,418.05,433.87,417.42,153702,226151008.0,3.79,-3.58,-15.5,1.09
2002-07-23,000001,417.74,440.51,448.09,416.47,478520,717881984.0,7.56,5.37,22.46,3.4
2002-07-24,000001,440.51,440.82,449.04,435.13,332178,502156992.0,3.16,0.07,0.31,2.36
2002-07-25,000001,441.14,431.97,443.35,428.81,137319,203608000.0,3.3,-2.01,-8.85,0.97
2002-07-26,000001,432.28,431.97,440.19,427.54,129442,192519008.0,2.93,0.0,0.0,0.92
2002-07-29,000001,431.34,438.61,440.82,429.75,127518,190852992.0,2.56,1.54,6.64,0.91
2002-07-31,000001,445.25,438.92,453.79,438.61,380134,578121024.0,3.46,0.07,0.31,2.7
2002-08-01,000001,437.03,444.3,447.15,432.92,164850,248642000.0,3.24,1.23,5.38,1.17
2002-08-02,000001,444.3,444.3,447.15,441.45,124972,190035008.0,1.28,0.0,0.0,0.89
2002-08-05,000001,444.62,433.87,444.62,433.23,123644,184818000.0,2.56,-2.35,-10.43,0.88
2002-08-06,000001,433.55,438.29,446.2,431.34,108130,162323008.0,3.42,1.02,4.42,0.77
2002-08-07,000001,438.92,437.98,438.92,431.65,84138,125343000.0,1.66,-0.07,-0.31,0.6
2002-08-08,000001,437.98,436.08,441.14,433.87,64983,97066000.0,1.66,-0.43,-1.9,0.46
2002-08-09,000001,435.45,433.87,439.24,432.28,63841,94976000.0,1.6,-0.51,-2.21,0.45
2002-08-12,000001,432.28,427.86,434.81,427.54,77247,113779000.0,1.68,-1.39,-6.01,0.55
2002-08-13,000001,425.96,428.17,432.28,425.96,61293,89997000.0,1.48,0.07,0.31,0.44
2002-08-14,000001,429.44,433.87,433.87,429.12,43354,64086000.0,1.11,1.33,5.7,0.31
2002-08-15,000001,434.5,433.55,435.13,431.02,53070,78582000.0,0.95,-0.07,-0.32,0.38
2002-08-16,000001,431.97,431.02,434.81,423.11,72015,105937000.0,2.7,-0.58,-2.53,0.51
2002-08-19,000001,430.7,439.56,444.3,427.86,179366,269700992.0,3.81,1.98,8.54,1.27
2002-08-20,000001,440.82,460.11,460.43,439.56,485535,749798976.0,4.75,4.68,20.55,3.45
2002-08-21,000001,460.43,454.42,463.91,451.26,190625,298054016.0,2.75,-1.24,-5.69,1.35
2002-08-22,000001,454.42,454.1,460.43,450.31,162050,251550000.0,2.23,-0.07,-0.32,1.15
2002-08-23,000001,454.74,455.37,460.74,453.79,101807,158518000.0,1.53,0.28,1.27,0.72
2002-08-26,000001,456.63,448.09,456.63,446.51,127724,196286000.0,2.22,-1.6,-7.28,0.91
2002-08-27,000001,448.09,447.15,452.21,445.88,82316,125922000.0,1.41,-0.21,-0.94,0.58
2002-08-28,000001,448.09,454.42,457.9,447.78,105129,162678000.0,2.26,1.63,7.27,0.75
2002-08-29,000001,454.42,451.57,463.59,451.26,114578,178640000.0,2.71,-0.63,-2.85,0.81
2002-08-30,000001,450.62,451.26,454.1,449.99,33284,51282000.0,0.91,-0.07,-0.31,0.24
2002-09-02,000001,452.52,456.95,460.11,449.04,79728,123992000.0,2.45,1.26,5.69,0.57
2002-09-04,000001,460.74,457.27,465.8,455.68,132789,207896992.0,2.21,0.07,0.32,0.94
2002-09-05,000001,456.0,445.25,457.9,439.24,238468,364665984.0,4.08,-2.63,-12.02,1.69
2002-09-06,000001,444.3,440.19,448.09,438.61,110142,166531008.0,2.13,-1.14,-5.06,0.78
2002-09-09,000001,437.03,434.81,439.56,431.02,111071,165268992.0,1.94,-1.22,-5.38,0.79
2002-09-10,000001,434.81,435.76,439.24,431.34,66598,99210000.0,1.82,0.22,0.95,0.47
2002-09-11,000001,438.29,436.39,441.45,429.44,92871,137924000.0,2.76,0.14,0.63,0.66
2002-09-12,000001,436.39,437.98,440.82,432.92,35606,53264000.0,1.81,0.36,1.59,0.25
2002-09-13,000001,440.19,439.87,440.19,436.39,28521,42792000.0,0.87,0.43,1.89,0.2
2002-09-16,000001,439.87,413.63,440.19,412.99,180916,261252000.0,6.18,-5.97,-26.24,1.28
2002-09-17,000001,414.26,415.21,420.58,402.56,119857,169132992.0,4.36,0.38,1.58,0.85
2002-09-18,000001,413.94,406.99,414.89,405.41,49626,69604000.0,2.28,-1.98,-8.22,0.35
2002-09-19,000001,406.35,419.0,424.38,403.19,109129,154500000.0,5.21,2.95,12.01,0.77
2002-09-20,000001,419.0,413.31,420.27,410.15,41838,59645000.0,2.42,-1.36,-5.69,0.3
2002-09-23,000001,407.3,413.94,416.47,407.3,27825,39561000.0,2.22,0.15,0.63,0.2
2002-09-24,000001,414.89,408.25,415.84,407.62,37628,53235000.0,1.99,-1.37,-5.69,0.27
2002-09-25,000001,408.88,414.58,418.05,406.35,44254,62905000.0,2.87,1.55,6.33,0.31
2002-09-26,000001,414.89,415.84,421.53,414.58,55544,79657000.0,1.68,0.3,1.26,0.39
2002-09-27,000001,422.17,399.71,422.17,394.34,172405,240262000.0,6.69,-3.88,-16.13,1.22
2002-10-08,000001,391.18,389.91,396.55,385.48,48269,64848000.0,2.77,-2.45,-9.8,0.34
2002-10-09,000001,388.01,384.85,393.07,382.32,33820,45119000.0,2.76,-1.3,-5.06,0.24
2002-10-10,000001,384.85,378.21,389.59,375.68,32098,42702000.0,3.61,-1.73,-6.64,0.23
2002-10-11,000001,380.11,372.2,382.95,370.62,53530,69409000.0,3.26,-1.59,-6.01,0.38
2002-10-14,000001,374.73,372.2,375.37,360.5,44482,56874000.0,4.0,0.0,0.0,0.32
2002-10-15,000001,372.2,374.1,376.31,369.36,50367,65174000.0,1.87,0.51,1.9,0.36
2002-10-17,000001,378.53,368.72,379.79,367.78,72801,94390000.0,3.21,-1.44,-5.38,0.52
2002-10-18,000001,369.04,384.85,388.01,367.46,88934,116875000.0,5.57,4.37,16.13,0.63
2002-10-21,000001,384.85,390.23,393.71,378.53,61773,82464000.0,3.94,1.4,5.38,0.44
2002-10-22,000001,389.59,392.44,394.02,386.43,97515,131497000.0,1.95,0.57,2.21,0.69
2002-10-23,000001,391.18,388.33,392.76,383.59,81773,109108000.0,2.34,-1.05,-4.11,0.58
2002-10-24,000001,388.01,382.32,388.65,381.06,39352,52231000.0,1.95,-1.55,-6.01,0.28
2002-10-25,000001,384.85,376.63,387.07,374.42,62036,81322000.0,3.31,-1.49,-5.69,0.44
2002-10-28,000001,375.37,371.25,376.63,369.36,43406,56063000.0,1.93,-1.43,-5.38,0.31
2002-10-29,000001,371.25,375.68,378.53,367.46,53093,68458000.0,2.98,1.19,4.43,0.38
2002-10-30,000001,375.37,376.0,379.16,369.67,53273,69078000.0,2.53,0.09,0.32,0.38
2002-10-31,000001,376.0,373.78,380.11,371.57,62291,81136000.0,2.27,-0.59,-2.22,0.44
2002-11-01,000001,374.1,372.52,375.37,368.41,51613,66416000.0,1.86,-0.34,-1.26,0.37
2002-11-04,000001,376.95,386.75,387.07,374.42,114902,151107008.0,3.4,3.82,14.23,0.82
2002-11-05,000001,387.38,393.71,400.35,384.85,217887,294513984.0,4.01,1.8,6.96,1.55
2002-11-06,000001,393.71,391.49,394.97,389.59,58750,79436000.0,1.37,-0.56,-2.22,0.42
2002-11-07,000001,389.59,397.5,400.66,389.59,116430,158855008.0,2.83,1.54,6.01,0.83
2002-11-08,000001,404.46,384.22,404.77,378.53,225121,302436000.0,6.6,-3.34,-13.28,1.6
2002-11-11,000001,384.85,375.37,387.07,373.78,79066,103445000.0,3.46,-2.3,-8.85,0.56
2002-11-12,000001,377.26,373.47,383.27,370.94,97605,127202000.0,3.28,-0.51,-1.9,0.69
2002-11-13,000001,373.47,375.37,377.26,365.88,72043,92825000.0,3.05,0.51,1.9,0.51
2002-11-14,000001,373.78,365.88,374.73,364.93,71784,91861000.0,2.61,-2.53,-9.49,0.51
2002-11-15,000001,364.93,365.25,374.73,361.14,94535,120436000.0,3.71,-0.17,-0.63,0.67
2002-11-18,000001,365.25,350.7,368.09,349.44,93956,115935000.0,5.11,-3.98,-14.55,0.67
2002-11-19,000001,350.07,352.91,354.81,343.74,82277,100185000.0,3.16,0.63,2.21,0.58
2002-11-20,000001,352.6,348.49,353.55,345.96,64257,78182000.0,2.15,-1.25,-4.42,0.46
2002-11-21,000001,347.54,337.74,348.49,337.42,101723,121587000.0,3.18,-3.08,-10.75,0.72
2002-11-22,000001,337.74,337.42,343.74,331.09,74498,87920000.0,3.75,-0.09,-0.32,0.53
2002-11-25,000001,336.79,338.37,340.58,332.68,33846,39870000.0,2.34,0.28,0.95,0.24
2002-11-26,000001,338.37,331.09,342.16,329.51,36198,42409000.0,3.74,-2.15,-7.28,0.26
2002-11-27,000001,327.93,334.26,335.52,324.77,61374,71092000.0,3.25,0.96,3.17,0.44
2002-11-28,000001,334.26,343.43,343.74,330.46,58725,69439000.0,3.97,2.74,9.17,0.42
2002-11-29,000001,343.74,346.91,354.81,340.58,138772,168526000.0,4.14,1.01,3.48,0.99
2002-12-02,000001,346.59,331.73,346.59,331.09,57460,68006000.0,4.47,-4.38,-15.18,0.41
2002-12-03,000001,332.04,336.15,337.1,330.46,28435,33301000.0,2.0,1.33,4.42,0.2
2002-12-04,000001,336.15,337.1,341.85,333.62,39232,46291000.0,2.45,0.28,0.95,0.28
2002-12-05,000001,336.79,332.36,336.79,327.93,45503,52768000.0,2.63,-1.41,-4.74,0.32
2002-12-06,000001,332.36,332.36,336.79,328.57,31934,37171000.0,2.47,0.0,0.0,0.23
2002-12-09,000001,330.78,330.15,335.52,327.93,18369,21293000.0,2.28,-0.66,-2.21,0.13
2002-12-10,000001,330.15,325.72,334.89,325.4,41209,47569000.0,2.87,-1.34,-4.43,0.29
2002-12-11,000001,325.72,317.18,326.04,313.7,71729,80099000.0,3.79,-2.62,-8.54,0.51
2002-12-12,000001,319.08,314.02,319.08,312.12,89123,98931000.0,2.19,-1.0,-3.16,0.63
2002-12-13,000001,310.22,315.6,318.13,306.43,61259,67743000.0,3.73,0.5,1.58,0.43
2002-12-16,000001,316.87,316.23,318.13,311.49,49290,54691000.0,2.1,0.2,0.63,0.35
2002-12-17,000001,316.87,318.76,320.98,316.23,40235,45098000.0,1.5,0.8,2.53,0.29
2002-12-18,000001,318.76,317.5,324.14,317.18,42350,47770000.0,2.18,-0.4,-1.26,0.3
2002-12-19,000001,317.5,317.18,318.45,312.44,24851,27632000.0,1.89,-0.1,-0.32,0.18
2002-12-20,000001,318.45,322.24,323.19,313.7,53845,60406000.0,2.99,1.6,5.06,0.38
2002-12-23,000001,322.24,321.92,327.3,320.98,50300,57238000.0,1.96,-0.1,-0.32,0.36
2002-12-24,000001,321.61,318.13,321.61,315.28,35920,40191000.0,1.97,-1.18,-3.79,0.26
2002-12-25,000001,318.76,315.6,320.98,314.65,50848,56533000.0,1.99,-0.8,-2.53,0.36
2002-12-26,000001,315.28,300.42,315.28,299.47,114627,123812000.0,5.01,-4.81,-15.18,0.81
2002-12-27,000001,296.31,296.94,300.74,292.52,94456,99419000.0,2.74,-1.16,-3.48,0.67
2002-12-30,000001,294.73,296.94,297.89,286.82,78881,81273000.0,3.73,0.0,0.0,0.56
2002-12-31,000001,293.15,296.0,299.47,288.72,137552,143379008.0,3.62,-0.32,-0.94,0.98
2003-01-02,000001,291.57,281.45,291.57,280.18,64848,65629000.0,3.85,-4.92,-14.55,0.46
2003-01-03,000001,280.5,281.13,283.66,277.65,49594,49522000.0,2.14,-0.11,-0.32,0.35
2003-01-06,000001,281.45,282.4,284.3,277.65,36553,36626000.0,2.37,0.45,1.27,0.26
2003-01-07,000001,282.4,281.77,285.24,280.82,27149,27361000.0,1.57,-0.22,-0.63,0.19
2003-01-08,000001,280.5,297.26,303.9,280.5,80421,83768000.0,8.3,5.5,15.49,0.57
2003-01-09,000001,297.89,302.32,308.96,291.57,191721,203174000.0,5.85,1.7,5.06,1.36
2003-01-10,000001,301.05,297.26,306.43,296.31,127885,136604000.0,3.35,-1.67,-5.06,0.91
2003-01-13,000001,295.68,293.15,299.16,292.52,47354,49492000.0,2.23,-1.38,-4.11,0.34
2003-01-14,000001,293.47,326.04,326.04,292.2,542036,611846976.0,11.54,11.22,32.89,3.85
2003-01-15,000001,329.2,318.45,333.94,314.34,274935,312851008.0,6.01,-2.33,-7.59,1.95
2003-01-16,000001,318.45,323.82,326.35,314.65,144444,163164000.0,3.67,1.69,5.37,1.03
2003-01-17,000001,323.82,324.45,329.2,319.39,111068,126229000.0,3.03,0.19,0.63,0.79
2003-01-20,000001,324.45,329.51,334.26,321.29,141736,163119008.0,4.0,1.56,5.06,1.01
2003-01-21,000001,329.51,318.76,334.26,317.81,163002,185980992.0,4.99,-3.26,-10.75,1.16
2003-01-22,000001,318.13,318.13,320.98,314.65,44440,49717000.0,1.99,-0.2,-0.63,0.32
2003-01-23,000001,318.45,317.5,323.82,316.87,39501,44412000.0,2.18,-0.2,-0.63,0.28
2003-01-24,000001,317.5,323.82,325.4,312.12,71262,80316000.0,4.18,1.99,6.32,0.51
2003-01-27,000001,325.4,330.15,332.68,323.82,107222,123603000.0,2.74,1.95,6.33,0.76
2003-01-28,000001,331.09,330.78,333.94,327.3,74577,86235000.0,2.01,0.19,0.63,0.53
2003-01-29,000001,330.46,332.04,337.42,328.57,141810,165876992.0,2.68,0.38,1.26,1.01
2003-02-10,000001,330.46,321.92,331.09,320.03,49477,56358000.0,3.33,-3.05,-10.12,0.35
2003-02-11,000001,321.61,324.14,324.45,320.03,29239,33080000.0,1.37,0.69,2.22,0.21
2003-02-12,000001,324.14,325.4,326.35,320.98,43813,49943000.0,1.66,0.39,1.26,0.31
2003-02-13,000001,325.4,319.71,331.09,318.45,120667,136838000.0,3.88,-1.75,-5.69,0.86
2003-02-14,000001,320.03,322.56,325.72,318.76,58209,65734000.0,2.18,0.89,2.85,0.41
2003-02-17,000001,322.87,318.76,324.45,317.81,45108,50820000.0,2.06,-1.18,-3.8,0.32
2003-02-18,000001,318.45,317.81,320.03,315.28,38953,43460000.0,1.49,-0.3,-0.95,0.28
2003-02-19,000001,317.81,321.92,322.24,314.97,54747,61261000.0,2.29,1.29,4.11,0.39
2003-02-20,000001,321.92,320.66,324.14,319.08,33161,37478000.0,1.57,-0.39,-1.26,0.24
2003-02-21,000001,320.03,309.59,320.66,309.28,103241,114032000.0,3.55,-3.45,-11.07,0.73
2003-02-24,000001,308.96,307.38,311.81,306.75,53717,58558000.0,1.63,-0.71,-2.21,0.38
2003-02-25,000001,307.06,314.34,316.23,306.11,64821,71396000.0,3.29,2.26,6.96,0.46
2003-02-28,000001,323.19,320.66,324.45,316.55,139580,157344000.0,2.51,2.01,6.32,0.99
2003-03-03,000001,321.29,322.87,324.45,320.98,53350,60371000.0,1.08,0.69,2.21,0.38
2003-03-04,000001,322.87,325.09,327.62,322.24,71065,81179000.0,1.67,0.69,2.22,0.5
2003-03-05,000001,325.09,321.92,326.98,320.34,42837,48448000.0,2.04,-0.98,-3.17,0.3
2003-03-06,000001,321.92,314.65,321.92,314.65,63133,70464000.0,2.26,-2.26,-7.27,0.45
2003-03-07,000001,314.34,313.7,316.87,312.12,44920,49701000.0,1.51,-0.3,-0.95,0.32
2003-03-10,000001,312.44,305.48,314.02,305.17,63399,69000000.0,2.82,-2.62,-8.22,0.45
2003-03-11,000001,304.85,306.43,308.33,302.95,31474,33974000.0,1.76,0.31,0.95,0.22
2003-03-12,000001,306.43,307.38,307.38,302.0,29942,32243000.0,1.76,0.31,0.95,0.21
2003-03-13,000001,307.38,305.8,309.59,303.58,25405,27502000.0,1.96,-0.51,-1.58,0.18
2003-03-14,000001,305.17,308.33,310.54,304.22,26497,28796000.0,2.07,0.83,2.53,0.19
2003-03-17,000001,308.33,308.01,308.33,304.22,24471,26439000.0,1.33,-0.1,-0.32,0.17
2003-03-18,000001,307.38,305.8,312.75,305.8,33057,36127000.0,2.26,-0.72,-2.21,0.23
2003-03-19,000001,305.8,312.12,317.81,304.22,66876,73649000.0,4.44,2.07,6.32,0.47
2003-03-20,000001,311.81,310.22,315.28,308.96,32467,35655000.0,2.02,-0.61,-1.9,0.23
2003-03-21,000001,310.22,318.76,320.98,309.28,122729,136799008.0,3.77,2.75,8.54,0.87
2003-03-24,000001,319.71,319.08,322.56,316.87,43988,49427000.0,1.79,0.1,0.32,0.31
2003-03-25,000001,319.08,311.49,320.03,310.54,49871,55129000.0,2.97,-2.38,-7.59,0.35
2003-03-26,000001,309.59,313.7,318.45,308.96,54863,60787000.0,3.05,0.71,2.21,0.39
2003-03-27,000001,313.39,331.41,335.84,312.12,278260,319174016.0,7.56,5.65,17.71,1.98
2003-03-28,000001,330.46,330.78,339.0,326.98,240722,280748992.0,3.63,-0.19,-0.63,1.71
2003-03-31,000001,330.78,337.1,338.37,329.51,143964,168906000.0,2.68,1.91,6.32,1.02
2003-04-01,000001,337.74,337.42,343.11,334.57,195301,231568000.0,2.53,0.09,0.32,1.39
2003-04-02,000001,337.1,343.74,349.44,335.21,255505,307503008.0,4.22,1.87,6.32,1.81
2003-04-03,000001,343.74,338.68,346.27,338.05,104679,124704000.0,2.39,-1.47,-5.06,0.74
2003-04-04,000001,337.42,347.54,349.75,337.1,155872,187540992.0,3.74,2.62,8.86,1.11
2003-04-07,000001,348.49,345.01,355.13,344.38,185885,226955008.0,3.09,-0.73,-2.53,1.32
2003-04-08,000001,345.01,344.06,348.49,339.95,131428,157856992.0,2.48,-0.28,-0.95,0.93
2003-04-09,000001,343.74,356.08,359.55,340.58,206881,252120992.0,5.51,3.49,12.02,1.47
2003-04-10,000001,356.39,352.28,365.25,350.38,258586,321155008.0,4.18,-1.07,-3.8,1.84
2003-04-11,000001,351.97,354.49,357.97,348.8,217062,266876992.0,2.6,0.63,2.21,1.54
2003-04-14,000001,354.49,360.82,371.57,348.49,310395,386631008.0,6.51,1.79,6.33,2.2
2003-04-15,000001,362.72,360.19,365.56,355.13,251816,314356000.0,2.89,-0.17,-0.63,1.79
2003-04-16,000001,361.14,399.71,399.71,361.14,1207705,1648743040.0,10.71,10.97,39.52,8.57
2003-04-17,000001,398.45,389.91,403.82,380.42,581354,783243008.0,5.85,-2.45,-9.8,4.13
2003-04-18,000001,389.91,371.89,390.54,370.62,309949,403940992.0,5.11,-4.62,-18.02,2.2
2003-04-21,000001,378.53,364.93,379.48,355.13,278042,351067008.0,6.55,-1.87,-6.96,1.97
2003-04-22,000001,370.62,372.2,377.89,368.09,245264,318009984.0,2.69,1.99,7.27,1.74
2003-04-23,000001,372.84,362.08,377.89,359.87,213290,271404992.0,4.84,-2.72,-10.12,1.51
2003-04-24,000001,361.45,342.48,361.77,337.42,300902,363422016.0,6.73,-5.41,-19.6,2.14
2003-04-25,000001,342.48,340.27,348.49,338.68,159954,191848000.0,2.86,-0.65,-2.21,1.14
2003-04-28,000001,337.42,366.19,371.25,331.09,310875,385060000.0,11.8,7.62,25.92,2.21
2003-04-29,000001,359.55,354.49,367.78,351.65,234414,292256000.0,4.4,-3.2,-11.7,1.66
2003-04-30,000001,354.81,357.34,369.04,354.49,175598,220040000.0,4.1,0.8,2.85,1.25
2003-05-12,000001,350.07,362.4,367.78,343.11,168397,209422000.0,6.9,1.42,5.06,1.2
2003-05-13,000001,363.35,342.48,366.83,341.21,236236,289105984.0,7.07,-5.5,-19.92,1.68
2003-05-14,000001,340.9,345.96,349.12,337.42,117951,141668000.0,3.42,1.02,3.48,0.84
2003-05-15,000001,346.91,351.65,353.55,340.58,149002,181092000.0,3.75,1.64,5.69,1.06
2003-05-16,000001,352.28,362.72,381.06,351.65,343255,438512992.0,8.36,3.15,11.07,2.44
2003-05-19,000001,364.3,369.04,373.78,358.61,201208,255752000.0,4.18,1.74,6.32,1.43
2003-05-20,000001,368.41,360.5,368.41,357.97,101987,128469000.0,2.83,-2.31,-8.54,0.72
2003-05-21,000001,359.55,356.08,368.72,355.13,95788,119972000.0,3.77,-1.23,-4.42,0.68
2003-05-22,000001,356.08,360.5,363.03,349.44,104103,128755000.0,3.82,1.24,4.42,0.74
2003-05-23,000001,362.08,362.4,370.62,358.92,176734,224626000.0,3.25,0.53,1.9,1.25
2003-05-26,000001,362.4,366.83,369.99,361.77,134299,170336992.0,2.27,1.22,4.43,0.95
2003-05-27,000001,367.78,366.51,371.57,363.98,94506,120421000.0,2.07,-0.09,-0.32,0.67
2003-05-28,000001,367.46,363.03,375.37,362.72,164541,210516992.0,3.45,-0.95,-3.48,1.17
2003-05-29,000001,362.08,363.98,364.61,353.23,131734,164470000.0,3.13,0.26,0.95,0.94
2003-05-30,000001,365.88,361.14,368.09,355.44,142588,179128000.0,3.48,-0.78,-2.84,1.01
2003-06-02,000001,360.82,357.34,360.82,352.6,93487,115447000.0,2.28,-1.05,-3.8,0.66
2003-06-03,000001,357.34,352.6,358.61,351.65,93602,115298000.0,1.95,-1.33,-4.74,0.66
2003-06-04,000001,351.65,358.92,360.5,350.07,68637,84827000.0,2.96,1.79,6.32,0.49
2003-06-05,000001,357.66,353.23,359.55,351.65,65622,81071000.0,2.2,-1.59,-5.69,0.47
2003-06-06,000001,353.23,345.01,353.23,344.69,90445,109696000.0,2.42,-2.33,-8.22,0.64
2003-06-09,000001,343.74,339.63,346.59,339.32,65068,77782000.0,2.11,-1.56,-5.38,0.46
2003-06-10,000001,339.0,341.21,343.11,337.74,37941,45194000.0,1.58,0.47,1.58,0.27
2003-06-11,000001,341.21,347.54,348.49,341.21,56262,67820000.0,2.13,1.86,6.33,0.4
2003-06-12,000001,347.54,343.11,349.44,342.48,35586,42820000.0,2.0,-1.27,-4.43,0.25
2003-06-13,000001,343.43,348.17,348.8,342.16,35573,42845000.0,1.94,1.47,5.06,0.25
2003-06-16,000001,348.17,343.43,348.49,342.16,26145,31340000.0,1.82,-1.36,-4.74,0.19
2003-06-17,000001,342.16,339.0,344.69,338.37,41720,49610000.0,1.84,-1.29,-4.43,0.3
2003-06-18,000001,339.0,339.32,343.43,338.37,34357,40858000.0,1.49,0.09,0.32,0.24
2003-06-19,000001,339.32,331.41,342.16,329.83,111700,130342000.0,3.63,-2.33,-7.91,0.79
2003-06-20,000001,331.41,326.67,335.84,326.35,71302,82366000.0,2.86,-1.43,-4.74,0.51
2003-06-23,000001,325.72,325.09,327.93,324.14,32020,36566000.0,1.16,-0.48,-1.58,0.23
2003-06-24,000001,332.99,327.93,332.99,324.77,32195,36950000.0,2.53,0.87,2.84,0.23
2003-06-25,000001,329.51,322.87,330.15,322.24,24357,27781000.0,2.41,-1.54,-5.06,0.17
2003-06-26,000001,322.24,323.82,327.3,313.07,58103,65437000.0,4.41,0.29,0.95,0.41
2003-06-27,000001,323.82,315.6,324.45,315.28,34991,39235000.0,2.83,-2.54,-8.22,0.25
2003-06-30,000001,315.28,314.97,321.61,312.44,30499,33897000.0,2.91,-0.2,-0.63,0.22
2003-07-01,000001,314.97,314.65,321.61,313.39,31806,35512000.0,2.61,-0.1,-0.32,0.23
2003-07-02,000001,315.28,321.61,324.14,313.7,41675,46828000.0,3.32,2.21,6.96,0.3
2003-07-03,000001,321.61,321.92,324.45,318.45,33220,37584000.0,1.87,0.1,0.31,0.24
2003-07-04,000001,321.61,318.45,322.56,316.87,24058,27018000.0,1.77,-1.08,-3.47,0.17
2003-07-07,000001,318.13,317.18,319.39,314.02,21344,23748000.0,1.69,-0.4,-1.27,0.15
2003-07-08,000001,317.81,321.61,322.24,316.87,28254,31836000.0,1.69,1.4,4.43,0.2
2003-07-09,000001,321.92,317.18,323.51,315.6,23845,26731000.0,2.46,-1.38,-4.43,0.17
2003-07-10,000001,318.45,324.45,327.3,316.23,66504,75471000.0,3.49,2.29,7.27,0.47
2003-07-11,000001,324.77,321.92,325.72,320.98,35883,40686000.0,1.46,-0.78,-2.53,0.25
2003-07-14,000001,320.98,316.55,322.24,315.28,45049,50240000.0,2.16,-1.67,-5.37,0.32
2003-07-15,000001,316.55,318.13,320.98,316.23,29876,33402000.0,1.5,0.5,1.58,0.21
2003-07-16,000001,318.13,319.71,321.61,318.13,29378,32972000.0,1.09,0.5,1.58,0.21
2003-07-17,000001,319.71,321.92,323.82,315.28,80657,90717000.0,2.67,0.69,2.21,0.57
2003-07-18,000001,322.24,309.28,322.56,308.33,114032,125770000.0,4.42,-3.93,-12.64,0.81
2003-07-21,000001,303.27,301.37,308.33,298.52,78219,83718000.0,3.17,-2.56,-7.91,0.56
2003-07-22,000001,302.95,298.21,307.06,295.36,81311,85965000.0,3.88,-1.05,-3.16,0.58
2003-07-23,000001,299.47,304.22,305.17,298.52,43261,46276000.0,2.23,2.02,6.01,0.31
2003-07-24,000001,303.9,298.84,304.22,297.58,40068,42526000.0,2.18,-1.77,-5.38,0.28
2003-07-25,000001,299.47,296.31,304.22,295.68,49957,52760000.0,2.86,-0.85,-2.53,0.35
2003-07-28,000001,296.31,292.83,296.31,290.62,29345,30503000.0,1.92,-1.17,-3.48,0.21
2003-07-29,000001,293.15,295.05,296.0,292.2,28837,30047000.0,1.3,0.76,2.22,0.2
2003-07-30,000001,296.31,300.42,301.37,296.0,39307,41648000.0,1.82,1.82,5.37,0.28
2003-07-31,000001,300.42,299.79,302.64,298.84,30556,32493000.0,1.26,-0.21,-0.63,0.22
2003-08-01,000001,299.79,305.8,308.33,298.84,47115,50649000.0,3.17,2.0,6.01,0.33
2003-08-04,000001,305.8,308.33,310.54,302.64,38014,41229000.0,2.58,0.83,2.53,0.27
2003-08-05,000001,308.33,306.11,309.59,305.48,28138,30517000.0,1.33,-0.72,-2.22,0.2
2003-08-06,000001,306.11,305.17,307.06,301.69,43075,46193000.0,1.75,-0.31,-0.94,0.31
2003-08-07,000001,305.17,310.54,317.18,303.58,70015,76998000.0,4.46,1.76,5.37,0.5
2003-08-08,000001,310.54,302.95,311.49,302.0,39368,42435000.0,3.06,-2.44,-7.59,0.28
2003-08-11,000001,301.69,303.9,306.43,298.52,18577,19925000.0,2.61,0.31,0.95,0.13
2003-08-12,000001,304.22,304.53,308.01,302.64,12351,13312000.0,1.77,0.21,0.63,0.09
2003-08-13,000001,304.53,300.11,306.43,299.79,21433,22881000.0,2.18,-1.45,-4.42,0.15
2003-08-14,000001,299.16,299.16,302.64,297.89,28693,30426000.0,1.58,-0.32,-0.95,0.2
2003-08-15,000001,299.16,305.48,311.49,298.52,55755,60062000.0,4.34,2.11,6.32,0.4
2003-08-18,000001,305.48,308.33,310.54,303.27,41645,45220000.0,2.38,0.93,2.85,0.3
2003-08-19,000001,308.96,307.69,310.86,307.06,29141,31775000.0,1.23,-0.21,-0.64,0.21
2003-08-20,000001,307.69,303.58,309.28,301.37,29006,31189000.0,2.57,-1.34,-4.11,0.21
2003-08-21,000001,304.85,307.38,307.38,302.64,22940,24754000.0,1.56,1.25,3.8,0.16
2003-08-22,000001,305.8,304.22,311.81,303.27,75007,81520000.0,2.78,-1.03,-3.16,0.53
2003-08-25,000001,302.64,296.94,302.64,295.68,46106,48687000.0,2.29,-2.39,-7.28,0.33
2003-08-27,000001,296.31,295.36,300.42,294.73,24950,26256000.0,1.92,-0.53,-1.58,0.18
2003-08-28,000001,294.73,286.82,295.36,285.88,58366,60261000.0,3.21,-2.89,-8.54,0.41
2003-08-29,000001,286.19,290.94,291.57,283.66,49054,50065000.0,2.76,1.44,4.12,0.35
2003-09-01,000001,289.99,293.78,296.0,287.77,40864,42325000.0,2.83,0.98,2.84,0.29
2003-09-02,000001,294.41,291.25,296.63,289.99,37510,39017000.0,2.26,-0.86,-2.53,0.27
2003-09-03,000001,289.99,291.88,293.78,289.99,17599,18235000.0,1.3,0.22,0.63,0.12
2003-09-04,000001,291.57,292.2,294.41,290.94,21611,22468000.0,1.19,0.11,0.32,0.15
2003-09-05,000001,292.2,287.14,292.52,285.24,36688,37557000.0,2.49,-1.73,-5.06,0.26
2003-09-08,000001,286.82,284.3,286.82,281.13,62012,62579000.0,1.98,-0.99,-2.84,0.44
2003-09-09,000001,283.98,282.08,286.51,280.18,62125,62723000.0,2.23,-0.78,-2.22,0.44
2003-09-10,000001,282.4,284.3,284.93,280.82,25776,26029000.0,1.46,0.79,2.22,0.18
2003-09-11,000001,284.3,286.82,289.35,283.66,37482,38246000.0,2.0,0.89,2.52,0.27
2003-09-12,000001,286.82,279.55,286.82,278.92,67410,67500000.0,2.75,-2.53,-7.27,0.48
2003-09-15,000001,279.24,268.17,280.18,266.59,76639,74742000.0,4.86,-4.07,-11.38,0.54
2003-09-16,000001,267.85,271.01,271.65,264.69,41047,39525000.0,2.6,1.06,2.84,0.29
2003-09-17,000001,271.01,261.84,271.01,259.95,60214,57077000.0,4.08,-3.38,-9.17,0.43
2003-09-18,000001,261.53,264.37,264.69,260.58,42901,40442000.0,1.57,0.97,2.53,0.3
2003-09-19,000001,264.69,264.06,267.22,259.31,47030,44367000.0,2.99,-0.12,-0.31,0.33
2003-09-22,000001,264.06,261.21,264.69,259.63,21938,20619000.0,1.92,-1.08,-2.85,0.16
2003-09-23,000001,261.21,265.95,266.27,258.37,51319,48380000.0,3.02,1.81,4.74,0.36
2003-09-24,000001,265.95,264.69,266.59,261.53,37493,35572000.0,1.9,-0.47,-1.26,0.27
2003-09-25,000001,264.69,259.95,265.32,258.37,34923,32688000.0,2.63,-1.79,-4.74,0.25
2003-09-26,000001,259.95,259.63,262.48,259.31,19031,17814000.0,1.22,-0.12,-0.32,0.14
2003-09-29,000001,264.69,255.84,264.69,255.2,36789,33635000.0,3.66,-1.46,-3.79,0.26
2003-09-30,000001,256.15,259.0,259.95,253.31,30767,28016000.0,2.6,1.24,3.16,0.22
2003-10-08,000001,261.53,259.95,262.16,258.37,18282,16824000.0,1.46,0.37,0.95,0.13
2003-10-09,000001,259.63,259.0,262.16,259.0,13874,12787000.0,1.22,-0.37,-0.95,0.1
2003-10-10,000001,258.68,266.27,268.48,258.37,38129,35518000.0,3.9,2.81,7.27,0.27
2003-10-13,000001,266.9,264.37,268.48,263.11,31836,29878000.0,2.02,-0.71,-1.9,0.23
2003-10-14,000001,263.11,258.37,264.69,257.73,32195,29555000.0,2.63,-2.27,-6.0,0.23
2003-10-15,000001,258.37,254.89,266.27,253.62,56442,51669000.0,4.9,-1.35,-3.48,0.4
2003-10-17,000001,253.62,253.62,255.2,250.46,38525,34567000.0,1.86,-0.5,-1.27,0.27
2003-10-20,000001,253.62,252.36,254.89,251.09,24399,21893000.0,1.5,-0.5,-1.26,0.17
2003-10-21,000001,252.04,248.88,252.99,246.03,31713,28048000.0,2.76,-1.38,-3.48,0.23
2003-10-22,000001,250.46,254.25,257.73,247.93,52572,47328000.0,3.94,2.16,5.37,0.37
2003-10-23,000001,255.2,251.72,257.42,251.72,41529,37462000.0,2.24,-1.0,-2.53,0.29
2003-10-24,000001,252.04,249.83,253.31,248.25,32692,29009000.0,2.01,-0.75,-1.89,0.23
2003-10-27,000001,249.51,244.14,249.51,243.5,53474,46726000.0,2.41,-2.28,-5.69,0.38
2003-10-28,000001,244.14,246.98,248.25,242.55,41432,36126000.0,2.33,1.16,2.84,0.29
2003-10-29,000001,247.3,241.29,248.88,237.81,55731,48116000.0,4.48,-2.3,-5.69,0.4
2003-10-30,000001,241.29,228.64,242.55,227.38,84110,69660000.0,6.29,-5.24,-12.65,0.6
2003-10-31,000001,228.32,226.43,233.07,221.05,64828,52661000.0,5.26,-0.97,-2.21,0.46
2003-11-03,000001,225.48,227.38,230.22,222.32,52425,42610000.0,3.49,0.42,0.95,0.37
2003-11-04,000001,228.01,234.33,240.34,227.69,97853,81960000.0,5.56,3.06,6.95,0.69
2003-11-05,000001,234.65,228.01,236.23,225.16,68053,56421000.0,4.72,-2.7,-6.32,0.48
2003-11-06,000001,228.01,223.27,228.01,222.63,76188,61514000.0,2.36,-2.08,-4.74,0.54
2003-11-07,000001,223.27,218.52,223.58,212.51,91393,71581000.0,4.96,-2.13,-4.75,0.65
2003-11-10,000001,218.21,222.0,222.0,215.68,34275,27160000.0,2.89,1.59,3.48,0.24
2003-11-11,000001,222.0,222.32,223.27,218.84,21934,17488000.0,2.0,0.14,0.32,0.16
2003-11-12,000001,221.68,216.31,221.68,215.68,30573,23994000.0,2.7,-2.7,-6.01,0.22
2003-11-13,000001,215.68,215.04,218.21,214.1,28132,21993000.0,1.9,-0.59,-1.27,0.2
2003-11-14,000001,215.68,216.62,219.79,213.15,50959,39766000.0,3.09,0.73,1.58,0.36
2003-11-17,000001,216.62,212.83,218.21,212.51,36937,28690000.0,2.63,-1.75,-3.79,0.26
2003-11-18,000001,215.04,211.25,215.04,210.62,28151,21604000.0,2.08,-0.74,-1.58,0.2
2003-11-19,000001,210.93,218.21,222.0,209.98,52142,40964000.0,5.69,3.29,6.96,0.37
2003-11-20,000001,218.84,230.54,230.85,218.21,104669,85098000.0,5.79,5.65,12.33,0.74
2003-11-21,000001,231.49,224.53,237.18,223.58,91262,75487000.0,5.9,-2.61,-6.01,0.65
2003-11-24,000001,224.53,233.38,234.33,224.53,81546,67742000.0,4.36,3.94,8.85,0.58
2003-11-25,000001,236.55,243.82,253.31,236.55,216832,189700000.0,7.18,4.47,10.44,1.54
2003-11-26,000001,242.87,240.97,243.82,238.44,73571,63241000.0,2.21,-1.17,-2.85,0.52
2003-11-27,000001,240.97,232.12,242.24,231.49,71145,60097000.0,4.46,-3.67,-8.85,0.51
2003-11-28,000001,230.85,234.02,236.55,229.91,41497,34701000.0,2.86,0.82,1.9,0.29
2003-12-01,000001,234.65,240.97,242.24,234.33,53134,45426000.0,3.38,2.97,6.95,0.38
2003-12-02,000001,243.82,238.76,245.72,237.81,55223,47501000.0,3.28,-0.92,-2.21,0.39
2003-12-03,000001,238.76,238.13,242.55,233.07,57203,48537000.0,3.97,-0.26,-0.63,0.41
2003-12-04,000001,238.13,242.55,246.67,238.13,86614,74979000.0,3.59,1.86,4.42,0.61
2003-12-05,000001,243.19,240.97,245.4,239.71,46332,40029000.0,2.35,-0.65,-1.58,0.33
2003-12-08,000001,241.29,237.18,245.08,236.86,35820,30756000.0,3.41,-1.57,-3.79,0.25
2003-12-09,000001,236.23,235.28,237.18,232.75,38698,32466000.0,1.87,-0.8,-1.9,0.27
2003-12-10,000001,236.86,241.61,249.83,236.86,75689,65336000.0,5.51,2.69,6.33,0.54
2003-12-11,000001,242.87,247.3,249.51,242.24,122435,107561000.0,3.01,2.36,5.69,0.87
2003-12-12,000001,248.88,254.89,258.37,245.4,216467,194374000.0,5.24,3.07,7.59,1.54
2003-12-15,000001,254.25,250.78,255.52,249.51,85529,76620000.0,2.36,-1.61,-4.11,0.61
2003-12-16,000001,250.14,246.98,250.14,242.55,62970,55086000.0,3.03,-1.52,-3.8,0.45
2003-12-17,000001,247.3,244.45,250.78,244.14,49913,43969000.0,2.69,-1.02,-2.53,0.35
2003-12-18,000001,244.14,241.61,244.77,238.76,57982,49928000.0,2.46,-1.16,-2.84,0.41
2003-12-19,000001,240.97,235.6,243.82,233.07,92039,77845000.0,4.45,-2.49,-6.01,0.65
2003-12-22,000001,234.02,244.77,244.77,229.91,88373,74874000.0,6.31,3.89,9.17,0.63
2003-12-23,000001,247.3,246.67,251.09,243.5,95910,84531000.0,3.1,0.78,1.9,0.68
2003-12-24,000001,253.31,251.41,256.78,250.46,143706,129142000.0,2.56,1.92,4.74,1.02
2003-12-25,000001,251.41,246.67,252.36,246.03,65261,57578000.0,2.52,-1.89,-4.74,0.46
2003-12-26,000001,246.67,246.03,248.56,242.55,42120,36763000.0,2.44,-0.26,-0.64,0.3
2003-12-29,000001,245.08,240.97,245.08,240.34,40511,34964000.0,1.93,-2.06,-5.06,0.29
2003-12-30,000001,240.66,244.14,245.4,240.34,35061,30468404.0,2.1,1.32,3.17,0.25
2003-12-31,000001,244.14,238.13,245.4,236.55,56588,48689000.0,3.62,-2.46,-6.01,0.4
2004-01-02,000001,238.13,242.24,242.55,234.97,58047,49634000.0,3.18,1.73,4.11,0.41
2004-01-05,000001,242.24,251.09,252.99,240.97,120577,106529000.0,4.96,3.65,8.85,0.86
2004-01-06,000001,253.62,264.06,271.01,253.62,375917,351523008.0,6.93,5.17,12.97,2.67
2004-01-07,000001,264.06,265.95,270.38,261.53,195362,183458000.0,3.35,0.72,1.89,1.39
2004-01-08,000001,266.27,266.59,268.48,260.9,127015,118499000.0,2.85,0.24,0.64,0.9
2004-01-09,000001,266.59,254.57,268.17,253.62,160459,147739008.0,5.46,-4.51,-12.02,1.14
2004-01-12,000001,253.62,259.63,259.95,252.36,90856,82441000.0,2.98,1.99,5.06,0.65
2004-01-13,000001,261.53,259.31,265.95,256.15,108653,100501000.0,3.77,-0.12,-0.32,0.77
2004-01-14,000001,260.58,254.57,260.9,253.62,73269,66271000.0,2.81,-1.83,-4.74,0.52
2004-01-15,000001,254.57,256.78,259.63,253.62,61678,56127000.0,2.36,0.87,2.21,0.44
2004-01-16,000001,256.78,262.48,264.06,256.15,89077,82305000.0,3.08,2.22,5.7,0.63
2004-01-29,000001,262.48,270.38,271.96,259.95,113268,106591000.0,4.58,3.01,7.9,0.8
2004-01-30,000001,271.01,262.48,272.28,262.16,82342,77301000.0,3.74,-2.92,-7.9,0.58
2004-02-02,000001,266.27,274.81,278.6,264.69,235196,226424992.0,5.3,4.7,12.33,1.67
2004-02-03,000001,274.81,279.87,283.03,271.33,175446,171743008.0,4.26,1.84,5.06,1.25
2004-02-04,000001,281.45,285.56,287.77,280.5,193975,193900992.0,2.6,2.03,5.69,1.38
2004-02-05,000001,287.14,287.14,294.1,284.61,174839,176604992.0,3.32,0.55,1.58,1.24
2004-02-06,000001,287.77,301.37,316.23,281.45,438125,459816992.0,12.11,4.96,14.23,3.11
2004-02-09,000001,302.32,303.9,308.64,298.52,196300,207036992.0,3.36,0.84,2.53,1.39
2004-02-10,000001,305.8,308.64,315.28,301.37,232602,249108992.0,4.58,1.56,4.74,1.65
2004-02-11,000001,309.91,304.85,311.81,299.47,201991,213547008.0,4.0,-1.23,-3.79,1.43
2004-02-12,000001,305.8,301.37,310.86,301.05,148276,157931008.0,3.22,-1.14,-3.48,1.05
2004-02-13,000001,299.16,293.15,303.58,291.88,144236,149172992.0,3.88,-2.73,-8.22,1.02
2004-02-16,000001,293.15,304.22,305.17,293.15,126195,131898000.0,4.1,3.78,11.07,0.9
2004-02-17,000001,304.53,303.27,308.96,301.69,119303,126621000.0,2.39,-0.31,-0.95,0.85
2004-02-18,000001,301.69,302.0,308.01,299.47,121684,128583000.0,2.82,-0.42,-1.27,0.86
2004-02-19,000001,302.32,303.9,308.96,301.05,117972,124969000.0,2.62,0.63,1.9,0.84
2004-02-20,000001,304.22,320.66,324.77,303.27,597570,657841024.0,7.07,5.51,16.76,4.24
2004-02-23,000001,321.61,314.02,329.2,313.7,315295,350455008.0,4.83,-2.07,-6.64,2.24
2004-02-24,000001,313.7,304.53,313.7,299.47,219511,233196992.0,4.53,-3.02,-9.49,1.56
2004-02-25,000001,304.85,294.73,309.59,293.15,188105,197563008.0,5.4,-3.22,-9.8,1.34
2004-02-26,000001,294.1,296.0,298.21,289.99,135667,139412992.0,2.79,0.43,1.27,0.96
2004-02-27,000001,296.31,296.63,299.16,292.52,81800,84445000.0,2.24,0.21,0.63,0.58
2004-03-01,000001,295.36,296.94,297.89,286.82,95836,97767000.0,3.73,0.1,0.31,0.68
2004-03-02,000001,297.89,299.47,303.27,296.31,98743,103314000.0,2.34,0.85,2.53,0.7
2004-03-03,000001,295.36,304.53,311.17,294.73,182110,192808000.0,5.49,1.69,5.06,1.29
2004-03-04,000001,303.58,318.76,320.03,302.64,340664,369808992.0,5.71,4.67,14.23,2.42
2004-03-05,000001,321.61,306.43,322.87,305.8,224487,245038000.0,5.36,-3.87,-12.33,1.59
2004-03-08,000001,306.43,298.21,311.81,296.63,132802,140727008.0,4.95,-2.68,-8.22,0.94
2004-03-09,000001,297.26,298.84,306.11,297.26,87718,92045000.0,2.97,0.21,0.63,0.62
2004-03-10,000001,298.84,306.75,307.38,298.84,80594,85266000.0,2.86,2.65,7.91,0.57
2004-03-11,000001,307.69,310.22,313.39,305.8,121751,131239000.0,2.47,1.13,3.47,0.86
2004-03-12,000001,308.96,306.11,309.91,302.95,80749,85983000.0,2.24,-1.32,-4.11,0.57
2004-03-15,000001,304.22,315.92,316.87,304.22,203827,221928000.0,4.13,3.2,9.81,1.45
2004-03-16,000001,316.55,313.7,317.81,310.54,124580,135955008.0,2.3,-0.7,-2.22,0.88
2004-03-17,000001,314.02,324.14,327.62,312.12,385343,429352992.0,4.94,3.33,10.44,2.74
2004-03-18,000001,324.77,316.87,329.51,315.6,295091,330512000.0,4.29,-2.24,-7.27,2.1
2004-03-19,000001,316.87,322.24,323.19,315.28,142155,157903008.0,2.5,1.69,5.37,1.01
2004-03-22,000001,323.19,326.67,328.57,321.61,151927,170724000.0,2.16,1.37,4.43,1.08
2004-03-23,000001,326.67,319.39,327.3,315.92,173691,192195008.0,3.48,-2.23,-7.28,1.23
2004-03-24,000001,318.45,313.39,318.45,309.91,161013,175176992.0,2.67,-1.88,-6.0,1.14
2004-03-25,000001,313.39,313.07,318.76,309.28,94722,102988000.0,3.02,-0.1,-0.32,0.67
2004-03-26,000001,313.07,312.12,315.28,308.96,87430,94583000.0,2.02,-0.3,-0.95,0.62
2004-03-29,000001,310.54,302.32,312.44,300.42,192535,204298000.0,3.85,-3.14,-9.8,1.37
2004-03-30,000001,302.95,304.85,306.43,301.05,69280,73287000.0,1.78,0.84,2.53,0.49
2004-03-31,000001,307.06,306.11,307.06,302.32,64075,68043000.0,1.55,0.41,1.26,0.45
2004-04-01,000001,306.11,307.06,308.96,302.0,88962,94624000.0,2.27,0.31,0.95,0.63
2004-04-02,000001,307.38,308.33,308.64,304.22,86759,92679000.0,1.44,0.41,1.27,0.62
2004-04-05,000001,308.96,303.9,309.91,302.0,86786,92281000.0,2.57,-1.44,-4.43,0.62
2004-04-06,000001,304.22,305.8,306.43,299.16,113220,119232000.0,2.39,0.63,1.9,0.8
2004-04-07,000001,305.48,301.37,305.8,300.42,95708,100777000.0,1.76,-1.45,-4.43,0.68
2004-04-08,000001,301.05,297.58,301.37,297.26,114684,119349000.0,1.36,-1.26,-3.79,0.81
2004-04-09,000001,297.58,292.83,301.69,290.94,116520,120145000.0,3.61,-1.6,-4.75,0.83
2004-04-12,000001,291.57,294.1,294.73,289.67,78287,79929000.0,1.73,0.43,1.27,0.56
2004-04-13,000001,294.1,282.08,296.31,281.45,160660,161352992.0,5.05,-4.09,-12.02,1.14
2004-04-14,000001,282.08,273.23,282.08,269.75,165610,159047008.0,4.37,-3.14,-8.85,1.18
2004-04-15,000001,273.86,278.6,290.94,273.54,146639,145360992.0,6.37,1.97,5.37,1.04
2004-04-16,000001,278.92,277.34,282.71,271.01,69106,67079000.0,4.2,-0.45,-1.26,0.49
2004-04-19,000001,277.34,264.69,278.92,263.11,86189,81792000.0,5.7,-4.56,-12.65,0.61
2004-04-20,000001,263.11,265.64,269.12,260.26,62361,58329000.0,3.35,0.36,0.95,0.44
2004-04-21,000001,267.22,270.07,274.18,267.22,61018,58235000.0,2.62,1.67,4.43,0.43
2004-04-22,000001,270.07,272.6,273.23,268.8,36172,34509000.0,1.64,0.94,2.53,0.26
2004-04-23,000001,273.23,265.64,274.18,265.32,37827,35682000.0,3.25,-2.55,-6.96,0.27
2004-04-26,000001,265.64,265.01,268.17,263.11,27611,25853000.0,1.9,-0.24,-0.63,0.2
2004-04-27,000001,264.69,259.31,267.85,258.37,52707,48851000.0,3.58,-2.15,-5.7,0.37
2004-04-28,000001,259.0,261.21,264.06,250.46,67745,61603000.0,5.24,0.73,1.9,0.48
2004-04-29,000001,261.21,261.21,266.9,259.95,54112,50269000.0,2.66,0.0,0.0,0.38
2004-04-30,000001,260.58,264.06,269.12,260.26,47714,44539000.0,3.39,1.09,2.85,0.34
2004-05-10,000001,264.37,255.84,266.27,255.2,35909,32901000.0,4.19,-3.11,-8.22,0.25
2004-05-11,000001,255.84,258.68,259.31,253.62,24431,22210000.0,2.22,1.11,2.84,0.17
2004-05-12,000001,258.68,264.37,265.01,257.73,29979,27831000.0,2.81,2.2,5.69,0.21
2004-05-13,000001,264.37,263.74,265.64,261.53,27313,25451000.0,1.55,-0.24,-0.63,0.19
2004-05-14,000001,263.11,257.42,264.06,256.78,29368,26903000.0,2.76,-2.4,-6.32,0.21
2004-05-17,000001,257.42,254.89,260.26,253.94,28649,26032000.0,2.46,-0.98,-2.53,0.2
2004-05-18,000001,256.15,261.53,261.53,254.57,22349,20342000.0,2.73,2.61,6.64,0.16
2004-05-19,000001,261.84,260.58,264.37,258.37,31655,29328000.0,2.29,-0.36,-0.95,0.22
2004-05-20,000001,260.58,257.73,263.74,256.47,20270,18592000.0,2.79,-1.09,-2.85,0.14
2004-05-21,000001,256.47,259.31,259.95,256.47,13791,12600000.0,1.35,0.61,1.58,0.1
2004-05-24,000001,259.31,257.42,263.11,257.1,21384,19694000.0,2.32,-0.73,-1.89,0.15
2004-05-25,000001,257.42,254.25,259.31,253.62,27583,25051000.0,2.21,-1.23,-3.17,0.2
2004-05-26,000001,254.25,249.2,255.84,247.61,44053,39325000.0,3.24,-1.99,-5.05,0.31
2004-05-27,000001,249.83,259.95,262.48,249.2,62807,57319000.0,5.33,4.31,10.75,0.45
2004-05-28,000001,259.95,261.53,261.53,257.42,31930,29334000.0,1.58,0.61,1.58,0.23
2004-05-31,000001,271.96,273.23,282.08,268.8,148339,142888992.0,5.08,4.47,11.7,1.05
2004-06-01,000001,276.39,274.18,278.92,273.23,97675,94709000.0,2.08,0.35,0.95,0.69
2004-06-02,000001,275.76,283.35,286.51,273.86,161922,160024000.0,4.61,3.34,9.17,1.15
2004-06-03,000001,282.08,276.07,282.08,274.18,68781,66906000.0,2.79,-2.57,-7.28,0.49
2004-06-04,000001,275.76,273.54,277.65,272.6,45387,43946000.0,1.83,-0.92,-2.53,0.32
2004-06-07,000001,273.54,266.59,274.18,265.64,40770,38571000.0,3.12,-2.54,-6.95,0.29
2004-06-08,000001,265.64,259.95,268.48,259.63,40314,37510000.0,3.32,-2.49,-6.64,0.29
2004-06-09,000001,259.31,256.78,261.21,255.84,38877,35461000.0,2.07,-1.22,-3.17,0.28
2004-06-10,000001,256.78,256.15,258.68,254.57,31712,28869000.0,1.6,-0.25,-0.63,0.23
2004-06-11,000001,256.47,256.15,264.06,253.62,37255,34106000.0,4.08,0.0,0.0,0.26
2004-06-14,000001,253.62,250.14,255.2,247.3,36667,32776000.0,3.08,-2.35,-6.01,0.26
2004-06-15,000001,249.2,263.11,268.48,247.3,52952,48564000.0,8.47,5.19,12.97,0.38
2004-06-16,000001,263.11,260.26,263.74,257.73,33170,30608000.0,2.28,-1.08,-2.85,0.24
2004-06-17,000001,260.26,253.62,260.26,251.72,29137,26345000.0,3.28,-2.55,-6.64,0.21
2004-06-18,000001,253.62,256.78,258.37,252.04,27005,24410000.0,2.5,1.25,3.16,0.19
2004-06-21,000001,254.25,256.15,256.78,249.2,19164,17245000.0,2.95,-0.25,-0.63,0.14
2004-06-22,000001,256.15,257.1,259.0,253.62,24738,22491000.0,2.1,0.37,0.95,0.18
2004-06-23,000001,258.37,255.2,259.31,253.62,17311,15688000.0,2.21,-0.74,-1.9,0.12
2004-06-24,000001,254.25,251.09,257.42,250.46,27591,24773000.0,2.73,-1.61,-4.11,0.2
2004-06-25,000001,250.46,249.51,256.78,249.2,31038,27688000.0,3.02,-0.63,-1.58,0.22
2004-06-28,000001,247.61,234.97,250.46,234.02,59999,52004000.0,6.59,-5.83,-14.54,0.43
2004-06-29,000001,234.97,240.97,241.92,234.65,35767,30385000.0,3.09,2.55,6.0,0.25
2004-07-01,000001,238.44,246.03,247.3,236.23,36506,31763000.0,4.59,2.1,5.06,0.26
2004-07-02,000001,246.67,243.82,247.3,242.55,27356,23777000.0,1.93,-0.9,-2.21,0.19
2004-07-05,000001,244.14,242.24,245.4,240.66,16821,14500000.0,1.94,-0.65,-1.58,0.12
2004-07-06,000001,242.24,243.5,246.03,242.24,20886,18185000.0,1.56,0.52,1.26,0.15
2004-07-07,000001,243.5,239.71,244.14,238.76,19232,16468000.0,2.21,-1.56,-3.79,0.14
2004-07-08,000001,239.39,238.13,240.34,237.81,18288,15596000.0,1.06,-0.66,-1.58,0.13
2004-07-09,000001,239.39,236.23,244.77,235.6,23202,19911000.0,3.85,-0.8,-1.9,0.16
2004-07-12,000001,236.23,231.49,237.5,230.85,35563,29650000.0,2.82,-2.01,-4.74,0.25
2004-07-13,000001,232.12,233.07,234.33,231.17,13792,11495000.0,1.37,0.68,1.58,0.1
2004-07-14,000001,233.07,230.85,234.65,227.69,23814,19667000.0,2.99,-0.95,-2.22,0.17
2004-07-15,000001,231.17,234.65,236.23,230.85,21130,17657000.0,2.33,1.65,3.8,0.15
2004-07-16,000001,234.65,240.66,241.61,234.33,52502,44831000.0,3.1,2.56,6.01,0.37
2004-07-19,000001,240.34,240.66,242.87,237.5,24753,21239000.0,2.23,0.0,0.0,0.18
2004-07-20,000001,240.66,236.55,240.66,236.23,23021,19522000.0,1.84,-1.71,-4.11,0.16
2004-07-21,000001,236.55,234.33,237.18,234.02,18619,15642000.0,1.34,-0.94,-2.22,0.13
2004-07-22,000001,234.65,229.27,236.23,228.32,37571,31070000.0,3.38,-2.16,-5.06,0.27
2004-07-23,000001,228.96,226.43,228.96,222.0,59088,47645000.0,3.04,-1.24,-2.84,0.42
2004-07-26,000001,226.74,225.48,229.27,224.85,21197,17251000.0,1.95,-0.42,-0.95,0.15
2004-07-27,000001,225.48,223.27,227.06,222.0,22089,17836000.0,2.24,-0.98,-2.21,0.16
2004-07-28,000001,223.58,225.16,227.06,222.95,15678,12683000.0,1.84,0.85,1.89,0.11
2004-07-29,000001,225.16,228.32,228.64,225.16,19589,15967000.0,1.55,1.4,3.16,0.14
2004-07-30,000001,228.32,225.48,228.96,224.53,16340,13265000.0,1.94,-1.24,-2.84,0.12
2004-08-02,000001,224.53,223.9,225.16,222.32,14772,11888000.0,1.26,-0.7,-1.58,0.1
2004-08-03,000001,223.9,222.95,224.53,222.32,17099,13737000.0,0.99,-0.42,-0.95,0.12
2004-08-04,000001,222.63,228.01,231.17,222.0,31044,25240000.0,4.11,2.27,5.06,0.22
2004-08-05,000001,226.74,224.85,230.22,224.53,17883,14573000.0,2.5,-1.39,-3.16,0.13
2004-08-06,000001,224.85,225.16,226.74,224.53,13945,11302000.0,0.98,0.14,0.31,0.1
2004-08-09,000001,225.16,225.8,228.32,222.95,16164,13079000.0,2.38,0.28,0.64,0.11
2004-08-10,000001,226.11,226.43,227.38,222.63,19173,15523000.0,2.1,0.28,0.63,0.14
2004-08-11,000001,226.43,224.85,226.74,223.58,13760,11127000.0,1.4,-0.7,-1.58,0.1
2004-08-12,000001,224.21,221.05,224.21,218.84,31741,25327000.0,2.39,-1.69,-3.8,0.23
2004-08-13,000001,221.37,222.95,227.06,220.74,21908,17612000.0,2.86,0.86,1.9,0.16
2004-08-16,000001,223.27,223.9,228.32,221.05,18274,14687000.0,3.26,0.43,0.95,0.13
2004-08-17,000001,225.16,224.21,225.16,222.0,11603,9347000.0,1.41,0.14,0.31,0.08
2004-08-18,000001,225.16,226.11,229.27,224.53,37891,30946000.0,2.11,0.85,1.9,0.27
2004-08-19,000001,225.16,224.85,226.74,222.63,22110,17831000.0,1.82,-0.56,-1.26,0.16
2004-08-20,000001,224.53,227.06,227.69,223.27,20919,17003000.0,1.97,0.98,2.21,0.15
2004-08-23,000001,227.69,224.85,228.32,223.9,16326,13228000.0,1.95,-0.97,-2.21,0.12
2004-08-24,000001,223.58,226.11,227.38,223.27,16104,13078000.0,1.83,0.56,1.26,0.11
2004-08-25,000001,226.74,224.53,227.38,223.9,10011,8111000.0,1.54,-0.7,-1.58,0.07
2004-08-26,000001,224.53,222.0,225.16,222.0,22762,18262000.0,1.41,-1.13,-2.53,0.16
2004-08-27,000001,221.37,220.74,223.58,219.47,18342,14611000.0,1.85,-0.57,-1.26,0.13
2004-08-30,000001,220.74,223.9,225.48,219.15,13893,11121000.0,2.87,1.43,3.16,0.1
2004-08-31,000001,227.06,227.06,228.32,224.85,30172,24552000.0,1.55,1.41,3.16,0.21
2004-09-01,000001,227.06,222.63,227.06,222.0,13631,10951000.0,2.23,-1.95,-4.43,0.1
2004-09-02,000001,222.32,222.32,224.53,219.79,19697,15708000.0,2.13,-0.14,-0.31,0.14
2004-09-03,000001,222.32,221.37,223.58,221.05,12033,9632000.0,1.14,-0.43,-0.95,0.09
2004-09-06,000001,221.68,221.05,221.68,219.15,8748,6962000.0,1.14,-0.14,-0.32,0.06
2004-09-07,000001,221.37,225.48,226.74,221.37,10652,8559000.0,2.43,2.0,4.43,0.08
2004-09-08,000001,225.48,224.85,226.11,222.32,15764,12724000.0,1.68,-0.28,-0.63,0.11
2004-09-09,000001,224.85,219.79,224.85,218.21,19926,15860000.0,2.95,-2.25,-5.06,0.14
2004-09-10,000001,218.21,224.21,224.85,217.57,22217,17722000.0,3.31,2.01,4.42,0.16
2004-09-13,000001,222.63,219.15,222.63,217.57,17247,13656000.0,2.26,-2.26,-5.06,0.12
2004-09-14,000001,219.47,224.85,226.74,219.47,32961,26611000.0,3.32,2.6,5.7,0.23
2004-09-15,000001,224.85,232.44,237.18,222.95,104848,86959000.0,6.33,3.38,7.59,0.74
2004-09-16,000001,234.97,233.07,237.18,230.85,65189,54568000.0,2.72,0.27,0.63,0.46
2004-09-17,000001,233.7,238.44,239.39,231.49,94130,79464000.0,3.39,2.3,5.37,0.67
2004-09-20,000001,238.44,246.35,246.67,237.18,126191,108731000.0,3.98,3.32,7.91,0.9
2004-09-21,000001,247.3,243.5,248.88,240.34,105926,91720000.0,3.47,-1.16,-2.85,0.75
2004-09-22,000001,249.83,244.77,261.21,244.14,252434,226239008.0,7.01,0.52,1.27,1.79
2004-09-23,000001,244.45,251.41,252.04,236.86,99278,85824000.0,6.2,2.71,6.64,0.7
2004-09-24,000001,250.46,240.66,252.99,240.34,132408,116636000.0,5.03,-4.28,-10.75,0.94
2004-09-27,000001,240.97,231.49,246.35,230.54,75411,63850000.0,6.57,-3.81,-9.17,0.54
2004-09-28,000001,231.49,228.96,234.65,227.69,66121,54731000.0,3.01,-1.09,-2.53,0.47
2004-09-29,000001,229.91,225.48,230.54,224.53,77385,63014000.0,2.62,-1.52,-3.48,0.55
2004-09-30,000001,226.11,227.06,228.32,225.48,34359,27963000.0,1.26,0.7,1.58,0.24
2004-10-08,000001,228.32,228.32,229.59,220.1,45990,37094000.0,4.18,0.55,1.26,0.33
2004-10-11,000001,231.49,229.59,237.5,229.27,75608,63240000.0,3.6,0.56,1.27,0.54
2004-10-12,000001,228.96,223.58,229.27,222.63,55840,45079000.0,2.89,-2.62,-6.01,0.4
2004-10-13,000001,223.58,226.74,227.69,223.58,31298,25353000.0,1.84,1.41,3.16,0.22
2004-10-14,000001,226.74,217.89,227.06,217.57,64187,51068000.0,4.19,-3.9,-8.85,0.46
2004-10-15,000001,217.26,218.52,222.0,216.31,42269,33368000.0,2.61,0.29,0.63,0.3
2004-10-18,000001,218.84,214.1,220.74,211.25,51710,40149000.0,4.34,-2.02,-4.42,0.37
2004-10-19,000001,214.41,215.68,220.42,214.41,35560,27898000.0,2.81,0.74,1.58,0.25
2004-10-20,000001,215.68,210.62,215.68,206.51,48639,37156000.0,4.25,-2.35,-5.06,0.35
2004-10-21,000001,209.98,190.7,210.3,187.22,185231,131908000.0,10.96,-9.46,-19.92,1.32
2004-10-22,000001,190.38,185.32,190.7,177.73,116362,79058000.0,6.8,-2.82,-5.38,0.83
2004-10-25,000001,190.38,187.85,195.12,186.58,71177,49579000.0,4.61,1.37,2.53,0.51
2004-10-26,000001,187.22,189.75,190.7,183.42,43069,29592000.0,3.88,1.01,1.9,0.31
2004-10-27,000001,189.75,190.06,190.38,184.37,48139,33244000.0,3.17,0.16,0.31,0.34
2004-10-28,000001,190.38,190.38,193.54,188.17,55857,39240000.0,2.83,0.17,0.32,0.4
2004-10-29,000001,191.33,195.75,207.77,191.01,156950,114849000.0,8.8,2.82,5.37,1.11
2004-11-01,000001,195.12,197.65,200.5,190.38,65881,46973000.0,5.17,0.97,1.9,0.47
2004-11-02,000001,195.12,193.22,198.28,191.33,38456,27293000.0,3.52,-2.24,-4.43,0.27
2004-11-03,000001,193.54,193.86,196.07,190.7,32333,22902000.0,2.78,0.33,0.64,0.23
2004-11-04,000001,193.86,188.8,196.7,188.17,36709,25937000.0,4.4,-2.61,-5.06,0.26
2004-11-05,000001,193.22,189.11,194.17,188.48,21632,15121000.0,3.01,0.16,0.31,0.15
2004-11-08,000001,189.75,186.27,190.38,184.05,28867,19754000.0,3.35,-1.5,-2.84,0.2
2004-11-09,000001,187.22,185.95,187.85,183.74,24319,16641000.0,2.21,-0.17,-0.32,0.17
2004-11-10,000001,185.64,193.54,194.81,184.37,54545,38232000.0,5.61,4.08,7.59,0.39
2004-11-11,000001,195.12,192.28,196.7,191.96,75715,54047000.0,2.45,-0.65,-1.26,0.54
2004-11-12,000001,191.96,190.7,193.22,189.75,35971,25249000.0,1.8,-0.82,-1.58,0.26
2004-11-15,000001,191.01,193.54,196.7,191.01,32894,23379000.0,2.98,1.49,2.84,0.23
2004-11-16,000001,194.49,196.7,198.28,194.17,51791,37169000.0,2.12,1.63,3.16,0.37
2004-11-17,000001,197.02,192.59,198.28,191.96,26569,18883000.0,3.21,-2.09,-4.11,0.19
2004-11-18,000001,192.91,196.39,196.7,191.64,30271,21573000.0,2.63,1.97,3.8,0.21
2004-11-19,000001,197.34,203.34,206.19,197.34,149050,109945000.0,4.51,3.54,6.95,1.06
2004-11-22,000001,203.03,202.4,204.61,200.18,44725,32959000.0,2.18,-0.46,-0.94,0.32
2004-11-23,000001,202.4,198.92,202.4,197.65,33867,24631000.0,2.35,-1.72,-3.48,0.24
2004-11-24,000001,199.87,195.44,200.5,195.12,33549,24280000.0,2.7,-1.75,-3.48,0.24
2004-11-25,000001,194.81,196.7,197.97,194.81,22767,16362000.0,1.62,0.64,1.26,0.16
2004-11-26,000001,196.7,196.07,197.97,195.44,17372,12498000.0,1.29,-0.32,-0.63,0.12
2004-11-29,000001,196.07,192.28,196.39,191.96,23465,16665000.0,2.26,-1.93,-3.79,0.17
2004-11-30,000001,191.33,191.96,193.54,190.06,28607,20121000.0,1.81,-0.17,-0.32,0.2
2004-12-01,000001,191.33,188.48,191.33,187.22,37528,26063000.0,2.14,-1.81,-3.48,0.27
2004-12-02,000001,188.48,190.38,190.38,187.22,20756,14404000.0,1.68,1.01,1.9,0.15
2004-12-03,000001,190.38,191.01,192.28,189.75,21542,15098000.0,1.33,0.33,0.63,0.15
2004-12-06,000001,191.01,189.75,191.96,188.8,19089,13330000.0,1.65,-0.66,-1.26,0.14
2004-12-07,000001,190.38,190.38,192.28,189.11,19666,13807000.0,1.67,0.33,0.63,0.14
2004-12-08,000001,191.01,189.11,192.91,188.8,25975,18171000.0,2.16,-0.67,-1.27,0.18
2004-12-09,000001,189.11,193.22,197.97,187.22,43280,30590000.0,5.68,2.17,4.11,0.31
2004-12-10,000001,192.91,188.48,193.22,188.17,22710,15873000.0,2.61,-2.45,-4.74,0.16
2004-12-14,000001,188.17,186.27,189.43,185.95,22628,15609000.0,1.85,-1.17,-2.21,0.16
2004-12-15,000001,185.95,189.11,190.06,185.64,24050,16630000.0,2.37,1.52,2.84,0.17
2004-12-16,000001,188.8,190.06,195.75,186.27,36225,25486000.0,5.01,0.5,0.95,0.26
2004-12-17,000001,187.85,187.53,191.64,186.9,20595,14309000.0,2.49,-1.33,-2.53,0.15
2004-12-20,000001,187.22,185.95,187.53,185.64,30022,20649000.0,1.01,-0.84,-1.58,0.21
2004-12-21,000001,185.95,185.95,188.8,184.05,24203,16560000.0,2.55,0.0,0.0,0.17
2004-12-22,000001,185.95,189.43,189.75,185.0,38337,26424000.0,2.55,1.87,3.48,0.27
2004-12-23,000001,188.8,186.58,191.33,186.58,17384,12059000.0,2.51,-1.5,-2.85,0.12
2004-12-24,000001,186.9,184.69,188.17,184.05,17691,12124000.0,2.21,-1.01,-1.89,0.13
2004-12-27,000001,184.69,182.47,184.69,180.26,27009,18215000.0,2.4,-1.2,-2.22,0.19
2004-12-28,000001,182.16,180.58,182.16,179.31,18509,12380000.0,1.56,-1.04,-1.89,0.13
2004-12-29,000001,180.58,179.63,182.16,179.31,20575,13723000.0,1.58,-0.53,-0.95,0.15
2004-12-30,000001,179.63,177.1,180.58,176.15,36785,24351000.0,2.47,-1.41,-2.53,0.26
2004-12-31,000001,177.1,177.41,179.63,177.1,17521,11594000.0,1.43,0.18,0.31,0.12
2005-01-04,000001,177.41,175.2,177.41,173.3,17608,11465000.0,2.32,-1.25,-2.21,0.12
2005-01-05,000001,175.2,173.3,176.15,169.82,32221,20718000.0,3.61,-1.08,-1.9,0.23
2005-01-06,000001,174.57,175.2,177.41,172.99,26664,17333000.0,2.55,1.1,1.9,0.19
2005-01-07,000001,177.1,174.88,177.73,173.3,18861,12302000.0,2.53,-0.18,-0.32,0.13
2005-01-10,000001,174.88,177.41,177.41,170.46,26320,17111000.0,3.97,1.45,2.53,0.19
2005-01-12,000001,177.73,175.52,178.05,173.62,16386,10672000.0,2.5,-1.07,-1.89,0.12
2005-01-13,000001,175.52,176.78,177.73,174.57,16007,10504000.0,1.8,0.72,1.26,0.11
2005-01-14,000001,177.1,174.57,177.73,174.25,16047,10476000.0,1.97,-1.25,-2.21,0.11
2005-01-17,000001,173.62,166.66,173.62,165.4,31714,20039000.0,4.71,-4.53,-7.91,0.23
2005-01-18,000001,166.66,165.71,167.93,163.5,25917,16109000.0,2.66,-0.57,-0.95,0.18
2005-01-19,000001,165.71,163.82,166.66,163.5,16853,10416000.0,1.91,-1.14,-1.89,0.12
2005-01-20,000001,163.82,159.07,163.82,158.12,39489,23815000.0,3.48,-2.9,-4.75,0.28
2005-01-21,000001,158.76,171.72,174.57,154.01,100378,62408000.0,12.93,7.95,12.65,0.71
2005-01-24,000001,177.73,173.62,179.31,170.77,64583,41761000.0,4.97,1.11,1.9,0.46
2005-01-25,000001,172.99,168.56,173.3,167.3,35001,22142000.0,3.46,-2.91,-5.06,0.25
2005-01-26,000001,168.24,168.24,173.3,166.35,25375,16124000.0,4.12,-0.19,-0.32,0.18
2005-01-27,000001,167.93,163.18,168.24,162.24,25250,15671000.0,3.57,-3.01,-5.06,0.18
2005-01-28,000001,162.87,164.13,164.45,160.34,23312,14212000.0,2.52,0.58,0.95,0.17
2005-01-31,000001,163.5,160.65,163.5,159.71,18578,11288000.0,2.31,-2.12,-3.48,0.13
2005-02-01,000001,160.97,161.6,164.77,160.65,21267,13006000.0,2.56,0.59,0.95,0.15
2005-02-02,000001,161.92,171.41,171.72,161.6,56966,35957000.0,6.26,6.07,9.81,0.4
2005-02-03,000001,171.41,168.56,172.67,168.24,41407,26337000.0,2.58,-1.66,-2.85,0.29
2005-02-04,000001,168.24,177.73,182.16,166.35,89179,58460000.0,9.38,5.44,9.17,0.63
2005-02-16,000001,177.73,177.41,180.26,175.52,42316,27970000.0,2.67,-0.18,-0.32,0.3
2005-02-17,000001,177.73,176.47,179.0,174.88,30279,19839000.0,2.32,-0.53,-0.94,0.21
2005-02-18,000001,177.1,177.73,180.26,176.15,39646,26213000.0,2.33,0.71,1.26,0.28
2005-02-21,000001,178.68,181.21,183.11,178.68,64608,43335000.0,2.49,1.96,3.48,0.46
2005-02-22,000001,181.21,182.16,182.79,177.73,78425,52460000.0,2.79,0.52,0.95,0.56
2005-02-23,000001,182.16,179.94,183.11,178.05,51198,34215000.0,2.78,-1.22,-2.22,0.36
2005-02-24,000001,180.26,178.68,180.26,176.78,49872,32969000.0,1.93,-0.7,-1.26,0.35
2005-02-25,000001,178.68,179.0,182.79,178.68,56578,37865000.0,2.3,0.18,0.32,0.4
2005-02-28,000001,179.0,173.94,179.31,172.67,51587,33546000.0,3.71,-2.83,-5.06,0.37
2005-03-01,000001,173.94,171.41,174.57,170.77,33636,21592000.0,2.18,-1.45,-2.53,0.24
2005-03-02,000001,171.41,170.77,173.62,170.14,30798,19739000.0,2.03,-0.37,-0.64,0.22
2005-03-03,000001,170.77,172.67,172.99,169.82,17799,11399000.0,1.86,1.11,1.9,0.13
2005-03-04,000001,172.67,170.14,172.67,169.19,21761,13861000.0,2.02,-1.47,-2.53,0.15
2005-03-07,000001,169.19,166.35,170.77,166.03,31734,19970000.0,2.79,-2.23,-3.79,0.23
2005-03-08,000001,170.77,169.82,170.77,166.66,45619,28709000.0,2.47,2.09,3.47,0.32
2005-03-09,000001,170.14,167.93,170.77,166.35,43561,27405000.0,2.6,-1.11,-1.89,0.31
2005-03-10,000001,167.61,163.82,167.61,162.87,41145,25487000.0,2.82,-2.45,-4.11,0.29
2005-03-11,000001,161.92,162.55,164.13,161.29,36265,22164000.0,1.73,-0.78,-1.27,0.26
2005-03-14,000001,162.55,161.29,164.13,159.39,36933,22469000.0,2.92,-0.78,-1.26,0.26
2005-03-15,000001,161.92,158.44,163.5,157.49,43329,26068000.0,3.73,-1.77,-2.85,0.31
2005-03-16,000001,158.44,156.54,158.76,155.6,32009,19019000.0,1.99,-1.2,-1.9,0.23
2005-03-17,000001,156.86,157.81,159.71,156.54,28749,17202000.0,2.03,0.81,1.27,0.2
2005-03-18,000001,158.76,156.54,160.34,155.6,32110,19121000.0,3.0,-0.8,-1.27,0.23
2005-03-21,000001,156.54,156.86,158.76,155.6,18410,10936000.0,2.02,0.2,0.32,0.13
2005-03-22,000001,158.44,144.21,158.76,143.26,52362,29748000.0,9.88,-8.06,-12.65,0.37
2005-03-23,000001,144.21,138.52,145.48,137.89,59658,32514000.0,5.26,-3.95,-5.69,0.42
2005-03-24,000001,138.84,139.78,141.37,137.25,53108,28537000.0,2.97,0.91,1.26,0.38
2005-03-25,000001,139.78,139.78,141.05,137.89,25488,13743000.0,2.26,0.0,0.0,0.18
2005-03-28,000001,139.15,136.62,139.78,134.72,27450,14545000.0,3.62,-2.26,-3.16,0.19
2005-03-29,000001,136.62,136.62,138.84,135.99,19248,10245000.0,2.09,0.0,0.0,0.14
2005-03-30,000001,136.62,130.3,136.62,128.72,42336,21780000.0,5.78,-4.63,-6.32,0.3
2005-03-31,000001,129.98,133.78,134.41,129.03,34085,17553000.0,4.13,2.67,3.48,0.24
2005-04-01,000001,133.46,146.11,150.22,130.93,70046,38229000.0,14.42,9.22,12.33,0.5
2005-04-04,000001,143.58,140.42,145.48,138.52,53689,29392000.0,4.76,-3.89,-5.69,0.38
2005-04-05,000001,140.42,142.63,146.42,139.78,45102,24840000.0,4.73,1.57,2.21,0.32
2005-04-06,000001,142.95,146.42,148.32,139.78,52851,29248000.0,5.99,2.66,3.79,0.38
2005-04-07,000001,149.27,164.13,164.13,149.27,250415,152371008.0,10.15,12.1,17.71,1.78
2005-04-08,000001,167.93,183.74,183.74,164.45,497164,320032992.0,11.75,11.95,19.61,3.53
2005-04-11,000001,184.05,188.48,202.71,178.36,557051,390768000.0,13.25,2.58,4.74,3.95
2005-04-12,000001,186.58,179.0,187.53,178.36,291348,196698000.0,4.87,-5.03,-9.48,2.07
2005-04-13,000001,180.89,186.58,194.49,180.26,410495,284352992.0,7.95,4.23,7.58,2.91
2005-04-14,000001,185.64,177.73,186.27,175.2,203301,135472992.0,5.93,-4.74,-8.85,1.44
2005-04-15,000001,174.57,178.68,183.11,170.77,184026,121206000.0,6.94,0.53,0.95,1.31
2005-04-18,000001,177.1,172.35,177.1,169.82,101993,65648000.0,4.07,-3.54,-6.33,0.72
2005-04-19,000001,172.35,182.47,183.74,171.72,192045,127516000.0,6.97,5.87,10.12,1.36
2005-04-20,000001,177.73,178.68,182.16,172.99,132125,87204000.0,5.03,-2.08,-3.79,0.94
2005-04-22,000001,163.82,158.12,171.41,157.81,249130,152338000.0,7.61,-11.51,-20.56,1.77
2005-04-25,000001,152.43,152.12,154.01,139.78,164400,92417000.0,9.0,-3.79,-6.0,1.17
2005-04-26,000001,151.48,160.34,162.87,149.27,144874,85802000.0,8.94,5.4,8.22,1.03
2005-04-27,000001,160.34,149.9,160.34,148.64,109798,63958000.0,7.3,-6.51,-10.44,0.78
2005-04-28,000001,149.27,154.96,159.39,142.31,132633,77119000.0,11.39,3.38,5.06,0.94
2005-04-29,000001,154.96,165.08,173.62,152.43,236273,146846000.0,13.67,6.53,10.12,1.68
2005-05-09,000001,166.03,161.6,167.3,158.12,96939,59428000.0,5.56,-2.11,-3.48,0.69
2005-05-10,000001,161.6,168.56,170.14,157.81,108414,67332000.0,7.63,4.31,6.96,0.77
2005-05-11,000001,167.61,164.77,171.41,162.55,106868,66813000.0,5.26,-2.25,-3.79,0.76
2005-05-12,000001,164.45,164.77,169.51,163.18,79396,49387000.0,3.84,0.0,0.0,0.56
2005-05-13,000001,164.77,159.39,166.35,155.6,111481,67292000.0,6.52,-3.27,-5.38,0.79
2005-05-16,000001,159.39,155.6,159.39,151.17,54461,32003000.0,5.16,-2.38,-3.79,0.39
2005-05-17,000001,155.6,160.65,163.5,152.75,60944,36815000.0,6.91,3.25,5.05,0.43
2005-05-18,000001,160.65,163.18,165.08,160.02,52046,31843000.0,3.15,1.57,2.53,0.37
2005-05-19,000001,163.18,165.08,167.3,159.07,72994,45054000.0,5.04,1.16,1.9,0.52
2005-05-20,000001,165.71,165.4,169.51,162.55,98810,61928000.0,4.22,0.19,0.32,0.7
2005-05-23,000001,162.87,157.49,163.82,157.49,82638,49957000.0,3.83,-4.78,-7.91,0.59
2005-05-24,000001,157.18,163.82,166.03,155.91,69936,42826000.0,6.43,4.02,6.33,0.5
2005-05-25,000001,164.45,164.13,167.61,161.92,55267,34222000.0,3.47,0.19,0.31,0.39
2005-05-26,000001,163.82,163.18,165.4,162.55,43689,26903000.0,1.74,-0.58,-0.95,0.31
2005-05-27,000001,163.18,163.5,167.61,162.55,54319,33668000.0,3.1,0.2,0.32,0.39
2005-05-30,000001,161.92,161.92,163.5,155.6,58045,35028000.0,4.83,-0.97,-1.58,0.41
2005-05-31,000001,161.92,159.07,163.82,157.18,59995,36305000.0,4.1,-1.76,-2.85,0.43
2005-06-01,000001,159.07,157.18,160.02,156.54,38591,23047000.0,2.19,-1.19,-1.89,0.27
2005-06-02,000001,157.18,151.8,159.39,149.27,78764,45884000.0,6.44,-3.42,-5.38,0.56
2005-06-03,000001,151.8,153.38,158.76,149.59,66447,38920000.0,6.04,1.04,1.58,0.47
2005-06-06,000001,153.07,156.86,157.49,149.59,49616,29060000.0,5.15,2.27,3.48,0.35
2005-06-07,000001,158.12,156.86,161.92,155.6,69658,41759000.0,4.03,0.0,0.0,0.49
2005-06-08,000001,156.54,174.25,175.52,156.54,220116,138782000.0,12.1,11.09,17.39,1.56
2005-06-09,000001,174.25,173.94,179.0,170.77,212710,138010000.0,4.72,-0.18,-0.31,1.51
2005-06-10,000001,172.99,177.1,188.17,171.41,257083,171604000.0,9.64,1.82,3.16,1.82
2005-06-13,000001,177.1,174.57,180.89,170.77,137635,89578000.0,5.71,-1.43,-2.53,0.98
2005-06-14,000001,174.57,171.09,180.89,170.77,103633,67648000.0,5.8,-1.99,-3.48,0.74
2005-06-15,000001,169.82,165.71,172.04,164.77,72632,45629000.0,4.25,-3.14,-5.38,0.52
2005-06-16,000001,165.71,170.46,172.04,165.71,66953,42332000.0,3.82,2.87,4.75,0.48
2005-06-20,000001,170.14,171.09,174.57,160.97,152498,96519000.0,7.98,0.37,0.63,1.08
2005-06-21,000001,172.04,171.09,175.52,168.56,94895,61052000.0,4.07,0.0,0.0,0.67
2005-06-22,000001,172.04,173.94,175.52,171.09,87667,56644000.0,2.59,1.67,2.85,0.62
2005-06-23,000001,173.3,166.03,175.2,164.45,114949,72681000.0,6.18,-4.55,-7.91,0.82
2005-06-24,000001,165.71,167.93,168.24,164.45,52761,32967000.0,2.28,1.14,1.9,0.37
2005-06-27,000001,171.09,172.04,174.57,170.14,112689,72527000.0,2.64,2.45,4.11,0.8
2005-06-28,000001,171.41,166.66,171.41,165.71,71990,45167000.0,3.31,-3.13,-5.38,0.51
2005-06-29,000001,167.61,165.71,168.88,165.71,31683,19801000.0,1.9,-0.57,-0.95,0.22
2005-06-30,000001,165.4,156.54,165.71,156.23,111055,66944000.0,5.72,-5.53,-9.17,0.79
2005-07-01,000001,156.23,152.12,157.18,150.54,76134,44347000.0,4.24,-2.82,-4.42,0.54
2005-07-04,000001,150.85,153.7,154.01,148.64,55687,31891000.0,3.53,1.04,1.58,0.4
2005-07-05,000001,152.43,151.17,154.01,149.59,27548,15924000.0,2.88,-1.65,-2.53,0.2
2005-07-06,000001,150.85,148.32,153.07,146.74,42108,24070000.0,4.19,-1.89,-2.85,0.3
2005-07-07,000001,146.74,148.01,150.22,146.74,27167,15400000.0,2.35,-0.21,-0.31,0.19
2005-07-08,000001,148.01,141.68,148.01,141.37,67665,37220000.0,4.49,-4.28,-6.33,0.48
2005-07-11,000001,142.95,142.63,148.32,141.37,44165,24514000.0,4.91,0.67,0.95,0.31
2005-07-12,000001,142.63,152.75,154.96,140.42,80901,46324000.0,10.19,7.1,10.12,0.57
2005-07-13,000001,152.12,150.22,152.75,149.59,42077,24175000.0,2.07,-1.66,-2.53,0.3
2005-07-14,000001,150.22,151.17,153.07,149.59,34052,19648000.0,2.32,0.63,0.95,0.24
2005-07-15,000001,150.54,148.01,152.43,146.11,31852,18141000.0,4.18,-2.09,-3.16,0.23
2005-07-18,000001,148.01,147.69,149.27,143.58,44365,24948000.0,3.84,-0.22,-0.32,0.31
2005-07-19,000001,147.69,149.9,152.43,144.53,51449,29200000.0,5.35,1.5,2.21,0.37
2005-07-20,000001,150.22,152.12,153.07,148.01,55713,32182000.0,3.38,1.48,2.22,0.4
2005-07-21,000001,152.43,151.8,152.43,149.27,26089,14990000.0,2.08,-0.21,-0.32,0.19
2005-07-22,000001,152.75,157.18,160.34,152.75,126141,75059000.0,5.0,3.54,5.38,0.9
2005-07-25,000001,156.86,156.86,159.39,154.33,54791,32591000.0,3.22,-0.2,-0.32,0.39
2005-07-26,000001,156.54,159.07,161.92,155.91,86025,51893000.0,3.83,1.41,2.21,0.61
2005-07-27,000001,159.39,160.97,161.29,156.54,72875,43727000.0,2.99,1.19,1.9,0.52
2005-07-28,000001,160.97,159.39,163.5,158.76,95220,57827000.0,2.94,-0.98,-1.58,0.68
2005-07-29,000001,158.76,156.54,159.71,155.28,60472,35946000.0,2.78,-1.79,-2.85,0.43
2005-08-01,000001,156.23,156.54,158.44,153.07,53322,31453000.0,3.43,0.0,0.0,0.38
2005-08-02,000001,156.86,159.39,159.71,154.65,62683,37227000.0,3.23,1.82,2.85,0.44
2005-08-03,000001,160.02,161.92,169.51,159.07,155431,96121000.0,6.55,1.59,2.53,1.1
2005-08-04,000001,161.6,160.02,163.5,159.39,68460,41579000.0,2.54,-1.17,-1.9,0.49
2005-08-05,000001,160.02,165.71,166.66,160.02,149192,92365000.0,4.15,3.56,5.69,1.06
2005-08-08,000001,166.66,166.35,168.56,164.13,97054,60519000.0,2.67,0.39,0.64,0.69
2005-08-09,000001,166.66,167.3,167.61,163.5,84561,52556000.0,2.47,0.57,0.95,0.6
2005-08-10,000001,167.61,168.24,170.46,165.4,115491,72491000.0,3.02,0.56,0.94,0.82
2005-08-11,000001,168.24,173.62,174.25,167.3,225320,144216992.0,4.13,3.2,5.38,1.6
2005-08-12,000001,173.62,165.08,173.94,165.08,168574,106591000.0,5.1,-4.92,-8.54,1.2
2005-08-15,000001,165.08,168.24,169.19,164.13,97681,60947000.0,3.07,1.91,3.16,0.69
2005-08-16,000001,168.24,163.5,169.19,162.55,110893,68620000.0,3.95,-2.82,-4.74,0.79
2005-08-17,000001,163.5,164.77,165.08,158.12,104519,63761000.0,4.26,0.78,1.27,0.74
2005-08-18,000001,164.77,159.39,167.93,158.76,134629,82577000.0,5.57,-3.27,-5.38,0.96
2005-08-19,000001,159.39,157.81,163.18,155.6,78197,46883000.0,4.76,-0.99,-1.58,0.55
2005-08-22,000001,158.44,160.02,161.29,157.18,46587,28052000.0,2.6,1.4,2.21,0.33
2005-08-23,000001,160.02,158.44,160.34,154.65,66127,39431000.0,3.56,-0.99,-1.58,0.47
2005-08-24,000001,157.81,159.71,161.29,157.81,49655,29951000.0,2.2,0.8,1.27,0.35
2005-08-25,000001,160.02,159.07,160.97,156.86,43178,25921000.0,2.57,-0.4,-0.64,0.31
2005-08-26,000001,158.76,163.5,165.08,158.12,99172,60867000.0,4.38,2.78,4.43,0.7
2005-08-29,000001,164.45,161.29,166.35,160.34,76834,47182000.0,3.68,-1.35,-2.21,0.55
2005-08-30,000001,163.5,162.87,165.71,161.29,88404,54477000.0,2.74,0.98,1.58,0.63
2005-08-31,000001,162.87,166.03,166.35,160.65,100912,62215000.0,3.5,1.94,3.16,0.72
2005-09-01,000001,166.35,167.93,169.51,164.45,152859,95897000.0,3.05,1.14,1.9,1.08
2005-09-02,000001,169.19,166.98,172.67,166.35,132731,83999000.0,3.76,-0.57,-0.95,0.94
2005-09-05,000001,167.3,168.56,168.88,165.08,77980,48765000.0,2.28,0.95,1.58,0.55
2005-09-06,000001,169.19,163.5,169.51,162.87,90479,56411000.0,3.94,-3.0,-5.06,0.64
2005-09-07,000001,163.18,165.4,166.03,161.6,84238,51833000.0,2.71,1.16,1.9,0.6
2005-09-08,000001,165.4,168.88,171.72,164.45,179956,113567000.0,4.4,2.1,3.48,1.28
2005-09-09,000001,168.56,166.66,172.04,166.03,99116,62725000.0,3.56,-1.31,-2.22,0.7
2005-09-12,000001,166.98,166.35,167.93,164.45,49573,30873000.0,2.09,-0.19,-0.31,0.35
2005-09-13,000001,166.35,169.19,169.51,164.45,82124,51399000.0,3.04,1.71,2.84,0.58
2005-09-14,000001,168.88,170.77,171.41,168.24,134423,85405000.0,1.87,0.93,1.58,0.95
2005-09-15,000001,170.77,167.61,171.09,166.98,82729,52137000.0,2.41,-1.85,-3.16,0.59
2005-09-16,000001,167.93,168.24,170.46,166.98,72815,45986000.0,2.08,0.38,0.63,0.52
2005-09-19,000001,168.24,167.61,168.88,165.71,69513,43485000.0,1.88,-0.37,-0.63,0.49
2005-09-20,000001,167.3,163.18,167.3,162.87,105659,65257000.0,2.64,-2.64,-4.43,0.75
2005-09-21,000001,163.18,159.71,164.45,159.39,83603,50898000.0,3.1,-2.13,-3.47,0.59
2005-09-22,000001,159.39,155.6,160.02,153.38,93892,55674000.0,4.16,-2.57,-4.11,0.67
2005-09-23,000001,155.6,154.01,157.18,153.38,47111,27713000.0,2.44,-1.02,-1.59,0.33
2005-09-26,000001,154.01,156.86,157.18,152.75,41001,24081000.0,2.88,1.85,2.85,0.29
2005-09-27,000001,158.44,151.17,158.44,150.85,50313,29231000.0,4.84,-3.63,-5.69,0.36
2005-10-21,000001,167.61,169.51,169.51,160.02,177062,111927000.0,6.28,12.13,18.34,1.26
2005-10-24,000001,176.78,166.66,177.1,166.03,378669,241903008.0,6.53,-1.68,-2.85,2.69
2005-10-25,000001,165.71,161.29,168.24,159.07,174573,106832000.0,5.5,-3.22,-5.37,1.24
2005-10-26,000001,161.92,156.23,163.5,154.01,134733,80724000.0,5.88,-3.14,-5.06,0.96
2005-10-27,000001,156.23,153.38,157.49,151.8,100135,58863000.0,3.64,-1.82,-2.85,0.71
2005-10-28,000001,153.07,145.48,154.65,143.26,102124,58016000.0,7.43,-5.15,-7.9,0.72
2005-10-31,000001,145.48,149.59,151.8,145.48,90950,51856000.0,4.34,2.83,4.11,0.65
2005-11-01,000001,148.95,149.27,150.54,146.11,44721,25340000.0,2.96,-0.21,-0.32,0.32
2005-11-02,000001,148.95,151.17,152.12,148.01,44386,25518000.0,2.75,1.27,1.9,0.31
2005-11-03,000001,151.48,148.32,151.8,146.42,42851,24301000.0,3.56,-1.89,-2.85,0.3
2005-11-04,000001,147.69,149.27,149.59,146.11,31272,17654000.0,2.35,0.64,0.95,0.22
2005-11-07,000001,149.9,149.9,150.22,147.06,31234,17758000.0,2.12,0.42,0.63,0.22
2005-11-08,000001,149.9,151.17,151.8,147.69,32793,18778000.0,2.74,0.85,1.27,0.23
2005-11-09,000001,151.17,149.59,151.8,148.01,26814,15312000.0,2.51,-1.05,-1.58,0.19
2005-11-10,000001,149.27,144.53,149.27,143.9,43691,24437000.0,3.59,-3.38,-5.06,0.31
2005-11-11,000001,144.53,144.21,146.11,143.26,26238,14597000.0,1.97,-0.22,-0.32,0.19
2005-11-14,000001,144.21,146.11,148.01,144.21,16786,9389000.0,2.64,1.32,1.9,0.12
2005-11-15,000001,146.42,146.42,148.32,145.48,27866,15686000.0,1.94,0.21,0.31,0.2
2005-11-16,000001,145.79,148.01,148.01,145.16,23543,13207000.0,1.95,1.09,1.59,0.17
2005-11-17,000001,148.64,148.64,149.27,147.06,33795,19175000.0,1.49,0.43,0.63,0.24
2005-11-18,000001,149.27,151.8,152.75,147.37,75598,43453000.0,3.62,2.13,3.16,0.54
2005-11-21,000001,151.8,150.54,151.8,149.59,34461,19781000.0,1.46,-0.83,-1.26,0.24
2005-11-22,000001,150.22,146.11,150.22,146.11,29898,16881000.0,2.73,-2.94,-4.43,0.21
2005-11-23,000001,145.48,148.01,148.32,144.84,23204,13092000.0,2.38,1.3,1.9,0.16
2005-11-24,000001,148.64,149.27,151.17,146.11,35105,20055000.0,3.42,0.85,1.26,0.25
2005-11-25,000001,149.59,154.96,155.6,148.32,137612,80344000.0,4.88,3.81,5.69,0.98
2005-11-28,000001,154.96,152.12,154.96,151.48,46564,27068000.0,2.25,-1.83,-2.84,0.33
2005-11-29,000001,150.85,151.8,154.33,150.85,31657,18330000.0,2.29,-0.21,-0.32,0.22
2005-11-30,000001,151.17,153.7,154.01,150.54,36485,21214000.0,2.29,1.25,1.9,0.26
2005-12-01,000001,153.7,152.43,154.01,151.48,26393,15323000.0,1.65,-0.83,-1.27,0.19
2005-12-02,000001,152.12,153.38,154.01,151.17,43237,25178000.0,1.86,0.62,0.95,0.31
2005-12-05,000001,152.43,146.74,152.43,146.42,44641,25507000.0,3.92,-4.33,-6.64,0.32
2005-12-06,000001,146.11,151.17,154.01,146.11,49805,28708000.0,5.38,3.02,4.43,0.35
2005-12-07,000001,151.17,152.75,153.38,150.22,40862,23680000.0,2.09,1.05,1.58,0.29
2005-12-08,000001,152.43,152.75,154.96,151.8,35024,20417000.0,2.07,0.0,0.0,0.25
2005-12-09,000001,152.75,154.96,156.23,151.48,74728,43866000.0,3.11,1.45,2.21,0.53
2005-12-12,000001,155.6,155.6,158.12,154.01,64411,38175000.0,2.65,0.41,0.64,0.46
2005-12-13,000001,154.96,155.6,155.6,153.38,36789,21586000.0,1.43,0.0,0.0,0.26
2005-12-14,000001,155.6,160.97,163.82,154.65,144803,87156000.0,5.89,3.45,5.37,1.03
2005-12-15,000001,161.29,158.76,162.24,158.44,130722,78839000.0,2.36,-1.37,-2.21,0.93
2005-12-16,000001,158.76,159.07,159.71,157.49,56907,34144000.0,1.4,0.2,0.31,0.4
2005-12-19,000001,159.07,158.44,159.71,157.18,41006,24564000.0,1.59,-0.4,-0.63,0.29
2005-12-20,000001,158.44,161.6,162.87,158.12,93815,56894000.0,3.0,1.99,3.16,0.67
2005-12-21,000001,161.6,160.65,165.4,160.34,112303,68925000.0,3.13,-0.59,-0.95,0.8
2005-12-22,000001,160.34,160.65,161.6,159.07,48509,29346000.0,1.57,0.0,0.0,0.34
2005-12-23,000001,160.65,162.87,163.82,160.65,73090,44653000.0,1.97,1.38,2.22,0.52
2005-12-26,000001,164.45,166.03,167.3,163.18,158728,98606000.0,2.53,1.94,3.16,1.13
2005-12-27,000001,166.03,165.08,166.03,163.82,55933,34568000.0,1.33,-0.57,-0.95,0.4
2005-12-28,000001,165.08,164.13,165.08,162.87,48707,29975000.0,1.34,-0.58,-0.95,0.35
2005-12-29,000001,164.13,165.71,166.98,163.18,79597,49418000.0,2.32,0.96,1.58,0.56
2005-12-30,000001,166.03,163.18,166.35,162.87,56389,34766000.0,2.1,-1.53,-2.53,0.4
2006-01-04,000001,162.87,167.61,169.19,162.55,154450,96989000.0,4.07,2.71,4.43,1.1
2006-01-05,000001,168.24,168.88,169.82,166.35,153855,96812000.0,2.07,0.76,1.27,1.09
2006-01-06,000001,171.41,171.72,174.57,169.82,238663,153652000.0,2.81,1.68,2.84,1.69
2006-01-09,000001,171.41,171.09,172.67,169.51,110221,70422000.0,1.84,-0.37,-0.63,0.78
2006-01-10,000001,169.82,167.61,170.14,163.5,214267,133992000.0,3.88,-2.03,-3.48,1.52
2006-01-11,000001,167.61,166.03,169.82,165.08,97492,60874000.0,2.83,-0.94,-1.58,0.69
2006-01-12,000001,165.4,167.61,167.61,164.77,67205,41928000.0,1.71,0.95,1.58,0.48
2006-01-13,000001,166.66,165.4,169.82,164.45,79966,49797000.0,3.2,-1.32,-2.21,0.57
2006-01-16,000001,164.45,161.6,164.45,161.29,97704,59761000.0,1.91,-2.3,-3.8,0.69
2006-01-17,000001,161.6,163.18,164.45,160.34,54548,33457000.0,2.54,0.98,1.58,0.39
2006-01-18,000001,163.18,166.03,166.98,162.24,67116,41664000.0,2.9,1.75,2.85,0.48
2006-01-19,000001,166.03,167.61,168.24,164.45,79591,49647000.0,2.28,0.95,1.58,0.56
2006-01-20,000001,168.88,166.03,169.19,164.45,62290,38794000.0,2.83,-0.94,-1.58,0.44
2006-01-23,000001,166.03,164.45,166.66,163.18,70773,43698000.0,2.1,-0.95,-1.58,0.5
2006-01-24,000001,163.82,166.98,167.3,163.18,83739,51929000.0,2.51,1.54,2.53,0.59
2006-01-25,000001,166.66,169.82,170.14,166.03,115598,72851000.0,2.46,1.7,2.84,0.82
2006-02-06,000001,169.82,171.41,173.62,168.88,107031,68383000.0,2.79,0.94,1.59,0.76
2006-02-07,000001,171.41,168.24,171.41,165.08,120944,76012000.0,3.69,-1.85,-3.17,0.86
2006-02-08,000001,167.3,168.24,168.56,164.45,76537,47678000.0,2.44,0.0,0.0,0.54
2006-02-09,000001,167.61,164.77,167.93,164.45,72779,45127000.0,2.07,-2.06,-3.47,0.52
2006-02-10,000001,165.08,165.4,166.35,163.5,59488,36875000.0,1.73,0.38,0.63,0.42
2006-02-13,000001,165.4,165.4,166.98,163.82,54384,33694000.0,1.91,0.0,0.0,0.39
2006-02-14,000001,164.77,166.03,167.93,163.82,54176,33789000.0,2.48,0.38,0.63,0.38
2006-02-15,000001,167.3,168.88,172.67,167.3,151888,96683000.0,3.23,1.72,2.85,1.08
2006-02-16,000001,168.24,164.13,168.24,164.13,94300,58602000.0,2.43,-2.81,-4.75,0.67
2006-02-17,000001,164.13,166.35,167.61,162.87,86068,53456000.0,2.89,1.35,2.22,0.61
2006-02-20,000001,166.35,167.93,170.77,164.45,111640,70511000.0,3.8,0.95,1.58,0.79
2006-02-21,000001,167.93,183.74,185.32,166.98,448756,296836000.0,10.92,9.41,15.81,3.18
2006-02-22,000001,183.11,183.74,185.64,179.63,366174,248056000.0,3.27,0.0,0.0,2.6
2006-02-23,000001,184.05,190.7,192.28,183.42,464860,323756992.0,4.82,3.79,6.96,3.3
2006-02-24,000001,190.7,191.33,191.64,187.22,265480,185344992.0,2.32,0.33,0.63,1.88
2006-02-27,000001,191.96,184.69,193.54,184.05,228343,157472992.0,4.96,-3.47,-6.64,1.62
2006-02-28,000001,184.05,185.32,186.9,178.68,182256,123162000.0,4.45,0.34,0.63,1.29
2006-03-01,000001,185.32,183.42,186.9,182.16,142523,96867000.0,2.56,-1.03,-1.9,1.01
2006-03-02,000001,183.42,176.47,183.74,173.94,208867,138276992.0,5.34,-3.79,-6.95,1.48
2006-03-03,000001,175.83,175.83,178.05,172.35,154893,100863000.0,3.23,-0.36,-0.64,1.1
2006-03-06,000001,175.2,176.47,179.0,174.57,90699,59617000.0,2.52,0.36,0.64,0.64
2006-03-07,000001,176.47,168.88,176.47,168.56,115104,73589000.0,4.48,-4.3,-7.59,0.82
2006-03-08,000001,168.56,170.77,172.04,167.3,87535,55516000.0,2.81,1.12,1.89,0.62
2006-03-09,000001,170.77,166.35,170.77,164.77,96819,60652000.0,3.51,-2.59,-4.42,0.69
2006-03-10,000001,166.03,164.45,167.93,163.82,105557,65528000.0,2.47,-1.14,-1.9,0.75
2006-03-13,000001,165.08,167.3,167.93,164.13,86845,54041000.0,2.31,1.73,2.85,0.62
2006-03-14,000001,166.98,165.08,167.3,164.13,74336,46088000.0,1.89,-1.33,-2.22,0.53
2006-03-15,000001,165.08,167.61,167.61,165.08,59902,37442000.0,1.53,1.53,2.53,0.43
2006-03-16,000001,167.61,167.93,170.46,166.66,76519,48290000.0,2.27,0.19,0.32,0.54
2006-03-17,000001,167.93,165.08,168.56,165.08,59477,37054000.0,2.07,-1.7,-2.85,0.42
2006-03-20,000001,165.08,167.61,168.24,163.5,67418,42004000.0,2.87,1.53,2.53,0.48
2006-03-21,000001,167.61,169.82,172.04,166.03,162677,103448000.0,3.59,1.32,2.21,1.15
2006-03-22,000001,170.14,169.82,171.72,168.56,73080,46371000.0,1.86,0.0,0.0,0.52
2006-03-23,000001,169.82,171.41,172.67,169.82,92361,59044000.0,1.68,0.94,1.59,0.66
2006-03-24,000001,171.41,168.56,172.04,168.56,71661,45433000.0,2.03,-1.66,-2.85,0.51
2006-03-27,000001,168.56,169.82,170.14,164.77,88769,55648000.0,3.19,0.75,1.26,0.63
2006-03-28,000001,169.82,171.09,171.72,168.88,91951,58630000.0,1.67,0.75,1.27,0.65
2006-03-29,000001,171.41,174.57,177.1,171.09,190397,123464000.0,3.51,2.03,3.48,1.35
2006-03-30,000001,174.25,170.46,175.83,168.56,129191,82853000.0,4.16,-2.35,-4.11,0.92
2006-03-31,000001,168.24,170.46,173.62,166.98,103648,65720000.0,3.9,0.0,0.0,0.74
2006-04-03,000001,168.88,171.72,173.62,167.61,125978,80419000.0,3.53,0.74,1.26,0.89
2006-04-04,000001,171.72,176.78,178.68,170.46,201242,131220000.0,4.79,2.95,5.06,1.43
2006-04-05,000001,176.78,177.73,179.63,174.88,192601,127274000.0,2.69,0.54,0.95,1.37
2006-04-06,000001,178.68,175.2,180.58,174.25,178045,116712000.0,3.56,-1.42,-2.53,1.26
2006-04-07,000001,175.2,173.62,176.47,171.72,119630,77509000.0,2.71,-0.9,-1.58,0.85
2006-04-10,000001,173.94,182.16,182.47,173.94,200389,133943000.0,4.91,4.92,8.54,1.42
2006-04-11,000001,182.16,187.85,191.33,179.94,312124,213419008.0,6.25,3.12,5.69,2.21
2006-04-12,000001,187.85,182.16,188.17,181.52,160220,109360000.0,3.54,-3.03,-5.69,1.14
2006-04-13,000001,181.21,178.36,185.32,177.73,152970,102462000.0,4.17,-2.09,-3.8,1.09
2006-04-14,000001,178.05,185.64,185.95,177.1,140248,94447000.0,4.96,4.08,7.28,1.0
2006-04-17,000001,185.64,184.69,187.53,182.47,133423,91209000.0,2.73,-0.51,-0.95,0.95
2006-04-18,000001,184.69,182.16,186.58,181.52,109311,73985000.0,2.74,-1.37,-2.53,0.78
2006-04-19,000001,182.79,186.58,190.06,179.63,221367,151203008.0,5.73,2.43,4.42,1.57
2006-04-20,000001,186.27,183.74,188.8,182.47,139801,95454000.0,3.39,-1.52,-2.84,0.99
2006-04-21,000001,183.74,185.32,186.9,181.21,174793,119113000.0,3.1,0.86,1.58,1.24
2006-04-24,000001,184.05,174.88,185.95,174.57,237667,158330000.0,6.14,-5.63,-10.44,1.69
2006-04-25,000001,174.57,171.09,174.57,168.24,170603,109468000.0,3.62,-2.17,-3.79,1.21
2006-04-26,000001,172.67,191.33,191.33,172.35,228455,158274000.0,11.09,11.83,20.24,1.62
2006-04-27,000001,199.55,201.45,207.45,194.49,858524,630296000.0,6.77,5.29,10.12,6.09
2006-04-28,000001,212.2,218.21,224.85,198.6,684980,523033984.0,13.03,8.32,16.76,4.86
2006-05-08,000001,218.21,217.57,223.58,212.51,411771,324024992.0,5.07,-0.29,-0.64,2.92
2006-05-09,000001,218.21,234.33,237.81,211.25,495567,394876000.0,12.21,7.7,16.76,3.52
2006-05-10,000001,232.44,231.17,242.87,223.9,417477,349094016.0,8.1,-1.35,-3.16,2.96
2006-05-11,000001,229.91,232.12,245.72,226.43,457817,390102016.0,8.34,0.41,0.95,3.25
2006-05-12,000001,232.44,239.08,244.14,231.17,375639,319976000.0,5.59,3.0,6.96,2.67
2006-05-15,000001,238.13,241.92,244.14,232.44,351064,297640000.0,4.89,1.19,2.84,2.49
2006-05-16,000001,239.39,228.32,240.97,223.9,352574,291836000.0,7.06,-5.62,-13.6,2.5
2006-05-17,000001,228.64,229.27,236.86,225.16,265215,219568992.0,5.12,0.42,0.95,1.88
2006-05-18,000001,229.59,225.16,229.91,218.52,232857,187544992.0,4.97,-1.79,-4.11,1.65
2006-05-19,000001,225.16,231.8,234.65,222.95,252505,208534000.0,5.2,2.95,6.64,1.79
2006-05-22,000001,230.22,228.64,231.8,225.8,256455,210183008.0,2.59,-1.36,-3.16,1.82
2006-05-23,000001,226.74,217.26,227.06,216.94,233881,186638000.0,4.43,-4.98,-11.38,1.66
2006-05-24,000001,217.57,222.95,230.54,217.26,262901,211920992.0,6.11,2.62,5.69,1.87
2006-05-25,000001,222.95,228.32,229.91,218.84,211028,171703008.0,4.97,2.41,5.37,1.5
2006-05-26,000001,229.91,246.67,253.31,229.27,709075,612342976.0,10.53,8.04,18.35,5.03
2006-06-12,000001,218.84,218.84,218.84,218.84,22687,17922000.0,0.0,-11.28,-27.83,0.16
2006-06-13,000001,193.86,193.86,199.87,193.86,867240,618648000.0,2.75,-11.41,-24.98,6.15
2006-06-14,000001,193.54,194.49,196.07,185.64,304772,214766000.0,5.38,0.32,0.63,2.16
2006-06-16,000001,197.02,193.86,198.92,192.59,292451,208844000.0,3.25,-0.32,-0.63,2.08
2006-06-19,000001,191.96,192.59,195.12,184.05,200856,141334000.0,5.71,-0.66,-1.27,1.43
2006-06-20,000001,192.28,194.17,195.44,189.43,202263,143171008.0,3.12,0.82,1.58,1.44
2006-06-21,000001,194.17,196.07,197.02,192.91,238934,171000992.0,2.12,0.98,1.9,1.7
2006-06-22,000001,196.07,203.03,205.56,195.12,361339,266218000.0,5.32,3.55,6.96,2.56
2006-06-23,000001,202.08,199.55,202.08,197.97,187236,136584992.0,2.02,-1.71,-3.48,1.33
2006-06-27,000001,199.55,203.03,203.98,199.23,209260,153652992.0,2.38,1.74,3.48,1.48
2006-06-28,000001,203.03,200.18,203.03,199.55,194498,142650000.0,1.71,-1.4,-2.85,1.38
2006-06-29,000001,199.87,205.24,205.87,198.92,222134,164791008.0,3.47,2.53,5.06,1.58
2006-06-30,000001,205.87,208.09,211.88,205.56,223635,169300992.0,3.08,1.39,2.85,1.59
2006-07-03,000001,208.09,225.16,228.32,208.09,325488,258392000.0,9.72,8.2,17.07,2.31
2006-07-04,000001,225.48,223.27,227.06,217.26,229465,183715008.0,4.35,-0.84,-1.89,1.63
2006-07-05,000001,223.27,223.58,229.27,222.0,267597,216430000.0,3.26,0.14,0.31,1.9
2006-07-06,000001,223.58,220.42,223.58,218.21,211302,167412992.0,2.4,-1.41,-3.16,1.5
2006-07-07,000001,220.42,212.83,220.42,208.72,261447,203779008.0,5.31,-3.44,-7.59,1.86
2006-07-19,000001,201.45,195.12,206.19,191.96,123883,89717000.0,6.69,-8.32,-17.71,0.88
2006-07-20,000001,195.12,195.75,198.6,193.86,59909,42991000.0,2.43,0.32,0.63,0.43
2006-07-21,000001,196.07,196.7,201.45,196.07,64034,46545000.0,2.75,0.49,0.95,0.45
2006-07-24,000001,195.75,198.6,199.23,191.96,41847,30064000.0,3.7,0.97,1.9,0.3
2006-07-25,000001,198.28,197.65,200.5,197.02,70549,51096000.0,1.75,-0.48,-0.95,0.5
2006-07-26,000001,197.65,195.44,198.28,194.17,81597,58427000.0,2.08,-1.12,-2.21,0.58
2006-07-27,000001,195.12,192.28,197.65,190.7,142410,101244000.0,3.56,-1.62,-3.16,1.01
2006-07-28,000001,191.96,189.11,194.17,186.27,111252,77385000.0,4.11,-1.65,-3.17,0.79
2006-07-31,000001,187.22,181.52,187.85,180.58,114640,77544000.0,3.84,-4.01,-7.59,0.81
2006-08-01,000001,181.84,180.89,184.05,177.73,68052,45597000.0,3.48,-0.35,-0.63,0.48
2006-08-02,000001,180.89,184.69,185.64,179.31,64418,43451000.0,3.5,2.1,3.8,0.46
2006-08-03,000001,185.95,185.32,187.22,182.47,47455,32417000.0,2.57,0.34,0.63,0.34
2006-08-04,000001,185.64,179.94,186.58,179.94,40715,27579000.0,3.58,-2.9,-5.38,0.29
2006-08-07,000001,179.31,176.47,183.42,176.15,54028,36052000.0,4.04,-1.93,-3.47,0.38
2006-08-08,000001,177.73,183.74,184.05,177.73,63086,42337000.0,3.58,4.12,7.27,0.45
2006-08-09,000001,184.05,182.16,185.0,181.52,38996,26382000.0,1.89,-0.86,-1.58,0.28
2006-08-10,000001,181.84,185.64,185.95,181.21,47798,32607000.0,2.6,1.91,3.48,0.34
2006-08-11,000001,186.58,184.69,186.58,184.05,32001,21891000.0,1.36,-0.51,-0.95,0.23
2006-08-14,000001,185.0,184.37,188.8,183.42,60740,41631000.0,2.91,-0.17,-0.32,0.43
2006-08-15,000001,184.69,187.22,187.85,182.47,46837,32108000.0,2.92,1.55,2.85,0.33
2006-08-16,000001,187.85,191.33,192.28,187.22,71283,49959000.0,2.7,2.2,4.11,0.51
2006-08-17,000001,191.33,193.22,193.54,187.53,55224,38682000.0,3.14,0.99,1.89,0.39
2006-08-18,000001,193.22,188.17,193.54,186.58,67611,47248000.0,3.6,-2.61,-5.05,0.48
2006-08-21,000001,185.0,192.91,193.54,179.63,68353,47495000.0,7.39,2.52,4.74,0.48
2006-08-22,000001,191.64,192.28,195.75,191.01,57785,40989000.0,2.46,-0.33,-0.63,0.41
2006-08-23,000001,191.33,192.28,196.07,191.01,71034,50492000.0,2.63,0.0,0.0,0.5
2006-08-24,000001,192.59,191.64,192.91,187.85,82649,57908000.0,2.63,-0.33,-0.64,0.59
2006-08-25,000001,191.64,190.06,192.59,189.11,38200,26733000.0,1.82,-0.82,-1.58,0.27
2006-08-28,000001,190.38,199.23,201.45,189.11,159357,114795000.0,6.49,4.82,9.17,1.13
2006-08-29,000001,199.55,197.02,202.71,195.44,104885,76297000.0,3.65,-1.11,-2.21,0.74
2006-08-30,000001,197.02,197.02,198.28,195.12,51177,36871000.0,1.6,0.0,0.0,0.36
2006-08-31,000001,197.02,197.65,200.81,195.44,72032,52130000.0,2.73,0.32,0.63,0.51
2006-09-01,000001,197.02,192.28,197.65,190.7,61895,43900000.0,3.52,-2.72,-5.37,0.44
2006-09-04,000001,192.28,193.54,194.17,191.64,46042,32643000.0,1.32,0.66,1.26,0.33
2006-09-05,000001,193.86,194.17,198.28,192.28,113257,81033000.0,3.1,0.33,0.63,0.8
2006-09-06,000001,193.86,195.44,195.75,192.59,59361,42259000.0,1.63,0.65,1.27,0.42
2006-09-07,000001,195.44,196.7,200.81,193.54,132162,95753000.0,3.72,0.64,1.26,0.94
2006-09-08,000001,196.7,197.65,198.6,195.12,76396,55096000.0,1.77,0.48,0.95,0.54
2006-09-11,000001,194.81,203.66,204.61,194.81,202466,148930000.0,4.96,3.04,6.01,1.44
2006-09-12,000001,203.66,203.98,207.14,201.76,132605,98758000.0,2.64,0.16,0.32,0.94
2006-09-13,000001,203.66,203.03,208.72,201.45,173605,130265000.0,3.56,-0.47,-0.95,1.23
2006-09-14,000001,203.03,206.19,212.2,202.71,192155,144576000.0,4.67,1.56,3.16,1.36
2006-09-15,000001,206.19,210.3,210.93,204.61,195950,148740992.0,3.07,1.99,4.11,1.39
2006-09-18,000001,212.51,209.98,213.46,208.09,119216,90988000.0,2.55,-0.15,-0.32,0.85
2006-09-19,000001,209.98,212.83,216.31,208.72,155532,120214000.0,3.61,1.36,2.85,1.1
2006-09-20,000001,212.51,211.88,213.46,210.3,84746,65001000.0,1.48,-0.45,-0.95,0.6
2006-09-21,000001,211.88,212.83,216.62,211.88,110191,85330000.0,2.24,0.45,0.95,0.78
2006-09-22,000001,213.15,205.87,215.68,203.03,164154,124453000.0,5.94,-3.27,-6.96,1.16
2006-09-25,000001,203.66,209.04,211.25,203.34,101755,76750000.0,3.84,1.54,3.17,0.72
2006-09-26,000001,208.4,208.4,209.67,206.19,64160,48444000.0,1.66,-0.31,-0.64,0.46
2006-09-27,000001,208.4,222.32,224.53,207.45,253061,199228000.0,8.2,6.68,13.92,1.8
2006-09-28,000001,222.0,220.42,222.63,217.26,155723,123553000.0,2.42,-0.85,-1.9,1.1
2006-09-29,000001,220.74,227.06,230.22,219.79,263771,214527008.0,4.73,3.01,6.64,1.87
2006-10-09,000001,232.12,243.82,245.4,231.49,354072,302136992.0,6.13,7.38,16.76,2.51
2006-10-13,000001,243.5,254.57,267.85,242.55,540445,489180000.0,10.38,4.41,10.75,3.83
2006-10-16,000001,254.89,248.56,259.95,248.25,246459,221180992.0,4.6,-2.36,-6.01,1.75
2006-10-17,000001,247.61,253.31,255.52,244.45,201490,179342000.0,4.45,1.91,4.75,1.43
2006-10-18,000001,252.67,256.47,259.31,250.14,174779,158167008.0,3.62,1.25,3.16,1.24
2006-10-19,000001,256.78,252.04,256.78,251.09,130705,117801000.0,2.22,-1.73,-4.43,0.93
2006-10-20,000001,250.78,255.84,258.37,250.46,184404,167203008.0,3.14,1.51,3.8,1.31
2006-10-23,000001,256.15,254.57,263.74,250.78,245658,224924000.0,5.07,-0.5,-1.27,1.74
2006-10-24,000001,253.94,266.59,269.43,253.62,348735,323768000.0,6.21,4.72,12.02,2.47
2006-10-25,000001,266.59,269.43,274.49,265.64,300209,286049984.0,3.32,1.07,2.84,2.13
2006-10-26,000001,271.33,279.55,281.45,266.9,410791,399375008.0,5.4,3.76,10.12,2.91
2006-10-27,000001,278.6,277.97,293.15,275.76,431651,429460992.0,6.22,-0.57,-1.58,3.06
2006-10-30,000001,272.28,266.27,279.87,261.53,308727,291952992.0,6.6,-4.21,-11.7,2.19
2006-10-31,000001,266.27,271.01,274.49,264.69,219550,209224992.0,3.68,1.78,4.74,1.56
2006-11-01,000001,271.01,263.11,272.28,261.21,211911,198876992.0,4.08,-2.92,-7.9,1.5
2006-11-02,000001,263.11,265.01,265.01,256.78,185904,171511008.0,3.13,0.72,1.9,1.32
2006-11-03,000001,264.06,271.96,278.6,261.84,244062,233758000.0,6.32,2.62,6.95,1.73
2006-11-06,000001,266.9,280.82,284.61,265.64,232251,226980000.0,6.98,3.26,8.86,1.65
2006-11-07,000001,281.45,286.19,289.35,280.18,238973,238848000.0,3.27,1.91,5.37,1.7
2006-11-08,000001,286.19,286.51,290.62,280.82,266517,267855008.0,3.42,0.11,0.32,1.89
2006-11-09,000001,285.24,299.47,304.22,282.71,390469,404884992.0,7.51,4.52,12.96,2.77
2006-11-10,000001,301.05,295.36,309.59,290.62,379301,398473984.0,6.33,-1.37,-4.11,2.69
2006-11-13,000001,293.47,287.77,302.64,284.93,227192,233866000.0,6.0,-2.57,-7.59,1.61
2006-11-14,000001,289.99,287.14,294.73,281.45,284726,286451040.0,4.61,-0.22,-0.63,2.02
2006-11-15,000001,287.77,297.89,298.84,283.98,237712,242609600.0,5.18,3.74,10.75,1.69
2006-11-16,000001,298.21,298.21,307.06,296.0,329765,347317344.0,3.71,0.11,0.32,2.34
2006-11-17,000001,297.89,294.1,300.42,290.3,180364,185432576.0,3.39,-1.38,-4.11,1.28
2006-11-20,000001,295.05,308.96,310.54,294.41,327200,346155168.0,5.48,5.05,14.86,2.32
2006-11-21,000001,308.64,343.11,343.11,300.42,820098,932196992.0,13.82,11.05,34.15,5.82
2006-11-22,000001,344.38,376.31,380.11,340.27,678914,836698368.0,11.61,9.68,33.2,4.82
2006-11-23,000001,376.31,369.04,385.8,364.61,483995,623603328.0,5.63,-1.93,-7.27,3.43
2006-11-24,000001,368.09,369.99,379.16,357.02,417448,524634400.0,6.0,0.26,0.95,2.96
2006-11-27,000001,366.19,366.83,376.31,355.44,343376,429537952.0,5.64,-0.85,-3.16,2.44
2006-11-28,000001,364.93,358.61,369.36,357.34,204731,254090240.0,3.28,-2.24,-8.22,1.45
2006-11-29,000001,342.48,360.19,364.3,342.48,295240,358277856.0,6.08,0.44,1.58,2.09
2006-11-30,000001,361.14,369.04,369.99,356.08,327176,407057216.0,3.86,2.46,8.85,2.32
2006-12-01,000001,369.36,361.77,372.84,360.5,230395,288315488.0,3.34,-1.97,-7.27,1.63
2006-12-04,000001,361.14,384.85,392.12,355.13,425453,550707840.0,10.22,6.38,23.08,3.02
2006-12-05,000001,384.85,378.53,388.96,373.78,407792,532345376.0,3.94,-1.64,-6.32,2.89
2006-12-06,000001,380.11,382.95,395.92,364.3,410502,536588448.0,8.35,1.17,4.42,2.91
2006-12-07,000001,383.59,392.76,415.84,383.59,533402,728859008.0,8.42,2.56,9.81,3.78
2006-12-08,000001,383.27,384.54,398.45,378.84,340473,450406368.0,4.99,-2.09,-8.22,2.42
2006-12-11,000001,383.9,397.18,403.82,383.59,301581,407620704.0,5.26,3.29,12.64,2.14
2006-12-12,000001,402.56,409.83,419.32,397.5,406326,565319616.0,5.49,3.18,12.65,2.88
2006-12-13,000001,412.05,393.07,414.26,387.38,412283,558764928.0,6.56,-4.09,-16.76,2.93
2006-12-14,000001,391.18,392.12,399.4,385.8,358913,476514496.0,3.46,-0.24,-0.95,2.55
2006-12-15,000001,395.92,391.18,395.92,378.84,294849,389877664.0,4.36,-0.24,-0.94,2.09
2006-12-18,000001,391.18,398.45,403.51,386.12,273344,367086176.0,4.45,1.86,7.27,1.94
2006-12-19,000001,396.55,398.45,416.16,392.12,350939,481865280.0,6.03,0.0,0.0,2.49
2006-12-20,000001,398.13,396.24,400.35,386.43,186723,250714384.0,3.49,-0.55,-2.21,1.32
2006-12-21,000001,396.24,385.17,397.5,383.27,358036,476466336.0,3.59,-2.79,-11.07,2.54
2006-12-22,000001,384.54,380.42,391.49,377.26,216853,283431808.0,3.69,-1.23,-4.75,1.54
2006-12-25,000001,378.21,391.18,405.41,376.95,387657,520909600.0,7.48,2.83,10.76,2.75
2006-12-26,000001,392.76,387.38,395.29,382.64,201862,267769280.0,3.23,-0.97,-3.8,1.43
2006-12-27,000001,387.38,401.93,408.57,383.27,367875,500640416.0,6.53,3.76,14.55,2.61
2006-12-28,000001,403.82,412.36,427.54,401.93,534760,754610496.0,6.37,2.59,10.43,3.79
2006-12-29,000001,416.47,426.59,433.23,414.26,502428,727135040.0,4.6,3.45,14.23,3.56
2007-01-04,000001,432.28,415.21,453.47,406.35,692071,1016722880.0,11.05,-2.67,-11.38,4.91
2007-01-05,000001,409.52,382.01,409.52,380.11,537329,715011008.0,7.08,-8.0,-33.2,3.81
2007-01-08,000001,381.69,391.81,397.18,380.74,317616,421819392.0,4.3,2.57,9.8,2.25
2007-01-09,000001,392.44,405.41,407.94,389.59,479680,650410176.0,4.68,3.47,13.6,3.4
2007-01-10,000001,405.09,414.26,419.0,399.08,447374,619003200.0,4.91,2.18,8.85,3.17
2007-01-11,000001,417.42,436.39,436.39,414.58,409961,599350528.0,5.26,5.34,22.13,2.91
2007-01-12,000001,446.83,459.79,459.79,440.19,909021,1399725056.0,4.49,5.36,23.4,6.45
2007-01-15,000001,459.16,484.46,484.46,444.62,552365,873682688.0,8.66,5.37,24.67,3.92
2007-01-16,000001,490.78,507.23,510.39,490.78,525236,893096128.0,4.05,4.7,22.77,3.73
2007-01-17,000001,506.59,507.23,525.25,487.62,459108,779058432.0,7.42,0.0,0.0,3.26
2007-01-18,000001,505.01,480.67,510.39,480.35,489695,801280768.0,5.92,-5.24,-26.56,3.47
2007-01-19,000001,481.3,505.01,506.28,481.3,479328,802892928.0,5.2,5.06,24.34,3.4
2007-01-22,000001,510.07,530.63,531.89,510.07,540389,958069056.0,4.32,5.07,25.62,3.83
2007-01-23,000001,522.41,541.38,547.7,516.4,503695,895826304.0,5.9,2.03,10.75,3.57
2007-01-24,000001,538.22,529.05,554.03,523.67,442486,794955328.0,5.61,-2.28,-12.33,3.14
2007-01-25,000001,531.89,519.24,540.43,518.29,484363,861761536.0,4.18,-1.85,-9.81,3.44
2007-01-26,000001,544.54,546.75,546.75,525.57,624255,1127756288.0,4.08,5.3,27.51,4.43
2007-01-29,000001,566.68,575.53,575.53,566.68,270144,517616064.0,1.62,5.26,28.78,1.92
2007-01-30,000001,605.57,605.89,605.89,598.3,296356,595829376.0,1.32,5.28,30.36,2.1
2007-01-31,000001,632.45,573.95,632.45,573.95,731960,1459524480.0,9.66,-5.27,-31.94,5.19
2007-02-01,000001,555.92,552.76,568.57,543.59,662855,1222286976.0,4.35,-3.69,-21.19,4.7
2007-02-02,000001,543.91,523.67,559.09,523.67,396110,709006976.0,6.41,-5.26,-29.09,2.81
2007-02-05,000001,516.08,496.79,526.52,495.84,399274,679882752.0,5.86,-5.13,-26.88,2.83
2007-02-06,000001,496.79,523.04,523.04,495.84,282377,484248896.0,5.48,5.28,26.25,2.0
2007-02-07,000001,550.87,550.87,550.87,550.87,59166,108866304.0,0.0,5.32,27.83,0.42
2007-02-08,000001,550.87,573.0,579.96,541.38,647279,1225465344.0,7.0,4.02,22.13,4.59
2007-02-09,000001,575.21,550.55,576.16,547.07,309263,576342144.0,5.08,-3.92,-22.45,2.19
2007-02-12,000001,549.6,579.64,579.64,549.6,251598,482695232.0,5.46,5.28,29.09,1.79
2007-02-13,000001,601.46,590.71,607.78,582.49,243945,482550368.0,4.36,1.91,11.07,1.73
2007-02-14,000001,597.66,618.85,620.12,588.81,279993,568001024.0,5.3,4.76,28.14,1.99
2007-02-15,000001,622.01,617.59,638.46,607.78,319723,663331456.0,4.96,-0.2,-1.26,2.27
2007-02-16,000001,623.59,626.76,645.73,619.48,279751,587215168.0,4.25,1.48,9.17,1.98
2007-02-26,000001,614.11,608.1,617.27,595.77,213936,430798240.0,3.43,-2.98,-18.66,1.52
2007-02-27,000001,607.78,576.16,626.44,576.16,227466,449230080.0,8.27,-5.25,-31.94,1.61
2007-02-28,000001,545.81,571.42,575.53,545.81,438115,808293440.0,5.16,-0.82,-4.74,3.11
2007-03-01,000001,569.84,541.38,569.84,541.38,229275,418404544.0,4.98,-5.26,-30.04,1.63
2007-03-02,000001,535.37,544.22,549.92,523.99,207507,374155488.0,4.79,0.52,2.84,1.47
2007-03-05,000001,539.8,522.72,546.75,515.45,313850,553921856.0,5.75,-3.95,-21.5,2.23
2007-03-06,000001,523.04,550.55,550.55,522.72,285078,518521184.0,5.32,5.32,27.83,2.02
2007-03-07,000001,550.87,557.51,566.68,547.7,280296,520049152.0,3.45,1.26,6.96,1.99
2007-03-08,000001,560.04,566.68,584.07,557.51,185520,352256704.0,4.76,1.64,9.17,1.32
2007-03-09,000001,566.68,568.57,576.16,556.56,219544,414411872.0,3.46,0.33,1.89,1.56
2007-03-12,000001,568.26,550.87,569.84,539.8,159822,295400544.0,5.28,-3.11,-17.7,1.13
2007-03-13,000001,550.87,554.98,562.57,549.6,135208,251016032.0,2.35,0.75,4.11,0.96
2007-03-14,000001,547.7,537.9,547.7,531.89,182520,328372448.0,2.85,-3.08,-17.08,1.3
2007-03-15,000001,536.64,549.92,550.87,536.64,142483,259448784.0,2.65,2.23,12.02,1.01
2007-03-16,000001,550.23,539.8,554.34,536.32,186416,339576416.0,3.28,-1.84,-10.12,1.32
2007-03-19,000001,530.94,568.26,568.26,525.57,275958,516975872.0,7.91,5.27,28.46,1.96
2007-03-20,000001,582.49,567.94,582.49,566.68,250243,478599968.0,2.78,-0.06,-0.32,1.78
2007-03-21,000001,574.27,597.98,597.98,572.37,358621,706176896.0,4.51,5.29,30.04,2.54
2007-03-22,000001,610.63,599.88,629.29,585.65,548988,1121148800.0,7.3,0.32,1.9,3.9
2007-03-23,000001,590.39,581.85,593.55,568.26,358620,694815296.0,4.22,-3.01,-18.03,2.54
2007-03-26,000001,569.84,574.9,580.27,554.34,281825,535392768.0,4.46,-1.19,-6.95,2.0
2007-03-27,000001,569.84,569.52,573.0,561.93,235662,445686080.0,1.93,-0.94,-5.38,1.67
2007-03-28,000001,567.31,572.37,581.85,539.48,415384,785154816.0,7.44,0.5,2.85,2.95
2007-03-29,000001,572.05,574.9,602.09,566.99,589516,1149695744.0,6.13,0.44,2.53,4.18
2007-03-30,000001,566.04,566.04,569.84,556.24,216382,406970912.0,2.37,-1.54,-8.86,1.54
2007-04-02,000001,569.21,578.69,588.81,568.26,313603,609052928.0,3.63,2.23,12.65,2.23
2007-04-03,000001,579.64,580.91,591.34,575.21,253284,491256960.0,2.79,0.38,2.22,1.8
2007-04-04,000001,582.49,597.98,607.78,582.49,402437,798945728.0,4.35,2.94,17.07,2.86
2007-04-05,000001,597.98,600.19,603.67,587.55,290756,575979904.0,2.7,0.37,2.21,2.06
2007-04-06,000001,590.71,587.86,598.3,580.91,265541,520492064.0,2.9,-2.05,-12.33,1.88
2007-04-09,000001,587.86,592.61,600.83,582.49,223763,440992992.0,3.12,0.81,4.75,1.59
2007-04-10,000001,592.61,610.63,610.95,589.76,347516,698547456.0,3.58,3.04,18.02,2.47
2007-04-11,000001,611.89,642.25,642.57,611.89,594110,1259700096.0,5.02,5.18,31.62,4.22
2007-04-12,000001,645.73,675.77,675.77,642.57,463826,1025244416.0,5.17,5.22,33.52,3.29
2007-04-13,000001,686.84,711.19,711.19,686.84,361488,846929472.0,3.6,5.24,35.42,2.56
2007-04-16,000001,727.31,719.41,742.81,693.16,368260,869212480.0,6.98,1.16,8.22,2.61
2007-04-17,000001,713.72,694.74,719.41,681.78,355391,817622656.0,5.23,-3.43,-24.67,2.52
2007-04-18,000001,692.53,696.01,708.97,681.46,204692,471600992.0,3.96,0.18,1.27,1.45
2007-04-19,000001,686.84,659.64,698.22,659.64,352642,780768640.0,5.54,-5.23,-36.37,2.5
2007-04-20,000001,645.1,683.68,691.9,645.1,229268,513912256.0,7.09,3.64,24.04,1.63
2007-04-23,000001,685.89,719.41,719.41,674.19,381384,886722816.0,6.61,5.23,35.73,2.71
2007-04-24,000001,733.01,713.08,737.43,710.87,340334,812324928.0,3.69,-0.88,-6.33,2.41
2007-04-25,000001,710.55,750.4,750.4,697.59,459180,1116248064.0,7.41,5.23,37.32,3.26
2007-04-26,000001,784.55,789.61,789.61,766.21,470778,1215873536.0,3.12,5.23,39.21,3.34
2007-05-08,000001,797.51,830.72,830.72,797.51,253741,689417024.0,4.21,5.21,41.11,1.8
2007-05-09,000001,854.43,835.78,862.65,787.71,499264,1357693440.0,9.02,0.61,5.06,3.54
2007-05-10,000001,816.8,816.49,844.31,807.0,277530,747504704.0,4.46,-2.31,-19.29,1.97
2007-05-11,000001,806.68,849.69,857.59,792.45,259313,712695424.0,7.98,4.07,33.2,1.84
2007-05-25,000001,893.64,893.64,893.64,892.06,479684,1402575360.0,0.19,5.17,43.95,3.4
2007-05-28,000001,932.85,873.41,932.85,872.77,603316,1769983232.0,6.72,-2.26,-20.23,4.28
2007-05-29,000001,885.42,878.46,898.07,855.7,444210,1270286976.0,4.85,0.58,5.05,3.15
2007-05-30,000001,832.93,832.93,857.28,832.93,505098,1387346944.0,2.77,-5.18,-45.53,3.58
2007-05-31,000001,823.13,876.25,876.25,800.68,905029,2545382656.0,9.07,5.2,43.32,6.42
2007-06-20,000001,1117.18,1054.22,1127.61,1035.78,1302527,4182345216.0,10.48,20.31,177.97,8.4
2007-06-21,000001,1097.7,1162.74,1162.74,1056.3,681682,2285484544.0,10.1,10.29,108.52,4.4
2007-06-22,000001,1207.61,1200.66,1214.57,1145.0,789944,2761567232.0,5.98,3.26,37.92,5.1
2007-06-25,000001,1221.88,1193.7,1241.7,1164.13,660120,2324186112.0,6.46,-0.58,-6.96,4.26
2007-06-27,000001,1071.26,1090.04,1144.66,1071.26,757751,2446555648.0,6.15,-8.68,-103.66,4.89
2007-06-28,000001,1065.0,1017.69,1095.26,1013.87,521165,1617433984.0,7.47,-6.64,-72.35,3.36
2007-06-29,000001,1005.87,926.56,1012.13,916.13,489687,1410757760.0,9.43,-8.95,-91.13,3.16
2007-07-02,000001,901.86,922.39,938.39,893.52,323761,875614720.0,4.84,-0.45,-4.17,2.09
2007-07-03,000001,927.6,916.47,948.47,899.08,252533,693645120.0,5.35,-0.64,-5.92,1.63
2007-07-04,000001,924.13,880.65,927.6,877.17,243960,652710592.0,5.5,-3.91,-35.82,1.57
2007-07-05,000001,863.25,845.86,903.95,843.78,371588,971989952.0,6.83,-3.95,-34.79,2.4
2007-07-06,000001,856.3,908.82,912.65,853.17,440714,1166873344.0,7.03,7.44,62.96,2.84
2007-07-09,000001,918.91,946.74,960.65,908.47,272595,760716288.0,5.74,4.17,37.92,1.76
2007-07-10,000001,943.26,958.91,990.22,943.26,335471,964135168.0,4.96,1.29,12.17,2.16
2007-07-11,000001,957.17,947.43,966.21,943.61,114248,322761760.0,2.36,-1.2,-11.48,0.74
2007-07-12,000001,951.95,969.35,983.95,951.95,152058,437502720.0,3.38,2.31,21.92,0.98
2007-07-13,000001,978.04,955.43,978.04,944.3,75289,212984512.0,3.48,-1.44,-13.92,0.49
2007-07-16,000001,950.21,892.82,950.21,892.13,176135,478271840.0,6.08,-6.55,-62.61,1.14
2007-07-17,000001,922.39,983.26,984.3,915.43,329571,931946112.0,7.71,10.13,90.44,2.13
2007-07-18,000001,978.04,1021.17,1054.57,965.17,563890,1703256320.0,9.09,3.86,37.91,3.64
2007-07-19,000001,1009.35,1029.52,1057.7,1002.04,303029,932526464.0,5.45,0.82,8.35,1.95
2007-07-23,000001,1131.09,1115.44,1131.09,1074.04,528016,1728640640.0,5.54,8.35,85.92,3.41
2007-07-24,000001,1116.48,1129.7,1174.57,1099.78,349243,1177780992.0,6.7,1.28,14.26,2.25
2007-07-25,000001,1129.7,1193.7,1199.96,1129.7,348527,1207820800.0,6.22,5.67,64.0,2.25
2007-07-26,000001,1186.74,1186.4,1204.14,1178.05,267511,939092032.0,2.19,-0.61,-7.3,1.73
2007-07-27,000001,1178.05,1146.74,1181.53,1134.57,337391,1148577920.0,3.96,-3.34,-39.66,2.18
2007-07-30,000001,1141.52,1158.92,1189.53,1138.05,244882,844941696.0,4.49,1.06,12.18,1.58
2007-07-31,000001,1146.74,1229.53,1235.44,1139.79,418204,1479465856.0,8.25,6.09,70.61,2.7
2007-08-01,000001,1230.22,1187.09,1259.79,1166.22,291433,1042756544.0,7.61,-3.45,-42.44,1.88
2007-08-02,000001,1197.18,1280.66,1285.88,1197.18,396584,1452566144.0,7.47,7.88,93.57,2.56
2007-08-03,000001,1291.09,1329.7,1345.01,1286.92,438272,1706257536.0,4.54,3.83,49.04,2.83
2007-08-06,000001,1325.53,1332.14,1356.84,1300.14,258178,1005318336.0,4.26,0.18,2.44,1.67
2007-08-07,000001,1324.14,1329.36,1341.53,1300.49,156322,608291776.0,3.08,-0.21,-2.78,1.01
2007-08-08,000001,1301.53,1319.62,1378.05,1291.09,261425,1027444224.0,6.54,-0.73,-9.74,1.69
2007-08-09,000001,1319.62,1361.01,1364.14,1309.53,308030,1224242048.0,4.14,3.14,41.39,1.99
2007-08-10,000001,1353.71,1325.88,1364.14,1307.79,185782,728871680.0,4.14,-2.58,-35.13,1.2
2007-08-13,000001,1308.49,1329.36,1360.66,1291.09,260558,1013334144.0,5.25,0.26,3.48,1.68
2007-08-14,000001,1332.84,1303.27,1337.36,1255.96,349274,1320118784.0,6.12,-1.96,-26.09,2.25
2007-08-15,000001,1305.01,1291.09,1325.18,1271.96,246045,936157952.0,4.08,-0.93,-12.18,1.59
2007-08-16,000001,1291.79,1230.22,1292.83,1213.53,385348,1417127680.0,6.14,-4.71,-60.87,2.49
2007-08-17,000001,1221.18,1182.57,1252.83,1165.18,420685,1492588032.0,7.12,-3.87,-47.65,2.71
2007-08-20,000001,1221.53,1287.62,1296.31,1221.53,366386,1371154944.0,6.32,8.88,105.05,2.36
2007-08-21,000001,1306.75,1310.57,1334.92,1280.66,335990,1299416192.0,4.21,1.78,22.95,2.17
2007-08-22,000001,1285.88,1311.62,1346.05,1278.22,315342,1224443904.0,5.18,0.08,1.05,2.03
2007-08-23,000001,1305.01,1304.66,1318.92,1280.66,264578,1004795776.0,2.92,-0.53,-6.96,1.71
2007-08-24,000001,1302.92,1346.75,1361.36,1298.05,389457,1538402560.0,4.85,3.23,42.09,2.51
2007-08-27,000001,1346.05,1332.84,1390.58,1305.36,275096,1093845504.0,6.33,-1.03,-13.91,1.77
2007-08-28,000001,1309.18,1290.75,1318.92,1273.7,313336,1187909760.0,3.39,-3.16,-42.09,2.02
2007-08-29,000001,1273.01,1250.75,1279.96,1242.4,267209,989245440.0,2.91,-3.1,-40.0,1.72
2007-08-30,000001,1266.05,1280.66,1293.88,1241.7,246827,918011648.0,4.17,2.39,29.91,1.59
2007-08-31,000001,1278.92,1291.09,1294.57,1254.57,173835,655288064.0,3.12,0.81,10.43,1.12
2007-09-03,000001,1294.57,1286.92,1311.27,1286.23,193697,741200576.0,1.94,-0.32,-4.17,1.25
2007-09-04,000001,1284.83,1256.31,1285.88,1245.88,231529,865134272.0,3.11,-2.38,-30.61,1.49
2007-09-05,000001,1256.31,1249.01,1266.05,1222.92,218303,799279168.0,3.43,-0.58,-7.3,1.41
2007-09-06,000001,1257.01,1263.27,1295.27,1245.88,190721,712622784.0,3.95,1.14,14.26,1.23
2007-09-07,000001,1266.75,1259.79,1291.09,1256.31,157485,588261760.0,2.75,-0.28,-3.48,1.02
2007-09-10,000001,1240.66,1275.44,1287.27,1227.44,168446,626875776.0,4.75,1.24,15.65,1.09
2007-09-11,000001,1269.88,1216.66,1286.92,1216.66,196231,723824768.0,5.51,-4.61,-58.78,1.27
2007-09-12,000001,1200.31,1204.83,1231.61,1171.79,161189,569745216.0,4.92,-0.97,-11.83,1.04
2007-09-13,000001,1207.61,1252.14,1252.14,1197.18,146460,527528960.0,4.56,3.93,47.31,0.94
2007-09-14,000001,1252.83,1234.75,1260.83,1215.61,138488,505725216.0,3.61,-1.39,-17.39,0.89
2007-09-17,000001,1268.49,1235.44,1268.49,1228.48,135773,498729312.0,3.24,0.06,0.69,0.88
2007-09-18,000001,1241.35,1197.18,1250.75,1186.05,199071,707943168.0,5.24,-3.1,-38.26,1.28
2007-09-19,000001,1205.87,1227.79,1247.62,1204.83,190339,691880576.0,3.57,2.56,30.61,1.23
2007-09-20,000001,1227.79,1220.48,1249.35,1218.4,135966,494855232.0,2.52,-0.6,-7.31,0.88
2007-09-21,000001,1220.48,1227.09,1233.7,1186.4,158115,560067392.0,3.88,0.54,6.61,1.02
2007-09-24,000001,1226.74,1294.92,1296.31,1210.4,243303,910931712.0,7.0,5.53,67.83,1.57
2007-09-25,000001,1299.79,1272.31,1308.49,1266.75,147705,558945984.0,3.22,-1.75,-22.61,0.95
2007-09-26,000001,1259.79,1291.79,1330.4,1257.01,285476,1104154624.0,5.77,1.53,19.48,1.84
2007-09-27,000001,1291.09,1319.27,1332.84,1286.92,242677,943870208.0,3.55,2.13,27.48,1.57
2007-09-28,000001,1329.36,1359.97,1371.1,1329.36,352944,1408135936.0,3.16,3.09,40.7,2.28
2007-10-08,000001,1412.84,1417.71,1451.8,1382.58,276229,1153482368.0,5.09,4.25,57.74,1.78
2007-10-09,000001,1398.92,1390.23,1438.93,1381.53,145217,598597440.0,4.05,-1.94,-27.48,0.94
2007-10-10,000001,1390.23,1360.66,1450.4,1356.49,210380,869430720.0,6.75,-2.13,-29.57,1.36
2007-10-11,000001,1358.92,1395.79,1404.14,1343.27,157028,636738752.0,4.47,2.58,35.13,1.01
2007-10-12,000001,1405.88,1340.14,1409.36,1294.57,186956,736596672.0,8.22,-3.99,-55.65,1.21
2007-10-15,000001,1360.66,1353.71,1385.01,1315.44,212364,844443392.0,5.19,1.01,13.57,1.37
2007-10-16,000001,1364.14,1428.49,1447.62,1352.31,279012,1149469568.0,7.04,5.52,74.78,1.8
2007-10-17,000001,1422.93,1425.01,1474.06,1394.05,201077,852784256.0,5.6,-0.24,-3.48,1.3
2007-10-18,000001,1430.23,1343.27,1437.19,1342.57,187332,752555136.0,6.64,-5.74,-81.74,1.21
2007-10-19,000001,1360.66,1354.05,1395.1,1325.88,100400,403075680.0,5.15,0.8,10.78,0.65
2007-10-22,000001,1346.75,1354.05,1381.53,1308.49,127442,504347200.0,5.39,0.0,0.0,0.82
2007-10-23,000001,1364.14,1398.92,1409.36,1362.4,170140,693256960.0,3.47,3.31,44.87,1.1
2007-10-24,000001,1405.88,1423.27,1469.19,1404.84,250498,1062998848.0,4.6,1.74,24.35,1.62
2007-10-25,000001,1426.06,1399.97,1465.01,1390.23,219245,919352960.0,5.25,-1.64,-23.3,1.41
2007-10-26,000001,1419.79,1519.97,1539.1,1415.97,347518,1509456640.0,8.8,8.57,120.0,2.24
2007-10-29,000001,1532.15,1543.28,1624.32,1520.32,342003,1578727424.0,6.84,1.53,23.31,2.21
2007-10-30,000001,1543.28,1538.06,1555.45,1506.75,188120,842647744.0,3.16,-0.34,-5.22,1.21
2007-10-31,000001,1568.67,1640.67,1666.76,1545.02,309697,1440424704.0,7.92,6.67,102.61,2.0
2007-11-01,000001,1607.97,1611.11,1673.02,1604.5,223319,1072296832.0,4.18,-1.8,-29.56,1.44
2007-11-02,000001,1576.32,1551.63,1634.76,1534.58,181462,841694080.0,6.22,-3.69,-59.48,1.17
2007-11-05,000001,1534.58,1491.45,1575.97,1482.41,162833,730234432.0,6.03,-3.88,-60.18,1.05
2007-11-06,000001,1468.49,1480.67,1513.02,1451.8,103918,451763968.0,4.1,-0.72,-10.78,0.67
2007-11-07,000001,1498.06,1520.67,1520.67,1453.88,97632,427142784.0,4.51,2.7,40.0,0.63
2007-11-08,000001,1508.49,1447.97,1510.23,1440.67,134171,581040192.0,4.57,-4.78,-72.7,0.87
2007-11-09,000001,1436.49,1440.67,1486.23,1423.27,105625,451231360.0,4.35,-0.5,-7.3,0.68
2007-11-12,000001,1413.88,1419.79,1446.93,1391.97,128816,536234848.0,3.81,-1.45,-20.88,0.83
2007-11-13,000001,1444.14,1360.66,1461.54,1350.92,213746,873836800.0,7.79,-4.16,-59.13,1.38
2007-11-14,000001,1398.92,1395.1,1405.88,1338.4,196073,788767872.0,4.96,2.53,34.44,1.26
2007-11-15,000001,1385.01,1378.05,1413.53,1354.05,165618,673806080.0,4.26,-1.22,-17.05,1.07
2007-11-16,000001,1357.18,1311.97,1360.66,1303.27,177530,691470976.0,4.16,-4.8,-66.08,1.15
2007-11-19,000001,1322.4,1285.88,1334.92,1277.18,129699,494762848.0,4.4,-1.99,-26.09,0.84
2007-11-20,000001,1270.57,1329.36,1329.36,1252.48,163554,617752064.0,5.98,3.38,43.48,1.06
2007-11-21,000001,1331.1,1284.14,1338.05,1260.14,223704,853682432.0,5.86,-3.4,-45.22,1.44
2007-11-22,000001,1249.35,1218.74,1292.83,1217.35,119397,438673152.0,5.88,-5.09,-65.4,0.77
2007-11-23,000001,1217.35,1255.96,1266.75,1214.57,126017,461108160.0,4.28,3.05,37.22,0.81
2007-11-26,000001,1276.49,1231.27,1283.09,1229.18,130209,482552768.0,4.29,-1.97,-24.69,0.84
2007-11-27,000001,1218.05,1189.53,1238.22,1186.74,123742,441296928.0,4.18,-3.39,-41.74,0.8
2007-11-28,000001,1191.96,1158.92,1200.66,1138.05,209265,725442944.0,5.26,-2.57,-30.61,1.35
2007-11-29,000001,1186.74,1258.05,1259.79,1180.48,304971,1097701504.0,6.84,8.55,99.13,1.97
2007-11-30,000001,1256.31,1224.31,1257.35,1221.53,149487,545215936.0,2.85,-2.68,-33.74,0.96
2007-12-03,000001,1276.83,1301.53,1349.88,1256.31,333513,1281146368.0,7.64,6.31,77.22,2.15
2007-12-04,000001,1318.92,1307.79,1349.53,1301.53,230819,900748928.0,3.69,0.48,6.26,1.49
2007-12-05,000001,1307.79,1339.79,1346.75,1298.05,165926,648699968.0,3.72,2.45,32.0,1.07
2007-12-06,000001,1345.01,1333.88,1359.27,1317.18,121442,478345952.0,3.14,-0.44,-5.91,0.78
2007-12-07,000001,1334.57,1353.71,1363.1,1334.57,133341,529860704.0,2.14,1.49,19.83,0.86
2007-12-10,000001,1318.23,1330.05,1337.71,1308.83,306032,1190791680.0,2.13,-1.75,-23.66,1.97
2007-12-11,000001,1339.44,1315.44,1363.79,1290.05,274252,1067083008.0,5.54,-1.1,-14.61,1.77
2007-12-12,000001,1305.01,1255.62,1305.01,1240.31,336813,1253047680.0,4.92,-4.55,-59.82,2.17
2007-12-13,000001,1249.35,1245.53,1266.75,1241.01,198995,734574464.0,2.05,-0.8,-10.09,1.28
2007-12-14,000001,1239.96,1266.75,1267.79,1221.88,184265,673349056.0,3.69,1.7,21.22,1.19
2007-12-17,000001,1255.96,1197.87,1255.96,1197.18,150845,541917440.0,4.64,-5.44,-68.88,0.97
2007-12-18,000001,1191.96,1211.79,1230.22,1185.35,125610,447961344.0,3.75,1.16,13.92,0.81
2007-12-20,000001,1246.22,1245.88,1257.01,1227.09,181968,666067328.0,2.47,2.81,34.09,1.17
2007-12-21,000001,1235.44,1247.62,1266.75,1230.57,290418,1068493440.0,2.9,0.14,1.74,1.87
2007-12-24,000001,1256.66,1292.83,1298.05,1251.09,239351,896900416.0,3.76,3.62,45.21,1.54
2007-12-25,000001,1296.31,1292.83,1311.62,1284.14,185194,708107776.0,2.13,0.0,0.0,1.19
2007-12-26,000001,1290.4,1280.66,1310.23,1274.05,164915,625417856.0,2.8,-0.94,-12.17,1.06
2007-12-27,000001,1284.14,1325.88,1332.14,1256.31,367216,1403599360.0,5.92,3.53,45.22,2.37
2007-12-28,000001,1322.4,1311.97,1334.92,1311.97,261567,1019671360.0,1.73,-1.05,-13.91,1.54
2008-01-02,000001,1308.49,1290.4,1316.83,1278.92,200525,763465728.0,2.89,-1.64,-21.57,1.18
2008-01-03,000001,1291.09,1268.49,1293.88,1239.27,275648,1023422976.0,4.23,-1.7,-21.91,1.62
2008-01-04,000001,1270.22,1303.96,1315.44,1269.53,198704,762161152.0,3.62,2.8,35.47,1.17
2008-01-07,000001,1297.36,1331.79,1353.01,1291.09,315140,1236910336.0,4.75,2.13,27.83,1.85
2008-01-08,000001,1340.49,1374.23,1407.27,1340.14,499924,2029248384.0,5.04,3.19,42.44,2.94
2008-01-09,000001,1374.23,1399.27,1402.06,1374.23,192495,786313024.0,2.03,1.82,25.04,1.13
2008-01-10,000001,1405.88,1428.49,1446.93,1381.88,244700,1016737536.0,4.65,2.09,29.22,1.44
2008-01-11,000001,1426.06,1502.58,1517.19,1423.27,358430,1555168256.0,6.57,5.19,74.09,2.1
2008-01-14,000001,1505.01,1480.67,1506.75,1465.36,208571,911745216.0,2.75,-1.46,-21.91,1.22
2008-01-15,000001,1480.67,1431.27,1499.8,1430.23,177041,760841728.0,4.7,-3.34,-49.4,1.04
2008-01-16,000001,1405.53,1353.71,1421.53,1350.58,301230,1216729600.0,4.96,-5.42,-77.56,1.77
2008-01-17,000001,1343.97,1391.97,1407.62,1323.1,240762,964622912.0,6.24,2.83,38.26,1.41
2008-01-18,000001,1395.45,1391.97,1419.45,1370.4,115586,474717888.0,3.52,0.0,0.0,0.68
2008-01-21,000001,1378.05,1284.14,1388.49,1270.22,211875,823186944.0,8.5,-7.75,-107.83,1.21
2008-01-22,000001,1249.01,1214.57,1298.05,1183.61,264571,962125440.0,8.91,-5.42,-69.57,1.51
2008-01-23,000001,1249.35,1283.44,1287.96,1228.48,215654,802576512.0,4.9,5.67,68.87,1.23
2008-01-24,000001,1307.79,1269.88,1307.79,1228.48,183021,682211328.0,6.18,-1.06,-13.56,1.04
2008-01-25,000001,1257.35,1294.23,1328.31,1231.96,178860,675607488.0,7.59,1.92,24.35,1.02
2008-01-28,000001,1274.05,1201.7,1277.18,1199.96,120425,437361344.0,5.97,-7.15,-92.53,0.69
2008-01-29,000001,1214.57,1211.79,1245.88,1186.05,98873,352020160.0,4.98,0.84,10.09,0.56
2008-01-30,000001,1235.44,1150.22,1238.92,1110.57,195318,677674240.0,10.59,-5.08,-61.57,1.11
2008-01-31,000001,1152.31,1127.61,1176.31,1123.44,156792,532842880.0,4.6,-1.97,-22.61,0.89
2008-02-01,000001,1136.31,1171.09,1203.44,1117.18,155477,536802112.0,7.65,3.86,43.48,0.88
2008-02-04,000001,1217.7,1288.66,1291.44,1217.35,248834,931200832.0,6.33,10.04,117.57,1.42
2008-02-05,000001,1291.09,1266.75,1301.53,1258.05,100763,380401152.0,3.37,-1.7,-21.91,0.57
2008-02-13,000001,1238.92,1234.75,1255.27,1221.88,45397,165790288.0,2.64,-2.53,-32.0,0.26
2008-02-14,000001,1251.09,1255.96,1268.49,1249.7,43478,161568576.0,1.52,1.72,21.21,0.25
2008-02-15,000001,1248.31,1223.61,1248.31,1197.87,69904,250463808.0,4.02,-2.58,-32.35,0.4
2008-02-18,000001,1244.14,1238.57,1251.09,1222.22,83872,306414560.0,2.36,1.22,14.96,0.48
2008-02-19,000001,1247.62,1266.05,1269.53,1227.79,110735,405380864.0,3.37,2.22,27.48,0.63
2008-02-20,000001,1256.31,1179.44,1262.57,1172.13,402624,1419914240.0,7.14,-6.84,-86.61,2.29
2008-02-21,000001,1183.27,1151.61,1185.0,1126.92,258838,877311424.0,4.92,-2.36,-27.83,1.47
2008-02-22,000001,1138.39,1090.74,1140.83,1071.96,227557,739232000.0,5.98,-5.29,-60.87,1.3
2008-02-25,000001,1083.44,1037.87,1102.91,1033.0,211106,658642048.0,6.41,-4.85,-52.87,1.2
2008-02-26,000001,1082.04,1063.26,1091.09,1037.87,217547,685714560.0,5.13,2.45,25.39,1.24
2008-02-27,000001,1068.83,1110.22,1123.79,1068.83,185904,607664960.0,5.17,4.42,46.96,1.06
2008-02-28,000001,1117.18,1110.22,1127.61,1099.78,96326,318004544.0,2.51,0.0,0.0,0.55
2008-02-29,000001,1106.74,1122.39,1132.13,1099.78,68604,226789984.0,2.91,1.1,12.17,0.39
2008-03-03,000001,1113.7,1117.18,1136.66,1078.22,343850,1134439808.0,5.21,-0.46,-5.21,1.96
2008-03-04,000001,1119.26,1004.13,1119.26,1002.39,930517,2841377536.0,10.46,-10.12,-113.05,5.3
2008-03-05,000001,1011.09,992.3,1023.26,953.69,307091,899375360.0,6.93,-1.18,-11.83,1.75
2008-03-06,000001,995.78,1023.26,1058.04,989.52,275662,841079808.0,6.91,3.12,30.96,1.57
2008-03-07,000001,1006.22,1002.39,1046.91,991.61,140396,419821376.0,5.4,-2.04,-20.87,0.8
2008-03-10,000001,991.26,925.87,991.95,918.91,276107,773107712.0,7.29,-7.63,-76.52,1.57
2008-03-11,000001,910.56,908.13,934.56,892.82,261499,706947520.0,4.51,-1.92,-17.74,1.49
2008-03-12,000001,939.08,870.21,942.91,866.39,277629,741610432.0,8.43,-4.18,-37.92,1.58
2008-03-13,000001,856.3,875.78,889.34,849.34,254544,658979456.0,4.6,0.64,5.57,1.45
2008-03-14,000001,873.69,835.78,873.69,827.78,286787,719480896.0,5.24,-4.57,-40.0,1.63
2008-03-17,000001,830.21,839.6,866.73,820.82,206309,517284832.0,5.49,0.46,3.82,1.17
2008-03-18,000001,839.6,845.86,871.95,824.99,258033,651083584.0,5.59,0.75,6.26,1.47
2008-03-19,000001,877.52,909.17,916.13,870.21,328240,871755648.0,5.43,7.48,63.31,1.87
2008-03-20,000001,862.56,978.04,991.61,825.34,479227,1326190848.0,18.29,7.58,68.87,2.73
2008-03-21,000001,969.35,954.74,982.56,939.08,280018,801884032.0,4.45,-2.38,-23.3,1.59
2008-03-24,000001,959.61,891.43,969.35,891.08,178752,488004032.0,8.2,-6.63,-63.31,1.02
2008-03-25,000001,876.47,925.52,937.34,863.6,238018,636462464.0,8.27,3.82,34.09,1.35
2008-03-26,000001,932.82,939.78,977.0,925.87,232803,658557248.0,5.52,1.54,14.26,1.33
2008-03-27,000001,919.95,926.21,955.78,908.47,212981,591752640.0,5.03,-1.44,-13.57,1.21
2008-03-28,000001,911.26,979.43,996.48,885.17,463007,1317889152.0,12.02,5.75,53.22,2.64
2008-03-31,000001,941.52,950.21,979.43,933.17,216671,615586176.0,4.72,-2.98,-29.22,1.23
2008-04-01,000001,943.26,940.13,983.26,908.47,301862,854289472.0,7.87,-1.06,-10.08,1.72
2008-04-02,000001,963.08,974.56,1011.43,943.26,435992,1265319168.0,7.25,3.66,34.43,2.48
2008-04-03,000001,960.65,987.08,988.48,934.56,233758,668824128.0,5.53,1.28,12.52,1.33
2008-04-07,000001,977.0,1012.82,1025.0,963.43,255769,759409728.0,6.24,2.61,25.74,1.46
2008-04-08,000001,1016.3,1001.35,1016.3,975.26,201700,595111296.0,4.05,-1.13,-11.47,1.15
2008-04-09,000001,981.87,933.87,991.95,931.08,263140,751083776.0,6.08,-6.74,-67.48,1.5
2008-04-10,000001,933.87,945.0,950.21,910.21,180718,500369728.0,4.28,1.19,11.13,1.03
2008-04-11,000001,964.13,960.65,973.87,943.61,122283,346391232.0,3.2,1.66,15.65,0.7
2008-04-14,000001,936.3,861.52,943.26,861.52,222417,586425856.0,8.51,-10.32,-99.13,1.27
2008-04-15,000001,856.3,859.78,861.86,815.6,168337,417869376.0,5.37,-0.2,-1.74,0.96
2008-04-16,000001,851.78,833.69,867.78,833.34,151237,382049504.0,4.01,-3.03,-26.09,0.86
2008-04-17,000001,826.73,775.25,859.78,761.69,251217,599452160.0,11.77,-7.01,-58.44,1.43
2008-04-18,000001,761.69,764.47,787.43,734.9,157429,358581280.0,6.78,-1.39,-10.78,0.9
2008-04-21,000001,831.95,748.82,831.95,743.25,282010,658192768.0,11.6,-2.05,-15.65,1.61
2008-04-22,000001,741.51,788.47,797.17,717.16,239570,544237504.0,10.68,5.29,39.65,1.36
2008-04-23,000001,783.25,838.56,843.08,776.99,245281,601125248.0,8.38,6.35,50.09,1.4
2008-04-24,000001,924.13,925.52,925.52,894.56,494546,1348041216.0,3.69,10.37,86.96,2.82
2008-04-25,000001,929.34,941.52,975.95,909.17,391893,1099907072.0,7.22,1.73,16.0,2.23
2008-04-28,000001,922.73,938.04,948.47,911.95,200708,556851968.0,3.88,-0.37,-3.48,1.14
2008-04-29,000001,932.82,941.52,953.0,925.17,150811,422900032.0,2.97,0.37,3.48,0.86
2008-04-30,000001,943.26,999.61,1012.13,943.26,308760,902970496.0,7.31,6.17,58.09,1.76
2008-05-05,000001,1005.87,999.61,1018.04,976.3,237304,699203072.0,4.18,0.0,0.0,1.35
2008-05-06,000001,981.52,967.95,990.22,961.0,190562,550140864.0,2.92,-3.17,-31.66,1.08
2008-05-07,000001,963.78,904.65,980.13,904.3,302205,840335488.0,7.83,-6.54,-63.3,1.72
2008-05-08,000001,891.08,927.6,928.3,870.56,179478,481840832.0,6.38,2.54,22.95,1.02
2008-05-09,000001,929.0,876.82,938.04,866.04,323222,853456128.0,7.76,-5.47,-50.78,1.84
2008-05-12,000001,859.78,903.26,920.65,842.38,218329,568819328.0,8.93,3.02,26.44,1.24
2008-05-13,000001,873.69,878.91,898.39,870.21,191553,502046976.0,3.12,-2.7,-24.35,1.09
2008-05-14,000001,876.82,939.43,942.91,876.47,221406,604388928.0,7.56,6.89,60.52,1.26
2008-05-15,000001,951.95,914.73,959.95,914.73,154544,431630240.0,4.81,-2.63,-24.7,0.88
2008-05-16,000001,914.73,934.56,943.26,914.73,165718,457886464.0,3.12,2.17,19.83,0.94
2008-05-19,000001,925.87,943.26,949.17,915.43,130263,363248640.0,3.61,0.93,8.7,0.74
2008-05-20,000001,943.26,879.95,956.48,874.04,152569,417147712.0,8.74,-6.71,-63.31,0.87
2008-05-21,000001,867.08,887.6,899.43,852.82,140835,363837632.0,5.3,0.87,7.65,0.8
2008-05-22,000001,877.17,861.86,892.82,858.04,148514,384939552.0,3.92,-2.9,-25.74,0.85
2008-05-23,000001,863.25,856.3,877.17,841.69,115654,296325920.0,4.12,-0.65,-5.56,0.66
2008-05-26,000001,838.91,833.34,847.25,810.73,131530,325161408.0,4.26,-2.68,-22.96,0.75
2008-05-27,000001,834.73,839.6,849.34,826.73,58446,145988640.0,2.71,0.75,6.26,0.33
2008-05-28,000001,840.65,879.6,887.6,838.21,126199,325909408.0,5.88,4.76,40.0,0.72
2008-05-29,000001,872.99,837.17,877.17,835.78,78627,201982000.0,4.71,-4.82,-42.43,0.45
2008-05-30,000001,846.56,846.91,858.73,836.12,81334,204994976.0,2.7,1.16,9.74,0.46
2008-06-02,000001,846.91,869.17,876.12,833.34,146239,371610944.0,5.05,2.63,22.26,0.83
2008-06-03,000001,862.56,853.86,877.17,846.91,80441,206197424.0,3.48,-1.76,-15.31,0.46
2008-06-04,000001,852.12,859.43,862.21,824.99,96706,242826864.0,4.36,0.65,5.57,0.55
2008-06-05,000001,847.25,846.21,859.78,834.73,79015,198896320.0,2.91,-1.54,-13.22,0.45
2008-06-06,000001,849.34,830.21,853.86,826.73,76340,190255200.0,3.21,-1.89,-16.0,0.43
2008-06-10,000001,779.77,744.29,779.77,744.29,175271,396986176.0,4.27,-10.35,-85.92,1.0
2008-06-11,000001,729.34,706.73,740.82,705.34,189953,410763552.0,4.77,-5.05,-37.56,1.08
2008-06-13,000001,703.25,706.03,713.68,687.6,142908,300625984.0,3.69,-0.1,-0.7,0.81
2008-06-16,000001,708.47,719.95,738.03,695.6,106273,228695984.0,6.01,1.97,13.92,0.6
2008-06-17,000001,715.42,706.73,730.38,696.29,111786,238013312.0,4.74,-1.84,-13.22,0.64
2008-06-18,000001,700.12,737.34,744.29,687.6,178119,385958304.0,8.02,4.33,30.61,1.01
2008-06-19,000001,733.51,671.94,739.77,666.38,153587,327375904.0,9.95,-8.87,-65.4,0.87
2008-06-20,000001,663.94,699.77,739.77,661.51,199090,423584480.0,11.65,4.14,27.83,1.13
2008-06-23,000001,706.03,715.42,730.73,699.77,127738,274218144.0,4.42,2.24,15.65,0.73
2008-06-24,000001,696.29,718.9,732.12,689.34,173554,371483328.0,5.98,0.49,3.48,0.99
2008-06-25,000001,707.08,731.08,740.82,694.55,339986,735661440.0,6.44,1.69,12.18,1.94
2008-06-26,000001,722.03,720.64,744.99,710.55,258869,563796608.0,4.71,-1.43,-10.44,1.26
2008-06-27,000001,694.55,645.51,694.55,645.51,456001,903065856.0,6.81,-10.43,-75.13,2.13
2008-06-30,000001,631.25,641.68,654.55,630.9,187490,361839840.0,3.66,-0.59,-3.83,0.88
2008-07-01,000001,642.03,621.51,646.9,609.68,219730,413741728.0,5.8,-3.14,-20.17,1.03
2008-07-02,000001,618.03,619.77,628.81,611.77,104927,195999232.0,2.74,-0.28,-1.74,0.49
2008-07-03,000001,612.81,628.81,645.86,587.42,168088,313262880.0,9.43,1.46,9.04,0.78
2008-07-04,000001,637.16,631.25,641.33,629.86,146089,278948928.0,1.82,0.39,2.44,0.68
2008-07-07,000001,635.42,677.51,678.9,634.03,171936,343651392.0,7.11,7.33,46.26,0.8
2008-07-08,000001,680.99,671.25,685.51,664.99,121758,245832080.0,3.03,-0.92,-6.26,0.57
2008-07-09,000001,678.9,709.86,726.21,678.55,232756,494841952.0,7.1,5.75,38.61,1.09
2008-07-10,000001,696.29,708.47,733.16,691.42,162635,348748288.0,5.88,-0.2,-1.39,0.76
2008-07-11,000001,708.47,696.29,715.42,683.77,94225,196647904.0,4.47,-1.72,-12.18,0.44
2008-07-14,000001,678.9,704.99,711.95,676.81,92466,194173152.0,5.05,1.25,8.7,0.43
2008-07-15,000001,706.73,659.77,708.47,656.64,150710,304248672.0,7.35,-6.41,-45.22,0.7
2008-07-16,000001,651.07,623.25,651.07,603.07,150234,284146400.0,7.28,-5.54,-36.52,0.7
2008-07-17,000001,638.9,618.03,642.03,611.42,100904,190898880.0,4.91,-0.84,-5.22,0.47
2008-07-18,000001,633.68,643.77,644.12,613.16,164241,312376288.0,5.01,4.16,25.74,0.77
2008-07-21,000001,634.03,661.16,664.64,630.55,129473,254927984.0,5.3,2.7,17.39,0.6
2008-07-22,000001,661.51,662.9,674.03,658.03,65447,130773608.0,2.42,0.26,1.74,0.31
2008-07-23,000001,670.2,656.29,682.38,652.12,86314,173514752.0,4.56,-1.0,-6.61,0.4
2008-07-24,000001,664.64,692.81,694.9,633.68,205121,418890816.0,9.33,5.56,36.52,0.96
2008-07-25,000001,679.25,702.55,714.38,673.68,223513,470310112.0,5.87,1.41,9.74,1.04
2008-07-28,000001,711.6,727.6,739.08,708.47,272128,595038336.0,4.36,3.57,25.05,1.27
2008-07-29,000001,710.55,708.47,718.9,699.77,105774,224814304.0,2.63,-2.63,-19.13,0.49
2008-07-30,000001,721.68,718.21,727.6,705.68,107335,230508688.0,3.09,1.37,9.74,0.5
2008-07-31,000001,712.29,692.81,718.9,692.81,103168,218859984.0,3.63,-3.54,-25.4,0.48
2008-08-01,000001,691.77,730.38,744.99,685.86,141673,304838656.0,8.53,5.42,37.57,0.66
2008-08-04,000001,719.95,715.42,738.38,715.42,136208,297606912.0,3.14,-2.05,-14.96,0.64
2008-08-05,000001,724.12,699.77,734.21,697.68,137615,295564704.0,5.11,-2.19,-15.65,0.64
2008-08-06,000001,707.08,694.55,719.95,677.16,103675,217979424.0,6.11,-0.75,-5.22,0.48
2008-08-07,000001,689.68,698.03,706.03,682.38,74914,156494448.0,3.41,0.5,3.48,0.35
2008-08-08,000001,696.99,664.99,696.99,663.25,93034,189331712.0,4.83,-4.73,-33.04,0.43
2008-08-11,000001,664.99,640.64,688.64,636.81,99390,197994224.0,7.79,-3.66,-24.35,0.46
2008-08-12,000001,637.86,640.64,651.07,634.03,77308,149263456.0,2.66,0.0,0.0,0.36
2008-08-13,000001,638.55,640.29,646.9,619.07,70405,133439056.0,4.34,-0.05,-0.35,0.33
2008-08-14,000001,631.94,640.29,647.6,624.99,32030,61442320.0,3.53,0.0,0.0,0.15
2008-08-15,000001,640.99,651.07,661.16,626.38,72816,142601760.0,5.43,1.68,10.78,0.34
2008-08-18,000001,651.42,631.25,656.99,630.2,77410,150178736.0,4.11,-3.04,-19.82,0.36
2008-08-19,000001,628.46,638.9,654.55,619.77,44324,85448456.0,5.51,1.21,7.65,0.21
2008-08-20,000001,634.38,694.55,702.55,631.94,175587,357636992.0,11.05,8.71,55.65,0.82
2008-08-21,000001,699.42,672.29,699.42,664.99,83313,170344992.0,4.96,-3.2,-22.26,0.39
2008-08-22,000001,670.2,661.51,678.21,648.64,64210,127911320.0,4.4,-1.6,-10.78,0.3
2008-08-25,000001,666.03,669.86,680.64,650.73,79996,161250528.0,4.52,1.26,8.35,0.37
2008-08-26,000001,661.16,665.34,677.16,654.55,80552,161453056.0,3.38,-0.67,-4.52,0.38
2008-08-27,000001,663.25,663.6,676.81,655.6,67921,136582336.0,3.19,-0.26,-1.74,0.32
2008-08-28,000001,664.64,667.42,681.34,659.42,72657,146549344.0,3.3,0.58,3.82,0.34
2008-08-29,000001,671.6,671.94,685.51,660.12,153030,309625664.0,3.8,0.68,4.52,0.71
2008-09-01,000001,668.47,628.81,668.47,628.81,110328,213113040.0,5.9,-6.42,-43.13,0.52
2008-09-02,000001,626.38,620.12,632.64,612.81,111061,208084688.0,3.15,-1.38,-8.69,0.52
2008-09-03,000001,619.07,601.68,621.51,593.68,85825,156530592.0,4.49,-2.97,-18.44,0.4
2008-09-04,000001,601.33,605.85,612.12,592.64,52388,94909184.0,3.24,0.69,4.17,0.24
2008-09-05,000001,592.64,603.77,612.81,583.59,106254,191459024.0,4.82,-0.34,-2.08,0.5
2008-09-08,000001,616.29,584.29,616.29,578.03,61712,110649600.0,6.34,-3.23,-19.48,0.29
2008-09-09,000001,588.46,575.59,591.59,573.85,78720,138427968.0,3.04,-1.49,-8.7,0.37
2008-09-10,000001,573.16,567.59,584.29,556.81,62207,107032600.0,4.77,-1.39,-8.0,0.29
2008-09-11,000001,567.25,529.33,567.25,526.55,94133,154977360.0,7.17,-6.74,-38.26,0.44
2008-09-12,000001,529.33,525.5,539.07,521.68,48542,78310528.0,3.29,-0.72,-3.83,0.23
2008-09-16,000001,515.42,469.85,515.42,469.85,278834,403052192.0,8.67,-10.59,-55.65,1.3
2008-09-17,000001,453.85,423.94,461.15,419.76,298090,394824128.0,8.81,-9.77,-45.91,1.39
2008-09-18,000001,404.46,431.94,455.59,400.63,290192,374958752.0,12.96,1.89,8.0,1.35
2008-09-19,000001,478.2,478.2,478.2,473.68,111368,162823424.0,1.05,10.71,46.26,0.52
2008-09-22,000001,528.64,528.98,528.98,493.85,603467,965465792.0,7.35,10.62,50.78,2.82
2008-09-23,000001,504.98,494.2,520.63,490.37,205717,316776928.0,5.72,-6.57,-34.78,0.96
2008-09-24,000001,480.63,480.63,485.5,469.15,195686,286085920.0,3.31,-2.75,-13.57,0.91
2008-09-25,000001,483.42,501.85,514.37,479.94,246201,375387840.0,7.16,4.42,21.22,1.15
2008-09-26,000001,508.81,490.72,511.59,469.5,253028,376995232.0,8.39,-2.22,-11.13,1.18
2008-10-06,000001,483.42,452.81,483.42,438.55,296758,414885312.0,9.14,-7.73,-37.91,1.39
2008-10-07,000001,433.68,455.94,468.11,428.46,190886,263179264.0,8.76,0.69,3.13,0.89
2008-10-08,000001,431.94,428.46,439.94,412.81,300445,395906976.0,5.95,-6.03,-27.48,1.4
2008-10-09,000001,442.37,421.15,443.41,416.63,158574,208970240.0,6.25,-1.71,-7.31,0.74
2008-10-10,000001,400.63,388.46,405.5,386.02,158856,194138944.0,4.63,-7.76,-32.69,0.74
2008-10-13,000001,393.67,430.54,430.54,390.2,511123,662164800.0,10.38,10.83,42.08,2.39
2008-10-14,000001,451.42,427.76,459.07,426.02,504096,691503104.0,7.68,-0.65,-2.78,2.35
2008-10-16,000001,405.85,400.28,413.85,392.98,258597,323126880.0,4.88,-6.42,-27.48,1.21
2008-10-17,000001,405.15,418.02,418.02,399.94,188300,238347952.0,4.52,4.43,17.74,0.88
2008-10-20,000001,413.85,441.68,449.68,407.59,152017,201089264.0,10.07,5.66,23.66,0.71
2008-10-21,000001,442.37,431.24,451.42,431.24,150516,204932800.0,4.57,-2.36,-10.44,0.7
2008-10-22,000001,422.54,426.72,442.37,421.5,136978,182835536.0,4.84,-1.05,-4.52,0.64
2008-10-23,000001,414.54,405.5,414.54,382.89,357685,438513600.0,7.42,-4.97,-21.22,1.67
2008-10-24,000001,406.2,387.76,409.67,381.5,287751,350582208.0,6.95,-4.37,-17.74,1.34
2008-10-27,000001,375.93,346.02,376.28,346.02,306553,342612512.0,7.8,-10.76,-41.74,1.43
2008-10-28,000001,334.54,368.98,378.02,331.41,418838,470876544.0,13.47,6.64,22.96,1.96
2008-10-29,000001,374.54,352.63,374.54,351.93,282279,319639488.0,6.13,-4.43,-16.35,1.32
2008-10-30,000001,351.93,362.72,371.41,348.46,342020,387916896.0,6.51,2.86,10.09,1.6
2008-10-31,000001,363.88,348.96,366.59,345.79,244054,208945376.0,5.73,-3.79,-13.76,0.88
2008-11-03,000001,343.53,350.32,361.62,339.46,201981,170813008.0,6.35,0.39,1.36,0.73
2008-11-04,000001,346.25,348.06,353.03,332.23,195276,161018400.0,5.94,-0.65,-2.26,0.7
2008-11-05,000001,352.58,370.66,384.23,351.22,472622,416404736.0,9.48,6.49,22.6,1.7
2008-11-06,000001,354.84,351.67,362.07,348.51,233618,197855632.0,3.66,-5.12,-18.99,0.84
2008-11-07,000001,343.99,367.95,377.0,341.72,318945,278272192.0,10.03,4.63,16.28,1.15
2008-11-10,000001,381.52,406.84,407.29,377.45,565849,531007200.0,8.11,10.57,38.89,2.03
2008-11-11,000001,401.41,400.96,417.24,395.54,515000,496466912.0,5.33,-1.45,-5.88,1.85
2008-11-12,000001,394.18,412.72,417.69,392.37,364711,354006368.0,6.31,2.93,11.76,1.31
2008-11-13,000001,404.58,435.33,443.01,399.6,648836,646979328.0,10.52,5.48,22.61,2.33
2008-11-14,000001,440.75,450.7,456.58,429.9,688606,718879424.0,6.13,3.53,15.37,2.47
2008-11-17,000001,449.8,468.34,470.15,441.66,651754,701432832.0,6.32,3.91,17.64,2.34
2008-11-18,000001,462.46,427.19,483.71,419.95,726605,774392960.0,13.61,-8.79,-41.15,2.61
2008-11-19,000001,427.64,466.08,469.24,424.02,545663,575104256.0,10.59,9.1,38.89,1.96
2008-11-20,000001,453.42,446.18,464.27,440.3,611339,648795008.0,5.14,-4.27,-19.9,2.2
2008-11-21,000001,427.19,433.07,453.42,415.88,546568,558293312.0,8.41,-2.94,-13.11,1.96
2008-11-24,000001,433.52,412.72,433.97,410.46,451107,446222080.0,5.43,-4.7,-20.35,1.62
2008-11-25,000001,423.57,407.29,426.74,399.15,370937,362505952.0,6.68,-1.32,-5.43,1.33
2008-11-26,000001,408.2,400.06,408.65,391.01,313663,298018080.0,4.33,-1.78,-7.23,1.13
2008-11-27,000001,427.19,398.25,430.81,397.8,834056,819263360.0,8.25,-0.45,-1.81,3.0
2008-11-28,000001,392.37,377.0,392.37,368.4,495142,445436160.0,6.02,-5.34,-21.25,1.78
2008-12-01,000001,371.57,382.87,384.68,371.57,318611,287548160.0,3.48,1.56,5.87,1.14
2008-12-02,000001,372.47,382.87,385.59,367.95,340894,307018592.0,4.61,0.0,0.0,1.22
2008-12-03,000001,389.66,406.84,407.29,388.3,863899,818587776.0,4.96,6.26,23.97,3.1
2008-12-04,000001,421.76,422.67,443.01,418.14,1174169,1195770112.0,6.11,3.89,15.83,4.22
2008-12-05,000001,420.86,436.68,438.95,420.41,672298,686355840.0,4.39,3.31,14.01,2.41
2008-12-08,000001,449.8,461.1,466.53,445.73,873829,941639808.0,4.76,5.59,24.42,3.14
2008-12-09,000001,467.89,441.66,468.34,440.75,691030,738684800.0,5.98,-4.22,-19.44,2.48
2008-12-10,000001,442.56,478.74,482.81,442.56,1017261,1107176448.0,9.11,8.4,37.08,3.65
2008-12-11,000001,468.79,459.75,481.9,458.84,675100,743099840.0,4.82,-3.97,-18.99,2.42
2008-12-12,000001,452.06,433.07,456.13,426.74,491301,509399616.0,6.39,-5.8,-26.68,1.76
2008-12-15,000001,445.73,432.61,449.35,413.62,558989,566912640.0,8.25,-0.11,-0.46,2.01
2008-12-16,000001,425.38,429.45,432.16,411.36,403336,402624512.0,4.81,-0.73,-3.16,1.45
2008-12-17,000001,432.16,423.57,435.33,418.14,518092,522745216.0,4.0,-1.37,-5.88,1.86
2008-12-18,000001,423.57,449.8,452.06,417.24,623344,646179712.0,8.22,6.19,26.23,2.24
2008-12-19,000001,444.82,446.63,460.2,442.11,551088,585389824.0,4.02,-0.7,-3.17,1.98
2008-12-22,000001,445.28,436.23,448.89,430.35,340562,352120672.0,4.15,-2.33,-10.4,1.22
2008-12-23,000001,436.68,430.81,450.25,421.76,505692,517378336.0,6.53,-1.24,-5.42,1.82
2008-12-24,000001,420.41,428.09,439.4,419.05,346035,351841920.0,4.72,-0.63,-2.72,1.24
2008-12-25,000001,434.88,412.72,434.88,407.74,306840,305689632.0,6.34,-3.59,-15.37,1.1
2008-12-26,000001,411.36,410.01,417.69,406.84,265881,259658880.0,2.63,-0.66,-2.71,0.95
2008-12-29,000001,404.58,398.7,405.48,386.49,277931,260911104.0,4.63,-2.76,-11.31,1.0
2008-12-30,000001,398.25,400.06,405.94,392.82,327193,310284256.0,3.29,0.34,1.36,1.18
2008-12-31,000001,402.32,398.25,404.58,391.01,232262,219748176.0,3.39,-0.45,-1.81,0.83
2009-01-05,000001,403.22,409.55,410.91,400.51,340827,327584256.0,2.61,2.84,11.3,1.22
2009-01-06,000001,413.62,436.23,442.11,410.46,635330,644107968.0,7.73,6.51,26.68,2.28
2009-01-07,000001,431.71,422.21,440.75,422.21,611960,622328640.0,4.25,-3.21,-14.02,2.2
2009-01-08,000001,411.36,404.58,411.81,400.06,392572,379270688.0,2.78,-4.18,-17.63,1.41
2009-01-09,000001,404.58,415.88,419.5,404.58,604457,589480448.0,3.69,2.79,11.3,2.17
2009-01-12,000001,412.72,416.34,426.28,407.74,415480,409864352.0,4.46,0.11,0.46,1.49
2009-01-13,000001,372.02,398.7,405.94,372.02,1730708,1592403456.0,8.15,-4.24,-17.64,6.22
2009-01-14,000001,391.01,431.71,433.97,391.01,765325,752488576.0,10.78,8.28,33.01,2.75
2009-01-15,000001,423.12,436.23,449.8,421.31,895014,928498880.0,6.6,1.05,4.52,3.21
2009-01-16,000001,438.04,450.7,465.17,438.04,664370,710657408.0,6.22,3.32,14.47,2.39
2009-01-19,000001,452.06,472.86,483.71,452.06,936335,1046119936.0,7.02,4.92,22.16,3.36
2009-01-20,000001,471.05,484.16,485.97,468.79,472975,532378880.0,3.63,2.39,11.3,1.7
2009-01-21,000001,474.67,503.61,522.15,467.89,824456,965184768.0,11.21,4.02,19.45,2.96
2009-01-22,000001,504.06,503.61,513.1,485.97,469410,549913088.0,5.39,0.0,0.0,1.69
2009-01-23,000001,494.11,496.83,509.94,494.11,345713,406089408.0,3.14,-1.35,-6.78,1.24
2009-02-02,000001,502.25,497.73,512.65,490.95,329749,386448384.0,4.37,0.18,0.9,1.18
2009-02-03,000001,497.73,510.84,515.82,495.02,368640,438563936.0,4.18,2.63,13.11,1.32
2009-02-04,000001,514.01,560.13,565.11,514.01,540952,687869184.0,10.0,9.65,49.29,1.94
2009-02-05,000001,561.49,549.28,567.37,541.59,373428,483389216.0,4.6,-1.94,-10.85,1.34
2009-02-06,000001,550.18,566.91,578.22,550.18,324698,427737248.0,5.1,3.21,17.63,1.17
2009-02-09,000001,578.67,592.24,605.35,578.67,474283,652256512.0,4.71,4.47,25.33,1.7
2009-02-10,000001,585.91,588.17,594.5,566.46,533706,719521472.0,4.73,-0.69,-4.07,1.92
2009-02-11,000001,580.03,594.5,615.75,561.04,822193,1112270080.0,9.3,1.08,6.33,2.95
2009-02-12,000001,597.66,570.98,597.66,553.35,559957,741834816.0,7.45,-3.96,-23.52,2.01
2009-02-13,000001,565.56,585.91,589.98,557.87,512960,689403008.0,5.62,2.61,14.93,1.84
2009-02-16,000001,589.07,619.37,621.63,589.07,691810,973517952.0,5.56,5.71,33.46,2.48
2009-02-17,000001,619.37,619.82,651.93,598.12,727352,1053926144.0,8.69,0.07,0.45,2.61
2009-02-18,000001,612.13,603.54,643.79,589.98,977476,1383613312.0,8.68,-2.63,-16.28,3.51
2009-02-19,000001,603.54,578.67,612.59,558.32,634736,861836672.0,8.99,-4.12,-24.87,2.28
2009-02-20,000001,571.89,586.81,589.07,562.84,408430,549270144.0,4.53,1.41,8.14,1.47
2009-02-23,000001,580.03,648.31,648.31,576.86,693366,1001283968.0,12.18,10.48,61.5,2.49
2009-02-25,000001,621.63,655.54,693.08,595.4,1434626,2090937472.0,15.07,1.12,7.23,5.15
2009-02-26,000001,639.26,594.5,659.16,587.26,871138,1250457472.0,10.97,-9.31,-61.04,3.13
2009-03-02,000001,567.37,603.54,612.59,557.42,592782,801972736.0,9.28,1.52,9.04,2.13
2009-03-03,000001,576.86,581.38,601.73,574.15,295642,403854592.0,4.57,-3.67,-22.16,1.06
2009-03-04,000001,584.55,641.07,642.43,584.55,678979,979017344.0,9.96,10.27,59.69,2.44
2009-03-05,000001,645.6,655.54,682.67,634.74,913143,1382553984.0,7.48,2.26,14.47,3.28
2009-03-06,000001,637.46,648.31,664.59,636.1,454396,683511168.0,4.35,-1.1,-7.23,1.63
2009-03-09,000001,661.87,634.29,679.51,626.6,561382,851579648.0,8.16,-2.16,-14.02,2.02
2009-03-10,000001,623.89,641.98,641.98,618.01,251376,367283936.0,3.78,1.21,7.69,0.9
2009-03-11,000001,666.85,633.39,670.92,632.93,451200,682414336.0,5.92,-1.34,-8.59,1.62
2009-03-12,000001,633.39,654.19,656.9,622.53,347934,514788832.0,5.43,3.28,20.8,1.25
2009-03-13,000001,656.9,640.62,660.52,639.26,268562,403403840.0,3.25,-2.07,-13.57,0.96
2009-03-16,000001,635.2,660.07,666.4,625.25,415651,625111104.0,6.42,3.04,19.45,1.49
2009-03-17,000001,655.54,689.01,696.24,650.57,660101,1034028288.0,6.92,4.38,28.94,2.37
2009-03-18,000001,693.98,680.87,697.6,678.61,537785,851286464.0,2.76,-1.18,-8.14,1.93
2009-03-19,000001,681.77,684.48,692.17,661.42,570505,891205120.0,4.52,0.53,3.61,2.05
2009-03-20,000001,671.37,663.68,679.06,648.76,637377,974719488.0,4.43,-3.04,-20.8,2.29
2009-03-23,000001,653.73,675.89,677.7,653.73,711227,1096019712.0,3.61,1.84,12.21,2.55
2009-03-24,000001,687.2,679.06,703.02,678.15,842965,1342706304.0,3.68,0.47,3.17,3.03
2009-03-25,000001,673.63,684.94,696.24,671.82,488148,773482624.0,3.6,0.87,5.88,1.75
2009-03-26,000001,687.2,717.49,721.11,680.41,717028,1161662464.0,5.94,4.75,32.55,2.57
2009-03-27,000001,716.59,710.71,723.37,704.38,387551,635156672.0,2.65,-0.94,-6.78,1.39
2009-03-30,000001,712.07,695.79,715.68,686.29,405768,650878080.0,4.14,-2.1,-14.92,1.46
2009-03-31,000001,680.41,691.27,698.05,673.18,323448,509961184.0,3.57,-0.65,-4.52,1.16
2009-04-01,000001,693.98,703.02,716.59,693.08,403239,653598016.0,3.4,1.7,11.75,1.45
2009-04-02,000001,704.38,726.08,732.42,704.38,565854,943747200.0,3.99,3.28,23.06,2.03
2009-04-03,000001,730.61,727.89,750.05,721.11,607705,1025483136.0,3.99,0.25,1.81,2.18
2009-04-07,000001,727.89,723.37,748.24,715.23,326795,548561536.0,4.54,-0.62,-4.52,1.17
2009-04-08,000001,718.85,696.69,734.68,694.43,448200,736657216.0,5.56,-3.69,-26.68,1.61
2009-04-09,000001,696.69,709.81,712.07,695.34,307976,499445888.0,2.4,1.88,13.12,1.11
2009-04-10,000001,716.59,721.56,722.47,705.28,329640,543590656.0,2.42,1.66,11.75,1.18
2009-04-13,000001,724.73,727.44,732.42,716.59,333867,556322496.0,2.19,0.81,5.88,1.2
2009-04-14,000001,722.02,723.82,728.35,715.68,264977,440280096.0,1.74,-0.5,-3.62,0.95
2009-04-15,000001,720.21,707.55,722.47,693.98,424378,689311808.0,3.94,-2.25,-16.27,1.52
2009-04-16,000001,706.64,709.81,714.33,691.27,404319,654320128.0,3.26,0.32,2.26,1.45
2009-04-17,000001,703.93,688.55,703.93,687.2,416703,665845184.0,2.36,-3.0,-21.26,1.5
2009-04-20,000001,687.2,700.31,702.12,681.77,320627,512547648.0,2.96,1.71,11.76,1.15
2009-04-21,000001,691.72,684.48,693.53,669.11,353317,556042944.0,3.49,-2.26,-15.83,1.27
2009-04-22,000001,686.29,660.97,697.14,657.8,351649,552663552.0,5.75,-3.43,-23.51,1.26
2009-04-23,000001,660.07,658.26,667.75,648.76,220364,335080480.0,2.87,-0.41,-2.71,0.79
2009-04-24,000001,668.2,663.68,692.17,660.97,340103,531858080.0,4.74,0.82,5.42,1.22
2009-04-27,000001,655.54,655.54,669.11,649.21,206665,314098816.0,3.0,-1.23,-8.14,0.74
2009-04-28,000001,656.9,675.89,681.32,656.9,375917,585159168.0,3.73,3.1,20.35,1.35
2009-04-29,000001,676.34,717.04,736.03,675.44,587092,955554240.0,8.96,6.09,41.15,2.11
2009-04-30,000001,712.07,708.45,722.02,698.95,342254,559033024.0,3.22,-1.2,-8.59,1.23
2009-05-04,000001,713.42,728.35,735.13,705.74,383778,640081728.0,4.15,2.81,19.9,1.38
2009-05-05,000001,732.87,729.25,748.24,725.63,314032,531835040.0,3.1,0.12,0.9,1.13
2009-05-06,000001,726.08,750.5,755.03,722.02,471289,804699520.0,4.53,2.91,21.25,1.69
2009-05-07,000001,750.05,782.16,787.13,749.15,610114,1083382912.0,5.06,4.22,31.66,2.19
2009-05-08,000001,769.95,792.56,797.08,765.43,579946,1043097088.0,4.05,1.33,10.4,2.08
2009-05-11,000001,793.46,768.59,838.68,766.78,673288,1249003904.0,9.07,-3.02,-23.97,2.42
2009-05-12,000001,765.43,779.9,784.42,759.09,207026,367649728.0,3.3,1.47,11.31,0.74
2009-05-13,000001,783.97,777.18,793.46,769.04,233912,418430784.0,3.13,-0.35,-2.72,0.84
2009-05-14,000001,774.92,758.19,775.37,750.5,315018,547898112.0,3.2,-2.44,-18.99,1.13
2009-05-15,000001,765.43,761.81,768.59,753.22,146352,256399248.0,2.03,0.48,3.62,0.53
2009-05-19,000001,776.28,779.44,792.56,776.28,292115,524995968.0,2.14,2.31,17.63,1.05
2009-05-20,000001,780.8,766.33,783.06,764.52,140421,248650624.0,2.38,-1.68,-13.11,0.5
2009-05-21,000001,764.07,736.94,767.23,733.77,254240,435761376.0,4.37,-3.84,-29.39,0.91
2009-05-22,000001,733.77,743.72,751.86,724.73,234041,395973408.0,3.68,0.92,6.78,0.84
2009-05-25,000001,732.42,746.89,760.0,721.11,295555,504422912.0,5.23,0.43,3.17,1.06
2009-05-26,000001,748.69,743.27,755.03,735.58,174704,299362592.0,2.6,-0.48,-3.62,0.63
2009-05-27,000001,750.96,777.18,777.63,750.96,348116,615492608.0,3.59,4.56,33.91,1.25
2009-06-01,000001,788.49,797.98,807.03,782.61,300236,548654464.0,3.14,2.68,20.8,1.08
2009-06-02,000001,804.77,806.12,814.71,798.89,432957,800652352.0,1.98,1.02,8.14,1.55
2009-06-03,000001,806.12,873.05,877.12,806.12,646897,1263200512.0,8.81,8.3,66.93,2.32
2009-06-04,000001,865.81,892.04,914.65,861.29,618459,1263708672.0,6.11,2.18,18.99,2.22
2009-06-05,000001,886.16,874.86,901.99,868.07,348529,703018752.0,3.8,-1.93,-17.18,1.25
2009-06-15,000001,965.29,965.29,965.29,920.07,1896382,4087878144.0,5.17,10.34,90.43,6.81
2009-06-16,000001,942.68,991.97,1003.28,938.16,1499769,3349282048.0,6.75,2.76,26.68,5.39
2009-06-17,000001,983.83,974.34,987.9,951.73,652224,1438301568.0,3.65,-1.78,-17.63,2.34
2009-06-18,000001,967.55,961.68,992.42,953.99,670967,1484658816.0,3.94,-1.3,-12.66,2.41
2009-06-19,000001,958.51,968.46,983.38,948.56,579874,1275968128.0,3.62,0.71,6.78,2.08
2009-06-22,000001,969.81,969.36,984.28,947.21,663086,1465552896.0,3.83,0.09,0.9,2.27
2009-06-23,000001,951.73,969.81,994.23,943.59,624698,1377111680.0,5.22,0.05,0.45,2.14
2009-06-24,000001,959.87,939.07,960.32,924.14,657157,1407276032.0,3.73,-3.17,-30.74,2.25
2009-06-25,000001,938.16,937.26,954.89,931.38,383516,823792192.0,2.5,-0.19,-1.81,1.31
2009-06-26,000001,942.23,947.21,951.73,936.35,341174,735726144.0,1.64,1.06,9.95,1.17
2009-06-30,000001,965.29,957.15,974.34,947.66,412013,904244096.0,2.82,1.05,9.94,1.41
2009-07-01,000001,956.25,1021.82,1028.15,945.4,798579,1808460032.0,8.65,6.76,64.67,2.73
2009-07-02,000001,1019.56,1023.63,1039.9,1010.51,489429,1142173184.0,2.88,0.18,1.81,1.67
2009-07-03,000001,1008.7,1037.64,1042.62,1006.44,376414,878856832.0,3.53,1.37,14.01,1.29
2009-07-06,000001,1038.1,1050.3,1079.7,1029.05,351974,844831232.0,4.88,1.22,12.66,1.2
2009-07-07,000001,1045.78,1001.02,1045.78,992.42,517277,1195541504.0,5.08,-4.69,-49.28,1.77
2009-07-08,000001,983.38,991.52,1002.82,968.01,375571,840308608.0,3.48,-0.95,-9.5,1.28
2009-07-09,000001,991.07,995.14,1000.11,972.53,319593,716148672.0,2.78,0.37,3.62,1.09
2009-07-10,000001,996.04,1000.56,1013.68,987.9,294774,673110976.0,2.59,0.54,5.42,1.01
2009-07-13,000001,994.69,971.17,994.69,971.17,279276,623127040.0,2.35,-2.94,-29.39,0.96
2009-07-14,000001,976.6,1003.73,1006.89,976.6,289466,658655488.0,3.12,3.35,32.56,0.99
2009-07-15,000001,1006.44,1009.61,1024.98,1000.11,280882,645874880.0,2.48,0.59,5.88,0.96
2009-07-16,000001,1022.27,1035.83,1049.4,1007.35,545872,1285357824.0,4.16,2.6,26.22,1.87
2009-07-17,000001,1035.83,1031.76,1044.43,1010.51,284194,663508352.0,3.27,-0.39,-4.07,0.97
2009-07-20,000001,1031.76,1041.26,1041.26,1008.25,377519,878859648.0,3.2,0.92,9.5,1.29
2009-07-21,000001,1034.03,1008.25,1055.28,1007.8,469600,1097625088.0,4.56,-3.17,-33.01,1.61
2009-07-22,000001,1004.18,1014.13,1021.82,996.95,417013,955451712.0,2.47,0.58,5.88,1.43
2009-07-23,000001,1012.77,1017.75,1034.93,990.16,544134,1253467264.0,4.41,0.36,3.62,1.86
2009-07-24,000001,1025.43,996.95,1028.15,987.9,448279,1026109248.0,3.95,-2.04,-20.8,1.53
2009-07-27,000001,1002.37,1015.03,1034.93,1001.47,381863,884331776.0,3.36,1.81,18.08,1.31
2009-07-28,000001,1018.65,1015.03,1050.3,1001.47,603280,1412429952.0,4.81,0.0,0.0,2.06
2009-07-29,000001,1024.08,1046.69,1109.99,1000.11,1365059,3296629504.0,10.83,3.12,31.66,4.67
2009-07-30,000001,1072.01,1154.31,1154.31,1072.01,1871718,4821611008.0,7.86,10.28,107.62,6.4
2009-08-03,000001,1139.39,1139.39,1140.29,1096.88,994984,2517751552.0,3.76,-1.29,-14.92,3.4
2009-08-04,000001,1128.99,1102.76,1131.7,1080.6,687545,1713961856.0,4.48,-3.21,-36.63,2.35
2009-08-05,000001,1094.62,1108.18,1134.86,1087.38,466407,1177478144.0,4.31,0.49,5.42,1.6
2009-08-06,000001,1088.74,1055.28,1089.64,1035.38,485382,1171305472.0,4.9,-4.77,-52.9,1.66
2009-08-07,000001,1056.18,1034.48,1080.6,1030.86,323961,777062528.0,4.71,-1.97,-20.8,1.11
2009-08-10,000001,1050.3,1008.7,1059.8,988.35,460193,1065654848.0,6.91,-2.49,-25.78,1.57
2009-08-11,000001,1012.77,1014.13,1024.53,987.9,245180,563547840.0,3.63,0.54,5.43,0.84
2009-08-12,000001,1009.16,982.02,1031.31,972.53,364689,833650688.0,5.8,-3.17,-32.11,1.25
2009-08-13,000001,980.22,1022.72,1024.98,969.36,386029,881036928.0,5.66,4.14,40.7,1.32
2009-08-14,000001,1015.03,996.95,1029.96,978.86,306721,701501184.0,5.0,-2.52,-25.77,1.05
2009-08-17,000001,978.41,929.57,1015.03,928.21,445874,989872256.0,8.71,-6.76,-67.38,1.53
2009-08-18,000001,931.38,939.97,949.47,916.0,281472,601150720.0,3.6,1.12,10.4,0.96
2009-08-19,000001,946.3,910.13,962.58,895.2,281513,599317184.0,7.17,-3.17,-29.84,0.96
2009-08-20,000001,911.48,945.4,945.85,897.92,344394,728855232.0,5.27,3.88,35.27,1.18
2009-08-21,000001,948.11,968.46,987.9,944.94,473641,1044471808.0,4.54,2.44,23.06,1.62
2009-08-24,000001,974.79,961.68,983.38,953.99,290076,638338176.0,3.03,-0.7,-6.78,0.99
2009-08-25,000001,960.32,890.23,960.32,862.65,550337,1130510848.0,10.16,-7.43,-71.45,1.88
2009-08-26,000001,874.86,902.89,914.65,852.25,363893,739250240.0,7.01,1.42,12.66,1.24
2009-08-27,000001,888.42,881.19,914.2,878.92,290752,592686080.0,3.91,-2.4,-21.7,0.99
2009-08-28,000001,879.83,836.87,888.87,833.25,375599,728308992.0,6.31,-5.03,-44.32,1.28
2009-08-31,000001,826.92,793.01,828.73,786.23,360353,667617792.0,5.08,-5.24,-43.86,1.23
2009-09-01,000001,793.01,829.64,841.85,793.01,361589,683604928.0,6.16,4.62,36.63,1.24
2009-09-02,000001,815.17,867.62,874.86,807.03,417757,822035776.0,8.18,4.58,37.98,1.43
2009-09-03,000001,869.43,904.25,914.2,859.03,394377,803812224.0,6.36,4.22,36.63,1.35
2009-09-04,000001,910.58,907.86,927.31,901.08,288675,600230912.0,2.9,0.4,3.61,0.99
2009-09-07,000001,913.29,911.48,928.21,901.99,270209,564654400.0,2.89,0.4,3.62,0.92
2009-09-08,000001,904.25,918.27,920.07,896.56,335538,695914368.0,2.58,0.74,6.79,1.15
2009-09-09,000001,921.88,918.27,929.12,897.46,208786,435507936.0,3.45,0.0,0.0,0.71
2009-09-10,000001,912.39,906.51,919.62,899.73,233548,485233600.0,2.17,-1.28,-11.76,0.8
2009-09-11,000001,898.82,956.25,964.39,898.82,451816,965618432.0,7.23,5.49,49.74,1.55
2009-09-14,000001,956.25,964.39,972.98,944.49,293257,641851520.0,2.98,0.85,8.14,1.0
2009-09-15,000001,965.29,960.32,974.34,947.21,207386,453400640.0,2.81,-0.42,-4.07,0.71
2009-09-16,000001,948.11,932.74,954.89,918.27,282733,602675456.0,3.81,-2.87,-27.58,0.97
2009-09-17,000001,935.9,942.23,950.37,935.9,220036,473194336.0,1.55,1.02,9.49,0.75
2009-09-18,000001,947.66,897.46,948.56,879.38,544506,1134002944.0,7.34,-4.75,-44.77,1.86
2009-09-21,000001,885.71,894.3,897.46,851.34,413421,823299392.0,5.14,-0.35,-3.16,1.41
2009-09-22,000001,879.38,862.19,894.3,859.48,353983,710314112.0,3.89,-3.59,-32.11,1.21
2009-09-23,000001,862.65,852.7,874.4,844.56,248899,488930432.0,3.46,-1.1,-9.49,0.85
2009-09-24,000001,852.7,889.33,908.77,844.56,481661,965753792.0,7.53,4.3,36.63,1.65
2009-09-25,000001,874.86,881.64,887.52,860.39,211870,423648256.0,3.05,-0.86,-7.69,0.72
2009-09-28,000001,881.64,849.53,889.33,844.56,145860,290298496.0,5.08,-3.64,-32.11,0.5
2009-09-29,000001,852.25,863.1,871.69,843.2,187961,368535552.0,3.35,1.6,13.57,0.64
2009-09-30,000001,869.43,875.31,884.8,867.62,182522,365527776.0,1.99,1.41,12.21,0.62
2009-10-09,000001,897.46,922.33,929.12,884.8,257463,535696800.0,5.06,5.37,47.02,0.88
2009-10-12,000001,929.12,919.62,942.23,915.55,240983,509669632.0,2.89,-0.29,-2.71,0.82
2009-10-13,000001,913.29,925.5,929.12,908.77,126962,267367264.0,2.21,0.64,5.88,0.43
2009-10-14,000001,926.86,930.47,952.18,921.43,290702,621909568.0,3.32,0.54,4.97,0.99
2009-10-15,000001,940.42,939.07,959.41,930.93,245157,528984512.0,3.06,0.92,8.6,0.84
2009-10-16,000001,939.97,934.09,950.37,913.29,195516,414123552.0,3.95,-0.53,-4.98,0.67
2009-10-19,000001,935.45,967.55,968.46,920.07,348413,756880640.0,5.18,3.58,33.46,1.19
2009-10-20,000001,974.34,982.93,987.9,965.75,298993,666569600.0,2.29,1.59,15.38,1.02
2009-10-21,000001,982.93,993.33,1013.22,976.15,289999,657002752.0,3.77,1.06,10.4,0.99
2009-10-22,000001,987.9,975.69,997.4,974.79,223513,501296672.0,2.28,-1.78,-17.64,0.76
2009-10-23,000001,982.93,1001.92,1013.22,979.31,249409,569395584.0,3.48,2.69,26.23,0.85
2009-10-26,000001,1009.61,1001.92,1015.49,991.07,162386,371247200.0,2.44,0.0,0.0,0.56
2009-10-27,000001,996.04,965.29,996.04,959.87,224129,497956736.0,3.61,-3.66,-36.63,0.77
2009-10-28,000001,961.68,959.87,969.81,939.52,165094,359633600.0,3.14,-0.56,-5.42,0.56
2009-10-29,000001,947.21,974.79,992.88,942.68,373127,829904128.0,5.23,1.55,14.92,1.28
2009-10-30,000001,1001.47,987.0,1008.7,975.69,260405,590492352.0,3.39,1.25,12.21,0.89
2009-11-02,000001,960.77,1088.74,1088.74,956.25,762862,1830348544.0,13.42,10.31,101.74,2.61
2009-11-03,000001,1078.34,1098.24,1111.8,1075.63,539027,1345694848.0,3.32,0.87,9.5,1.84
2009-11-04,000001,1087.38,1119.04,1152.95,1087.38,499131,1276594304.0,5.97,1.89,20.8,1.71
2009-11-05,000001,1118.13,1103.21,1121.75,1094.17,289312,727022400.0,2.46,-1.41,-15.83,0.99
2009-11-06,000001,1118.58,1105.47,1132.15,1092.36,302975,762726336.0,3.61,0.2,2.26,1.04
2009-11-09,000001,1096.88,1094.62,1109.99,1068.39,327967,810528320.0,3.76,-0.98,-10.85,1.12
2009-11-10,000001,1101.85,1137.12,1146.62,1100.95,502087,1285853184.0,4.17,3.88,42.5,1.72
2009-11-11,000001,1124.01,1127.63,1133.96,1114.52,192092,490000800.0,1.71,-0.83,-9.49,0.66
2009-11-12,000001,1128.53,1108.18,1141.65,1103.66,213039,541542272.0,3.37,-1.72,-19.45,0.73
2009-11-13,000001,1107.73,1119.04,1119.04,1091.91,226480,568337280.0,2.45,0.98,10.86,0.77
2009-11-16,000001,1126.27,1156.12,1161.09,1120.39,339575,880393408.0,3.64,3.31,37.08,1.16
2009-11-17,000001,1157.93,1147.52,1179.18,1128.53,339757,896886720.0,4.38,-0.74,-8.6,1.16
2009-11-18,000001,1148.88,1137.58,1155.21,1129.89,181940,471343648.0,2.21,-0.87,-9.94,0.62
2009-11-19,000001,1143.91,1143.91,1155.21,1128.08,197731,511511008.0,2.38,0.56,6.33,0.68
2009-11-20,000001,1134.86,1128.53,1144.36,1122.65,266284,683580544.0,1.9,-1.34,-15.38,0.91
2009-11-23,000001,1128.99,1125.82,1133.96,1114.52,252657,644587904.0,1.72,-0.24,-2.71,0.86
2009-11-24,000001,1134.86,1107.73,1153.86,1101.4,372236,956197696.0,4.66,-1.61,-18.09,1.27
2009-11-25,000001,1108.64,1109.09,1122.65,1071.56,309765,773227776.0,4.61,0.12,1.36,1.06
2009-11-26,000001,1109.09,1043.52,1109.54,1033.12,423686,1033181056.0,6.89,-5.91,-65.57,1.45
2009-11-27,000001,1030.86,1025.43,1051.21,1014.58,387948,909588096.0,3.51,-1.73,-18.09,1.33
2009-11-30,000001,1038.55,1067.49,1070.65,1034.48,281862,676858368.0,3.53,4.1,42.06,0.96
2009-12-01,000001,1062.51,1064.32,1064.77,1024.08,533853,1268305408.0,3.81,-0.3,-3.17,1.83
2009-12-02,000001,1067.94,1072.91,1089.19,1067.49,341100,836075200.0,2.04,0.81,8.59,1.17
2009-12-03,000001,1064.77,1053.47,1072.46,1042.16,339209,812890752.0,2.82,-1.81,-19.44,1.16
2009-12-04,000001,1053.47,1114.52,1116.78,1036.29,790960,1960035200.0,7.64,5.8,61.05,2.7
2009-12-07,000001,1104.11,1117.23,1136.67,1096.43,421710,1068545152.0,3.61,0.24,2.71,1.44
2009-12-08,000001,1120.39,1090.55,1120.39,1083.77,312474,778444672.0,3.28,-2.39,-26.68,1.07
2009-12-09,000001,1087.38,1085.12,1092.81,1073.82,202844,499576640.0,1.74,-0.5,-5.43,0.69
2009-12-10,000001,1091.91,1095.98,1109.99,1082.86,191283,476462784.0,2.5,1.0,10.86,0.65
2009-12-11,000001,1095.98,1100.5,1112.25,1087.84,174437,436689792.0,2.23,0.41,4.52,0.6
2009-12-14,000001,1090.1,1123.56,1137.12,1055.28,400293,1000935168.0,7.44,2.1,23.06,1.37
2009-12-15,000001,1112.25,1104.57,1132.6,1101.4,248534,628406656.0,2.78,-1.69,-18.99,0.85
2009-12-16,000001,1096.43,1094.17,1121.3,1090.55,160091,401527616.0,2.78,-0.94,-10.4,0.55
2009-12-17,000001,1096.43,1078.79,1109.99,1073.82,181397,448143104.0,3.31,-1.41,-15.38,0.62
2009-12-18,000001,1068.84,1052.57,1081.05,1052.11,197863,478154144.0,2.68,-2.43,-26.22,0.68
2009-12-21,000001,1048.95,1035.83,1062.06,1010.51,172649,405556992.0,4.9,-1.59,-16.74,0.59
2009-12-22,000001,1039.0,997.85,1041.26,994.69,147319,339795424.0,4.5,-3.67,-37.98,0.5
2009-12-23,000001,999.66,990.16,1013.22,977.95,213402,483286336.0,3.53,-0.77,-7.69,0.73
2009-12-24,000001,994.69,1023.17,1024.53,986.09,294029,672728256.0,3.88,3.33,33.01,1.01
2009-12-29,000001,1028.6,1037.19,1047.14,1010.51,243439,571177472.0,3.58,1.37,14.02,0.83
2009-12-30,000001,1037.19,1073.37,1079.7,1029.5,363330,877732160.0,4.84,3.49,36.18,1.24
2009-12-31,000001,1072.91,1072.46,1086.93,1059.8,214762,523456320.0,2.53,-0.08,-0.91,0.73
2010-01-04,000001,1079.24,1042.62,1081.96,1041.26,241923,580249472.0,3.8,-2.78,-29.84,0.83
2010-01-05,000001,1044.43,1024.08,1051.21,999.21,556500,1293476992.0,4.99,-1.78,-18.54,1.9
2010-01-06,000001,1021.82,1005.99,1021.82,997.85,412143,944453696.0,2.34,-1.77,-18.09,1.41
2010-01-07,000001,1005.99,994.69,1012.77,983.38,355337,804166336.0,2.92,-1.12,-11.3,1.22
2010-01-08,000001,987.9,992.42,999.21,981.12,288543,650667392.0,1.82,-0.23,-2.27,0.99
2010-01-11,000001,1033.12,992.42,1041.26,977.95,442846,1009985536.0,6.38,0.0,0.0,1.51
2010-01-12,000001,991.07,985.64,994.69,956.25,591796,1310068992.0,3.87,-0.68,-6.78,2.02
2010-01-13,000001,959.41,918.27,960.77,911.03,935039,1990492672.0,5.05,-6.84,-67.37,3.2
2010-01-14,000001,920.07,918.72,927.31,901.99,521195,1089329408.0,2.76,0.05,0.45,1.78
2010-01-15,000001,920.98,939.52,949.47,904.25,539508,1146375296.0,4.92,2.26,20.8,1.85
2010-01-18,000001,939.52,941.33,954.44,929.57,349127,749941248.0,2.65,0.19,1.81,1.19
2010-01-19,000001,946.3,975.69,980.67,945.4,650715,1438886656.0,3.75,3.65,34.36,2.23
2010-01-20,000001,975.24,937.26,992.42,933.64,490836,1079325952.0,6.02,-3.94,-38.43,1.68
2010-01-21,000001,946.3,996.04,1001.47,937.26,632301,1405279488.0,6.85,6.27,58.78,2.16
2010-01-22,000001,985.19,1014.13,1030.86,959.87,882539,2002921984.0,7.13,1.82,18.09,3.02
2010-01-25,000001,992.42,973.88,1015.03,969.81,356059,803320192.0,4.46,-3.97,-40.25,1.22
2010-01-26,000001,973.88,967.55,991.97,947.21,345326,760432384.0,4.6,-0.65,-6.33,1.18
2010-01-27,000001,982.93,961.22,992.42,951.73,401035,892337344.0,4.21,-0.65,-6.33,1.37
2010-01-28,000001,956.25,953.99,967.55,925.05,262132,567566976.0,4.42,-0.75,-7.23,0.9
2010-01-29,000001,946.75,951.73,981.12,934.54,240688,528437728.0,4.88,-0.24,-2.26,0.82
2010-02-01,000001,952.18,930.93,954.89,920.07,283180,602675200.0,3.66,-2.19,-20.8,0.97
2010-02-02,000001,931.83,936.8,963.48,931.83,286734,620475776.0,3.4,0.63,5.87,0.98
2010-02-03,000001,944.04,991.52,991.52,930.93,549006,1214267904.0,6.47,5.84,54.72,1.88
2010-02-04,000001,980.22,974.34,985.64,965.75,303346,675283328.0,2.01,-1.73,-17.18,1.04
2010-02-05,000001,948.11,965.29,979.76,938.61,276174,601515200.0,4.22,-0.93,-9.05,0.94
2010-02-08,000001,959.87,945.4,968.91,940.42,206423,447137536.0,2.95,-2.06,-19.89,0.71
2010-02-09,000001,947.21,965.29,972.08,944.04,248170,543120256.0,2.97,2.1,19.89,0.85
2010-02-10,000001,974.34,977.95,982.48,966.2,253840,564177472.0,1.69,1.31,12.66,0.87
2010-02-11,000001,974.79,970.27,981.12,968.91,139102,308844864.0,1.25,-0.79,-7.68,0.48
2010-02-12,000001,972.98,985.64,992.42,972.98,188386,422488288.0,2.0,1.58,15.37,0.64
2010-02-22,000001,979.31,969.81,985.64,968.91,165778,367933696.0,1.7,-1.61,-15.83,0.57
2010-02-23,000001,966.65,944.94,967.55,938.16,237781,513377920.0,3.03,-2.56,-24.87,0.81
2010-02-24,000001,938.61,952.18,955.8,930.02,231486,497531456.0,2.73,0.77,7.24,0.79
2010-02-25,000001,950.37,972.08,983.83,947.66,347879,770836544.0,3.8,2.09,19.9,1.19
2010-02-26,000001,965.75,985.64,993.33,964.39,450217,1008966464.0,2.98,1.39,13.56,1.54
2010-03-02,000001,1005.54,1015.49,1053.92,1005.54,684647,1599219840.0,4.91,3.03,29.85,2.34
2010-03-03,000001,1015.49,1024.08,1026.34,1001.47,284111,655444672.0,2.45,0.85,8.59,0.97
2010-03-04,000001,1024.98,1015.03,1039.0,1010.51,376321,877389760.0,2.78,-0.88,-9.05,1.29
2010-03-05,000001,1015.03,1022.72,1032.67,1012.77,291842,681193920.0,1.96,0.76,7.69,1.0
2010-03-08,000001,1024.98,1048.95,1057.99,1013.22,441054,1045698944.0,4.38,2.56,26.23,1.51
2010-03-09,000001,1050.3,1047.59,1067.94,1033.12,394360,943966336.0,3.32,-0.13,-1.36,1.35
2010-03-10,000001,1042.62,1028.6,1059.35,1026.34,211059,499356448.0,3.15,-1.81,-18.99,0.72
2010-03-11,000001,1035.38,1040.36,1054.37,1028.15,241218,571453952.0,2.55,1.14,11.76,0.82
2010-03-12,000001,1035.38,1006.89,1035.38,1005.09,283073,655910208.0,2.91,-3.22,-33.47,0.97
2010-03-15,000001,1005.09,982.93,1005.09,974.34,189090,424857088.0,3.05,-2.38,-23.96,0.65
2010-03-16,000001,982.93,990.16,993.78,976.15,196849,441221888.0,1.79,0.74,7.23,0.67
2010-03-17,000001,993.33,1019.1,1019.56,986.09,192860,441162464.0,3.38,2.92,28.94,0.66
2010-03-18,000001,1021.82,1012.77,1033.12,1009.61,218152,507527264.0,2.31,-0.62,-6.33,0.75
2010-03-19,000001,1012.77,1012.32,1019.56,996.95,176615,404284736.0,2.23,-0.04,-0.45,0.6
2010-03-22,000001,1007.35,1017.29,1029.5,1007.35,195257,453198688.0,2.19,0.49,4.97,0.67
2010-03-23,000001,1019.56,1002.82,1022.27,997.4,159349,365560032.0,2.44,-1.42,-14.47,0.54
2010-03-24,000001,1003.73,1001.47,1019.56,998.75,210983,484336288.0,2.08,-0.13,-1.35,0.72
2010-03-25,000001,999.66,978.86,1000.11,977.95,166074,372184256.0,2.21,-2.26,-22.61,0.57
2010-03-26,000001,978.86,1001.92,1014.58,972.98,223461,509149248.0,4.25,2.36,23.06,0.76
2010-03-29,000001,1008.7,1035.83,1049.4,1001.02,444163,1044826240.0,4.83,3.38,33.91,1.52
2010-03-30,000001,1039.0,1039.9,1045.78,1025.89,253043,595446912.0,1.92,0.39,4.07,0.87
2010-03-31,000001,1039.9,1019.56,1040.81,1014.13,305550,710514240.0,2.57,-1.96,-20.34,1.04
2010-04-01,000001,1022.72,1028.6,1037.64,1013.68,305159,712145600.0,2.35,0.89,9.04,1.04
2010-04-02,000001,1031.31,1029.96,1033.12,1020.01,195900,457640288.0,1.27,0.13,1.36,0.67
2010-04-06,000001,1035.83,1027.24,1049.4,1022.27,236509,556583872.0,2.63,-0.26,-2.72,0.81
2010-04-07,000001,1026.34,1003.73,1029.96,996.04,318422,730335808.0,3.3,-2.29,-23.51,1.09
2010-04-08,000001,1002.37,991.07,1002.82,979.76,448387,1009933568.0,2.3,-1.26,-12.66,1.53
2010-04-09,000001,991.07,995.14,998.75,987.9,220410,498836800.0,1.09,0.41,4.07,0.75
2010-04-12,000001,997.85,969.36,999.66,962.58,494771,1098010880.0,3.73,-2.59,-25.78,1.69
2010-04-13,000001,972.98,983.38,992.88,967.55,449187,1003910784.0,2.61,1.45,14.02,1.54
2010-04-14,000001,983.38,975.69,985.64,966.65,331852,734720512.0,1.93,-0.78,-7.69,1.13
2010-04-15,000001,977.95,983.38,983.38,964.39,357018,790372992.0,1.95,0.79,7.69,1.22
2010-04-16,000001,977.95,965.75,977.95,964.39,286468,632291264.0,1.38,-1.79,-17.63,0.98
2010-04-19,000001,944.94,878.47,946.3,874.4,826874,1708546688.0,7.44,-9.04,-87.28,2.83
2010-04-20,000001,880.28,864.45,889.78,852.25,435134,858886272.0,4.27,-1.6,-14.02,1.49
2010-04-21,000001,866.26,880.73,882.09,856.77,373588,742144448.0,2.93,1.88,16.28,1.28
2010-04-22,000001,874.86,856.32,874.86,843.65,452210,884329088.0,3.54,-2.77,-24.41,1.55
2010-04-23,000001,858.58,882.09,900.18,847.27,556046,1106582144.0,6.18,3.01,25.77,1.9
2010-04-26,000001,874.86,872.14,890.68,861.29,322315,647506048.0,3.33,-1.13,-9.95,1.1
2010-04-27,000001,864.91,868.07,884.35,854.51,348904,692500032.0,3.42,-0.47,-4.07,1.19
2010-04-28,000001,863.1,881.19,882.99,856.77,334939,668218624.0,3.02,1.51,13.12,1.15
2010-04-29,000001,889.33,882.54,903.34,880.73,368242,749244096.0,2.57,0.15,1.35,1.26
2010-04-30,000001,886.16,900.18,901.53,881.19,324345,662829184.0,2.3,2.0,17.64,1.11
2010-05-04,000001,879.38,874.86,888.42,864.45,286747,574413568.0,2.66,-2.81,-25.32,0.98
2010-05-05,000001,878.92,870.33,884.8,845.92,650422,1283692544.0,4.44,-0.52,-4.53,2.22
2010-05-06,000001,860.84,802.5,860.84,798.44,685797,1296218496.0,7.17,-7.79,-67.83,2.35
2010-05-07,000001,785.77,796.17,809.29,782.16,412580,752185920.0,3.38,-0.79,-6.33,1.41
2010-05-10,000001,800.24,803.86,815.17,793.01,386417,710974016.0,2.78,0.97,7.69,1.32
2010-05-11,000001,823.31,760.45,824.66,760.0,561717,1017121600.0,8.04,-5.4,-43.41,1.92
2010-05-12,000001,752.76,789.39,797.98,746.43,521041,931251264.0,6.78,3.81,28.94,1.78
2010-05-13,000001,784.87,815.17,826.02,784.42,567527,1049525952.0,5.27,3.27,25.78,1.94
2010-05-14,000001,815.17,800.24,815.62,793.46,265628,487732512.0,2.72,-1.83,-14.93,0.91
2010-05-17,000001,784.42,758.64,785.32,754.57,326608,574713344.0,3.84,-5.2,-41.6,1.12
2010-05-18,000001,761.81,783.06,789.39,752.76,361901,641553728.0,4.83,3.22,24.42,1.24
2010-05-19,000001,772.66,773.56,792.1,757.74,256356,456208288.0,4.39,-1.21,-9.5,0.88
2010-05-20,000001,764.97,764.07,786.68,760.9,218289,387168256.0,3.33,-1.23,-9.49,0.75
2010-05-21,000001,743.72,776.28,778.54,740.1,220795,386738336.0,5.03,1.6,12.21,0.76
2010-05-24,000001,780.8,802.05,811.55,780.8,317916,582619392.0,3.96,3.32,25.77,1.09
2010-05-25,000001,793.46,774.92,795.72,773.11,245946,441872576.0,2.82,-3.38,-27.13,0.84
2010-05-26,000001,778.99,779.9,792.1,775.83,171611,308368928.0,2.1,0.64,4.98,0.59
2010-05-27,000001,778.54,787.58,789.84,760.0,278167,496702080.0,3.83,0.98,7.68,0.95
2010-05-28,000001,795.72,788.03,802.05,785.32,253974,461689408.0,2.12,0.06,0.45,0.87
2010-05-31,000001,779.9,762.26,793.46,761.81,270458,480683776.0,4.02,-3.27,-25.77,0.92
2010-06-01,000001,758.64,752.76,770.4,747.79,218091,379058912.0,2.97,-1.25,-9.5,0.75
2010-06-02,000001,750.5,749.6,757.74,735.58,251256,430720704.0,2.94,-0.42,-3.16,0.86
2010-06-03,000001,753.22,749.15,771.3,749.15,287562,501143168.0,2.95,-0.06,-0.45,0.98
2010-06-04,000001,748.69,752.76,761.81,746.43,134735,232824768.0,2.05,0.48,3.61,0.46
2010-06-07,000001,743.72,735.13,752.76,730.61,241493,410550912.0,2.94,-2.34,-17.63,0.83
2010-06-08,000001,735.58,725.63,740.1,716.59,170330,286156160.0,3.2,-1.29,-9.5,0.58
2010-06-09,000001,729.7,769.5,774.92,720.21,495744,857978624.0,7.54,6.05,43.87,1.7
2010-06-10,000001,751.41,744.17,760.45,742.82,284641,489563040.0,2.29,-3.29,-25.33,0.97
2010-06-11,000001,748.69,745.98,760.0,739.2,209983,362292832.0,2.8,0.24,1.81,0.72
2010-06-18,000001,747.79,753.67,773.11,745.98,448493,785248768.0,3.64,1.03,7.69,1.53
2010-06-21,000001,753.22,797.98,807.93,753.22,589807,1063389312.0,7.26,5.88,44.31,2.02
2010-06-22,000001,795.72,808.38,821.5,789.39,417138,770488704.0,4.02,1.3,10.4,1.43
2010-06-23,000001,797.98,800.24,812.45,790.3,324680,597274368.0,2.74,-1.01,-8.14,1.11
2010-06-24,000001,797.98,808.38,821.04,794.82,233515,432905280.0,3.28,1.02,8.14,0.8
2010-06-25,000001,802.05,789.39,807.03,785.77,227503,415194016.0,2.63,-2.35,-18.99,0.78
2010-06-28,000001,786.68,806.57,811.55,786.68,244148,448791840.0,3.15,2.18,17.18,0.79
2010-06-29,000001,808.38,762.26,808.38,761.81,306683,549134848.0,5.77,-5.49,-44.31,0.99
2010-09-02,000001,829.64,793.01,829.64,779.44,1634542,2984708608.0,6.59,4.03,30.75,5.26
2010-09-03,000001,792.1,773.56,792.1,769.5,624129,1110873728.0,2.85,-2.45,-19.45,2.01
2010-09-06,000001,778.09,793.46,802.05,774.02,609070,1106419456.0,3.62,2.57,19.9,1.96
2010-09-07,000001,799.79,786.23,799.79,781.7,392853,711274624.0,2.28,-0.91,-7.23,1.27
2010-09-08,000001,780.35,768.59,780.35,762.26,490036,865664640.0,2.3,-2.24,-17.64,1.58
2010-09-09,000001,768.59,749.15,768.59,746.89,469898,816937856.0,2.82,-2.53,-19.44,1.51
2010-09-10,000001,746.43,748.24,757.74,739.2,251848,432519200.0,2.47,-0.12,-0.91,0.81
2010-09-13,000001,748.69,743.27,757.29,729.25,502228,856767616.0,3.75,-0.66,-4.97,1.62
2010-09-14,000001,745.98,747.34,755.48,743.27,299495,516196352.0,1.64,0.55,4.07,0.96
2010-09-15,000001,748.24,735.58,752.31,735.58,259236,443804448.0,2.24,-1.57,-11.76,0.83
2010-09-16,000001,739.2,722.47,745.53,718.85,286076,478304192.0,3.63,-1.78,-13.11,0.92
2010-09-17,000001,724.28,723.37,734.68,721.56,220793,369835360.0,1.82,0.12,0.9,0.71
2010-09-20,000001,724.28,725.63,736.49,717.04,197687,330479008.0,2.69,0.31,2.26,0.64
2010-09-21,000001,729.25,721.56,731.51,718.85,133992,223281920.0,1.74,-0.56,-4.07,0.43
2010-09-27,000001,722.92,725.18,727.89,713.42,188332,312453344.0,2.01,0.5,3.62,0.61
2010-09-28,000001,724.28,705.74,724.28,705.74,246526,404817184.0,2.56,-2.68,-19.44,0.79
2010-09-29,000001,703.93,703.93,713.42,698.95,213476,347260768.0,2.05,-0.26,-1.81,0.69
2010-10-08,000001,725.63,749.15,754.57,716.59,536716,914838848.0,5.4,6.42,45.22,1.73
2010-10-11,000001,753.67,786.23,800.7,753.67,874030,1564391680.0,6.28,4.95,37.08,2.81
2010-10-12,000001,787.13,783.06,791.2,775.37,477594,856881088.0,2.01,-0.4,-3.17,1.54
2010-10-13,000001,783.97,808.84,809.29,783.06,825962,1514394496.0,3.35,3.29,25.78,2.66
2010-10-14,000001,813.81,799.79,842.75,798.44,1003749,1889045248.0,5.48,-1.12,-9.05,3.23
2010-10-15,000001,793.46,836.42,846.82,792.56,1168938,2220512256.0,6.78,4.58,36.63,3.76
2010-10-18,000001,847.72,837.32,877.57,834.16,1074082,2102793984.0,5.19,0.11,0.9,3.46
2010-10-19,000001,835.06,854.51,858.12,821.95,580719,1107907840.0,4.32,2.05,17.19,1.87
2010-10-20,000001,836.42,850.89,873.95,836.42,739727,1448845952.0,4.39,-0.42,-3.62,2.38
2010-10-21,000001,850.89,822.85,852.25,819.24,555000,1052712896.0,3.88,-3.3,-28.04,1.79
2010-10-22,000001,809.29,807.93,821.04,799.34,538222,999166144.0,2.64,-1.81,-14.92,1.73
2010-10-25,000001,809.29,825.57,828.28,796.17,468306,874475200.0,3.97,2.18,17.64,1.51
2010-10-26,000001,829.64,814.26,840.94,809.29,422300,795987328.0,3.83,-1.37,-11.31,1.36
2010-10-27,000001,811.1,809.74,833.25,800.24,395032,739953152.0,4.05,-0.56,-4.52,1.27
2010-10-28,000001,811.55,819.24,825.11,803.86,384631,719877440.0,2.62,1.17,9.5,1.24
2010-10-29,000001,820.14,802.96,821.04,799.79,358577,663509376.0,2.59,-1.99,-16.28,1.15
2010-11-01,000001,806.57,810.19,818.33,803.86,591273,1097857664.0,1.8,0.9,7.23,1.9
2010-11-02,000001,810.19,814.26,822.85,800.24,639817,1190657920.0,2.79,0.5,4.07,2.06
2010-11-03,000001,812.91,831.9,843.65,802.96,910796,1727427712.0,5.0,2.17,17.64,2.93
2010-11-04,000001,826.47,826.02,836.42,818.33,613458,1160505984.0,2.17,-0.71,-5.88,1.98
2010-11-05,000001,834.16,826.47,838.23,820.14,503959,953355904.0,2.19,0.05,0.45,1.62
2010-11-08,000001,828.28,835.97,847.27,828.28,625194,1197820416.0,2.3,1.15,9.5,2.01
2010-11-09,000001,836.87,813.81,837.78,811.55,566926,1066476288.0,3.14,-2.65,-22.16,1.83
2010-11-10,000001,808.84,790.3,809.29,788.94,571205,1042355968.0,2.5,-2.89,-23.51,1.84
2010-11-11,000001,793.46,804.31,814.26,788.03,679687,1241063168.0,3.32,1.77,14.01,2.19
2010-11-12,000001,793.91,747.79,797.53,745.08,616257,1095115008.0,6.52,-7.03,-56.52,1.98
2010-11-15,000001,750.5,753.22,753.67,738.75,439918,754704064.0,2.0,0.73,5.43,1.42
2010-11-16,000001,752.76,725.63,752.76,723.82,442667,749307648.0,3.84,-3.66,-27.59,1.43
2010-11-17,000001,719.75,730.15,742.36,717.04,339274,571087168.0,3.49,0.62,4.52,1.09
2010-11-18,000001,736.03,747.34,751.41,732.42,437340,745421248.0,2.6,2.35,17.19,1.41
2010-11-19,000001,748.24,739.65,749.15,720.66,433015,730445056.0,3.81,-1.03,-7.69,1.39
2010-11-22,000001,730.15,724.73,732.42,721.11,353499,591130240.0,1.53,-2.02,-14.92,1.14
2010-11-23,000001,720.21,718.85,725.63,705.28,329385,540215936.0,2.81,-0.81,-5.88,1.06
2010-11-24,000001,714.33,728.35,734.68,712.52,318367,531391648.0,3.08,1.32,9.5,1.03
2010-11-25,000001,730.61,736.94,744.62,721.11,382940,645536512.0,3.23,1.18,8.59,1.23
2010-11-26,000001,736.03,725.18,736.03,723.37,237031,396929824.0,1.72,-1.6,-11.76,0.76
2010-11-29,000001,720.66,726.54,733.77,715.68,200640,333489664.0,2.49,0.19,1.36,0.65
2010-11-30,000001,723.37,711.61,729.7,702.12,282621,464292192.0,3.8,-2.05,-14.93,0.91
2010-12-01,000001,711.61,716.14,719.3,707.55,154273,253584576.0,1.65,0.64,4.53,0.5
2010-12-02,000001,726.08,717.04,729.7,715.68,202700,336507104.0,1.96,0.13,0.9,0.65
2010-12-03,000001,719.3,719.75,723.37,714.33,157006,259727664.0,1.26,0.38,2.71,0.51
2010-12-06,000001,721.11,727.44,733.77,716.59,217924,364205376.0,2.39,1.07,7.69,0.7
2010-12-07,000001,725.18,726.99,731.51,712.97,199545,331262912.0,2.55,-0.06,-0.45,0.64
2010-12-08,000001,725.63,716.14,727.44,714.33,172886,286846720.0,1.8,-1.49,-10.85,0.56
2010-12-09,000001,715.23,703.48,716.14,703.02,240294,391356096.0,1.83,-1.77,-12.66,0.77
2010-12-10,000001,703.02,709.35,711.16,698.5,198341,322263488.0,1.8,0.83,5.87,0.64
2010-12-13,000001,709.81,722.02,722.92,705.74,280804,461224128.0,2.42,1.79,12.67,0.9
2010-12-14,000001,722.02,718.4,723.37,715.68,237517,392885312.0,1.07,-0.5,-3.62,0.76
2010-12-15,000001,721.11,720.66,730.15,717.04,281277,467398016.0,1.82,0.31,2.26,0.91
2010-12-16,000001,722.02,714.33,726.54,713.42,220556,365485600.0,1.82,-0.88,-6.33,0.71
2010-12-17,000001,714.33,709.81,716.59,707.09,173021,283291968.0,1.33,-0.63,-4.52,0.56
2010-12-20,000001,711.61,699.86,713.88,693.53,256205,414236384.0,2.87,-1.4,-9.95,0.83
2010-12-21,000001,701.67,719.75,723.37,697.14,306854,503881600.0,3.75,2.84,19.89,0.99
2010-12-22,000001,721.56,704.38,722.47,703.02,227036,371863968.0,2.7,-2.14,-15.37,0.73
2010-12-24,000001,703.02,713.88,721.11,700.76,286127,469742368.0,2.89,1.35,9.5,0.92
2010-12-27,000001,722.02,697.14,726.99,694.88,308658,505246592.0,4.5,-2.34,-16.74,0.99
2010-12-28,000001,697.6,691.72,703.93,691.72,265566,426320128.0,1.75,-0.78,-5.42,0.86
2010-12-29,000001,691.72,683.58,693.08,675.89,236833,372484736.0,2.49,-1.18,-8.14,0.76
2010-12-30,000001,683.58,679.06,684.94,671.82,178267,278979200.0,1.92,-0.66,-4.52,0.57
2010-12-31,000001,679.51,684.48,688.1,675.44,240891,378317760.0,1.86,0.8,5.42,0.78
2011-01-04,000001,685.84,694.88,702.12,678.15,358841,573343744.0,3.5,1.52,10.4,1.16
2011-01-05,000001,693.53,690.81,699.86,689.91,237463,379869056.0,1.43,-0.59,-4.07,0.76
2011-01-06,000001,690.81,685.39,697.6,680.41,206531,327148864.0,2.49,-0.78,-5.42,0.67
2011-01-07,000001,684.94,712.52,729.25,680.41,770482,1263299328.0,7.13,3.96,27.13,2.48
2011-01-10,000001,704.38,693.08,712.07,689.46,361872,584172480.0,3.17,-2.73,-19.44,1.17
2011-01-11,000001,689.46,702.57,707.09,688.55,208201,335260352.0,2.68,1.37,9.49,0.67
2011-01-12,000001,704.38,712.07,712.97,698.95,277133,451290816.0,2.0,1.35,9.5,0.89
2011-01-13,000001,715.68,709.35,718.85,708.0,194811,319664064.0,1.52,-0.38,-2.72,0.63
2011-01-14,000001,707.09,693.53,707.09,693.08,206915,332810208.0,1.98,-2.23,-15.82,0.67
2011-01-17,000001,685.39,665.94,690.81,665.04,266165,415802336.0,3.72,-3.98,-27.59,0.86
2011-01-18,000001,666.85,664.14,669.11,660.52,155555,238789232.0,1.29,-0.27,-1.8,0.5
2011-01-19,000001,664.59,670.92,672.27,659.16,167945,258415152.0,1.97,1.02,6.78,0.54
2011-01-20,000001,670.47,645.14,670.47,645.14,287579,435524160.0,3.78,-3.84,-25.78,0.93
2011-01-21,000001,642.88,655.54,675.89,642.43,229977,349887104.0,5.19,1.61,10.4,0.74
2011-01-24,000001,655.54,651.02,657.8,646.5,153827,231930928.0,1.72,-0.69,-4.52,0.5
2011-01-25,000001,653.73,656.45,659.61,648.76,134201,203198256.0,1.67,0.83,5.43,0.43
2011-01-26,000001,655.54,660.52,662.33,654.64,105060,160007840.0,1.17,0.62,4.07,0.34
2011-01-27,000001,655.54,663.68,666.85,648.76,255511,389319904.0,2.74,0.48,3.16,0.82
2011-01-28,000001,663.23,657.8,665.04,651.47,185419,281316480.0,2.04,-0.89,-5.88,0.6
2011-01-31,000001,657.8,662.78,663.68,652.83,140245,213770064.0,1.65,0.76,4.98,0.45
2011-02-01,000001,663.23,668.66,670.92,660.52,151698,233656080.0,1.57,0.89,5.88,0.49
2011-02-09,000001,664.59,660.07,673.63,659.16,166508,255979312.0,2.16,-1.28,-8.59,0.54
2011-02-10,000001,660.07,669.11,670.01,657.8,136822,210138992.0,1.85,1.37,9.04,0.44
2011-02-11,000001,665.94,671.37,675.44,662.33,225828,348149600.0,1.96,0.34,2.26,0.73
2011-02-14,000001,670.92,693.98,698.05,670.47,417657,661743872.0,4.11,3.37,22.61,1.34
2011-02-15,000001,694.43,685.84,697.6,685.39,321099,512496480.0,1.76,-1.17,-8.14,1.03
2011-02-16,000001,685.39,688.55,691.72,681.32,183206,289815296.0,1.52,0.4,2.71,0.59
2011-02-17,000001,692.17,693.08,701.67,686.74,253810,405836832.0,2.17,0.66,4.53,0.82
2011-02-18,000001,689.46,693.08,698.5,684.94,228802,363416320.0,1.96,0.0,0.0,0.74
2011-02-21,000001,684.94,692.62,693.98,682.67,316543,502016608.0,1.63,-0.07,-0.46,1.02
2011-02-22,000001,693.08,670.01,693.53,669.56,343959,538516416.0,3.46,-3.26,-22.61,1.11
2011-02-23,000001,670.92,674.99,681.32,670.01,357434,555794816.0,1.69,0.74,4.98,1.15
2011-02-24,000001,674.99,674.08,675.44,666.85,202308,313473088.0,1.27,-0.13,-0.91,0.65
2011-02-25,000001,676.34,689.01,701.67,669.56,509264,807238720.0,4.76,2.21,14.93,1.64
2011-02-28,000001,685.39,690.81,693.08,677.25,307637,486809440.0,2.3,0.26,1.8,0.99
2011-03-01,000001,691.72,695.79,702.57,688.1,482776,774219072.0,2.09,0.72,4.98,1.55
2011-03-02,000001,691.72,702.12,707.55,689.91,488107,786881408.0,2.54,0.91,6.33,1.57
2011-03-03,000001,703.02,712.07,728.8,702.12,980489,1616932480.0,3.8,1.42,9.95,3.16
2011-03-04,000001,714.33,724.73,727.89,708.0,505396,833234944.0,2.79,1.78,12.66,1.63
2011-03-07,000001,729.25,727.44,737.84,718.85,497625,834013056.0,2.62,0.37,2.71,1.6
2011-03-08,000001,727.44,723.37,732.87,719.75,321813,537368704.0,1.8,-0.56,-4.07,1.04
2011-03-09,000001,725.63,725.18,733.32,724.73,323648,542959232.0,1.19,0.25,1.81,1.04
2011-03-10,000001,721.11,705.28,721.11,703.93,308494,504165760.0,2.37,-2.74,-19.9,0.99
2011-03-11,000001,702.12,696.24,707.09,695.34,230167,371901344.0,1.67,-1.28,-9.04,0.74
2011-03-14,000001,693.98,701.67,702.57,693.53,218000,350756128.0,1.3,0.78,5.43,0.7
2011-03-15,000001,694.88,686.74,698.5,680.41,284381,451454528.0,2.58,-2.13,-14.93,0.92
2011-03-16,000001,687.65,691.72,693.98,682.22,242076,384301440.0,1.71,0.73,4.98,0.78
2011-03-17,000001,685.84,680.87,689.46,679.51,207262,327039744.0,1.44,-1.57,-10.85,0.67
2011-03-18,000001,689.01,686.29,689.01,682.67,145243,229686240.0,0.93,0.8,5.42,0.47
2011-03-21,000001,684.94,683.58,689.01,681.32,160158,252850944.0,1.12,-0.39,-2.71,0.52
2011-03-22,000001,686.29,694.43,696.24,678.15,251944,401085856.0,2.65,1.59,10.85,0.81
2011-03-23,000001,692.17,698.5,700.76,690.36,226799,363809600.0,1.5,0.59,4.07,0.73
2011-03-24,000001,698.05,693.08,698.5,691.72,160125,256090880.0,0.97,-0.78,-5.42,0.52
2011-03-25,000001,693.08,705.74,709.35,692.17,360863,585086400.0,2.48,1.83,12.66,1.16
2011-03-28,000001,710.71,708.9,722.02,708.45,367932,605067456.0,1.92,0.45,3.16,1.18
2011-03-29,000001,710.26,716.59,727.89,708.0,482587,798647424.0,2.81,1.08,7.69,1.55
2011-03-30,000001,715.68,711.16,725.63,709.81,275077,453620672.0,2.21,-0.76,-5.43,0.89
2011-03-31,000001,711.16,697.6,714.78,694.43,213368,345191104.0,2.86,-1.91,-13.56,0.69
2011-04-01,000001,697.6,719.75,720.21,697.14,323240,530034240.0,3.31,3.18,22.15,1.04
2011-04-06,000001,721.11,739.2,742.82,721.11,745244,1263488256.0,3.02,2.7,19.45,2.4
2011-04-07,000001,739.2,748.24,755.93,732.42,648811,1112314112.0,3.18,1.22,9.04,2.09
2011-04-08,000001,746.43,746.89,750.05,737.39,268118,458985760.0,1.69,-0.18,-1.35,0.86
2011-04-11,000001,747.34,740.56,764.07,739.2,563818,974852480.0,3.33,-0.85,-6.33,1.82
2011-04-12,000001,743.72,741.91,755.03,737.84,386182,662860224.0,2.32,0.18,1.35,1.24
2011-04-13,000001,739.2,786.68,786.68,734.22,723851,1268537472.0,7.07,6.03,44.77,2.33
2011-04-14,000001,805.67,793.01,811.55,788.94,1049251,1921868288.0,2.87,0.8,6.33,3.38
2011-04-15,000001,793.91,817.43,819.24,791.2,670794,1242600448.0,3.54,3.08,24.42,2.16
2011-04-18,000001,814.71,823.76,824.21,804.77,580149,1082012928.0,2.38,0.77,6.33,1.87
2011-04-19,000001,812.91,803.86,818.33,799.34,525777,975147520.0,2.31,-2.42,-19.9,1.69
2011-04-20,000001,803.86,787.58,809.29,780.35,489257,891280640.0,3.6,-2.03,-16.28,1.58
2011-04-21,000001,793.46,789.84,803.86,786.68,318062,579304640.0,2.18,0.29,2.26,1.02
2011-04-22,000001,784.42,778.09,790.3,772.21,306669,548689920.0,2.29,-1.49,-11.75,0.99
2011-04-25,000001,778.99,788.03,796.63,770.85,358647,646189952.0,3.31,1.28,9.94,1.15
2011-04-26,000001,786.23,803.41,804.31,783.51,389431,711900608.0,2.64,1.95,15.38,1.25
2011-04-27,000001,803.86,797.08,819.69,788.49,532705,985540096.0,3.88,-0.79,-6.33,1.72
2011-04-28,000001,803.41,812.45,829.64,800.7,648958,1215618304.0,3.63,1.93,15.37,2.09
2011-04-29,000001,811.55,793.46,811.55,780.35,500496,911382592.0,3.84,-2.34,-18.99,1.61
2011-05-03,000001,791.2,794.37,800.7,787.58,221058,402350144.0,1.65,0.11,0.91,0.71
2011-05-04,000001,784.42,778.09,799.79,769.95,393820,708758016.0,3.76,-2.05,-16.28,1.27
2011-05-05,000001,767.69,772.21,780.8,767.23,246038,437563136.0,1.74,-0.76,-5.88,0.79
2011-05-06,000001,764.07,763.62,777.18,760.0,241119,425935552.0,2.22,-1.11,-8.59,0.78
2011-05-13,000001,761.81,769.5,771.76,739.2,367984,638079680.0,4.26,0.77,5.88,1.18
2011-05-16,000001,760.0,745.98,768.14,745.53,197105,342549024.0,2.94,-3.06,-23.52,0.63
2011-05-17,000001,745.98,778.09,783.06,745.98,319709,565242752.0,4.97,4.3,32.11,1.03
2011-05-18,000001,772.66,789.39,802.96,769.5,294153,532338144.0,4.3,1.45,11.3,0.95
2011-05-19,000001,792.1,781.25,800.7,778.99,164600,297958656.0,2.75,-1.03,-8.14,0.53
2011-05-20,000001,780.8,799.79,811.1,779.44,311900,572652160.0,4.05,2.37,18.54,1.0
2011-05-23,000001,796.63,779.9,797.98,768.14,329121,588700864.0,3.73,-2.49,-19.89,1.06
2011-05-24,000001,775.37,791.65,799.79,775.37,291587,528778304.0,3.13,1.51,11.75,0.94
2011-05-26,000001,781.25,774.92,788.94,766.78,294740,525548160.0,2.8,-2.11,-16.73,0.95
2011-05-27,000001,770.85,766.33,783.51,766.33,238331,423279648.0,2.22,-1.11,-8.59,0.77
2011-05-30,000001,760.45,764.97,770.85,751.41,150901,263972800.0,2.54,-0.18,-1.36,0.49
2011-05-31,000001,764.97,769.04,772.66,746.89,193608,338686784.0,3.37,0.53,4.07,0.62
2011-06-01,000001,768.59,758.64,768.59,754.12,181035,316218016.0,1.88,-1.35,-10.4,0.58
2011-06-02,000001,748.24,725.63,754.12,716.14,439601,739553856.0,5.01,-4.35,-33.01,1.42
2011-06-03,000001,721.56,726.08,729.7,716.14,154537,257350016.0,1.87,0.06,0.45,0.5
2011-06-07,000001,718.85,732.42,735.58,714.33,146089,244067280.0,2.93,0.87,6.34,0.47
2011-06-08,000001,731.06,725.18,731.06,715.68,160759,267290816.0,2.1,-0.99,-7.24,0.52
2011-06-09,000001,721.11,718.85,730.61,717.95,120222,200273664.0,1.75,-0.87,-6.33,0.39
2011-06-10,000001,717.04,717.95,727.89,712.07,145571,240550240.0,2.2,-0.13,-0.9,0.47
2011-06-13,000001,711.61,708.0,714.33,698.95,162823,265033184.0,2.14,-1.39,-9.95,0.52
2011-06-14,000001,707.55,717.04,731.06,705.28,278984,463185184.0,3.64,1.28,9.04,0.9
2011-06-15,000001,714.78,705.74,722.02,705.74,168677,275973984.0,2.27,-1.58,-11.3,0.54
2011-06-16,000001,700.31,692.62,704.38,690.81,173851,279148928.0,1.92,-1.86,-13.12,0.56
2011-06-17,000001,695.79,689.01,699.41,687.2,191330,305942720.0,1.76,-0.52,-3.61,0.62
2011-06-20,000001,689.46,694.88,695.79,682.67,122691,195132656.0,1.9,0.85,5.87,0.4
2011-06-21,000001,696.69,706.64,708.9,693.53,193912,313896320.0,2.21,1.69,11.76,0.62
2011-06-22,000001,707.55,705.74,712.52,702.12,151940,247618688.0,1.47,-0.13,-0.9,0.49
2011-06-23,000001,703.02,721.11,724.28,700.76,165889,272357056.0,3.33,2.18,15.37,0.53
2011-06-24,000001,717.49,738.75,747.79,716.59,322826,547045568.0,4.33,2.45,17.64,1.04
2011-06-27,000001,738.29,743.27,763.16,736.03,280933,483915168.0,3.67,0.61,4.52,0.9
2011-06-28,000001,757.29,741.01,757.29,729.7,206529,350987392.0,3.71,-0.3,-2.26,0.67
2011-06-29,000001,745.08,722.47,746.89,720.21,258982,435681888.0,3.6,-2.5,-18.54,0.83
2011-06-30,000001,725.18,742.36,748.69,724.28,275840,468824288.0,3.38,2.75,19.89,0.89
2011-07-01,000001,745.98,736.03,745.98,731.51,248789,422094944.0,1.95,-0.85,-6.33,0.8
2011-07-04,000001,738.75,764.07,764.52,737.84,378249,655990848.0,3.62,3.81,28.04,1.22
2011-07-05,000001,761.81,757.29,763.16,751.86,190560,331713600.0,1.48,-0.89,-6.78,0.61
2011-07-06,000001,753.22,750.05,755.93,741.46,206476,354627552.0,1.91,-0.96,-7.24,0.66
2011-07-07,000001,761.81,752.31,767.69,745.53,337855,588625664.0,2.95,0.3,2.26,1.09
2011-07-08,000001,752.31,762.71,775.37,749.15,269604,473536544.0,3.49,1.38,10.4,0.87
2011-07-11,000001,756.83,757.29,767.69,755.03,161735,282634272.0,1.66,-0.71,-5.42,0.52
2011-07-12,000001,751.41,739.2,751.86,736.49,245143,418118336.0,2.03,-2.39,-18.09,0.79
2011-07-13,000001,750.5,763.62,771.76,745.08,324294,566412224.0,3.61,3.3,24.42,1.04
2011-07-14,000001,764.97,765.43,768.59,756.38,244478,428448992.0,1.6,0.24,1.81,0.79
2011-07-15,000001,764.07,783.97,793.46,756.83,375738,671466240.0,4.79,2.42,18.54,1.21
2011-07-18,000001,784.42,781.7,790.3,774.92,197815,354921792.0,1.96,-0.29,-2.27,0.64
2011-07-19,000001,773.11,763.62,773.56,760.9,219355,385645088.0,1.62,-2.31,-18.08,0.71
2011-07-20,000001,770.4,763.62,772.66,756.38,145935,255516288.0,2.13,0.0,0.0,0.47
2011-07-21,000001,762.71,747.34,764.52,746.89,188971,326948288.0,2.31,-2.13,-16.28,0.61
2011-07-22,000001,750.5,748.69,759.55,745.98,122733,211870048.0,1.82,0.18,1.35,0.4
2011-07-25,000001,743.72,733.32,750.96,727.89,197070,335512640.0,3.08,-2.05,-15.37,0.63
2011-07-26,000001,733.77,749.6,752.76,730.15,173242,296943872.0,3.08,2.22,16.28,0.56
2011-07-27,000001,741.46,747.34,754.57,740.1,150079,258034528.0,1.93,-0.3,-2.26,0.48
2011-07-28,000001,739.65,732.42,740.1,726.54,187806,316189440.0,1.81,-2.0,-14.92,0.6
2011-07-29,000001,735.58,754.57,773.11,725.63,313508,541258944.0,6.48,3.02,22.15,1.01
2011-08-01,000001,748.24,748.24,762.71,738.29,207920,358426368.0,3.24,-0.84,-6.33,0.67
2011-08-02,000001,741.46,739.2,744.62,726.99,193883,327409984.0,2.36,-1.21,-9.04,0.62
2011-08-03,000001,729.25,732.87,742.82,726.54,141945,240147616.0,2.2,-0.86,-6.33,0.46
2011-08-04,000001,734.22,734.22,748.24,733.32,115023,195599888.0,2.04,0.18,1.35,0.37
2011-08-05,000001,718.4,707.55,722.02,707.09,248270,408435584.0,2.03,-3.63,-26.67,0.8
2011-08-08,000001,703.93,693.98,717.04,682.67,250348,403626912.0,4.86,-1.92,-13.57,0.81
2011-08-09,000001,682.22,695.34,704.38,673.63,270886,430794176.0,4.43,0.2,1.36,0.87
2011-08-10,000001,705.28,698.05,712.07,697.6,182984,297294720.0,2.08,0.39,2.71,0.59
2011-08-11,000001,686.29,713.42,715.68,684.94,189874,308443424.0,4.4,2.2,15.37,0.61
2011-08-12,000001,716.14,722.92,725.63,712.07,180534,297982240.0,1.9,1.33,9.5,0.58
2011-08-15,000001,723.37,745.08,750.5,710.71,308528,519120704.0,5.5,3.07,22.16,0.99
2011-08-16,000001,743.27,741.46,752.31,738.29,197818,338285312.0,1.88,-0.49,-3.62,0.64
2011-08-18,000001,742.82,726.99,754.12,724.28,252460,427197376.0,4.02,-1.95,-14.47,0.81
2011-08-19,000001,712.07,721.11,722.47,707.09,155451,255822480.0,2.12,-0.81,-5.88,0.5
2011-08-22,000001,718.4,712.97,722.92,706.19,128073,210393776.0,2.32,-1.13,-8.14,0.41
2011-08-23,000001,713.88,722.92,725.18,710.71,104655,173121392.0,2.03,1.4,9.95,0.34
2011-08-24,000001,724.73,711.61,726.99,709.81,125209,207818928.0,2.38,-1.56,-11.31,0.4
2011-08-25,000001,716.59,754.57,755.93,711.61,465354,793665408.0,6.23,6.04,42.96,1.5
2011-08-26,000001,748.24,756.38,756.83,745.08,258558,446200768.0,1.56,0.24,1.81,0.83
2011-08-29,000001,739.2,726.54,739.2,719.3,451871,755956224.0,2.63,-3.95,-29.84,1.46
2011-08-30,000001,731.06,724.73,744.62,724.28,220005,371612128.0,2.8,-0.25,-1.81,0.71
2011-08-31,000001,725.63,732.42,740.1,718.85,130434,218858304.0,2.93,1.06,7.69,0.42
2011-09-01,000001,732.42,736.03,741.46,729.7,114654,193932848.0,1.61,0.49,3.61,0.37
2011-09-05,000001,721.11,714.33,724.73,710.26,138286,228178080.0,1.97,-2.95,-21.7,0.45
2011-09-06,000001,709.81,710.26,717.04,707.55,113506,185902896.0,1.33,-0.57,-4.07,0.37
2011-09-07,000001,716.14,723.82,728.35,709.35,130072,215260560.0,2.68,1.91,13.56,0.42
2011-09-08,000001,723.82,719.75,727.44,717.49,100767,167311104.0,1.37,-0.56,-4.07,0.32
2011-09-09,000001,723.37,715.68,733.32,710.71,106629,176663296.0,3.14,-0.57,-4.07,0.34
2011-09-13,000001,703.02,717.49,717.95,701.21,103205,168927616.0,2.34,0.25,1.81,0.33
2011-09-14,000001,718.4,712.97,720.66,701.21,147227,241207200.0,2.71,-0.63,-4.52,0.47
2011-09-15,000001,714.33,719.3,724.73,712.52,170642,282498720.0,1.71,0.89,6.33,0.55
2011-09-16,000001,723.37,739.2,743.72,722.02,369535,626906560.0,3.02,2.77,19.9,1.19
2011-09-19,000001,730.61,721.11,731.06,719.3,105998,176591136.0,1.59,-2.45,-18.09,0.34
2011-09-20,000001,718.85,727.44,735.58,716.59,77127,128974784.0,2.63,0.88,6.33,0.25
2011-09-21,000001,727.44,741.91,748.24,721.56,183686,312327648.0,3.67,1.99,14.47,0.59
2011-09-22,000001,733.77,725.63,736.49,724.73,156448,262524752.0,1.59,-2.19,-16.28,0.5
2011-09-23,000001,712.52,722.02,731.51,708.9,151811,250805296.0,3.12,-0.5,-3.61,0.49
2011-09-26,000001,713.42,695.79,728.35,693.08,198138,322611456.0,4.88,-3.63,-26.23,0.64
2011-09-27,000001,703.02,701.67,707.55,689.91,137618,221845888.0,2.54,0.85,5.88,0.44
2011-09-28,000001,706.64,693.98,706.64,689.46,96703,155237152.0,2.45,-1.1,-7.69,0.31
2011-09-29,000001,689.46,695.79,699.86,686.74,113158,181407712.0,1.89,0.26,1.81,0.36
2011-09-30,000001,697.6,695.79,703.93,693.98,142040,228902896.0,1.43,0.0,0.0,0.46
2011-10-10,000001,691.72,671.37,695.79,669.11,209656,326892320.0,3.83,-3.51,-24.42,0.68
2011-10-11,000001,693.98,678.15,698.05,673.18,214649,339237344.0,3.7,1.01,6.78,0.69
2011-10-12,000001,673.63,710.26,712.07,670.92,274472,442778752.0,6.07,4.73,32.11,0.88
2011-10-13,000001,705.28,709.81,713.42,703.93,145065,236989024.0,1.34,-0.06,-0.45,0.47
2011-10-14,000001,707.09,710.26,712.97,699.41,86953,141751920.0,1.91,0.06,0.45,0.28
2011-10-17,000001,715.68,718.4,726.08,712.97,117115,194055200.0,1.85,1.15,8.14,0.38
2011-10-18,000001,712.52,694.88,713.88,693.53,138013,223255648.0,2.83,-3.27,-23.52,0.44
2011-10-19,000001,698.95,696.69,706.64,694.43,82374,132855568.0,1.76,0.26,1.81,0.27
2011-10-20,000001,693.98,684.94,695.34,680.41,92459,146319936.0,2.14,-1.69,-11.75,0.3
2011-10-21,000001,689.46,695.34,702.12,683.58,140827,225852448.0,2.71,1.52,10.4,0.45
2011-10-24,000001,698.5,717.95,724.28,690.81,240590,394450688.0,4.81,3.25,22.61,0.77
2011-10-25,000001,717.49,722.92,728.8,712.07,199574,331621152.0,2.33,0.69,4.97,0.64
2011-10-26,000001,723.37,727.89,736.03,721.11,244162,410238816.0,2.06,0.69,4.97,0.79
2011-10-27,000001,728.8,726.54,736.03,721.56,146501,245495552.0,1.99,-0.19,-1.35,0.47
2011-10-28,000001,739.2,740.56,748.24,733.77,284957,484862592.0,1.99,1.93,14.02,0.92
2011-10-31,000001,740.56,733.77,742.82,722.47,141767,238721168.0,2.75,-0.92,-6.79,0.46
2011-11-01,000001,728.35,732.42,744.17,724.73,179310,303128864.0,2.65,-0.18,-1.35,0.58
2011-11-02,000001,722.92,744.62,744.62,722.02,190694,320967360.0,3.09,1.67,12.2,0.61
2011-11-03,000001,744.17,733.77,747.79,729.25,262329,445806720.0,2.49,-1.46,-10.85,0.84
2011-11-04,000001,739.2,738.29,741.46,731.51,133396,226230000.0,1.36,0.62,4.52,0.43
2011-11-07,000001,732.42,726.54,735.58,722.02,129577,217220448.0,1.84,-1.59,-11.75,0.42
2011-11-08,000001,727.44,727.44,733.32,723.82,96705,162043536.0,1.31,0.12,0.9,0.31
2011-11-09,000001,729.7,736.49,737.39,724.73,113553,190845600.0,1.74,1.24,9.05,0.37
2011-11-10,000001,729.25,729.25,737.84,725.63,158437,266509040.0,1.66,-0.98,-7.24,0.51
2011-11-11,000001,728.8,719.75,731.96,717.04,165267,274797632.0,2.05,-1.3,-9.5,0.53
2011-11-14,000001,724.73,726.99,732.42,719.75,179251,299361824.0,1.76,1.01,7.24,0.58
2011-11-15,000001,724.73,715.23,726.54,711.16,217089,357983648.0,2.12,-1.62,-11.76,0.7
2011-11-16,000001,715.23,695.34,715.68,692.62,199272,322231072.0,3.22,-2.78,-19.89,0.64
2011-11-17,000001,697.6,693.08,699.86,691.27,109619,175962320.0,1.24,-0.33,-2.26,0.35
2011-11-18,000001,689.01,691.72,697.6,687.65,143869,229649104.0,1.44,-0.2,-1.36,0.46
2011-11-21,000001,692.62,691.72,692.62,684.94,136737,217304752.0,1.11,0.0,0.0,0.44
2011-11-22,000001,689.46,696.24,699.41,685.84,132818,212748304.0,1.96,0.65,4.52,0.43
2011-11-23,000001,698.5,683.13,700.31,681.32,188944,299733088.0,2.73,-1.88,-13.11,0.61
2011-11-24,000001,680.87,686.74,690.36,675.44,121464,191344448.0,2.18,0.53,3.61,0.39
2011-11-25,000001,681.77,684.48,687.65,679.96,84463,133224384.0,1.12,-0.33,-2.26,0.27
2011-11-28,000001,685.84,684.03,690.36,680.87,98132,155001376.0,1.39,-0.07,-0.45,0.32
2011-11-29,000001,691.27,692.17,694.43,684.94,156495,249152272.0,1.39,1.19,8.14,0.5
2011-11-30,000001,691.72,671.82,692.17,670.47,191657,299555296.0,3.14,-2.94,-20.35,0.62
2011-12-01,000001,690.81,688.55,706.19,687.2,411832,660688128.0,2.83,2.49,16.73,1.33
2011-12-02,000001,685.39,691.72,694.88,682.22,181860,289399904.0,1.84,0.46,3.17,0.59
2011-12-05,000001,691.27,691.72,695.79,680.41,113491,180714656.0,2.22,0.0,0.0,0.37
2011-12-07,000001,689.46,696.24,700.76,687.65,148624,238162240.0,1.9,0.65,4.52,0.48
2011-12-08,000001,696.24,691.27,699.86,685.39,187052,298946848.0,2.08,-0.71,-4.97,0.6
2011-12-09,000001,688.55,687.2,692.17,684.48,86863,137984144.0,1.11,-0.59,-4.07,0.28
2011-12-12,000001,687.65,686.74,692.17,681.32,86331,137072016.0,1.58,-0.07,-0.46,0.28
2011-12-13,000001,684.94,679.51,690.81,677.7,190004,300294560.0,1.91,-1.05,-7.23,0.61
2011-12-14,000001,679.51,675.89,683.13,671.37,84931,132825568.0,1.73,-0.53,-3.62,0.27
2011-12-15,000001,671.82,651.02,674.99,649.67,192737,294609856.0,3.75,-3.68,-24.87,0.62
2011-12-16,000001,652.38,661.42,666.4,645.6,157378,238364624.0,3.19,1.6,10.4,0.51
2011-12-19,000001,656.45,664.59,669.56,649.67,128101,194558352.0,3.01,0.48,3.17,0.41
2011-12-20,000001,662.33,663.68,674.54,660.97,94638,146041760.0,2.04,-0.14,-0.91,0.3
2011-12-21,000001,670.01,664.14,676.8,662.78,146609,227230416.0,2.11,0.07,0.46,0.47
2011-12-22,000001,662.78,669.11,674.08,657.8,109849,168904816.0,2.45,0.75,4.97,0.35
2011-12-23,000001,668.2,667.75,676.34,665.04,99465,153908336.0,1.69,-0.2,-1.36,0.32
2011-12-26,000001,666.85,667.75,672.73,664.14,73776,113827424.0,1.29,0.0,0.0,0.24
2011-12-27,000001,667.3,670.47,676.34,666.85,138798,214959824.0,1.42,0.41,2.72,0.45
2011-12-28,000001,667.75,662.33,674.08,653.28,113179,173347072.0,3.1,-1.21,-8.14,0.36
2011-12-29,000001,660.07,662.78,667.75,658.26,128593,197105648.0,1.43,0.07,0.45,0.41
2011-12-30,000001,664.59,675.44,675.44,662.33,261487,402708864.0,1.98,1.91,12.66,0.84
2012-01-04,000001,675.44,656.0,675.44,655.54,147911,227563712.0,2.95,-2.88,-19.44,0.48
2012-01-05,000001,656.0,666.4,673.63,654.64,244080,375880608.0,2.89,1.59,10.4,0.79
2012-01-06,000001,664.59,664.59,671.82,655.54,133151,204143664.0,2.44,-0.27,-1.81,0.43
2012-01-09,000001,665.04,684.03,685.39,660.07,221139,345938688.0,3.81,2.93,19.44,0.71
2012-01-20,000001,726.99,729.25,736.49,708.45,586676,972826816.0,4.1,6.61,45.22,1.89
2012-01-30,000001,730.61,726.08,736.49,722.47,332988,558095296.0,1.92,-0.43,-3.17,1.07
2012-01-31,000001,726.54,722.92,730.15,716.59,173265,288275840.0,1.87,-0.44,-3.16,0.56
2012-02-01,000001,720.21,714.33,730.15,713.42,185159,307694784.0,2.31,-1.19,-8.59,0.6
2012-02-02,000001,716.59,735.58,737.39,714.33,244623,410098464.0,3.23,2.97,21.25,0.79
2012-02-03,000001,732.87,738.75,741.01,725.63,229964,388800512.0,2.09,0.43,3.17,0.74
2012-02-06,000001,739.2,731.51,740.1,728.8,157808,266559520.0,1.53,-0.98,-7.24,0.51
2012-02-07,000001,727.44,720.66,729.25,718.4,122086,203101568.0,1.48,-1.48,-10.85,0.39
2012-02-08,000001,720.21,734.68,739.65,720.21,172273,290646912.0,2.7,1.95,14.02,0.55
2012-02-10,000001,730.15,735.13,738.29,730.15,182118,307363104.0,1.11,0.06,0.45,0.59
2012-02-13,000001,729.7,724.73,730.61,720.21,215067,359692320.0,1.41,-1.41,-10.4,0.69
2012-02-14,000001,723.37,721.11,726.54,716.14,108546,179835120.0,1.44,-0.5,-3.62,0.35
2012-02-15,000001,720.66,722.02,728.35,714.33,201306,334137664.0,1.94,0.13,0.91,0.65
2012-02-16,000001,722.02,714.33,725.18,710.26,273692,451825408.0,2.07,-1.07,-7.69,0.88
2012-02-17,000001,718.4,714.33,719.75,712.07,150690,248573520.0,1.08,0.0,0.0,0.49
2012-02-20,000001,727.44,714.33,727.89,713.88,224206,372071616.0,1.96,0.0,0.0,0.72
2012-02-21,000001,715.68,716.14,718.4,709.35,150265,247188096.0,1.27,0.25,1.81,0.48
2012-02-22,000001,716.14,722.02,723.37,713.88,317398,525337440.0,1.33,0.82,5.88,1.02
2012-02-23,000001,722.02,722.47,728.35,720.66,226268,376851584.0,1.07,0.06,0.45,0.73
2012-02-24,000001,725.18,733.32,733.32,717.95,364105,609181824.0,2.13,1.5,10.85,1.17
2012-02-27,000001,734.68,735.58,747.79,728.35,447617,759502528.0,2.65,0.31,2.26,1.44
2012-02-28,000001,736.03,750.5,760.9,734.68,460142,793134976.0,3.56,2.03,14.92,1.48
2012-02-29,000001,751.41,743.72,751.41,740.1,263025,451402720.0,1.51,-0.9,-6.78,0.85
2012-03-01,000001,742.82,749.6,759.09,741.91,291621,504303648.0,2.31,0.79,5.88,0.94
2012-03-02,000001,749.6,760.9,761.81,749.15,290973,505353984.0,1.69,1.51,11.3,0.94
2012-03-05,000001,763.16,751.41,774.47,749.15,350417,614488192.0,3.33,-1.25,-9.49,1.13
2012-03-06,000001,748.69,736.94,752.76,734.68,331374,565065408.0,2.41,-1.93,-14.47,1.07
2012-03-07,000001,730.15,730.15,740.56,727.89,201371,339797440.0,1.72,-0.92,-6.79,0.65
2012-03-08,000001,735.58,740.56,746.43,732.42,288783,491703680.0,1.92,1.43,10.41,0.93
2012-03-09,000001,734.68,733.32,736.49,723.82,530536,891070592.0,1.71,-0.98,-7.24,1.71
2012-03-12,000001,733.77,725.63,733.77,722.92,270648,451971840.0,1.48,-1.05,-7.69,0.87
2012-03-13,000001,727.89,732.42,733.77,724.73,237531,398818624.0,1.25,0.94,6.79,0.76
2012-03-14,000001,735.58,715.68,741.01,713.88,439964,738597760.0,3.7,-2.29,-16.74,1.42
2012-03-15,000001,716.14,705.28,720.21,705.28,258049,423785024.0,2.09,-1.45,-10.4,0.83
2012-03-16,000001,706.19,712.07,712.52,701.21,167866,273741696.0,1.6,0.96,6.79,0.54
2012-03-19,000001,709.35,709.81,712.07,703.02,167465,272964672.0,1.27,-0.32,-2.26,0.54
2012-03-20,000001,708.45,697.14,708.9,696.24,203040,328052064.0,1.78,-1.78,-12.67,0.65
2012-03-21,000001,703.02,698.5,703.93,694.88,150404,242481936.0,1.3,0.2,1.36,0.48
2012-03-22,000001,698.95,702.57,706.64,692.62,179388,288804704.0,2.01,0.58,4.07,0.58
2012-03-23,000001,698.95,694.43,699.86,692.17,119016,190843184.0,1.09,-1.16,-8.14,0.38
2012-03-26,000001,694.88,695.79,697.6,693.08,82461,132200784.0,0.65,0.2,1.36,0.27
2012-03-27,000001,698.95,697.14,701.21,696.24,111209,179214160.0,0.71,0.19,1.35,0.36
2012-03-28,000001,696.69,684.03,698.5,683.13,204483,325213024.0,2.2,-1.88,-13.11,0.66
2012-03-29,000001,684.03,674.54,684.03,669.56,188866,295267360.0,2.12,-1.39,-9.49,0.61
2012-03-30,000001,677.25,680.87,681.77,675.44,106312,166628768.0,0.94,0.94,6.33,0.34
2012-04-05,000001,680.87,682.22,684.48,669.11,183793,287161664.0,2.26,0.2,1.35,0.59
2012-04-06,000001,680.41,693.53,694.43,677.25,193876,306955616.0,2.52,1.66,11.31,0.62
2012-04-09,000001,689.46,682.67,689.46,680.41,93197,147459888.0,1.3,-1.57,-10.86,0.3
2012-04-10,000001,681.32,688.55,689.01,674.99,196999,308914112.0,2.05,0.86,5.88,0.63
2012-04-11,000001,679.51,686.29,691.27,678.61,105144,166106128.0,1.84,-0.33,-2.26,0.34
2012-04-12,000001,686.74,708.9,709.35,682.67,275779,443771872.0,3.89,3.29,22.61,0.89
2012-04-13,000001,709.81,707.55,721.56,703.02,337745,554098560.0,2.62,-0.19,-1.35,1.09
2012-04-16,000001,702.57,702.12,709.81,697.6,133673,216401792.0,1.73,-0.77,-5.43,0.43
2012-04-17,000001,700.31,693.53,704.38,693.08,118951,191093632.0,1.61,-1.22,-8.59,0.38
2012-04-18,000001,694.88,705.74,708.9,694.88,159601,258852704.0,2.02,1.76,12.21,0.51
2012-04-19,000001,707.55,710.26,710.71,703.02,137392,223742896.0,1.09,0.64,4.52,0.44
2012-04-20,000001,707.55,720.21,721.11,705.28,258075,426240160.0,2.23,1.4,9.95,0.83
2012-04-23,000001,718.4,712.97,722.02,709.81,197381,325312448.0,1.7,-1.01,-7.24,0.64
2012-04-24,000001,712.07,728.35,744.62,711.16,478040,802959360.0,4.69,2.16,15.38,1.54
2012-04-25,000001,722.02,732.87,732.87,720.21,208924,350401184.0,1.74,0.62,4.52,0.67
2012-04-26,000001,733.77,720.21,735.13,714.78,283414,470733984.0,2.78,-1.73,-12.66,0.91
2012-04-27,000001,722.47,719.3,727.89,715.23,166617,277246080.0,1.76,-0.13,-0.91,0.54
2012-05-02,000001,726.54,729.25,736.49,722.92,261172,438591392.0,1.89,1.38,9.95,0.84
2012-05-03,000001,729.25,722.47,731.96,721.56,161487,269467360.0,1.43,-0.93,-6.78,0.52
2012-05-04,000001,721.56,726.08,726.99,719.75,140296,233813680.0,1.0,0.5,3.61,0.45
2012-05-07,000001,721.56,721.11,727.44,715.68,255731,423783680.0,1.62,-0.68,-4.97,0.82
2012-05-08,000001,719.3,718.4,720.21,714.33,175130,289312160.0,0.82,-0.38,-2.71,0.56
2012-05-09,000001,714.33,701.21,715.23,699.41,213677,347527136.0,2.2,-2.39,-17.19,0.69
2012-05-10,000001,701.21,699.86,705.74,697.14,129428,209027536.0,1.23,-0.19,-1.35,0.42
2012-05-11,000001,699.86,694.88,703.02,694.43,162520,261354032.0,1.23,-0.71,-4.98,0.52
2012-05-14,000001,700.31,691.27,701.21,689.46,206960,332240256.0,1.69,-0.52,-3.61,0.67
2012-05-15,000001,689.46,694.88,696.69,684.94,134455,213764768.0,1.7,0.52,3.61,0.43
2012-05-16,000001,693.98,683.13,693.98,682.67,150305,238216896.0,1.63,-1.69,-11.75,0.48
2012-05-17,000001,684.94,691.27,692.62,683.13,133390,211749264.0,1.39,1.19,8.14,0.43
2012-05-18,000001,684.94,681.32,689.91,678.61,157863,248755808.0,1.63,-1.44,-9.95,0.51
2012-05-21,000001,681.32,683.58,686.74,680.41,85695,135114976.0,0.93,0.33,2.26,0.28
2012-05-22,000001,686.29,692.62,693.53,686.29,113599,180941168.0,1.06,1.32,9.04,0.37
2012-05-24,000001,688.55,680.87,689.91,679.06,194074,305714016.0,1.57,-1.7,-11.75,0.62
2012-05-25,000001,681.32,676.8,683.13,675.89,98929,154918944.0,1.06,-0.6,-4.07,0.32
2012-05-28,000001,676.8,685.39,685.39,672.27,137202,215529424.0,1.94,1.27,8.59,0.44
2012-05-29,000001,684.94,690.81,692.17,678.15,286809,453701952.0,2.05,0.79,5.42,0.92
2012-05-30,000001,687.65,680.41,688.55,675.89,217126,341898720.0,1.83,-1.51,-10.4,0.7
2012-05-31,000001,679.06,679.96,683.58,674.08,153251,239888128.0,1.4,-0.07,-0.45,0.49
2012-06-01,000001,680.41,684.03,688.55,678.15,158353,249589888.0,1.53,0.6,4.07,0.51
2012-06-04,000001,676.34,666.85,677.7,665.94,171778,266890992.0,1.72,-2.51,-17.18,0.55
2012-06-05,000001,668.66,660.52,669.56,660.52,246144,377715360.0,1.36,-0.95,-6.33,0.79
2012-06-06,000001,662.33,663.23,664.59,660.07,188860,288959584.0,0.68,0.41,2.71,0.61
2012-06-07,000001,668.2,658.26,670.47,656.45,131302,201455936.0,2.11,-0.75,-4.97,0.42
2012-06-08,000001,660.07,640.17,660.97,638.36,397557,593133504.0,3.43,-2.75,-18.09,1.28
2012-06-11,000001,641.98,639.26,645.6,636.1,265509,393125600.0,1.48,-0.14,-0.91,0.86
2012-06-12,000001,635.2,627.51,638.81,623.89,298155,434459168.0,2.33,-1.84,-11.75,0.96
2012-06-13,000001,629.77,641.53,644.69,626.15,260117,383736096.0,2.95,2.23,14.02,0.84
2012-06-14,000001,637.91,632.48,640.17,631.13,130478,191929248.0,1.41,-1.41,-9.05,0.42
2012-06-15,000001,635.65,656.0,664.59,635.65,422952,636342592.0,4.58,3.72,23.52,1.36
2012-06-18,000001,655.09,658.26,659.16,651.47,198733,301170880.0,1.17,0.34,2.26,0.64
2012-06-19,000001,655.54,660.07,665.49,653.73,149925,228553088.0,1.79,0.27,1.81,0.48
2012-06-20,000001,663.68,659.16,671.37,657.8,143707,220127616.0,2.06,-0.14,-0.91,0.46
2012-06-21,000001,658.71,644.24,659.16,642.43,144833,217217296.0,2.54,-2.26,-14.92,0.47
2012-06-25,000001,643.33,638.36,651.47,638.36,164358,245383808.0,2.03,-0.91,-5.88,0.53
2012-06-26,000001,640.17,644.24,649.21,639.26,134924,201321552.0,1.56,0.92,5.88,0.43
2012-06-27,000001,644.69,642.43,646.95,639.72,81776,121766280.0,1.12,-0.28,-1.81,0.26
2012-06-28,000001,642.43,636.55,646.95,635.65,100847,149964624.0,1.76,-0.92,-5.88,0.32
2012-06-29,000001,638.36,656.0,659.16,635.2,184555,278224192.0,3.76,3.06,19.45,0.59
2012-07-02,000001,659.16,655.54,659.16,648.76,155645,234575312.0,1.59,-0.07,-0.46,0.5
2012-07-03,000001,653.73,654.64,661.42,649.67,123728,187834400.0,1.79,-0.14,-0.9,0.4
2012-07-04,000001,654.64,661.42,670.47,654.64,197670,302421600.0,2.42,1.04,6.78,0.64
2012-07-05,000001,659.16,657.35,663.68,655.54,102897,156808688.0,1.23,-0.62,-4.07,0.33
2012-07-06,000001,646.5,655.09,657.8,637.46,165455,247858064.0,3.09,-0.34,-2.26,0.53
2012-07-09,000001,651.47,635.65,651.47,635.65,160952,238871824.0,2.41,-2.97,-19.44,0.52
2012-07-10,000001,636.1,644.69,650.12,635.65,123710,183975552.0,2.28,1.42,9.04,0.4
2012-07-11,000001,642.43,642.43,647.4,638.81,75444,112224824.0,1.33,-0.35,-2.26,0.24
2012-07-12,000001,640.62,643.33,646.05,632.93,194731,287704672.0,2.04,0.14,0.9,0.63
2012-07-13,000001,639.72,647.86,655.09,637.46,110700,165726976.0,2.74,0.7,4.53,0.36
2012-07-16,000001,648.76,641.98,651.93,641.98,108603,162268368.0,1.54,-0.91,-5.88,0.35
2012-07-17,000001,641.98,650.12,650.57,640.62,91601,136786576.0,1.55,1.27,8.14,0.29
2012-07-18,000001,647.86,649.21,650.12,641.98,75612,112967984.0,1.25,-0.14,-0.91,0.24
2012-07-19,000001,648.31,649.67,653.28,643.33,136264,204768496.0,1.53,0.07,0.46,0.44
2012-07-20,000001,642.88,641.98,646.95,640.62,106734,158679776.0,0.97,-1.18,-7.69,0.34
2012-07-23,000001,637.91,640.17,640.17,633.39,150494,221835968.0,1.06,-0.28,-1.81,0.48
2012-07-24,000001,637.46,639.72,647.4,637.0,100943,149950272.0,1.62,-0.07,-0.45,0.33
2012-07-25,000001,639.72,632.48,642.88,631.58,98405,144875472.0,1.77,-1.13,-7.24,0.32
2012-07-26,000001,632.48,632.93,640.17,631.13,72903,107285512.0,1.43,0.07,0.45,0.23
2012-07-27,000001,636.1,637.46,646.05,632.93,109661,162335584.0,2.07,0.72,4.53,0.35
2012-07-30,000001,637.91,641.98,651.93,637.91,118426,176839232.0,2.2,0.71,4.52,0.38
2012-07-31,000001,643.79,653.28,654.64,642.43,153135,230444672.0,1.9,1.76,11.3,0.49
2012-08-01,000001,652.38,656.0,658.71,648.76,121867,184236832.0,1.52,0.42,2.72,0.39
2012-08-02,000001,656.0,656.0,657.8,651.47,89077,134826272.0,0.96,0.0,0.0,0.29
2012-08-03,000001,655.54,655.54,657.35,650.12,94387,142870688.0,1.1,-0.07,-0.46,0.3
2012-08-06,000001,654.64,653.28,658.71,653.28,153312,232307808.0,0.83,-0.34,-2.26,0.49
2012-08-07,000001,652.83,646.95,655.54,646.05,159826,239640608.0,1.45,-0.97,-6.33,0.51
2012-08-08,000001,646.5,650.57,651.02,646.05,117542,176391104.0,0.77,0.56,3.62,0.38
2012-08-09,000001,650.12,650.57,650.57,644.69,85751,128443488.0,0.9,0.0,0.0,0.28
2012-08-10,000001,651.93,652.38,656.45,651.93,105498,159571472.0,0.69,0.28,1.81,0.34
2012-08-13,000001,653.28,650.12,656.45,649.67,107991,163090048.0,1.04,-0.35,-2.26,0.35
2012-08-14,000001,650.12,660.52,662.33,646.05,180370,273064256.0,2.5,1.6,10.4,0.58
2012-08-15,000001,656.0,653.28,659.61,649.21,116142,175631856.0,1.57,-1.1,-7.24,0.37
2012-08-16,000001,650.12,644.69,650.57,642.43,146816,219340224.0,1.25,-1.31,-8.59,0.47
2012-08-17,000001,644.69,651.47,653.28,643.33,103997,156222176.0,1.54,1.05,6.78,0.33
2012-08-20,000001,648.31,641.98,648.76,636.55,155795,231016480.0,1.87,-1.46,-9.49,0.5
2012-08-21,000001,641.98,639.26,643.33,637.0,130220,192757792.0,0.99,-0.42,-2.72,0.42
2012-08-22,000001,639.72,633.84,640.17,631.13,125183,183731120.0,1.41,-0.85,-5.42,0.4
2012-08-23,000001,634.29,631.58,637.0,627.96,131289,191921632.0,1.43,-0.36,-2.26,0.42
2012-08-24,000001,630.22,620.27,630.67,619.82,188179,271872000.0,1.72,-1.79,-11.31,0.61
2012-08-27,000001,619.82,608.52,620.27,605.8,167759,237771008.0,2.33,-1.89,-11.75,0.54
2012-08-28,000001,609.42,620.27,624.34,604.9,159109,226308464.0,3.19,1.93,11.75,0.51
2012-08-29,000001,617.11,616.2,618.01,612.13,69484,99043800.0,0.95,-0.66,-4.07,0.22
2012-08-30,000001,610.78,616.2,620.27,610.32,89873,128124856.0,1.61,0.0,0.0,0.29
2012-08-31,000001,614.39,612.13,622.99,612.13,85619,122564448.0,1.76,-0.66,-4.07,0.28
2012-09-03,000001,613.49,613.04,617.11,611.68,101130,143818624.0,0.89,0.15,0.91,0.33
2012-09-04,000001,613.04,597.66,614.85,595.4,207756,290805056.0,3.17,-2.51,-15.38,0.67
2012-09-05,000001,596.76,586.36,597.66,582.74,172190,235084944.0,2.5,-1.89,-11.3,0.55
2012-09-06,000001,586.81,591.33,592.24,583.65,103560,141626688.0,1.46,0.85,4.97,0.33
2012-09-07,000001,594.5,613.04,621.63,592.69,281738,398458816.0,4.89,3.67,21.71,0.91
2012-09-10,000001,612.59,606.71,613.94,601.28,236778,332644832.0,2.07,-1.03,-6.33,0.76
2012-09-11,000001,603.99,604.45,605.8,599.47,87437,122118848.0,1.04,-0.37,-2.26,0.28
2012-09-12,000001,607.16,602.64,610.32,597.21,122453,171431984.0,2.17,-0.3,-1.81,0.39
2012-09-13,000001,601.73,598.57,604.9,598.57,82443,115132800.0,1.05,-0.68,-4.07,0.27
2012-09-14,000001,602.64,605.8,609.87,597.21,153273,214681376.0,2.12,1.21,7.23,0.49
2012-09-17,000001,604.45,590.43,604.45,589.07,114714,158729296.0,2.54,-2.54,-15.37,0.37
2012-09-18,000001,589.07,581.38,589.07,580.48,122502,166389840.0,1.45,-1.53,-9.05,0.39
2012-09-19,000001,581.84,573.7,584.1,567.82,184346,245924736.0,2.8,-1.32,-7.68,0.59
2012-09-20,000001,572.34,558.78,572.34,558.32,181346,237807072.0,2.44,-2.6,-14.92,0.58
2012-09-21,000001,558.32,552.9,559.68,550.64,157513,203492208.0,1.62,-1.05,-5.88,0.51
2012-09-24,000001,550.18,554.25,558.32,539.78,179056,228728960.0,3.35,0.24,1.35,0.58
2012-09-25,000001,552.9,546.57,552.9,544.76,98826,126342880.0,1.47,-1.39,-7.68,0.32
2012-09-26,000001,547.02,542.04,548.83,540.24,70789,89861904.0,1.57,-0.83,-4.53,0.23
2012-09-27,000001,542.04,559.68,570.08,541.59,215387,279689536.0,5.26,3.25,17.64,0.69
2012-09-28,000001,556.06,564.2,565.11,553.35,150958,196802880.0,2.1,0.81,4.52,0.49
2012-10-08,000001,564.65,556.51,568.72,553.8,106386,138955168.0,2.64,-1.36,-7.69,0.34
2012-10-09,000001,558.32,571.44,573.25,558.32,164816,218229440.0,2.68,2.68,14.93,0.53
2012-10-10,000001,571.44,571.44,571.89,567.37,99766,132165224.0,0.79,0.0,0.0,0.32
2012-10-11,000001,571.89,568.27,571.89,566.46,95748,126809880.0,0.95,-0.55,-3.17,0.31
2012-10-12,000001,570.53,571.44,577.77,567.82,101452,135067776.0,1.75,0.56,3.17,0.33
2012-10-15,000001,571.89,562.84,572.34,560.58,89119,117114360.0,2.06,-1.5,-8.6,0.29
2012-10-16,000001,564.2,568.27,574.15,561.49,126346,167235920.0,2.25,0.96,5.43,0.41
2012-10-17,000001,570.53,574.6,575.51,568.72,121881,162229776.0,1.19,1.11,6.33,0.39
2012-10-18,000001,575.51,581.38,583.65,574.15,159179,214090080.0,1.65,1.18,6.78,0.51
2012-10-19,000001,581.84,582.29,583.65,579.12,100713,135099120.0,0.78,0.16,0.91,0.32
2012-10-22,000001,580.03,584.1,585.91,575.96,134089,179787008.0,1.71,0.31,1.81,0.43
2012-10-23,000001,584.55,576.41,585.45,575.05,116808,156357632.0,1.78,-1.32,-7.69,0.38
2012-10-24,000001,575.05,575.96,580.93,573.25,89953,119926216.0,1.33,-0.08,-0.45,0.29
2012-10-25,000001,577.31,572.34,578.22,571.44,123378,163551584.0,1.18,-0.63,-3.62,0.4
2012-10-26,000001,575.05,559.68,576.41,558.32,171380,224201696.0,3.16,-2.21,-12.66,0.55
2012-10-29,000001,558.32,560.13,565.11,556.97,129642,167853280.0,1.45,0.08,0.45,0.42
2012-10-30,000001,560.13,566.91,569.18,559.23,142922,186512272.0,1.78,1.21,6.78,0.46
2012-10-31,000001,568.27,570.08,572.34,565.56,75125,98717440.0,1.2,0.56,3.17,0.24
2012-11-01,000001,570.08,580.03,585.91,569.63,138003,184644048.0,2.86,1.75,9.95,0.44
2012-11-02,000001,580.03,586.81,588.62,579.58,163337,219877328.0,1.56,1.17,6.78,0.53
2012-11-05,000001,587.26,590.43,594.95,585.45,146755,199475088.0,1.62,0.62,3.62,0.47
2012-11-06,000001,589.52,589.07,590.88,580.03,130179,175738848.0,1.84,-0.23,-1.36,0.42
2012-11-07,000001,585.91,587.72,591.33,582.29,88169,119251176.0,1.53,-0.23,-1.35,0.28
2012-11-08,000001,582.74,580.03,586.81,580.03,84728,113907728.0,1.15,-1.31,-7.69,0.27
2012-11-09,000001,579.58,581.84,582.74,577.77,62171,83239024.0,0.86,0.31,1.81,0.2
2012-11-12,000001,580.48,590.88,591.33,580.03,145349,196914080.0,1.94,1.55,9.04,0.47
2012-11-13,000001,590.43,581.84,590.43,580.03,99935,134504032.0,1.76,-1.53,-9.04,0.32
2012-11-14,000001,585.45,580.03,585.45,577.77,75264,100889376.0,1.32,-0.31,-1.81,0.24
2012-11-15,000001,576.41,569.63,580.48,567.37,76520,101637296.0,2.26,-1.79,-10.4,0.25
2012-11-16,000001,567.37,567.37,569.63,559.23,147559,192143856.0,1.83,-0.4,-2.26,0.48
2012-11-19,000001,563.75,566.91,567.82,559.68,98369,128001552.0,1.43,-0.08,-0.46,0.32
2012-11-20,000001,566.91,566.46,567.82,559.23,79758,104041952.0,1.52,-0.08,-0.45,0.26
2012-11-21,000001,564.65,574.6,576.41,562.39,107927,141558176.0,2.48,1.44,8.14,0.35
2012-11-22,000001,573.7,569.63,574.6,567.82,48589,63994756.0,1.18,-0.86,-4.97,0.16
2012-11-23,000001,571.44,574.6,577.77,569.18,80318,106505904.0,1.51,0.87,4.97,0.26
2012-11-26,000001,573.7,568.72,574.15,567.37,57373,75519848.0,1.18,-1.02,-5.88,0.18
2012-11-27,000001,566.46,570.98,571.44,565.56,88752,116511888.0,1.03,0.4,2.26,0.29
2012-11-28,000001,568.27,566.91,571.44,566.46,72136,94731376.0,0.87,-0.71,-4.07,0.23
2012-11-29,000001,566.91,551.09,567.37,551.09,204974,263156032.0,2.87,-2.79,-15.82,0.66
2012-11-30,000001,549.28,553.8,557.42,549.28,96646,123711328.0,1.48,0.49,2.71,0.31
2012-12-03,000001,554.25,542.95,555.16,540.24,140728,177383533.0,2.69,-1.96,-10.85,0.45
2012-12-04,000001,542.95,549.28,552.44,539.33,116924,147537061.0,2.41,1.17,6.33,0.38
2012-12-05,000001,547.47,580.48,584.1,546.11,402364,532826192.0,6.92,5.68,31.2,1.3
2012-12-06,000001,578.67,585.91,588.17,576.86,361015,486216800.0,1.95,0.94,5.43,1.16
2012-12-07,000001,585.91,608.97,609.42,584.55,456568,632609120.0,4.24,3.94,23.06,1.47
2012-12-10,000001,614.85,622.53,627.06,602.19,481814,681366288.0,4.08,2.23,13.56,1.55
2012-12-11,000001,617.11,613.04,624.79,612.13,260683,370736000.0,2.03,-1.52,-9.49,0.84
2012-12-12,000001,613.94,618.92,625.7,612.13,227397,323505184.0,2.21,0.96,5.88,0.73
2012-12-13,000001,616.66,610.78,618.01,610.32,189649,268485664.0,1.24,-1.32,-8.14,0.61
2012-12-14,000001,609.87,661.42,662.33,608.97,774138,1143057888.0,8.74,8.29,50.64,2.49
2012-12-17,000001,662.33,663.23,667.75,653.28,487780,740677392.0,2.19,0.27,1.81,1.57
2012-12-18,000001,660.07,664.59,674.54,655.09,411630,630112656.0,2.93,0.21,1.36,1.33
2012-12-19,000001,662.33,661.42,668.66,659.61,271576,413928576.0,1.36,-0.48,-3.17,0.87
2012-12-20,000001,657.8,658.26,660.07,643.33,293475,438977120.0,2.53,-0.48,-3.16,0.95
2012-12-21,000001,656.9,647.4,659.61,646.5,245272,366606688.0,1.99,-1.65,-10.86,0.79
2012-12-24,000001,646.05,649.67,662.78,645.14,217778,327128896.0,2.72,0.35,2.27,0.7
2012-12-25,000001,648.31,671.82,679.51,644.24,449881,691035808.0,5.43,3.41,22.15,1.45
2012-12-26,000001,671.37,670.01,673.63,664.59,308014,472347392.0,1.35,-0.27,-1.81,0.99
2012-12-27,000001,672.73,674.99,678.61,665.49,283630,436845776.0,1.96,0.74,4.98,0.91
2012-12-28,000001,673.63,680.41,688.55,670.01,242349,377652112.0,2.75,0.8,5.42,0.78
2012-12-31,000001,685.39,699.41,706.19,682.67,378684,605187328.0,3.46,2.79,19.0,1.22
2013-01-04,000001,712.97,698.05,718.85,694.88,443851,717567552.0,3.43,-0.19,-1.36,1.43
2013-01-07,000001,697.6,712.07,714.33,693.08,357169,578450480.0,3.04,2.01,14.02,1.15
2013-01-08,000001,712.07,698.5,715.23,692.17,312479,501360096.0,3.24,-1.91,-13.57,1.01
2013-01-09,000001,696.69,692.17,699.41,689.46,251329,399696176.0,1.42,-0.91,-6.33,0.81
2013-01-10,000001,692.17,692.62,703.02,689.01,240030,383347728.0,2.02,0.07,0.45,0.77
2013-01-11,000001,692.62,677.7,700.31,673.63,251269,396184768.0,3.85,-2.15,-14.92,0.81
2013-01-14,000001,675.44,747.79,747.79,675.44,939896,1568842032.0,10.68,10.34,70.09,3.03
2013-01-15,000001,749.15,771.3,785.32,747.79,984064,1719308608.0,5.02,3.14,23.51,3.17
2013-01-16,000001,771.3,780.8,784.87,753.67,682701,1198986576.0,4.05,1.23,9.5,2.2
2013-01-17,000001,775.37,777.18,801.6,764.52,675772,1206432384.0,4.75,-0.46,-3.62,2.18
2013-01-18,000001,783.06,803.86,807.93,770.85,665368,1201751664.0,4.77,3.43,26.68,2.14
2013-01-21,000001,802.5,865.81,865.81,788.49,782136,1465651632.0,9.62,7.71,61.95,2.52
2013-01-22,000001,854.96,901.08,920.07,849.08,1068770,2167549632.0,8.2,4.07,35.27,3.44
2013-01-23,000001,879.83,881.64,897.92,847.72,635698,1266082624.0,5.57,-2.16,-19.44,2.05
2013-01-24,000001,880.73,854.51,905.6,847.72,857236,1709191456.0,6.57,-3.08,-27.13,2.76
2013-01-25,000001,856.77,840.94,860.39,831.44,614312,1178016304.0,3.39,-1.59,-13.57,1.98
2013-01-28,000001,841.39,927.76,927.76,841.39,1163995,2365203184.0,10.27,10.32,86.82,3.75
2013-01-29,000001,938.16,941.78,949.47,907.86,1082895,2288064736.0,4.48,1.51,14.02,3.49
2013-01-30,000001,929.12,939.52,939.97,915.55,583625,1233766336.0,2.59,-0.24,-2.26,1.88
2013-01-31,000001,936.8,929.12,939.97,915.55,415884,873902880.0,2.6,-1.11,-10.4,1.34
2013-02-01,000001,925.5,989.26,994.69,915.1,824080,1793445728.0,8.57,6.47,60.14,2.65
2013-02-04,000001,981.57,970.27,1005.54,956.7,857420,1906659488.0,4.94,-1.92,-18.99,2.76
2013-02-05,000001,958.06,959.87,977.05,933.19,426891,927037952.0,4.52,-1.07,-10.4,1.37
2013-02-06,000001,956.25,963.48,968.91,944.94,380827,827479696.0,2.5,0.38,3.61,1.23
2013-02-07,000001,956.25,917.81,961.22,893.39,586127,1230117760.0,7.04,-4.74,-45.67,1.89
2013-02-08,000001,914.65,913.29,926.86,897.01,462025,958773536.0,3.25,-0.49,-4.52,1.49
2013-02-18,000001,920.53,920.07,946.75,912.39,421813,887486896.0,3.76,0.74,6.78,1.36
2013-02-19,000001,915.55,916.0,929.57,909.67,486508,1017085040.0,2.16,-0.44,-4.07,1.57
2013-02-20,000001,917.81,892.94,924.14,865.36,659158,1324230512.0,6.42,-2.52,-23.06,2.12
2013-02-21,000001,879.38,861.29,879.38,836.87,740245,1445657248.0,4.76,-3.54,-31.65,2.38
2013-02-22,000001,856.77,839.58,865.36,831.9,468595,907188832.0,3.88,-2.52,-21.71,1.51
2013-02-25,000001,845.92,879.83,892.94,844.11,616301,1218835616.0,5.82,4.79,40.25,1.98
2013-02-26,000001,870.79,917.81,968.46,865.81,1034815,2186227776.0,11.67,4.32,37.98,3.33
2013-02-27,000001,925.05,925.5,961.68,917.81,700677,1492890624.0,4.78,0.84,7.69,2.26
2013-02-28,000001,930.93,1015.03,1015.03,925.95,1119892,2487830672.0,9.63,9.67,89.53,3.61
2013-03-01,000001,1011.87,1017.75,1025.89,986.55,1037824,2371270416.0,3.88,0.27,2.72,3.34
2013-03-04,000001,990.16,958.51,1015.03,948.56,1098780,2429985328.0,6.53,-5.82,-59.24,3.54
2013-03-05,000001,960.77,1057.09,1057.09,960.32,1168987,2700253296.0,10.1,10.28,98.58,3.76
2013-03-06,000001,1082.86,1071.56,1092.36,1056.63,1138281,2762182928.0,3.38,1.37,14.47,3.67
2013-03-07,000001,1057.99,1048.5,1065.68,1003.73,892671,2106340352.0,5.78,-2.15,-23.06,2.87
2013-03-08,000001,1051.21,1008.7,1059.35,990.62,925868,2138191040.0,6.56,-3.8,-39.8,2.98
2013-03-11,000001,1002.37,998.3,1014.13,963.03,573293,1288820736.0,5.07,-1.03,-10.4,1.85
2013-03-12,000001,996.95,957.15,1005.54,938.61,840769,1845179568.0,6.7,-4.12,-41.15,2.71
2013-03-13,000001,955.8,973.88,996.04,952.18,836902,1857825760.0,4.58,1.75,16.73,2.7
2013-03-14,000001,969.81,954.89,973.88,938.16,577854,1259573680.0,3.67,-1.95,-18.99,1.86
2013-03-15,000001,954.44,978.86,998.3,915.55,943574,2057527328.0,8.67,2.51,23.97,3.04
2013-03-18,000001,956.25,940.42,969.81,934.09,745295,1605426352.0,3.65,-3.93,-38.44,2.4
2013-03-19,000001,938.16,947.21,957.61,926.4,529771,1135421200.0,3.32,0.72,6.79,1.71
2013-03-20,000001,944.04,1019.56,1027.24,942.68,1309370,2950191936.0,8.93,7.64,72.35,4.22
2013-03-21,000001,1014.58,1013.22,1024.53,1000.56,715318,1640675056.0,2.35,-0.62,-6.34,2.3
2013-03-22,000001,1012.77,1016.39,1021.36,1005.09,411825,947445344.0,1.61,0.31,3.17,1.33
2013-03-25,000001,1020.91,1004.18,1027.69,1000.11,452894,1037164944.0,2.71,-1.2,-12.21,1.46
2013-03-26,000001,996.49,976.15,996.49,973.43,559773,1248606032.0,2.3,-2.79,-28.03,1.8
2013-03-27,000001,977.5,976.6,1000.11,966.2,385997,859815728.0,3.47,0.05,0.45,1.24
2013-03-28,000001,924.6,880.28,924.6,876.66,1175043,2385878240.0,4.91,-9.86,-96.32,3.78
2013-03-29,000001,880.28,884.8,896.11,863.1,569848,1139477696.0,3.75,0.51,4.52,1.84
2013-04-01,000001,888.42,897.01,906.51,883.9,385542,786200272.0,2.56,1.38,12.21,1.24
2013-04-02,000001,896.56,899.27,920.07,887.97,463055,952838176.0,3.58,0.25,2.26,1.49
2013-04-03,000001,904.7,899.73,915.1,893.39,224590,461545648.0,2.41,0.05,0.46,0.72
2013-04-08,000001,869.88,876.21,883.9,860.39,407715,808525760.0,2.61,-2.61,-23.52,1.31
2013-04-09,000001,878.92,876.66,891.13,875.31,380491,763834464.0,1.81,0.05,0.45,1.23
2013-04-10,000001,873.95,852.25,874.86,840.04,507767,988314144.0,3.97,-2.78,-24.41,1.64
2013-04-11,000001,860.84,852.7,865.81,847.27,311789,607690400.0,2.18,0.05,0.45,1.0
2013-04-12,000001,854.51,829.64,855.86,825.11,805323,1535799808.0,3.61,-2.7,-23.06,2.59
2013-04-15,000001,831.44,814.26,836.87,807.48,570957,1065287824.0,3.54,-1.85,-15.38,1.84
2013-04-16,000001,803.86,822.85,823.31,793.46,655492,1213261312.0,3.67,1.05,8.59,2.11
2013-04-17,000001,820.59,811.1,823.76,791.2,642703,1180893504.0,3.96,-1.43,-11.75,2.07
2013-04-18,000001,798.89,838.68,842.75,793.01,901245,1685861520.0,6.13,3.4,27.58,2.9
2013-04-19,000001,834.16,890.23,906.51,831.44,1478380,2902667296.0,8.95,6.15,51.55,4.76
2013-04-22,000001,879.38,889.78,896.11,875.31,692914,1396575712.0,2.34,-0.05,-0.45,2.23
2013-04-23,000001,894.3,837.78,897.01,836.42,802659,1559983312.0,6.81,-5.84,-52.0,2.58
2013-04-24,000001,822.85,852.25,869.88,813.81,733380,1397785376.0,6.69,1.73,14.47,2.36
2013-04-25,000001,834.16,826.47,851.34,822.4,446856,847664656.0,3.4,-3.02,-25.78,1.44
2013-04-26,000001,833.71,820.59,844.11,818.33,336739,637945792.0,3.12,-0.71,-5.88,1.08
2013-05-02,000001,816.07,830.09,830.54,807.03,237573,445019632.0,2.87,1.16,9.5,0.77
2013-05-03,000001,833.25,867.17,888.87,827.83,720126,1419670064.0,7.35,4.47,37.08,2.32
2013-05-06,000001,872.14,893.39,904.7,864.91,840545,1700266272.0,4.59,3.02,26.22,2.71
2013-05-07,000001,886.61,890.68,896.56,873.95,424171,854343024.0,2.53,-0.3,-2.71,1.37
2013-05-08,000001,895.2,896.56,918.72,875.76,628787,1286250144.0,4.82,0.66,5.88,2.02
2013-05-09,000001,891.59,885.26,891.59,870.33,483613,967721584.0,2.37,-1.26,-11.3,1.56
2013-05-10,000001,879.38,887.97,898.37,874.4,386248,779054960.0,2.71,0.31,2.71,1.24
2013-05-13,000001,884.35,875.76,888.42,870.33,323880,645920624.0,2.04,-1.38,-12.21,1.04
2013-05-14,000001,875.76,847.27,876.21,839.13,498161,963271664.0,4.23,-3.25,-28.49,1.6
2013-05-15,000001,847.27,847.72,853.15,840.94,242083,466686512.0,1.44,0.05,0.45,0.78
2013-05-16,000001,843.65,893.39,900.63,836.42,813116,1620143088.0,7.57,5.39,45.67,2.62
2013-05-17,000001,892.04,897.01,903.34,875.76,595807,1207256064.0,3.09,0.41,3.62,1.92
2013-05-20,000001,901.08,923.69,947.21,896.56,876975,1842617472.0,5.65,2.97,26.68,2.82
2013-05-21,000001,915.55,929.12,934.09,912.84,447575,938805120.0,2.3,0.59,5.43,1.44
2013-05-22,000001,929.12,931.83,937.71,920.98,413113,872231920.0,1.8,0.29,2.71,1.33
2013-05-23,000001,925.05,902.89,933.64,901.99,507409,1054439744.0,3.4,-3.11,-28.94,1.63
2013-05-24,000001,904.25,910.58,921.88,893.39,332810,686838480.0,3.16,0.85,7.69,1.07
2013-05-27,000001,906.06,898.37,919.17,892.49,358546,737775168.0,2.93,-1.34,-12.21,1.15
2013-05-28,000001,898.37,951.73,956.25,890.23,783617,1653684464.0,7.35,5.94,53.36,2.52
2013-05-29,000001,952.18,937.26,955.8,934.54,532598,1140654688.0,2.23,-1.52,-14.47,1.72
2013-05-30,000001,934.54,933.64,950.82,927.31,425442,905433840.0,2.51,-0.39,-3.62,1.37
2013-05-31,000001,935.9,924.14,946.75,923.69,361862,767274336.0,2.47,-1.02,-9.5,1.17
2013-06-03,000001,921.43,920.53,933.19,915.1,343793,720122816.0,1.96,-0.39,-3.61,1.11
2013-06-04,000001,920.53,930.47,939.52,914.65,442157,930180288.0,2.7,1.08,9.94,1.42
2013-06-05,000001,925.05,916.0,929.57,907.41,305745,636042480.0,2.38,-1.56,-14.47,0.98
2013-06-06,000001,906.06,885.26,914.2,881.19,435270,883833840.0,3.6,-3.36,-30.74,1.4
2013-06-07,000001,885.26,858.12,891.13,852.7,402001,795705792.0,4.34,-3.07,-27.14,1.29
2013-06-13,000001,848.18,824.66,849.08,813.81,381343,717936640.0,4.11,-3.9,-33.46,1.23
2013-06-14,000001,834.16,836.87,843.2,825.11,328553,625125440.0,2.19,1.48,12.21,1.06
2013-06-17,000001,841.39,845.01,859.48,831.9,309210,596190240.0,3.3,0.97,8.14,1.0
2013-06-18,000001,854.51,867.17,881.19,854.51,389599,770155936.0,3.16,2.62,22.16,1.25
2013-06-19,000001,859.03,845.01,859.48,840.94,369978,714070032.0,2.14,-2.56,-22.16,1.19
2013-06-20,000001,845.82,791.56,847.27,783.6,903067,1029738096.0,7.53,-6.33,-53.45,1.82
2013-06-21,000001,774.92,798.8,806.76,767.69,614003,687937856.0,4.94,0.91,7.24,1.24
2013-06-24,000001,786.5,717.04,786.5,717.04,1166672,1210827536.0,8.7,-10.24,-81.76,2.35
2013-06-25,000001,691.72,704.74,713.42,643.97,1717163,1643643136.0,9.69,-1.72,-12.3,3.46
2013-06-26,000001,706.19,688.82,706.19,675.8,1017151,992741104.0,4.31,-2.26,-15.92,2.05
2013-06-27,000001,695.34,677.25,706.19,672.91,835867,819712912.0,4.83,-1.68,-11.57,1.68
2013-06-28,000001,670.01,704.02,716.32,655.54,926644,909148144.0,8.97,3.95,26.77,1.87
2013-07-01,000001,692.44,688.1,702.57,665.67,800197,775396048.0,5.24,-2.26,-15.92,1.61
2013-07-02,000001,690.27,677.25,691.72,660.61,813754,776186592.0,4.52,-1.58,-10.85,1.64
2013-07-03,000001,673.63,657.71,673.63,653.37,771158,723582000.0,2.99,-2.89,-19.54,1.55
2013-07-04,000001,649.76,660.61,675.08,634.56,805160,750347520.0,6.16,0.44,2.9,1.62
2013-07-05,000001,659.16,660.61,675.08,658.44,641446,606232512.0,2.52,0.0,0.0,1.29
2013-07-08,000001,646.86,633.11,652.65,631.67,595007,542811648.0,3.18,-4.16,-27.5,1.2
2013-07-09,000001,634.56,633.84,641.8,631.67,512151,463017600.0,1.6,0.12,0.73,1.03
2013-07-10,000001,634.56,662.78,662.78,633.11,747242,686265856.0,4.68,4.57,28.94,1.5
2013-07-11,000001,670.01,730.79,730.79,670.01,1733611,1737228160.0,9.17,10.26,68.01,3.49
2013-07-12,000001,742.36,730.79,766.96,725.0,2118544,2237236032.0,5.74,0.0,0.0,4.26
2013-07-15,000001,742.36,743.09,761.17,709.08,1341659,1397980256.0,7.13,1.68,12.3,2.7
2013-07-16,000001,731.51,733.68,738.02,716.32,1016228,1045499600.0,2.92,-1.27,-9.41,2.05
2013-07-17,000001,732.96,716.32,739.47,713.42,673689,691750080.0,3.55,-2.37,-17.36,1.36
2013-07-18,000001,711.98,693.17,719.21,690.27,806687,798982768.0,4.04,-3.23,-23.15,1.62
2013-07-19,000001,693.17,664.95,698.95,663.5,827368,797155408.0,5.11,-4.07,-28.22,1.67
2013-07-22,000001,650.48,664.23,670.01,642.52,658377,613752240.0,4.13,-0.11,-0.72,1.33
2013-07-23,000001,667.84,703.29,723.55,663.5,1247443,1234752064.0,9.04,5.88,39.06,2.51
2013-07-24,000001,691.0,688.82,697.51,673.63,899722,872706960.0,3.4,-2.06,-14.47,1.81
2013-07-25,000001,691.0,692.44,707.64,684.48,689874,681137680.0,3.36,0.53,3.62,1.39
2013-07-26,000001,685.21,680.14,688.82,673.63,465051,448749600.0,2.19,-1.78,-12.3,0.94
2013-07-29,000001,667.84,663.5,671.46,659.88,498130,469746112.0,1.7,-2.45,-16.64,1.0
2013-07-30,000001,670.01,683.04,701.12,667.12,674541,655829216.0,5.12,2.94,19.54,1.36
2013-07-31,000001,692.44,676.53,705.47,673.63,454469,442922512.0,4.66,-0.95,-6.51,0.91
2013-08-01,000001,687.38,700.4,700.4,677.97,762750,748544176.0,3.32,3.53,23.87,1.54
2013-08-02,000001,707.64,693.17,713.42,691.0,577417,571090992.0,3.2,-1.03,-7.23,1.16
2013-08-05,000001,693.17,701.85,701.85,689.55,531431,524425088.0,1.77,1.25,8.68,1.07
2013-08-06,000001,696.78,700.4,706.19,690.27,596180,588829760.0,2.27,-0.21,-1.45,1.2
2013-08-07,000001,697.51,701.12,714.87,695.34,743764,743841168.0,2.79,0.1,0.72,1.5
2013-08-08,000001,696.06,698.23,709.81,693.89,545859,542967008.0,2.27,-0.41,-2.89,1.1
2013-08-09,000001,704.02,695.34,707.64,688.1,497634,491213376.0,2.8,-0.41,-2.89,1.0
2013-08-12,000001,697.51,730.06,738.75,695.34,1348363,1373703616.0,6.24,4.99,34.72,2.71
2013-08-13,000001,728.62,742.36,746.7,724.28,1203497,1252254432.0,3.07,1.68,12.3,2.42
2013-08-14,000001,743.09,737.3,766.24,733.68,1164745,1237080464.0,4.39,-0.68,-5.06,2.34
2013-08-15,000001,736.58,720.66,743.81,719.21,586757,605654336.0,3.34,-2.26,-16.64,1.18
2013-08-16,000001,719.21,748.15,794.46,706.91,2531434,2723081520.0,12.15,3.81,27.49,5.09
2013-08-19,000001,722.11,763.35,774.92,722.11,1585604,1677377440.0,7.06,2.03,15.2,3.19
2013-08-20,000001,757.56,778.54,796.63,748.88,1531867,1676956560.0,6.26,1.99,15.19,3.08
2013-08-21,000001,776.37,772.03,785.77,760.45,626805,682275392.0,3.25,-0.84,-6.51,1.26
2013-08-22,000001,768.41,774.92,796.63,764.79,790807,874059824.0,4.12,0.37,2.89,1.59
2013-08-23,000001,774.92,751.05,783.6,738.02,1043961,1116168176.0,5.88,-3.08,-23.87,2.1
2013-08-26,000001,751.77,771.3,774.92,742.36,743274,803066320.0,4.34,2.7,20.25,1.5
2013-08-27,000001,770.58,769.86,779.99,761.17,586884,638179744.0,2.44,-0.19,-1.44,1.18
2013-08-28,000001,759.73,751.77,766.96,744.53,682203,728468800.0,2.91,-2.35,-18.09,1.37
2013-08-29,000001,764.07,752.49,770.58,749.6,551253,590423920.0,2.79,0.1,0.72,1.11
2013-08-30,000001,745.26,750.32,767.69,743.81,520291,555844992.0,3.17,-0.29,-2.17,1.05
2013-09-02,000001,759.73,760.45,766.24,751.77,500232,537024096.0,1.93,1.35,10.13,1.01
2013-09-03,000001,763.35,793.01,793.01,758.28,1157572,1276796976.0,4.57,4.28,32.56,2.33
2013-09-04,000001,790.11,784.33,807.48,782.16,892620,1001844640.0,3.19,-1.09,-8.68,1.8
2013-09-05,000001,784.33,780.71,787.94,777.09,343230,379657104.0,1.38,-0.46,-3.62,0.69
2013-09-09,000001,798.8,860.29,860.29,798.8,2204494,2639382240.0,7.88,10.19,79.58,4.44
2013-09-10,000001,881.28,882.72,897.92,850.17,2085294,2574801568.0,5.55,2.61,22.43,4.2
2013-09-11,000001,879.83,900.81,934.09,865.36,1708230,2186675904.0,7.79,2.05,18.09,3.44
2013-09-12,000001,888.51,957.24,985.46,879.83,1830540,2418432400.0,11.73,6.26,56.43,3.68
2013-09-13,000001,939.88,938.43,973.88,925.41,1191320,1587326736.0,5.06,-1.97,-18.81,2.4
2013-09-16,000001,939.16,937.71,969.54,899.36,1434366,1874388800.0,7.48,-0.08,-0.72,2.89
2013-09-17,000001,934.09,908.05,950.01,905.15,940026,1224996832.0,4.78,-3.16,-29.66,1.89
2013-09-18,000001,905.15,908.05,922.52,887.79,617003,786897824.0,3.82,0.0,0.0,1.24
2013-09-23,000001,908.77,914.56,921.07,895.75,723795,928672800.0,2.79,0.72,6.51,1.46
2013-09-24,000001,913.11,870.42,913.83,848.72,1456189,1786488320.0,7.12,-4.83,-44.14,2.93
2013-09-25,000001,863.91,853.06,883.45,849.44,779931,949782704.0,3.91,-1.99,-17.36,1.57
2013-09-26,000001,848.0,826.29,848.0,814.71,860712,1002417072.0,3.9,-3.14,-26.77,1.73
2013-09-27,000001,824.12,843.65,851.61,821.95,687520,810756848.0,3.59,2.1,17.36,1.38
2013-09-30,000001,843.65,842.21,853.78,837.87,373602,445333344.0,1.89,-0.17,-1.44,0.75
2013-10-08,000001,842.21,866.08,875.49,815.44,737575,888899056.0,7.13,2.83,23.87,1.48
2013-10-09,000001,859.57,890.68,905.15,852.34,844084,1054297728.0,6.1,2.84,24.6,1.7
2013-10-10,000001,894.3,871.15,905.15,865.36,776268,967348784.0,4.47,-2.19,-19.53,1.56
2013-10-11,000001,880.55,900.81,907.32,876.94,922987,1165261984.0,3.49,3.4,29.66,1.86
2013-10-14,000001,894.3,886.34,900.81,884.89,552939,693548128.0,1.77,-1.61,-14.47,1.11
2013-10-15,000001,886.34,866.08,887.06,860.29,484463,594407024.0,3.02,-2.29,-20.26,0.98
2013-10-16,000001,861.74,851.61,862.47,845.82,452396,544119392.0,1.92,-1.67,-14.47,0.91
2013-10-17,000001,860.29,850.89,868.25,850.89,313616,378747296.0,2.04,-0.08,-0.72,0.63
2013-10-18,000001,851.61,865.36,882.72,848.0,515653,631501168.0,4.08,1.7,14.47,1.04
2013-10-21,000001,866.08,874.76,878.38,852.34,603013,736781232.0,3.01,1.09,9.4,1.21
2013-10-22,000001,871.15,854.51,871.15,851.61,514900,623986656.0,2.23,-2.31,-20.25,1.04
2013-10-23,000001,863.19,892.85,934.82,862.47,1543357,1957187888.0,8.47,4.49,38.34,3.11
2013-10-24,000001,895.02,923.24,934.09,879.83,1477784,1909977920.0,6.08,3.4,30.39,2.97
2013-10-25,000001,918.17,954.35,981.12,913.11,1441107,1935859104.0,7.37,3.37,31.11,2.9
2013-10-28,000001,952.18,932.64,953.63,921.07,878763,1154607552.0,3.41,-2.27,-21.71,1.77
2013-10-29,000001,934.09,1004.27,1024.53,934.09,2141540,2981260816.0,9.7,7.68,71.63,4.31
2013-10-30,000001,995.59,1024.53,1031.04,981.84,1325822,1871874560.0,4.9,2.02,20.26,2.67
2013-10-31,000001,1013.68,988.35,1018.74,977.5,1112969,1558479712.0,4.03,-3.53,-36.18,2.24
2013-11-01,000001,986.91,986.18,1003.55,970.27,844922,1175747328.0,3.37,-0.22,-2.17,1.7
2013-11-04,000001,994.14,963.76,1002.1,957.24,739668,1013876784.0,4.55,-2.27,-22.42,1.49
2013-11-05,000001,944.94,970.99,973.16,920.35,987035,1305185648.0,5.48,0.75,7.23,1.99
2013-11-06,000001,952.9,934.09,957.97,927.58,715289,951290016.0,3.13,-3.8,-36.9,1.44
2013-11-07,000001,938.43,942.77,956.52,930.47,686504,913998384.0,2.79,0.93,8.68,1.38
2013-11-08,000001,930.47,947.11,962.31,929.03,720082,958253488.0,3.53,0.46,4.34,1.45
2013-11-11,000001,947.11,952.18,962.31,930.47,615851,823194160.0,3.36,0.54,5.07,1.24
2013-11-12,000001,952.9,999.21,1002.82,952.9,1087326,1510757328.0,5.24,4.94,47.03,1.95
2013-11-13,000001,986.18,947.11,990.52,942.77,826422,1127155616.0,4.78,-5.21,-52.1,1.48
2013-11-14,000001,941.33,933.37,949.29,921.07,964413,1262294176.0,2.98,-1.45,-13.74,1.73
2013-11-15,000001,936.26,949.29,978.95,927.58,967030,1306569808.0,5.5,1.71,15.92,1.73
2013-11-18,000001,957.97,1002.1,1005.72,941.33,1281562,1761157744.0,6.78,5.56,52.81,2.3
2013-11-19,000001,998.48,982.57,1004.27,978.95,835384,1161254240.0,2.53,-1.95,-19.53,1.5
2013-11-20,000001,995.59,994.87,1010.06,977.5,705238,984763584.0,3.31,1.25,12.3,1.26
2013-11-21,000001,986.18,991.25,992.7,957.97,944674,1289349312.0,3.49,-0.36,-3.62,1.69
2013-11-22,000001,986.91,971.71,988.35,971.71,538784,741591600.0,1.68,-1.97,-19.54,0.97
2013-11-25,000001,952.18,959.41,980.4,949.29,532329,722870928.0,3.2,-1.27,-12.3,0.95
2013-11-26,000001,959.41,957.24,968.82,952.18,392020,528774480.0,1.73,-0.23,-2.17,0.7
2013-11-27,000001,952.9,964.48,982.57,950.01,576657,783820160.0,3.4,0.76,7.24,1.03
2013-11-28,000001,964.48,968.1,980.4,962.31,619040,845915744.0,1.88,0.38,3.62,1.11
2013-11-29,000001,981.12,966.65,987.63,963.76,620163,850388528.0,2.47,-0.15,-1.45,1.11
2013-12-02,000001,969.54,977.5,999.93,963.03,1222332,1682918352.0,3.82,1.12,10.85,2.19
2013-12-03,000001,972.44,962.31,982.57,944.94,802436,1081622688.0,3.85,-1.55,-15.19,1.44
2013-12-04,000001,959.41,966.65,984.74,949.29,891805,1217121584.0,3.68,0.45,4.34,1.6
2013-12-05,000001,965.2,954.35,968.1,950.01,607480,818132160.0,1.87,-1.27,-12.3,1.09
2013-12-06,000001,957.24,944.22,957.97,940.6,481103,640155440.0,1.82,-1.06,-10.13,0.86
2013-12-09,000001,944.94,936.99,951.46,936.26,418045,553192464.0,1.61,-0.77,-7.23,0.75
2013-12-10,000001,944.94,944.22,947.84,937.71,324034,429632576.0,1.08,0.77,7.23,0.58
2013-12-11,000001,937.71,911.66,940.6,900.09,925204,1192542528.0,4.29,-3.45,-32.56,1.66
2013-12-12,000001,902.26,902.98,913.83,898.64,398062,507708736.0,1.67,-0.95,-8.68,0.71
2013-12-13,000001,900.09,890.68,900.81,883.45,430344,540933936.0,1.92,-1.36,-12.3,0.77
2013-12-16,000001,887.06,905.15,910.94,887.06,555668,704816720.0,2.68,1.62,14.47,1.0
2013-12-17,000001,908.05,902.98,914.56,895.75,367680,470046208.0,2.08,-0.24,-2.17,0.66
2013-12-18,000001,901.53,905.88,912.39,897.92,232740,296740176.0,1.6,0.32,2.9,0.42
2013-12-19,000001,907.32,887.06,912.39,887.06,356201,450676320.0,2.8,-2.08,-18.82,0.64
2013-12-20,000001,887.79,844.38,892.85,844.38,681334,826323824.0,5.46,-4.81,-42.68,1.22
2013-12-23,000001,845.1,847.27,863.91,836.42,412153,495535280.0,3.26,0.34,2.89,0.74
2013-12-24,000001,850.89,829.18,859.57,821.95,519365,617009184.0,4.44,-2.14,-18.09,0.93
2013-12-25,000001,829.18,830.63,835.7,816.88,505899,589596288.0,2.27,0.17,1.45,0.91
2013-12-26,000001,829.18,811.1,829.18,809.65,402301,463847184.0,2.35,-2.35,-19.53,0.72
2013-12-27,000001,811.82,832.8,842.93,809.65,630662,733105808.0,4.1,2.68,21.7,1.13
2013-12-30,000001,835.7,832.08,840.04,829.18,435745,512282784.0,1.3,-0.09,-0.72,0.78
2013-12-31,000001,831.35,868.98,879.11,825.57,826864,1002632464.0,6.43,4.43,36.9,1.48
2014-01-02,000001,859.57,867.53,872.59,854.51,489911,596223744.0,2.08,-0.17,-1.45,0.88
2014-01-03,000001,861.74,845.82,862.47,834.97,551115,656631296.0,3.17,-2.5,-21.71,0.99
2014-01-06,000001,842.93,827.01,850.89,814.71,582118,679280384.0,4.28,-2.22,-18.81,1.04
2014-01-07,000001,816.88,824.12,833.53,815.44,338407,393977584.0,2.19,-0.35,-2.89,0.61
2014-01-08,000001,824.84,833.53,847.27,816.88,457768,538436176.0,3.69,1.14,9.41,0.82
2014-01-09,000001,828.46,837.87,850.17,825.57,485518,576870544.0,2.95,0.52,4.34,0.87
2014-01-10,000001,834.97,837.87,847.27,826.29,381198,450487728.0,2.5,0.0,0.0,0.68
2014-01-13,000001,836.42,821.95,844.38,813.99,478875,559375168.0,3.63,-1.9,-15.92,0.86
2014-01-14,000001,819.78,830.63,834.97,811.1,362427,420715248.0,2.9,1.06,8.68,0.65
2014-01-15,000001,829.18,827.01,832.08,819.06,297988,346733008.0,1.57,-0.44,-3.62,0.53
2014-01-16,000001,826.29,828.46,836.42,820.5,299593,350027744.0,1.93,0.18,1.45,0.54
2014-01-17,000001,823.4,813.27,824.84,811.1,423514,487423216.0,1.66,-1.83,-15.19,0.76
2014-01-20,000001,813.27,800.24,813.27,796.63,307220,349154112.0,2.05,-1.6,-13.03,0.55
2014-01-21,000001,801.69,804.58,819.06,801.69,265795,303578624.0,2.17,0.54,4.34,0.48
2014-01-22,000001,804.58,835.7,840.76,803.86,619084,723523200.0,4.59,3.87,31.12,1.11
2014-01-23,000001,834.25,829.18,835.7,825.57,375535,439497024.0,1.21,-0.78,-6.52,0.67
2014-01-24,000001,824.84,826.29,837.14,819.78,485283,567516080.0,2.09,-0.35,-2.89,0.87
2014-01-27,000001,819.06,806.76,824.12,803.86,442997,508343008.0,2.45,-2.36,-19.53,0.79
2014-01-28,000001,811.1,814.71,821.23,805.31,389683,446213136.0,1.97,0.99,7.95,0.7
2014-01-29,000001,817.61,819.06,824.84,814.71,312104,361575344.0,1.24,0.53,4.35,0.56
2014-01-30,000001,818.33,807.48,818.33,806.03,291413,332618208.0,1.5,-1.41,-11.58,0.52
2014-02-07,000001,801.69,806.03,806.03,785.77,418757,470138336.0,2.51,-0.18,-1.45,0.75
2014-02-10,000001,806.03,819.78,821.23,803.86,581226,670008704.0,2.16,1.71,13.75,1.04
2014-02-11,000001,816.88,850.89,874.76,809.65,1310465,1569553136.0,7.94,3.79,31.11,2.35
2014-02-12,000001,841.48,846.55,865.36,840.04,694622,831733264.0,2.98,-0.51,-4.34,1.25
2014-02-13,000001,838.59,866.81,887.06,836.42,1218193,1480576864.0,5.98,2.39,20.26,2.18
2014-02-14,000001,858.85,856.68,864.64,848.0,582339,701905712.0,1.92,-1.17,-10.13,1.04
2014-02-17,000001,858.12,848.72,863.19,841.48,608922,727601216.0,2.53,-0.93,-7.96,1.09
2014-02-18,000001,844.38,826.29,845.82,823.4,596062,700246032.0,2.64,-2.64,-22.43,1.07
2014-02-19,000001,822.67,850.89,860.29,822.67,988175,1177763504.0,4.55,2.98,24.6,1.77
2014-02-20,000001,845.82,833.53,868.98,832.8,766324,919006400.0,4.25,-2.04,-17.36,1.37
2014-02-21,000001,837.87,821.95,839.31,820.5,479997,559681280.0,2.26,-1.39,-11.58,0.86
2014-02-24,000001,811.1,790.11,813.27,788.67,667820,750803472.0,2.99,-3.87,-31.84,1.2
2014-02-25,000001,790.84,779.99,803.86,778.54,548387,611611824.0,3.2,-1.28,-10.12,0.98
2014-02-26,000001,780.71,786.5,794.46,778.54,407938,453164480.0,2.04,0.83,6.51,0.73
2014-02-27,000001,789.39,795.9,803.86,779.26,555086,621811168.0,3.13,1.2,9.4,1.0
2014-02-28,000001,790.84,787.94,795.9,769.86,446238,493549152.0,3.27,-1.0,-7.96,0.8
2014-03-03,000001,779.99,781.43,784.33,773.47,427432,470295904.0,1.38,-0.83,-6.51,0.77
2014-03-04,000001,777.82,777.09,779.99,764.07,527585,575054320.0,2.04,-0.56,-4.34,0.95
2014-03-05,000001,770.58,756.83,777.09,751.77,533017,575251312.0,3.26,-2.61,-20.26,0.96
2014-03-06,000001,757.56,761.9,767.69,743.09,527383,564310352.0,3.25,0.67,5.07,0.95
2014-03-07,000001,760.45,764.07,774.2,758.28,488654,529718064.0,2.09,0.28,2.17,0.88
2014-03-10,000001,756.83,728.62,758.28,724.28,544321,567573136.0,4.45,-4.64,-35.45,0.98
2014-03-11,000001,728.62,723.55,734.41,713.42,450789,462135328.0,2.88,-0.7,-5.07,0.81
2014-03-12,000001,725.72,731.51,740.92,719.21,515107,532491152.0,3.0,1.1,7.96,0.92
2014-03-13,000001,740.92,746.7,763.35,732.96,626625,663461520.0,4.15,2.08,15.19,1.12
2014-03-14,000001,737.3,729.34,744.53,725.72,450393,466403744.0,2.52,-2.32,-17.36,0.81
2014-03-17,000001,735.85,740.19,742.36,730.79,372979,388751072.0,1.59,1.49,10.85,0.67
2014-03-18,000001,740.19,733.68,743.09,730.06,431815,449377632.0,1.76,-0.88,-6.51,0.77
2014-03-19,000001,731.51,723.55,731.51,717.04,363029,370332016.0,1.97,-1.38,-10.13,0.65
2014-03-20,000001,722.11,713.42,727.17,709.81,454882,462702992.0,2.4,-1.4,-10.13,0.82
2014-03-21,000001,711.25,763.35,774.2,708.36,1251812,1316754800.0,9.23,7.0,49.93,2.25
2014-03-24,000001,761.9,763.35,773.47,751.77,842539,908755216.0,2.84,0.0,0.0,1.51
2014-03-25,000001,761.9,749.6,764.79,746.7,415754,444839376.0,2.37,-1.8,-13.75,0.75
2014-03-26,000001,753.94,756.83,760.45,745.26,360206,383229648.0,2.03,0.96,7.23,0.65
2014-03-27,000001,752.49,761.9,780.71,743.81,803134,867999456.0,4.88,0.67,5.07,1.44
2014-03-28,000001,756.83,762.62,775.64,754.66,532650,576611632.0,2.75,0.09,0.72,0.96
2014-03-31,000001,767.69,761.9,774.2,754.66,321131,346029600.0,2.56,-0.09,-0.72,0.58
2014-04-01,000001,758.28,764.07,770.58,756.83,281243,303939600.0,1.8,0.28,2.17,0.5
2014-04-02,000001,763.35,772.03,779.26,759.0,460397,500530400.0,2.65,1.04,7.96,0.83
2014-04-03,000001,775.64,761.9,779.99,761.17,453651,494227824.0,2.44,-1.31,-10.13,0.81
2014-04-04,000001,756.83,763.35,765.52,748.88,342090,366585728.0,2.18,0.19,1.45,0.61
2014-04-08,000001,762.62,798.8,813.99,762.62,1342921,1503024032.0,6.73,4.64,35.45,2.41
2014-04-09,000001,798.07,792.29,803.86,790.11,557347,626176128.0,1.72,-0.81,-6.51,1.0
2014-04-10,000001,793.73,804.58,821.95,790.11,770068,876018000.0,4.02,1.55,12.29,1.38
2014-04-11,000001,803.14,807.48,814.71,796.63,593255,674562208.0,2.25,0.36,2.9,1.06
2014-04-14,000001,803.86,798.8,811.1,792.29,421741,476278768.0,2.33,-1.07,-8.68,0.76
2014-04-15,000001,793.73,776.37,795.18,772.03,534689,589940432.0,2.9,-2.81,-22.43,0.96
2014-04-16,000001,773.47,777.82,787.94,768.41,376646,414022000.0,2.52,0.19,1.45,0.68
2014-04-17,000001,779.99,771.3,784.33,766.24,304885,333305072.0,2.33,-0.84,-6.52,0.55
2014-04-18,000001,767.69,764.07,769.86,758.28,323544,349102656.0,1.5,-0.94,-7.23,0.58
2014-04-21,000001,760.45,756.11,771.3,754.66,298156,321959264.0,2.18,-1.04,-7.96,0.53
2014-04-22,000001,757.56,782.88,791.56,755.39,523282,569433680.0,4.78,3.54,26.77,0.94
2014-04-23,000001,784.33,800.24,811.1,784.33,1191028,1346115072.0,3.42,2.22,17.36,2.14
2014-04-24,000001,808.93,795.18,811.1,787.22,634005,712292432.0,2.98,-0.63,-5.06,1.14
2014-04-25,000001,795.18,796.63,816.16,786.5,714335,810796672.0,3.73,0.18,1.45,1.28
2014-04-28,000001,796.63,780.71,798.8,775.64,526045,582533600.0,2.91,-2.0,-15.92,0.94
2014-04-29,000001,779.99,790.11,796.63,772.75,413622,458216048.0,3.06,1.2,9.4,0.74
2014-04-30,000001,791.56,788.67,794.46,785.05,259596,289386160.0,1.19,-0.18,-1.44,0.47
2014-05-05,000001,785.77,777.82,786.5,766.24,403271,440413664.0,2.57,-1.38,-10.85,0.72
2014-05-06,000001,772.75,774.92,785.05,771.3,267771,294197728.0,1.77,-0.37,-2.9,0.48
2014-05-07,000001,772.03,767.69,774.92,767.69,241910,263547089.0,0.93,-0.93,-7.23,0.43
2014-05-08,000001,766.24,773.47,789.39,764.79,379621,418459584.0,3.2,0.75,5.78,0.68
2014-05-09,000001,773.47,782.16,787.94,771.3,321915,354936720.0,2.15,1.12,8.69,0.58
2014-05-12,000001,789.39,803.14,807.48,779.99,601992,678608672.0,3.51,2.68,20.98,1.08
2014-05-13,000001,802.41,795.18,804.58,792.29,305833,344109440.0,1.53,-0.99,-7.96,0.55
2014-05-14,000001,793.73,800.97,810.37,793.73,416122,471890560.0,2.09,0.73,5.79,0.75
2014-05-15,000001,800.24,792.29,803.86,789.39,312628,351067760.0,1.81,-1.08,-8.68,0.56
2014-05-16,000001,792.29,798.07,803.14,791.56,311773,351626480.0,1.46,0.73,5.78,0.56
2014-05-19,000001,798.07,798.07,798.8,788.67,261106,292426272.0,1.27,0.0,0.0,0.47
2014-05-20,000001,796.63,795.9,803.14,790.84,205766,231625054.0,1.54,-0.27,-2.17,0.37
2014-05-21,000001,793.01,802.41,806.03,784.33,263168,297218368.0,2.73,0.82,6.51,0.47
2014-05-22,000001,802.41,806.76,826.29,799.52,619142,713100720.0,3.34,0.54,4.35,1.11
2014-05-23,000001,807.48,820.5,822.67,804.58,415356,478107232.0,2.24,1.7,13.74,0.74
2014-05-26,000001,825.57,820.5,825.57,811.82,315989,365020288.0,1.68,0.0,0.0,0.57
2014-05-27,000001,816.88,820.5,829.18,814.71,284408,329865264.0,1.76,0.0,0.0,0.51
2014-05-28,000001,819.78,821.95,824.12,806.76,427038,491816864.0,2.12,0.18,1.45,0.77
2014-05-29,000001,821.23,814.71,832.08,813.99,362238,420664544.0,2.2,-0.88,-7.24,0.65
2014-05-30,000001,813.99,814.71,823.4,811.82,318773,367350848.0,1.42,0.0,0.0,0.57
2014-06-03,000001,814.71,815.44,828.46,814.71,278114,322371184.0,1.69,0.09,0.73,0.5
2014-06-04,000001,815.44,802.41,816.16,796.63,323890,367011920.0,2.4,-1.6,-13.03,0.58
2014-06-05,000001,800.24,809.65,810.37,799.52,246291,280049632.0,1.35,0.9,7.24,0.44
2014-06-06,000001,810.37,806.03,813.27,799.52,186436,212129090.0,1.7,-0.45,-3.62,0.33
2014-06-09,000001,803.86,813.27,817.61,801.69,313522,359580576.0,1.98,0.9,7.24,0.56
2014-06-10,000001,816.16,832.8,832.8,812.54,621983,723590240.0,2.49,2.4,19.53,1.12
2014-06-11,000001,827.74,834.97,839.31,824.12,433233,509141984.0,1.82,0.26,2.17,0.78
2014-06-12,000001,829.47,837.29,842.5,827.74,367442,355905024.0,1.77,0.28,2.32,0.55
2014-06-13,000001,836.42,872.88,895.46,834.68,1239505,1246107216.0,7.26,4.25,35.59,1.85
2014-06-16,000001,867.67,873.75,883.3,864.2,878182,889629936.0,2.19,0.1,0.87,1.31
2014-06-17,000001,866.81,865.94,878.09,860.73,541848,546274864.0,1.99,-0.89,-7.81,0.81
2014-06-18,000001,865.94,850.31,867.67,845.97,538550,534087760.0,2.51,-1.8,-15.63,0.8
2014-06-19,000001,850.31,843.36,857.26,834.68,483081,474545264.0,2.66,-0.82,-6.95,0.72
2014-06-20,000001,842.5,849.44,849.44,839.89,372071,364390000.0,1.13,0.72,6.08,0.56
2014-06-23,000001,849.44,842.5,858.12,841.63,430860,423339312.0,1.94,-0.82,-6.94,0.64
2014-06-24,000001,843.36,845.1,849.44,841.63,284593,279235072.0,0.93,0.31,2.6,0.43
2014-06-25,000001,845.1,842.5,845.97,831.21,271263,263555598.0,1.75,-0.31,-2.6,0.41
2014-06-26,000001,837.29,846.84,847.71,837.29,342885,335699952.0,1.24,0.52,4.34,0.51
2014-06-27,000001,844.23,846.84,851.18,837.29,367521,359856080.0,1.64,0.0,0.0,0.55
2014-06-30,000001,845.1,854.65,859.86,844.23,447238,442037488.0,1.85,0.92,7.81,0.67
2014-07-01,000001,854.65,850.31,858.12,847.71,284944,281216688.0,1.22,-0.51,-4.34,0.43
2014-07-02,000001,850.31,852.91,853.78,845.97,286042,281857232.0,0.92,0.31,2.6,0.43
2014-07-03,000001,852.91,858.99,861.6,847.71,446905,443709920.0,1.63,0.71,6.08,0.67
2014-07-04,000001,859.86,854.65,863.33,850.31,342311,339852544.0,1.52,-0.51,-4.34,0.51
2014-07-07,000001,854.65,850.31,856.39,845.1,343062,337859952.0,1.32,-0.51,-4.34,0.51
2014-07-08,000001,848.57,856.39,856.39,842.5,346087,341179824.0,1.63,0.72,6.08,0.52
2014-07-09,000001,855.52,832.08,855.52,826.0,587891,573417344.0,3.45,-2.84,-24.31,0.88
2014-07-10,000001,832.95,833.81,839.02,828.61,360258,348040176.0,1.25,0.21,1.73,0.54
2014-07-11,000001,832.95,833.81,836.42,831.21,318320,307776976.0,0.62,0.0,0.0,0.48
2014-07-14,000001,834.68,838.16,838.16,825.13,463116,446246576.0,1.56,0.52,4.35,0.69
2014-07-16,000001,836.42,828.61,837.29,820.79,617703,592431488.0,1.97,-1.14,-9.55,0.92
2014-07-17,000001,827.74,826.87,829.47,821.66,320073,306409296.0,0.94,-0.21,-1.74,0.48
2014-07-18,000001,823.4,827.74,832.08,821.66,375115,360507376.0,1.26,0.11,0.87,0.56
2014-07-21,000001,827.74,823.4,827.74,821.66,272995,260823464.0,0.73,-0.52,-4.34,0.41
2014-07-22,000001,821.66,839.02,845.1,820.79,613699,594111760.0,2.95,1.9,15.62,0.92
2014-07-23,000001,836.42,841.63,847.71,834.68,555704,541821216.0,1.55,0.31,2.61,0.83
2014-07-24,000001,842.5,876.36,888.51,841.63,1805824,1820306624.0,5.57,4.13,34.73,2.7
2014-07-25,000001,879.83,881.57,885.04,869.41,853914,868778304.0,1.78,0.59,5.21,1.28
2014-07-28,000001,885.04,930.18,940.6,883.3,1867879,1997922400.0,6.5,5.51,48.61,2.79
2014-07-29,000001,933.66,933.66,957.97,925.84,1201827,1306061728.0,3.45,0.37,3.48,1.8
2014-07-30,000001,933.66,927.58,957.97,925.84,810026,880625360.0,3.44,-0.65,-6.08,1.21
2014-07-31,000001,927.58,938.0,940.6,918.9,637784,685541104.0,2.34,1.12,10.42,0.95
2014-08-01,000001,935.39,923.24,956.23,923.24,854510,930971504.0,3.52,-1.57,-14.76,1.28
2014-08-04,000001,923.24,943.21,943.21,914.56,830624,896723504.0,3.1,2.16,19.97,1.24
2014-08-05,000001,944.94,933.66,957.1,924.11,752175,817861952.0,3.5,-1.01,-9.55,1.12
2014-08-06,000001,927.58,918.9,927.58,906.74,834648,884436928.0,2.23,-1.58,-14.76,1.25
2014-08-07,000001,918.9,905.88,921.5,904.14,596435,629404560.0,1.89,-1.42,-13.02,0.89
2014-08-08,000001,908.48,909.35,916.29,902.4,555652,586028464.0,1.53,0.38,3.47,0.83
2014-08-11,000001,911.08,924.11,927.58,911.08,621332,663290432.0,1.81,1.62,14.76,0.93
2014-08-12,000001,918.9,914.56,919.77,907.61,480852,508251840.0,1.32,-1.03,-9.55,0.72
2014-08-13,000001,912.82,918.9,924.11,905.01,533365,564717120.0,2.09,0.47,4.34,0.8
2014-08-14,000001,921.5,909.35,927.58,906.74,523693,556638928.0,2.27,-1.04,-9.55,0.78
2014-08-15,000001,909.35,912.82,917.16,901.53,675090,711373264.0,1.72,0.38,3.47,1.01
2014-08-18,000001,913.69,918.9,922.37,910.22,589023,625059408.0,1.33,0.67,6.08,0.88
2014-08-19,000001,918.9,912.82,920.63,906.74,580822,613961760.0,1.51,-0.66,-6.08,0.87
2014-08-20,000001,911.95,903.27,911.95,900.67,573286,600953664.0,1.24,-1.05,-9.55,0.86
2014-08-21,000001,901.53,891.98,903.27,884.17,632231,653438880.0,2.11,-1.25,-11.29,0.94
2014-08-22,000001,887.64,892.85,898.06,885.04,481562,497919616.0,1.46,0.1,0.87,0.72
2014-08-25,000001,892.85,880.7,892.85,878.09,509434,521445424.0,1.65,-1.36,-12.15,0.76
2014-08-26,000001,878.96,878.96,885.91,874.62,461165,469882624.0,1.28,-0.2,-1.74,0.69
2014-08-27,000001,878.96,883.3,896.33,877.22,573147,588959904.0,2.17,0.49,4.34,0.86
2014-08-28,000001,883.3,875.49,884.17,874.62,438970,447046656.0,1.08,-0.88,-7.81,0.66
2014-08-29,000001,875.49,884.17,884.17,874.62,343726,350689088.0,1.09,0.99,8.68,0.51
2014-09-01,000001,883.3,888.51,891.12,877.22,487782,501154064.0,1.57,0.49,4.34,0.5
2014-09-02,000001,892.85,901.53,905.01,883.3,788005,816712368.0,2.44,1.47,13.02,0.8
2014-09-03,000001,903.27,905.88,913.69,899.8,766929,807419392.0,1.54,0.48,4.35,0.78
2014-09-04,000001,905.88,910.22,910.22,895.46,628159,657751216.0,1.63,0.48,4.34,0.64
2014-09-05,000001,910.22,911.95,918.03,905.88,597878,631001552.0,1.33,0.19,1.73,0.61
2014-09-09,000001,910.22,902.4,912.82,898.93,566698,593195200.0,1.52,-1.05,-9.55,0.58
2014-09-10,000001,897.19,891.12,898.06,889.38,531593,549288848.0,0.96,-1.25,-11.28,0.54
2014-09-11,000001,891.12,894.59,910.22,888.51,713461,743736352.0,2.44,0.39,3.47,0.73
2014-09-12,000001,894.59,894.59,895.46,885.91,408654,421465552.0,1.07,0.0,0.0,0.42
2014-09-15,000001,891.12,889.38,891.12,884.17,515418,530216256.0,0.78,-0.58,-5.21,0.52
2014-09-16,000001,890.25,884.17,902.4,883.3,828340,855746032.0,2.15,-0.59,-5.21,0.84
2014-09-17,000001,888.51,885.04,892.85,879.83,556748,570332048.0,1.47,0.1,0.87,0.57
2014-09-18,000001,880.7,891.12,902.4,878.09,768309,793783232.0,2.75,0.69,6.08,0.78
2014-09-19,000001,888.51,895.46,897.19,885.04,570754,590539504.0,1.36,0.49,4.34,0.58
2014-09-22,000001,891.12,867.67,891.98,864.2,790192,802793600.0,3.1,-3.1,-27.79,0.8
2014-09-23,000001,867.67,871.15,874.62,866.81,462158,466701920.0,0.9,0.4,3.48,0.47
2014-09-24,000001,868.54,886.77,888.51,865.94,760553,774981744.0,2.59,1.79,15.62,0.77
2014-09-25,000001,890.25,878.09,891.12,875.49,677167,693101936.0,1.76,-0.98,-8.68,0.69
2014-09-26,000001,876.36,872.88,877.22,867.67,453633,458477952.0,1.09,-0.59,-5.21,0.46
2014-09-29,000001,874.62,872.88,878.96,870.28,605359,613587488.0,0.99,0.0,0.0,0.62
2014-09-30,000001,874.62,874.62,876.36,871.15,483982,490091136.0,0.6,0.2,1.74,0.49
2014-10-08,000001,877.22,885.04,885.04,874.62,674687,688179616.0,1.19,1.19,10.42,0.69
2014-10-09,000001,885.04,879.83,887.64,876.36,662394,676601232.0,1.27,-0.59,-5.21,0.67
2014-10-10,000001,876.36,876.36,879.83,873.75,659349,669474240.0,0.69,-0.39,-3.47,0.67
2014-10-13,000001,872.88,871.15,874.62,865.94,519875,524142432.0,0.99,-0.59,-5.21,0.53
2014-10-14,000001,870.28,872.88,879.83,868.54,575883,582555040.0,1.3,0.2,1.73,0.59
2014-10-15,000001,872.02,876.36,878.09,864.2,597660,604421664.0,1.59,0.4,3.48,0.61
2014-10-16,000001,871.15,879.83,892.85,869.41,1323735,1355834912.0,2.67,0.4,3.47,1.35
2014-10-17,000001,879.83,872.88,881.57,867.67,700511,709337184.0,1.58,-0.79,-6.95,0.71
2014-10-20,000001,875.49,877.22,878.96,870.28,611170,619515024.0,0.99,0.5,4.34,0.62
2014-10-21,000001,874.62,870.28,876.36,868.54,486323,491186144.0,0.89,-0.79,-6.94,0.49
2014-10-22,000001,869.41,871.15,878.96,867.67,559460,566148288.0,1.3,0.1,0.87,0.57
2014-10-23,000001,872.88,883.3,891.98,872.88,1585480,1625133856.0,2.19,1.39,12.15,1.61
2014-10-24,000001,891.12,878.09,892.85,875.49,820989,842529664.0,1.97,-0.59,-5.21,0.83
2014-10-27,000001,871.15,864.2,873.75,860.73,729569,732278928.0,1.48,-1.58,-13.89,0.74
2014-10-28,000001,866.81,877.22,878.96,866.81,530651,536920624.0,1.41,1.51,13.02,0.54
2014-10-29,000001,878.96,888.51,895.46,874.62,1065276,1093979408.0,2.38,1.29,11.29,1.08
2014-10-30,000001,889.38,899.8,910.22,880.7,1520633,1578266416.0,3.32,1.27,11.29,1.55
2014-10-31,000001,905.88,951.89,979.67,902.4,3593084,3900875152.0,8.59,5.79,52.09,3.65
2014-11-03,000001,963.18,958.84,971.86,947.55,1916835,2129642928.0,2.55,0.73,6.95,1.95
2014-11-04,000001,962.31,936.26,964.91,930.18,1318992,1443563424.0,3.62,-2.35,-22.58,1.34
2014-11-05,000001,936.26,933.66,944.94,919.77,1285877,1386577312.0,2.69,-0.28,-2.6,1.31
2014-11-06,000001,933.66,935.39,940.6,926.71,645124,697762480.0,1.49,0.19,1.73,0.66
2014-11-07,000001,932.79,941.47,982.28,929.32,2234369,2470577744.0,5.66,0.65,6.08,2.27
2014-11-10,000001,953.63,961.44,970.99,937.13,1621348,1792128608.0,3.6,2.12,19.97,1.65
2014-11-11,000001,958.84,972.73,1004.85,955.36,2981391,3390990144.0,5.15,1.17,11.29,3.03
2014-11-12,000001,965.78,966.65,967.52,948.42,1389463,1538194096.0,1.96,-0.63,-6.08,1.41
2014-11-13,000001,964.91,953.63,980.54,951.89,1340384,1498070416.0,2.96,-1.35,-13.02,1.36
2014-11-14,000001,949.29,943.21,950.15,931.92,901527,980490608.0,1.91,-1.09,-10.42,0.92
2014-11-17,000001,944.94,928.45,948.42,924.11,889594,961843456.0,2.58,-1.56,-14.76,0.9
2014-11-18,000001,926.71,915.43,932.79,911.08,930296,989520784.0,2.34,-1.4,-13.02,0.95
2014-11-19,000001,914.56,917.16,919.77,909.35,591657,627088000.0,1.14,0.19,1.73,0.6
2014-11-20,000001,912.82,917.16,922.37,905.88,683545,724359504.0,1.8,0.0,0.0,0.69
2014-11-21,000001,916.29,931.92,937.13,905.88,1146732,1223438992.0,3.41,1.61,14.76,1.17
2014-11-24,000001,915.43,930.18,944.94,907.61,2227369,2397290896.0,4.01,-0.19,-1.74,2.26
2014-11-25,000001,927.58,947.55,951.02,922.37,1567803,1704413984.0,3.08,1.87,17.37,1.59
2014-11-26,000001,948.42,967.52,981.41,942.34,2184919,2437181264.0,4.12,2.11,19.97,2.22
2014-11-27,000001,979.67,976.2,993.56,959.7,2103857,2386849904.0,3.5,0.9,8.68,2.14
2014-11-28,000001,972.73,1074.31,1074.31,964.91,4844839,5793392128.0,11.21,10.05,98.11,4.93
2014-12-01,000001,1088.2,1052.6,1126.4,1049.13,4465214,5600612352.0,7.19,-2.02,-21.71,4.54
2014-12-02,000001,1048.26,1133.34,1157.65,1043.05,3490411,4436545280.0,10.89,7.67,80.74,3.55
2014-12-03,000001,1133.34,1131.61,1200.2,1097.75,3997530,5328329984.0,9.04,-0.15,-1.73,4.06
2014-12-04,000001,1135.08,1206.27,1207.14,1114.24,3450181,4674285056.0,8.21,6.6,74.66,3.51
2014-12-05,000001,1214.09,1255.76,1316.54,1168.07,4413697,6338168064.0,12.31,4.1,49.49,4.49
2014-12-08,000001,1227.98,1316.54,1339.98,1209.75,3928343,5883664384.0,10.37,4.84,60.78,3.99
2014-12-09,000001,1293.09,1184.57,1342.58,1184.57,4045420,6002900224.0,12.0,-10.02,-131.97,4.11
2014-12-10,000001,1175.02,1226.24,1241.0,1124.66,3527844,4800983040.0,9.82,3.52,41.67,3.59
2014-12-11,000001,1193.25,1202.8,1260.1,1182.83,2237996,3153661808.0,6.3,-1.91,-23.44,2.28
2014-12-12,000001,1201.06,1204.54,1227.11,1181.96,1643909,2291244464.0,3.75,0.14,1.74,1.67
2014-12-15,000001,1188.04,1173.28,1188.04,1146.37,1800937,2428185632.0,3.46,-2.6,-31.26,1.83
2014-12-16,000001,1166.34,1243.61,1243.61,1161.13,2469073,3433988624.0,7.03,5.99,70.33,2.51
2014-12-17,000001,1244.47,1327.82,1354.74,1227.11,4400166,6579202304.0,10.26,6.77,84.21,4.47
2014-12-18,000001,1332.16,1287.02,1344.32,1261.84,2470251,3714889568.0,6.21,-3.07,-40.8,2.51
2014-12-19,000001,1280.94,1296.57,1313.06,1247.95,1935406,2880581200.0,5.06,0.74,9.55,1.97
2014-12-22,000001,1287.88,1326.09,1397.28,1280.07,3467391,5383744768.0,9.04,2.28,29.52,3.52
2014-12-23,000001,1295.7,1274.86,1320.88,1253.16,1797851,2688160560.0,5.11,-3.86,-51.23,1.83
2014-12-24,000001,1273.99,1215.82,1283.54,1181.96,2010271,2854207872.0,7.97,-4.63,-59.04,2.04
2014-12-25,000001,1240.13,1269.65,1274.86,1213.22,1997276,2887581456.0,5.07,4.43,53.83,2.03
2014-12-26,000001,1262.71,1305.25,1312.19,1254.89,2437073,3625690256.0,4.51,2.8,35.6,2.48
2014-12-29,000001,1349.53,1289.62,1387.73,1274.86,2586148,3983923216.0,8.65,-1.2,-15.63,2.63
2014-12-30,000001,1290.49,1339.98,1347.79,1285.28,2366078,3637484224.0,4.85,3.91,50.36,2.41
2014-12-31,000001,1349.53,1369.5,1372.97,1322.61,2400066,3760218240.0,3.76,2.2,29.52,2.44
2015-01-05,000001,1382.52,1385.12,1407.7,1348.66,2860436,4565387776.0,4.31,1.14,15.62,2.91
2015-01-06,000001,1370.36,1364.29,1417.25,1344.32,2166421,3453446160.0,5.27,-1.5,-20.83,2.2
2015-01-07,000001,1345.19,1338.24,1368.63,1322.61,1700121,2634796416.0,3.37,-1.91,-26.05,1.73
2015-01-08,000001,1339.98,1293.09,1346.05,1287.88,1407714,2128003424.0,4.35,-3.37,-45.15,1.43
2015-01-09,000001,1287.88,1303.51,1372.1,1271.39,2508500,3835378096.0,7.79,0.81,10.42,2.55
2015-01-12,000001,1285.28,1276.6,1300.91,1253.16,1553291,2293104608.0,3.66,-2.06,-26.91,1.58
2015-01-13,000001,1266.18,1268.78,1287.88,1262.71,816875,1204987152.0,1.97,-0.61,-7.82,0.83
2015-01-14,000001,1277.47,1280.07,1313.93,1270.52,1263030,1889296672.0,3.42,0.89,11.29,1.28
2015-01-15,000001,1283.54,1326.95,1326.95,1271.39,1242170,1868795904.0,4.34,3.66,46.88,1.26
2015-01-16,000001,1331.29,1328.69,1350.39,1312.19,1555846,2403346192.0,2.88,0.13,1.74,1.58
2015-01-19,000001,1210.61,1194.99,1259.23,1194.99,2137124,3016203088.0,4.83,-10.06,-133.7,2.17
2015-01-20,000001,1194.99,1194.99,1214.96,1171.55,1491018,2064280560.0,3.63,0.0,0.0,1.52
2015-01-21,000001,1199.33,1246.21,1261.84,1188.04,1940530,2758192752.0,6.18,4.29,51.22,1.97
2015-01-22,000001,1239.27,1235.79,1254.89,1223.64,1255016,1801436256.0,2.51,-0.84,-10.42,1.28
2015-01-23,000001,1241.0,1244.47,1264.44,1235.79,1459182,2108746800.0,2.32,0.7,8.68,1.48
2015-01-26,000001,1241.0,1239.27,1247.95,1223.64,1057606,1508446592.0,1.95,-0.42,-5.2,1.08
2015-01-27,000001,1240.13,1208.88,1241.87,1194.99,1339495,1881058960.0,3.78,-2.45,-30.39,1.36
2015-01-28,000001,1198.46,1214.96,1235.79,1192.38,1240878,1742175728.0,3.59,0.5,6.08,1.26
2015-01-29,000001,1194.12,1201.06,1210.61,1188.04,1016753,1408825360.0,1.86,-1.14,-13.9,1.03
2015-01-30,000001,1203.67,1203.67,1220.16,1188.91,930117,1298735712.0,2.6,0.22,2.61,0.95
2015-02-02,000001,1175.02,1177.62,1192.38,1170.68,860932,1176949552.0,1.8,-2.16,-26.05,0.88
2015-02-03,000001,1190.65,1205.41,1208.88,1176.75,883349,1217876592.0,2.73,2.36,27.79,0.9
2015-02-04,000001,1209.75,1184.57,1213.22,1183.7,807623,1122666752.0,2.45,-1.73,-20.84,0.82
2015-02-05,000001,1235.79,1191.51,1247.08,1188.91,1913729,2710523888.0,4.91,0.59,6.94,1.95
2015-02-06,000001,1182.83,1167.2,1205.41,1157.65,1030409,1411298592.0,4.01,-2.04,-24.31,1.05
2015-02-09,000001,1166.34,1168.07,1181.96,1142.03,946586,1273141152.0,3.42,0.07,0.87,0.96
2015-02-10,000001,1165.47,1189.78,1194.12,1159.39,724875,991823744.0,2.97,1.86,21.71,0.74
2015-02-11,000001,1190.65,1186.3,1196.72,1181.96,554350,763414576.0,1.24,-0.29,-3.48,0.56
2015-02-12,000001,1188.04,1197.59,1201.06,1176.75,608716,838611232.0,2.05,0.95,11.29,0.62
2015-02-13,000001,1203.67,1205.41,1225.37,1195.85,887743,1244514800.0,2.46,0.65,7.82,0.9
2015-02-16,000001,1205.41,1202.8,1210.61,1186.3,721202,999898464.0,2.02,-0.22,-2.61,0.73
2015-02-17,000001,1206.27,1208.88,1219.3,1203.67,680492,954430240.0,1.3,0.51,6.08,0.69
2015-02-25,000001,1213.22,1192.38,1214.09,1188.91,577392,799193632.0,2.08,-1.36,-16.5,0.59
2015-02-26,000001,1192.38,1215.82,1216.69,1175.02,1025544,1424064864.0,3.49,1.97,23.44,1.04
2015-02-27,000001,1214.96,1208.88,1223.64,1206.27,793570,1115146048.0,1.43,-0.57,-6.94,0.81
2015-03-02,000001,1212.35,1212.35,1217.56,1198.46,1018797,1423603264.0,1.58,0.29,3.47,1.04
2015-03-03,000001,1208.01,1175.02,1208.01,1174.15,1059476,1457305040.0,2.79,-3.08,-37.33,1.08
2015-03-04,000001,1176.75,1172.41,1185.44,1166.34,814973,1108145424.0,1.63,-0.22,-2.61,0.83
2015-03-05,000001,1166.34,1155.92,1168.94,1148.1,828605,1109151968.0,1.78,-1.41,-16.49,0.84
2015-03-06,000001,1155.05,1161.13,1167.2,1153.31,557048,748959120.0,1.2,0.45,5.21,0.57
2015-03-09,000001,1163.73,1222.77,1239.27,1150.71,2205324,3067985536.0,7.63,5.31,61.64,2.24
2015-03-10,000001,1209.75,1189.78,1220.16,1189.78,1385706,1927581936.0,2.48,-2.7,-32.99,1.41
2015-03-11,000001,1191.51,1197.59,1216.69,1191.51,903354,1258356128.0,2.12,0.66,7.81,0.92
2015-03-12,000001,1227.11,1261.84,1293.09,1216.69,3305137,4805590272.0,6.38,5.36,64.25,3.36
2015-03-13,000001,1287.88,1295.7,1349.53,1279.2,3163988,4799935232.0,5.57,2.68,33.86,3.22
2015-03-16,000001,1305.25,1332.16,1339.98,1289.62,2218472,3387198608.0,3.89,2.81,36.46,2.26
2015-03-17,000001,1340.84,1331.29,1366.02,1318.27,1959842,3020408704.0,3.58,-0.07,-0.87,1.99
2015-03-18,000001,1327.82,1340.84,1346.92,1321.74,1831001,2823982784.0,1.89,0.72,9.55,1.86
2015-03-19,000001,1338.24,1313.06,1338.24,1306.98,1580300,2413982128.0,2.33,-2.07,-27.78,1.61
2015-03-20,000001,1313.06,1324.35,1344.32,1301.78,1976394,3027315328.0,3.24,0.86,11.29,2.01
2015-03-23,000001,1325.22,1333.9,1345.19,1325.22,1782056,2750596672.0,1.51,0.72,9.55,1.81
2015-03-24,000001,1333.9,1326.95,1347.79,1315.67,1559193,2396553392.0,2.41,-0.52,-6.95,1.59
2015-03-25,000001,1320.88,1288.75,1324.35,1287.02,1591468,2396614000.0,2.81,-2.88,-38.2,1.62
2015-03-26,000001,1284.41,1306.12,1333.03,1271.39,1487892,2246003760.0,4.78,1.35,17.37,1.51
2015-03-27,000001,1305.25,1303.51,1321.74,1284.41,1047639,1577607056.0,2.86,-0.2,-2.61,1.07
2015-03-30,000001,1316.54,1353.87,1378.18,1305.25,2582614,4014724432.0,5.59,3.86,50.36,2.63
2015-03-31,000001,1386.86,1361.68,1435.48,1351.26,2733183,4393135104.0,6.22,0.58,7.81,2.78
2015-04-01,000001,1367.76,1379.91,1395.54,1344.32,1643316,2608976848.0,3.76,1.34,18.23,1.67
2015-04-02,000001,1391.2,1366.02,1395.54,1350.39,1405837,2222670592.0,3.27,-1.01,-13.89,1.43
2015-04-03,000001,1357.34,1370.36,1378.18,1349.53,1434941,2262844480.0,2.1,0.32,4.34,1.46
2015-04-07,000001,1396.41,1453.71,1466.73,1396.41,2960472,4898119424.0,5.13,6.08,83.35,3.01
2015-04-08,000001,1464.13,1550.08,1563.97,1439.82,3371646,5784459008.0,8.54,6.63,96.37,3.43
2015-04-09,000001,1552.69,1557.03,1648.19,1533.59,3173063,5794631936.0,7.39,0.45,6.95,3.23
2015-04-10,000001,1557.03,1713.3,1713.3,1544.0,3340210,6339648768.0,10.87,10.04,156.27,3.4
2015-04-13,000001,1780.5,1732.58,1797.17,1691.95,4807153,8021097216.0,6.14,1.13,19.28,4.07
2015-04-14,000001,1728.41,1707.57,1728.41,1686.74,2472375,4020209600.0,2.41,-1.44,-25.01,2.09
2015-04-15,000001,1707.57,1744.04,1809.67,1686.74,3417642,5746875136.0,7.2,2.14,36.47,2.9
2015-04-16,000001,1711.74,1780.5,1790.92,1702.36,2467407,4102824560.0,5.08,2.09,36.46,2.09
2015-04-17,000001,1832.59,1773.21,1832.59,1759.67,2609523,4447333120.0,4.1,-0.41,-7.29,2.21
2015-04-20,000001,1790.92,1707.57,1801.34,1692.99,3447257,5776438016.0,6.11,-3.7,-65.64,2.92
2015-04-21,000001,1709.66,1734.66,1749.25,1674.23,2415937,3943357056.0,4.39,1.59,27.09,2.05
2015-04-22,000001,1736.75,1775.29,1778.42,1728.41,2773142,4640335872.0,2.88,2.34,40.63,2.35
2015-04-23,000001,1778.42,1745.08,1784.67,1734.66,2319688,3893522080.0,2.82,-1.7,-30.21,1.97
2015-04-24,000001,1707.57,1690.9,1729.45,1677.36,2442837,3959606496.0,2.98,-3.1,-54.18,2.07
2015-04-27,000001,1698.2,1720.08,1738.83,1697.16,2460564,4027939232.0,2.46,1.73,29.18,2.08
2015-04-28,000001,1723.2,1749.25,1820.09,1699.24,4763544,8014319360.0,7.03,1.7,29.17,4.04
2015-04-29,000001,1745.08,1744.04,1754.46,1697.16,2151188,3550493344.0,3.28,-0.3,-5.21,1.82
2015-04-30,000001,1762.79,1749.25,1807.59,1747.16,2890635,4899379968.0,3.46,0.3,5.21,2.45
2015-05-04,000001,1749.25,1730.49,1749.25,1705.49,1427575,2351547456.0,2.5,-1.07,-18.76,1.21
2015-05-05,000001,1719.03,1661.73,1730.49,1624.23,2299342,3685372400.0,6.14,-3.97,-68.76,1.95
2015-05-06,000001,1657.57,1647.15,1707.57,1623.18,1949911,3107565648.0,5.08,-0.88,-14.58,1.65
2015-05-07,000001,1647.15,1641.94,1663.82,1624.23,1258708,1968941840.0,2.4,-0.32,-5.21,1.07
2015-05-08,000001,1646.1,1660.69,1674.23,1624.23,1374468,2163108912.0,3.05,1.14,18.75,1.16
2015-05-11,000001,1655.48,1679.44,1688.82,1623.18,2123077,3349066832.0,3.95,1.13,18.75,1.8
2015-05-12,000001,1674.23,1672.15,1695.07,1639.85,1989656,3166864480.0,3.29,-0.43,-7.29,1.69
2015-05-13,000001,1695.07,1663.82,1702.36,1649.23,1756562,2807445568.0,3.18,-0.5,-8.33,1.49
2015-05-14,000001,1676.32,1664.86,1681.53,1644.02,1438028,2283604816.0,2.25,0.06,1.04,1.22
2015-05-15,000001,1655.48,1619.02,1663.82,1600.26,1752717,2718885232.0,3.82,-2.75,-45.84,1.48
2015-05-18,000001,1592.97,1590.89,1608.6,1569.01,1537084,2327558368.0,2.45,-1.74,-28.13,1.3
2015-05-19,000001,1589.85,1633.6,1649.23,1577.34,1917813,2959557088.0,4.52,2.68,42.71,1.62
2015-05-20,000001,1677.36,1649.23,1691.95,1634.64,2589667,4115472704.0,3.51,0.96,15.63,2.19
2015-05-21,000001,1655.48,1654.44,1664.86,1636.73,1405847,2214024928.0,1.71,0.32,5.21,1.19
2015-05-22,000001,1666.94,1704.45,1707.57,1657.57,2621908,4233675712.0,3.02,3.02,50.01,2.22
2015-05-25,000001,1712.78,1738.83,1750.29,1712.78,2730369,4518316544.0,2.2,2.02,34.38,2.31
2015-05-26,000001,1741.95,1740.91,1749.25,1705.49,2792209,4607493632.0,2.52,0.12,2.08,2.37
2015-05-27,000001,1740.91,1726.33,1771.13,1717.99,2341218,3888992240.0,3.05,-0.84,-14.58,1.98
2015-05-28,000001,1728.41,1624.23,1729.45,1616.93,2733061,4404154624.0,6.52,-5.91,-102.1,2.32
2015-05-29,000001,1625.27,1605.47,1641.94,1583.59,2014933,3103543664.0,3.59,-1.16,-18.76,1.71
2015-06-01,000001,1606.51,1665.9,1674.23,1591.93,2158362,3365459280.0,5.13,3.76,60.43,1.83
2015-06-02,000001,1664.86,1652.36,1665.9,1626.31,1904822,2991564976.0,2.38,-0.81,-13.54,1.61
2015-06-03,000001,1652.36,1658.61,1671.11,1624.23,1975232,3103860656.0,2.84,0.38,6.25,1.67
2015-06-04,000001,1660.69,1714.87,1736.75,1640.9,3682533,5971846144.0,5.78,3.39,56.26,3.12
2015-06-05,000001,1749.25,1707.57,1759.67,1679.44,2855456,4681142528.0,4.68,-0.43,-7.3,2.42
2015-06-08,000001,1709.66,1810.72,1827.39,1696.11,5086050,8596942080.0,7.69,6.04,103.15,4.31
2015-06-09,000001,1818.01,1778.42,1827.39,1747.16,3286968,5601775872.0,4.43,-1.78,-32.3,2.78
2015-06-10,000001,1759.67,1747.16,1773.21,1731.54,2198387,3679460608.0,2.34,-1.76,-31.26,1.86
2015-06-11,000001,1747.16,1726.33,1756.54,1712.78,1706960,2811189680.0,2.5,-1.19,-20.83,1.45
2015-06-12,000001,1726.33,1729.45,1741.95,1708.62,1903389,3131996560.0,1.93,0.18,3.12,1.61
2015-06-15,000001,1731.54,1667.98,1738.83,1665.9,2192177,3547149536.0,4.22,-3.55,-61.47,1.86
2015-06-16,000001,1655.48,1638.81,1682.57,1624.23,1812180,2858213728.0,3.5,-1.75,-29.17,1.54
2015-06-17,000001,1658.61,1648.19,1664.86,1619.02,1715942,2689990224.0,2.8,0.57,9.38,1.45
2015-06-18,000001,1642.98,1611.72,1642.98,1573.18,1602555,2468466176.0,4.23,-2.21,-36.47,1.36
2015-06-19,000001,1598.18,1533.59,1612.77,1520.04,1565520,2345768672.0,5.75,-4.85,-78.13,1.33
2015-06-23,000001,1534.63,1566.92,1569.01,1479.41,1805488,2643179920.0,5.84,2.17,33.33,1.53
2015-06-24,000001,1572.13,1584.64,1585.68,1540.88,1531996,2290363600.0,2.86,1.13,17.72,1.3
2015-06-25,000001,1632.56,1558.59,1637.77,1547.13,2079165,3179774400.0,5.72,-1.64,-26.05,1.76
2015-06-26,000001,1534.63,1443.99,1566.92,1403.36,2555322,3623880480.0,10.49,-7.35,-114.6,2.16
2015-06-29,000001,1476.28,1422.11,1483.58,1337.72,2612943,3570319312.0,10.1,-1.52,-21.88,2.21
2015-06-30,000001,1420.02,1524.21,1524.21,1403.36,2548103,3572978448.0,8.5,7.18,102.1,2.16
2015-07-01,000001,1504.41,1459.61,1529.42,1440.86,1835406,2629096352.0,5.81,-4.24,-64.6,1.55
2015-07-02,000001,1457.53,1441.9,1500.25,1403.36,1982826,2762337232.0,6.64,-1.21,-17.71,1.68
2015-07-03,000001,1465.87,1371.06,1466.91,1341.89,2597458,3473335632.0,8.67,-4.91,-70.84,2.2
2015-07-06,000001,1499.2,1455.45,1500.25,1393.98,3381527,4660186368.0,7.75,6.16,84.39,2.86
2015-07-07,000001,1432.53,1535.67,1535.67,1385.64,4808312,6808003840.0,10.31,5.51,80.22,4.07
2015-07-08,000001,1448.15,1383.56,1467.95,1383.56,4996697,6762103296.0,5.5,-9.91,-152.11,4.23
2015-07-09,000001,1383.56,1495.04,1513.79,1271.04,4344355,5904698624.0,17.55,8.06,111.48,3.68
2015-07-10,000001,1452.32,1557.55,1609.64,1427.32,4650988,6891581184.0,12.19,4.18,62.51,3.94
2015-07-13,000001,1509.62,1513.79,1560.67,1480.45,3268196,4737400576.0,5.15,-2.81,-43.76,2.77
2015-07-14,000001,1488.79,1454.41,1507.54,1416.9,2580230,3608580672.0,5.99,-3.92,-59.38,2.19
2015-07-15,000001,1432.53,1424.19,1463.78,1405.44,1626423,2225696912.0,4.01,-2.08,-30.22,1.38
2015-07-16,000001,1426.28,1426.28,1442.95,1407.52,1388940,1884221632.0,2.49,0.15,2.09,1.18
2015-07-17,000001,1432.53,1449.2,1461.7,1418.98,1680638,2304999344.0,3.0,1.61,22.92,1.42
2015-07-20,000001,1447.11,1426.28,1447.11,1418.98,1358683,1852316448.0,1.94,-1.58,-22.92,1.15
2015-07-21,000001,1416.9,1423.15,1430.44,1403.36,1131644,1529148272.0,1.9,-0.22,-3.13,0.96
2015-07-22,000001,1414.82,1417.94,1420.02,1399.19,1138091,1528783824.0,1.46,-0.37,-5.21,0.96
2015-07-23,000001,1411.69,1433.57,1441.9,1406.48,1483696,2022035344.0,2.5,1.1,15.63,1.26
2015-07-24,000001,1434.61,1403.36,1436.69,1397.1,1339310,1815658960.0,2.76,-2.11,-30.21,1.13
2015-07-27,000001,1389.81,1305.42,1397.1,1263.75,1787859,2289450160.0,9.5,-6.98,-97.94,1.51
2015-07-28,000001,1279.38,1324.18,1338.76,1275.21,2011201,2509971536.0,4.87,1.44,18.76,1.7
2015-07-29,000001,1322.09,1322.09,1324.18,1299.17,971683,1210759104.0,1.89,-0.16,-2.09,0.82
2015-07-30,000001,1323.13,1286.67,1326.26,1283.54,770279,962337456.0,3.23,-2.68,-35.42,0.65
2015-07-31,000001,1276.25,1297.09,1303.34,1261.66,1202747,1472860288.0,3.24,0.81,10.42,1.02
2015-08-03,000001,1280.42,1345.01,1348.14,1275.21,1405123,1757739728.0,5.62,3.69,47.92,1.19
2015-08-04,000001,1339.8,1349.18,1362.72,1321.05,774938,988843504.0,3.1,0.31,4.17,0.66
2015-08-05,000001,1342.93,1321.05,1358.56,1318.97,551802,704539360.0,2.93,-2.08,-28.13,0.47
2015-08-06,000001,1311.67,1314.8,1335.64,1304.38,450218,567208512.0,2.37,-0.47,-6.25,0.38
2015-08-07,000001,1323.13,1323.13,1334.59,1315.84,622010,785501392.0,1.43,0.63,8.33,0.53
2015-08-10,000001,1328.34,1355.43,1362.72,1316.88,1053112,1346325152.0,3.46,2.44,32.3,0.89
2015-08-11,000001,1354.39,1347.1,1358.56,1341.89,828493,1065323952.0,1.23,-0.61,-8.33,0.7
2015-08-12,000001,1331.47,1318.97,1339.8,1317.92,686822,869580816.0,1.62,-2.09,-28.13,0.58
2015-08-13,000001,1312.72,1318.97,1329.38,1303.34,606344,760265712.0,1.97,0.0,0.0,0.51
2015-08-14,000001,1331.47,1326.26,1337.72,1320.01,823789,1043762736.0,1.34,0.55,7.29,0.7
2015-08-17,000001,1323.13,1315.84,1331.47,1306.46,679643,852588992.0,1.89,-0.79,-10.42,0.58
2015-08-18,000001,1311.67,1287.71,1336.68,1254.37,1176324,1459671040.0,6.26,-2.14,-28.13,1.0
2015-08-19,000001,1270.0,1283.54,1283.54,1249.16,958894,1157078544.0,2.67,-0.32,-4.17,0.81
2015-08-20,000001,1277.29,1264.79,1277.29,1249.16,677634,815652768.0,2.19,-1.46,-18.75,0.57
2015-08-21,000001,1249.16,1207.49,1258.54,1203.32,933368,1095668272.0,4.37,-4.53,-57.3,0.79
2015-08-24,000001,1165.82,1087.68,1173.11,1087.68,1518030,1601529040.0,7.08,-9.92,-119.81,1.29
2015-08-25,000001,1035.58,994.95,1087.68,980.37,2192334,2122788592.0,9.87,-8.53,-92.73,1.86
2015-08-26,000001,1009.54,1041.84,1075.17,978.28,2491920,2460482144.0,9.74,4.71,46.89,2.11
2015-08-27,000001,1067.88,1134.56,1144.98,1036.63,1849236,1912163264.0,10.4,8.9,92.72,1.57
2015-08-28,000001,1143.94,1137.69,1164.77,1108.51,1608030,1728745632.0,4.96,0.28,3.13,1.36
2015-08-31,000001,1125.18,1162.69,1162.69,1101.22,1464297,1578261440.0,5.4,2.2,25.0,1.24
2015-09-01,000001,1144.98,1214.78,1218.95,1114.76,2657661,3003860704.0,8.96,4.48,52.09,2.25
2015-09-02,000001,1174.15,1242.91,1259.58,1161.65,2815747,3273803296.0,8.06,2.32,28.13,2.39
2015-09-07,000001,1212.7,1143.94,1213.74,1143.94,1376111,1544055072.0,5.62,-7.96,-98.97,1.17
2015-09-08,000001,1142.89,1155.4,1171.02,1112.68,747292,815241856.0,5.1,1.0,11.46,0.63
2015-09-09,000001,1158.52,1165.82,1175.19,1142.89,851074,940582960.0,2.8,0.9,10.42,0.72
2015-09-10,000001,1155.4,1160.61,1174.15,1149.15,465206,514578384.0,2.14,-0.45,-5.21,0.39
2015-09-11,000001,1157.48,1151.23,1167.9,1142.89,426451,469297504.0,2.15,-0.81,-9.38,0.36
2015-09-14,000001,1154.35,1141.85,1155.4,1098.1,756453,813927120.0,4.98,-0.81,-9.38,0.64
2015-09-15,000001,1123.1,1110.6,1139.77,1103.3,542839,579042240.0,3.19,-2.74,-31.25,0.46
2015-09-16,000001,1112.68,1144.98,1163.73,1105.39,569244,612767024.0,5.25,3.1,34.38,0.48
2015-09-17,000001,1139.77,1131.43,1169.98,1131.43,620799,682338192.0,3.37,-1.18,-13.55,0.53
2015-09-18,000001,1138.73,1135.6,1151.23,1127.27,318273,345063776.0,2.12,0.37,4.17,0.27
2015-09-21,000001,1124.14,1136.64,1143.94,1118.93,386111,416851088.0,2.2,0.09,1.04,0.33
2015-09-22,000001,1137.69,1151.23,1161.65,1136.64,492956,541007296.0,2.2,1.28,14.59,0.42
2015-09-23,000001,1140.81,1124.14,1146.02,1122.06,371151,399583552.0,2.08,-2.35,-27.09,0.31
2015-09-24,000001,1130.39,1125.18,1135.6,1121.02,258633,277274192.0,1.3,0.09,1.04,0.22
2015-09-25,000001,1123.1,1108.51,1125.18,1098.1,446421,471537648.0,2.41,-1.48,-16.67,0.38
2015-09-28,000001,1109.56,1106.43,1112.68,1096.01,199087,209186171.0,1.5,-0.19,-2.08,0.17
2015-09-29,000001,1098.1,1090.8,1109.56,1084.55,333604,347612304.0,2.26,-1.41,-15.63,0.28
2015-09-30,000001,1092.89,1102.26,1112.68,1091.84,364660,383230176.0,1.91,1.05,11.46,0.31
2015-10-08,000001,1139.77,1124.14,1143.94,1124.14,494071,533806128.0,1.8,1.99,21.88,0.42
2015-10-09,000001,1129.35,1144.98,1150.19,1126.23,474612,516310496.0,2.13,1.85,20.84,0.4
2015-10-12,000001,1151.23,1179.36,1194.99,1146.02,849665,950602304.0,4.28,3.0,34.38,0.72
2015-10-13,000001,1176.23,1168.94,1182.48,1164.77,359798,401600928.0,1.5,-0.88,-10.42,0.3
2015-10-14,000001,1159.56,1153.31,1171.02,1149.15,418981,462963472.0,1.87,-1.34,-15.63,0.35
2015-10-15,000001,1150.19,1173.11,1173.11,1149.15,485901,539103664.0,2.08,1.72,19.8,0.41
2015-10-16,000001,1177.28,1179.36,1186.65,1172.07,570001,640488896.0,1.24,0.53,6.25,0.48
2015-10-19,000001,1183.53,1182.48,1191.86,1171.02,723372,814910976.0,1.77,0.26,3.12,0.61
2015-10-20,000001,1176.23,1188.74,1194.99,1175.19,715163,807642384.0,1.67,0.53,6.26,0.61
2015-10-21,000001,1185.61,1178.32,1233.53,1174.15,1332629,1523591984.0,5.0,-0.88,-10.42,1.13
2015-10-22,000001,1181.44,1189.78,1197.07,1174.15,822806,928960032.0,1.95,0.97,11.46,0.7
2015-10-23,000001,1196.03,1204.36,1210.61,1190.82,937425,1073981536.0,1.66,1.23,14.58,0.79
2015-10-26,000001,1217.91,1209.57,1239.79,1201.24,1085918,1260872032.0,3.2,0.43,5.21,0.92
2015-10-27,000001,1207.49,1205.41,1222.07,1190.82,580436,664648832.0,2.58,-0.34,-4.16,0.49
2015-10-28,000001,1203.32,1183.53,1205.41,1181.44,544811,619790800.0,1.99,-1.82,-21.88,0.46
2015-10-29,000001,1186.65,1183.53,1192.9,1181.44,316704,357830448.0,0.97,0.0,0.0,0.27
2015-10-30,000001,1186.65,1192.9,1199.15,1183.53,535931,607980992.0,1.32,0.79,9.37,0.45
2015-11-02,000001,1183.53,1169.98,1188.74,1165.82,484436,544000192.0,1.92,-1.92,-22.92,0.41
2015-11-03,000001,1171.02,1160.61,1177.28,1156.44,391265,434818768.0,1.78,-0.8,-9.37,0.33
2015-11-04,000001,1163.73,1227.28,1228.33,1160.61,1307244,1493255536.0,5.83,5.74,66.67,1.11
2015-11-05,000001,1217.91,1266.87,1318.97,1212.7,2292190,2780266752.0,8.66,3.23,39.59,1.94
2015-11-06,000001,1261.66,1300.21,1302.3,1251.25,1463195,1781331280.0,4.03,2.63,33.34,1.24
2015-11-09,000001,1311.67,1357.51,1403.36,1307.51,2413888,3137641552.0,7.37,4.41,57.3,2.04
2015-11-10,000001,1342.93,1337.72,1371.06,1323.13,1125028,1438707536.0,3.53,-1.46,-19.79,0.95
2015-11-11,000001,1332.51,1316.88,1340.84,1299.17,1021735,1280174416.0,3.12,-1.56,-20.84,0.87
2015-11-12,000001,1322.09,1301.25,1327.3,1288.75,671140,833753296.0,2.93,-1.19,-15.63,0.57
2015-11-13,000001,1282.5,1284.59,1309.59,1279.38,587555,722252992.0,2.32,-1.28,-16.66,0.5
2015-11-16,000001,1273.12,1295.0,1300.21,1268.96,559849,685977376.0,2.43,0.81,10.41,0.47
2015-11-17,000001,1302.3,1311.67,1332.51,1297.09,1046487,1315319792.0,2.74,1.29,16.67,0.89
2015-11-18,000001,1307.51,1303.34,1332.51,1291.88,793705,991513840.0,3.1,-0.64,-8.33,0.67
2015-11-19,000001,1301.25,1311.67,1312.72,1293.96,471121,585570976.0,1.44,0.64,8.33,0.4
2015-11-20,000001,1311.67,1316.88,1321.05,1303.34,598036,747487168.0,1.35,0.4,5.21,0.51
2015-11-23,000001,1316.88,1306.46,1322.09,1299.17,607975,760493344.0,1.74,-0.79,-10.42,0.52
2015-11-24,000001,1302.3,1288.75,1306.46,1276.25,664215,812675936.0,2.31,-1.36,-17.71,0.56
2015-11-25,000001,1281.46,1292.92,1298.13,1277.29,513463,629507056.0,1.62,0.32,4.17,0.43
2015-11-26,000001,1297.09,1283.54,1299.17,1280.42,552210,679692128.0,1.45,-0.73,-9.38,0.47
2015-11-27,000001,1278.33,1231.45,1280.42,1210.61,728026,867702432.0,5.44,-4.06,-52.09,0.62
2015-11-30,000001,1230.41,1232.49,1246.04,1207.49,658494,770221392.0,3.13,0.08,1.04,0.56
2015-12-01,000001,1228.33,1233.53,1245.0,1208.53,680254,793118208.0,2.96,0.08,1.04,0.58
2015-12-02,000001,1228.33,1312.72,1326.26,1224.16,1615761,1978750512.0,8.28,6.42,79.19,1.37
2015-12-03,000001,1300.21,1306.46,1337.72,1285.63,1425977,1786008976.0,3.97,-0.48,-6.26,1.21
2015-12-04,000001,1291.88,1272.08,1299.17,1267.92,764532,934906576.0,2.39,-2.63,-34.38,0.65
2015-12-07,000001,1278.33,1275.21,1285.63,1263.75,402793,488370704.0,1.72,0.25,3.13,0.34
2015-12-08,000001,1266.87,1255.41,1268.96,1249.16,503102,602568624.0,1.55,-1.55,-19.8,0.43
2015-12-09,000001,1251.25,1258.54,1272.08,1249.16,429384,515596480.0,1.83,0.25,3.13,0.36
2015-12-10,000001,1254.37,1255.41,1274.17,1250.2,417604,502326080.0,1.9,-0.25,-3.13,0.35
2015-12-11,000001,1250.2,1241.87,1251.25,1231.45,379508,448800944.0,1.58,-1.08,-13.54,0.32
2015-12-14,000001,1231.45,1266.87,1271.04,1229.37,587237,698791984.0,3.36,2.01,25.0,0.5
2015-12-15,000001,1262.71,1251.25,1268.96,1245.0,364487,436557696.0,1.89,-1.23,-15.62,0.31
2015-12-16,000001,1257.5,1248.12,1260.62,1247.08,392763,468510256.0,1.08,-0.25,-3.13,0.33
2015-12-17,000001,1256.46,1266.87,1274.17,1255.41,648275,780891808.0,1.5,1.5,18.75,0.55
2015-12-18,000001,1262.71,1283.54,1316.88,1261.66,1022945,1257360352.0,4.36,1.32,16.67,0.87
2015-12-21,000001,1274.17,1312.72,1334.59,1271.04,1281142,1595741312.0,4.95,2.27,29.18,1.09
2015-12-22,000001,1311.67,1304.38,1324.18,1299.17,698091,870121728.0,1.91,-0.64,-8.34,0.59
2015-12-23,000001,1308.55,1309.59,1340.84,1301.25,1039018,1302341536.0,3.04,0.4,5.21,0.88
2015-12-24,000001,1307.51,1295.0,1317.92,1284.59,640230,791975824.0,2.55,-1.11,-14.59,0.54
2015-12-25,000001,1299.17,1302.3,1308.55,1293.96,399845,495638048.0,1.13,0.56,7.3,0.34
2015-12-28,000001,1304.38,1257.5,1307.51,1257.5,822409,1003010208.0,3.84,-3.44,-44.8,0.7
2015-12-29,000001,1258.54,1268.96,1270.0,1256.46,619802,744718416.0,1.08,0.91,11.46,0.53
2015-12-30,000001,1268.96,1270.0,1271.04,1254.37,532667,641277264.0,1.31,0.08,1.04,0.45
2015-12-31,000001,1270.0,1258.54,1273.12,1257.5,491259,591643584.0,1.23,-0.9,-11.46,0.42
2016-01-04,000001,1259.58,1189.78,1262.71,1179.36,563498,660376160.0,6.62,-5.46,-68.76,0.48
2016-01-05,000001,1183.53,1197.07,1214.78,1171.02,663270,755531360.0,3.68,0.61,7.29,0.56
2016-01-06,000001,1199.15,1210.61,1213.74,1196.03,515706,591698528.0,1.48,1.13,13.54,0.44
2016-01-07,000001,1198.11,1149.15,1198.11,1146.02,174761,194869493.0,4.3,-5.08,-61.46,0.15
2016-01-08,000001,1177.28,1167.9,1185.61,1144.98,747528,831334544.0,3.54,1.63,18.75,0.63
2016-01-11,000001,1155.4,1130.39,1163.73,1122.06,732014,800683648.0,3.57,-3.21,-37.51,0.62
2016-01-12,000001,1137.69,1135.6,1146.02,1117.89,561642,605970832.0,2.49,0.46,5.21,0.48
2016-01-13,000001,1143.94,1125.18,1149.15,1124.14,391709,424371696.0,2.2,-0.92,-10.42,0.33
2016-01-14,000001,1112.68,1131.43,1134.56,1101.22,666315,708535008.0,2.96,0.56,6.25,0.56
2016-01-15,000001,1119.97,1099.14,1134.56,1094.97,448202,474908144.0,3.5,-2.85,-32.29,0.38
2016-01-18,000001,1086.64,1093.93,1109.56,1082.47,421041,439917824.0,2.46,-0.47,-5.21,0.36
2016-01-19,000001,1098.1,1125.18,1132.48,1093.93,501109,532074704.0,3.52,2.86,31.25,0.42
2016-01-20,000001,1124.14,1107.47,1134.56,1097.05,603753,640968944.0,3.33,-1.57,-17.71,0.51
2016-01-21,000001,1101.22,1084.55,1129.35,1084.55,606145,638127872.0,4.05,-2.07,-22.92,0.51
2016-01-22,000001,1092.89,1092.89,1098.1,1074.13,466752,482984448.0,2.21,0.77,8.34,0.4
2016-01-25,000001,1092.89,1089.76,1097.05,1085.59,376432,390734880.0,1.05,-0.29,-3.13,0.32
2016-01-26,000001,1084.55,1037.67,1084.55,1036.63,647901,653561600.0,4.4,-4.78,-52.09,0.55
2016-01-27,000001,1043.92,1038.71,1049.13,1009.54,569037,558510640.0,3.82,0.1,1.04,0.48
2016-01-28,000001,1032.46,1018.92,1039.75,1014.75,302541,296055312.0,2.41,-1.91,-19.79,0.26
2016-01-29,000001,1024.12,1051.21,1059.55,1018.92,544436,540544464.0,3.99,3.17,32.29,0.46
2016-02-01,000001,1049.13,1030.38,1052.25,1024.12,417732,412635648.0,2.68,-1.98,-20.83,0.35
2016-02-02,000001,1030.38,1046.0,1054.34,1028.29,369104,367360496.0,2.53,1.52,15.62,0.31
2016-02-03,000001,1035.58,1035.58,1039.75,1027.25,274572,269997840.0,1.2,-1.0,-10.42,0.23
2016-02-04,000001,1039.75,1046.0,1051.21,1038.71,373099,370586192.0,1.21,1.01,10.42,0.32
2016-02-05,000001,1047.05,1042.88,1048.09,1041.84,270893,269184384.0,0.6,-0.3,-3.12,0.23
2016-02-15,000001,1015.79,1029.33,1035.58,1014.75,278499,271173376.0,2.0,-1.3,-13.55,0.24
2016-02-16,000001,1034.54,1052.25,1054.34,1033.5,428386,427507776.0,2.02,2.23,22.92,0.36
2016-02-17,000001,1054.34,1066.84,1074.13,1050.17,585167,590538912.0,2.28,1.39,14.59,0.5
2016-02-18,000001,1069.97,1060.59,1074.13,1060.59,406178,412337568.0,1.27,-0.59,-6.25,0.34
2016-02-19,000001,1060.59,1055.38,1065.8,1050.17,318898,320939648.0,1.47,-0.49,-5.21,0.27
2016-02-22,000001,1064.76,1081.43,1083.51,1057.46,617739,630251520.0,2.47,2.47,26.05,0.52
2016-02-23,000001,1081.43,1063.71,1081.43,1056.42,425874,432315312.0,2.31,-1.64,-17.72,0.36
2016-02-24,000001,1057.46,1066.84,1066.84,1052.25,300104,302498032.0,1.37,0.29,3.13,0.25
2016-02-25,000001,1063.71,1016.83,1064.76,1009.54,622073,615004736.0,5.18,-4.69,-50.01,0.53
2016-02-26,000001,1027.25,1029.33,1033.5,1015.79,392154,382634656.0,1.74,1.23,12.5,0.33
2016-02-29,000001,1029.33,1005.37,1031.42,990.79,566896,542183968.0,3.95,-2.33,-23.96,0.48
2016-03-01,000001,1011.62,1019.96,1027.25,1007.46,377911,365149008.0,1.97,1.45,14.59,0.32
2016-03-02,000001,1025.17,1061.63,1064.76,1022.04,676614,673626224.0,4.19,4.09,41.67,0.57
2016-03-03,000001,1060.59,1062.67,1069.97,1055.38,553089,559045200.0,1.37,0.1,1.04,0.47
2016-03-04,000001,1060.59,1092.89,1103.3,1058.51,1381249,1429273056.0,4.21,2.84,30.22,1.17
2016-03-07,000001,1087.68,1086.64,1102.26,1082.47,606353,630155600.0,1.81,-0.57,-6.25,0.51
2016-03-08,000001,1088.72,1080.38,1088.72,1044.96,643156,650471600.0,4.03,-0.58,-6.26,0.54
2016-03-09,000001,1065.8,1068.92,1074.13,1055.38,325901,330124896.0,1.74,-1.06,-11.46,0.28
2016-03-10,000001,1076.22,1066.84,1087.68,1064.76,474020,486414240.0,2.14,-0.19,-2.08,0.4
2016-03-11,000001,1061.63,1067.88,1074.13,1055.38,383737,389638928.0,1.76,0.1,1.04,0.33
2016-03-14,000001,1073.09,1078.3,1099.14,1073.09,655158,679161312.0,2.44,0.98,10.42,0.56
2016-03-15,000001,1080.38,1084.55,1088.72,1067.88,417920,428786688.0,1.93,0.58,6.25,0.35
2016-03-16,000001,1079.34,1087.68,1098.1,1077.26,664886,690087712.0,1.92,0.29,3.13,0.56
2016-03-17,000001,1088.72,1094.97,1101.22,1082.47,610996,635181312.0,1.72,0.67,7.29,0.52
2016-03-18,000001,1094.97,1107.47,1110.6,1092.89,797216,836565552.0,1.62,1.14,12.5,0.68
2016-03-21,000001,1108.51,1134.56,1140.81,1108.51,920433,987764464.0,2.92,2.45,27.09,0.78
2016-03-22,000001,1131.43,1126.23,1149.15,1123.1,625482,675406608.0,2.3,-0.73,-8.33,0.53
2016-03-23,000001,1125.18,1124.14,1131.43,1114.76,430278,458963280.0,1.48,-0.19,-2.09,0.36
2016-03-24,000001,1114.76,1105.39,1116.85,1103.3,372406,393411552.0,1.21,-1.67,-18.75,0.32
2016-03-25,000001,1104.35,1112.68,1113.72,1103.3,237070,250338489.0,0.94,0.66,7.29,0.2
2016-03-28,000001,1115.81,1101.22,1118.93,1098.1,358621,378973328.0,1.87,-1.03,-11.46,0.3
2016-03-29,000001,1104.35,1096.01,1105.39,1090.8,318318,332422400.0,1.32,-0.47,-5.21,0.27
2016-03-30,000001,1101.22,1124.14,1124.14,1100.18,539700,572627424.0,2.19,2.57,28.13,0.46
2016-03-31,000001,1125.18,1117.89,1129.35,1117.89,418388,447266288.0,1.02,-0.56,-6.25,0.35
2016-04-01,000001,1115.81,1119.97,1123.1,1103.3,369342,391830400.0,1.77,0.19,2.08,0.31
2016-04-05,000001,1115.81,1124.14,1135.6,1103.3,592309,632378864.0,2.88,0.37,4.17,0.5
2016-04-06,000001,1122.06,1126.23,1129.35,1114.76,435260,464962432.0,1.3,0.19,2.09,0.37
2016-04-07,000001,1126.23,1112.68,1127.27,1112.68,377720,401949056.0,1.3,-1.2,-13.55,0.32
2016-04-08,000001,1108.51,1110.6,1121.02,1103.3,376554,397998240.0,1.59,-0.19,-2.08,0.32
2016-04-11,000001,1113.72,1126.23,1134.56,1113.72,786386,840486352.0,1.88,1.41,15.63,0.67
2016-04-12,000001,1124.14,1121.02,1125.18,1115.81,298600,318538000.0,0.83,-0.46,-5.21,0.25
2016-04-13,000001,1127.27,1135.6,1152.27,1125.18,856760,929858592.0,2.42,1.3,14.58,0.73
2016-04-14,000001,1142.89,1138.73,1144.98,1133.52,323646,350702736.0,1.01,0.28,3.13,0.27
2016-04-15,000001,1138.73,1142.89,1149.15,1134.56,497224,541052864.0,1.28,0.37,4.16,0.42
2016-04-18,000001,1136.64,1127.27,1139.77,1127.27,350654,377791440.0,1.09,-1.37,-15.62,0.3
2016-04-19,000001,1131.43,1131.43,1135.6,1125.18,218240,234479844.0,0.92,0.37,4.16,0.18
2016-04-20,000001,1131.43,1105.39,1132.48,1088.72,606586,640149680.0,3.87,-2.3,-26.04,0.51
2016-04-21,000001,1105.39,1104.35,1116.85,1098.1,558799,588731552.0,1.7,-0.09,-1.04,0.47
2016-04-22,000001,1099.14,1108.51,1115.81,1093.93,359677,379176144.0,1.98,0.38,4.16,0.3
2016-04-25,000001,1109.56,1103.3,1109.56,1094.97,349258,366533376.0,1.32,-0.47,-5.21,0.3
2016-04-26,000001,1101.22,1112.68,1113.72,1099.14,291699,306962512.0,1.32,0.85,9.38,0.25
2016-04-27,000001,1111.64,1110.6,1114.76,1105.39,239554,253308584.0,0.84,-0.19,-2.08,0.2
2016-04-28,000001,1111.64,1119.97,1130.39,1107.47,457460,487261216.0,2.06,0.84,9.37,0.39
2016-04-29,000001,1117.89,1110.6,1117.89,1108.51,404978,428582160.0,0.84,-0.84,-9.37,0.34
2016-05-03,000001,1111.64,1122.06,1126.23,1105.39,489102,521137504.0,1.88,1.03,11.46,0.41
2016-05-04,000001,1122.06,1126.23,1129.35,1119.97,412436,441848160.0,0.84,0.37,4.17,0.35
2016-05-05,000001,1123.1,1126.23,1126.23,1118.93,239517,256002095.0,0.65,0.0,0.0,0.2
2016-05-06,000001,1127.27,1105.39,1127.27,1105.39,346545,367408592.0,1.94,-1.85,-20.84,0.29
2016-05-09,000001,1103.3,1087.68,1106.43,1084.55,411171,428356624.0,1.98,-1.6,-17.71,0.35
2016-05-10,000001,1086.64,1080.38,1089.76,1079.34,292600,301767200.0,0.96,-0.67,-7.3,0.25
2016-05-11,000001,1082.47,1089.76,1097.05,1082.47,327290,339005280.0,1.35,0.87,9.38,0.28
2016-05-12,000001,1083.51,1090.8,1092.89,1077.26,325886,336792704.0,1.43,0.1,1.04,0.28
2016-05-13,000001,1087.68,1087.68,1092.89,1085.59,184266,191007255.0,0.67,-0.29,-3.12,0.16
2016-05-16,000001,1084.55,1088.72,1088.72,1077.26,215225,221931208.0,1.05,0.1,1.04,0.18
2016-05-17,000001,1088.72,1082.47,1089.76,1076.22,250424,257859628.0,1.24,-0.57,-6.25,0.21
2016-05-18,000001,1081.43,1082.47,1084.55,1068.92,534151,547076640.0,1.44,0.0,0.0,0.45
2016-05-19,000001,1079.34,1077.26,1084.55,1077.26,170778,175591500.0,0.67,-0.48,-5.21,0.14
2016-05-20,000001,1076.22,1082.47,1085.59,1071.01,206704,212277642.0,1.35,0.48,5.21,0.18
2016-05-23,000001,1085.59,1080.38,1086.64,1077.26,323647,333300176.0,0.87,-0.19,-2.09,0.27
2016-05-24,000001,1079.34,1073.09,1080.38,1071.01,259294,265042286.0,0.87,-0.67,-7.29,0.21
2016-05-25,000001,1077.26,1075.17,1080.38,1071.01,204235,209019882.0,0.87,0.19,2.08,0.17
2016-05-26,000001,1074.13,1074.13,1079.34,1068.92,261397,266736775.0,0.97,-0.1,-1.04,0.21
2016-05-27,000001,1074.13,1079.34,1081.43,1071.01,222819,228377555.0,0.97,0.49,5.21,0.18
2016-05-30,000001,1077.26,1080.38,1080.38,1072.05,380947,390119744.0,0.77,0.1,1.04,0.31
2016-05-31,000001,1078.3,1108.51,1110.6,1078.3,946467,991668176.0,2.99,2.6,28.13,0.78
2016-06-01,000001,1104.35,1101.22,1108.51,1097.05,556751,584161152.0,1.03,-0.66,-7.29,0.46
2016-06-02,000001,1100.18,1099.14,1101.22,1094.97,293036,306269376.0,0.57,-0.19,-2.08,0.24
2016-06-03,000001,1100.18,1103.3,1105.39,1093.93,423389,443039584.0,1.04,0.38,4.16,0.35
2016-06-06,000001,1104.35,1104.35,1106.43,1098.1,338332,354998368.0,0.76,0.1,1.05,0.28
2016-06-07,000001,1105.39,1105.39,1106.43,1101.22,229282,240887148.0,0.47,0.09,1.04,0.19
2016-06-08,000001,1107.47,1103.3,1107.47,1099.14,268188,281651744.0,0.75,-0.19,-2.09,0.22
2016-06-13,000001,1099.14,1085.59,1100.18,1085.59,344817,358996272.0,1.32,-1.61,-17.71,0.28
2016-06-14,000001,1086.64,1092.89,1093.93,1084.55,273637,283578304.0,0.86,0.67,7.3,0.22
2016-06-15,000001,1085.59,1097.05,1101.22,1084.55,378172,394033680.0,1.53,0.38,4.16,0.31
2016-06-16,000001,1096.74,1096.74,1100.49,1091.74,386670,331192448.0,0.8,-0.03,-0.31,0.26
2016-06-17,000001,1096.74,1097.99,1101.74,1092.99,315173,270236704.0,0.8,0.11,1.25,0.22
2016-06-20,000001,1099.24,1100.49,1100.49,1095.49,270732,232205297.0,0.46,0.23,2.5,0.19
2016-06-21,000001,1101.74,1101.74,1106.74,1097.99,380750,327940704.0,0.8,0.11,1.25,0.26
2016-06-22,000001,1100.49,1116.74,1116.74,1097.99,478002,413947376.0,1.7,1.36,15.0,0.33
2016-06-23,000001,1109.24,1107.99,1112.99,1104.24,335614,290490400.0,0.78,-0.78,-8.75,0.23
2016-06-24,000001,1105.49,1096.74,1112.99,1090.49,427664,367771056.0,2.03,-1.02,-11.25,0.29
2016-06-27,000001,1096.74,1101.74,1105.49,1092.99,325214,280044080.0,1.14,0.46,5.0,0.22
2016-06-28,000001,1097.99,1104.24,1105.49,1095.49,336519,289122208.0,0.91,0.23,2.5,0.23
2016-06-29,000001,1104.24,1111.74,1111.74,1102.99,369612,319908688.0,0.79,0.68,7.5,0.25
2016-06-30,000001,1111.74,1112.99,1117.99,1107.99,362205,315051856.0,0.9,0.11,1.25,0.25
2016-07-01,000001,1111.74,1114.24,1116.74,1110.49,348930,303652368.0,0.56,0.11,1.25,0.24
2016-07-04,000001,1111.74,1126.75,1133.0,1109.24,608257,534656912.0,2.13,1.12,12.51,0.42
2016-07-05,000001,1125.5,1126.75,1129.25,1121.75,422037,371422816.0,0.67,0.0,0.0,0.29
2016-07-06,000001,1125.5,1124.25,1128.0,1120.5,322950,283827376.0,0.67,-0.22,-2.5,0.22
2016-07-07,000001,1124.25,1123.0,1125.5,1117.99,312853,274337184.0,0.67,-0.11,-1.25,0.21
2016-07-08,000001,1124.25,1117.99,1124.25,1116.74,261342,228778674.0,0.67,-0.45,-5.01,0.18
2016-07-11,000001,1119.24,1119.24,1124.25,1117.99,365373,320333760.0,0.56,0.11,1.25,0.25
2016-07-12,000001,1119.24,1135.5,1136.75,1117.99,711832,627505584.0,1.68,1.45,16.26,0.49
2016-07-13,000001,1135.5,1149.25,1156.75,1133.0,798289,716797024.0,2.09,1.21,13.75,0.55
2016-07-14,000001,1146.75,1143.0,1150.5,1139.25,359699,321889344.0,0.98,-0.54,-6.25,0.25
2016-07-15,000001,1144.25,1149.25,1150.5,1139.25,352034,315555248.0,0.98,0.55,6.25,0.24
2016-07-18,000001,1149.25,1155.5,1160.5,1146.75,506935,457358032.0,1.2,0.54,6.25,0.35
2016-07-19,000001,1155.5,1146.75,1156.75,1144.25,362788,326046528.0,1.08,-0.76,-8.75,0.25
2016-07-20,000001,1145.5,1145.5,1149.25,1144.25,310926,278737200.0,0.44,-0.11,-1.25,0.21
2016-07-21,000001,1144.25,1149.25,1151.75,1144.25,340261,305710336.0,0.65,0.33,3.75,0.23
2016-07-22,000001,1149.25,1143.0,1149.25,1140.5,295550,264379250.0,0.76,-0.54,-6.25,0.2
2016-07-25,000001,1141.75,1148.0,1148.0,1139.25,264683,236937494.0,0.77,0.44,5.0,0.18
2016-07-26,000001,1146.75,1164.25,1165.5,1146.75,546557,494506416.0,1.63,1.42,16.25,0.37
2016-07-27,000001,1165.5,1151.75,1171.75,1139.25,818678,741263296.0,2.79,-1.07,-12.5,0.56
2016-07-28,000001,1148.0,1160.5,1164.25,1146.75,479910,434490544.0,1.52,0.76,8.75,0.33
2016-07-29,000001,1160.5,1175.5,1180.51,1154.25,671425,614972672.0,2.26,1.29,15.0,0.46
2016-08-01,000001,1173.0,1185.51,1193.01,1171.75,759324,702466624.0,1.81,0.85,10.01,0.52
2016-08-02,000001,1180.51,1181.76,1183.01,1171.75,449165,413484592.0,0.95,-0.32,-3.75,0.31
2016-08-03,000001,1176.75,1173.0,1178.0,1169.25,424622,389817536.0,0.74,-0.74,-8.76,0.29
2016-08-04,000001,1171.75,1149.25,1173.0,1141.75,1344462,1210346976.0,2.66,-2.02,-23.75,0.92
2016-08-05,000001,1149.25,1155.5,1159.25,1144.25,725948,654998096.0,1.31,0.54,6.25,0.5
2016-08-08,000001,1155.5,1164.25,1164.25,1151.75,398479,361191040.0,1.08,0.76,8.75,0.27
2016-08-09,000001,1161.75,1169.25,1169.25,1159.25,415676,378720688.0,0.86,0.43,5.0,0.28
2016-08-10,000001,1169.25,1168.0,1173.0,1165.5,436655,399656992.0,0.64,-0.11,-1.25,0.3
2016-08-11,000001,1168.0,1178.0,1194.26,1166.75,935576,866594864.0,2.36,0.86,10.0,0.64
2016-08-12,000001,1175.5,1213.01,1216.76,1173.0,1370022,1282336288.0,3.71,2.97,35.01,0.94
2016-08-15,000001,1219.26,1235.51,1250.52,1214.26,1897552,1835196864.0,2.99,1.85,22.5,1.3
2016-08-16,000001,1235.51,1215.51,1235.51,1208.01,1099559,1050479552.0,2.23,-1.62,-20.0,0.75
2016-08-17,000001,1215.51,1219.26,1225.51,1210.51,560725,534926048.0,1.23,0.31,3.75,0.38
2016-08-18,000001,1220.51,1213.01,1224.26,1204.26,691504,658183952.0,1.64,-0.51,-6.25,0.47
2016-08-19,000001,1211.76,1214.26,1215.51,1204.26,505335,478779728.0,0.93,0.1,1.25,0.35
2016-08-22,000001,1213.01,1200.51,1214.26,1195.51,979433,922426432.0,1.54,-1.13,-13.75,0.67
2016-08-23,000001,1198.01,1200.51,1206.76,1196.76,890657,838185904.0,0.83,0.0,0.0,0.61
2016-08-24,000001,1201.76,1204.26,1204.26,1198.01,732281,688971680.0,0.52,0.31,3.75,0.5
2016-08-25,000001,1203.01,1205.51,1206.76,1193.01,617390,580648480.0,1.14,0.1,1.25,0.42
2016-08-26,000001,1206.76,1206.76,1209.26,1200.51,502234,473688080.0,0.73,0.1,1.25,0.34
2016-08-29,000001,1201.76,1203.01,1206.76,1198.01,565232,532295360.0,0.73,-0.31,-3.75,0.39
2016-08-30,000001,1203.01,1209.26,1209.26,1201.76,595081,561854064.0,0.62,0.52,6.25,0.41
2016-08-31,000001,1208.01,1211.76,1213.01,1204.26,489747,463875760.0,0.72,0.21,2.5,0.33
2016-09-01,000001,1211.76,1206.76,1215.51,1203.01,480131,454848640.0,1.03,-0.41,-5.0,0.33
2016-09-02,000001,1204.26,1206.76,1208.01,1203.01,368796,348054368.0,0.41,0.0,0.0,0.25
2016-09-05,000001,1208.01,1203.01,1208.01,1200.51,469937,443204800.0,0.62,-0.31,-3.75,0.32
2016-09-06,000001,1203.01,1201.76,1204.26,1195.51,574738,539813280.0,0.73,-0.1,-1.25,0.39
2016-09-07,000001,1201.76,1200.51,1203.01,1196.76,459373,431984160.0,0.52,-0.1,-1.25,0.31
2016-09-08,000001,1199.26,1200.51,1203.01,1198.01,295218,277503760.0,0.42,0.0,0.0,0.2
2016-09-09,000001,1200.51,1198.01,1204.26,1195.51,327431,307527264.0,0.73,-0.21,-2.5,0.22
2016-09-12,000001,1186.76,1170.5,1190.51,1166.75,756582,697759184.0,1.98,-2.3,-27.51,0.52
2016-09-13,000001,1173.0,1174.25,1176.75,1168.0,460931,423113840.0,0.75,0.32,3.75,0.32
2016-09-14,000001,1171.75,1158.0,1173.0,1156.75,421481,384081264.0,1.38,-1.38,-16.25,0.29
2016-09-19,000001,1156.75,1165.5,1168.0,1156.75,354349,322575920.0,0.97,0.65,7.5,0.24
2016-09-20,000001,1165.5,1160.5,1165.5,1155.5,436679,396359328.0,0.86,-0.43,-5.0,0.3
2016-09-21,000001,1160.5,1160.5,1163.0,1154.25,405665,367767504.0,0.75,0.0,0.0,0.28
2016-09-22,000001,1163.0,1170.5,1173.0,1161.75,494613,451909024.0,0.97,0.86,10.0,0.34
2016-09-23,000001,1170.5,1169.25,1174.25,1168.0,288799,264699513.0,0.53,-0.11,-1.25,0.2
2016-09-26,000001,1166.75,1155.5,1166.75,1155.5,439482,398771872.0,0.96,-1.18,-13.75,0.3
2016-09-27,000001,1155.5,1158.0,1159.25,1151.75,401324,362769232.0,0.65,0.22,2.5,0.27
2016-09-28,000001,1158.0,1156.75,1158.0,1154.25,271366,245499467.0,0.32,-0.11,-1.25,0.19
2016-09-29,000001,1156.75,1158.0,1160.5,1156.75,303664,275239664.0,0.32,0.11,1.25,0.21
2016-09-30,000001,1158.0,1159.25,1163.0,1156.75,308085,279526480.0,0.54,0.11,1.25,0.21
2016-10-10,000001,1163.0,1165.5,1171.75,1160.5,611382,557122272.0,0.97,0.54,6.25,0.42
2016-10-11,000001,1166.75,1169.25,1169.25,1164.25,363371,331886512.0,0.43,0.32,3.75,0.25
2016-10-12,000001,1168.0,1166.75,1170.5,1165.5,270316,246995531.0,0.43,-0.21,-2.5,0.18
2016-10-13,000001,1160.5,1159.25,1164.25,1156.75,632368,574142480.0,0.64,-0.64,-7.5,0.43
2016-10-14,000001,1158.0,1161.75,1161.75,1155.5,335412,304218672.0,0.54,0.22,2.5,0.23
2016-10-17,000001,1160.5,1156.75,1161.75,1154.25,359223,325582448.0,0.65,-0.43,-5.0,0.25
2016-10-18,000001,1154.25,1161.75,1161.75,1154.25,593737,537784128.0,0.65,0.43,5.0,0.41
2016-10-19,000001,1161.75,1160.5,1164.25,1156.75,482636,438299024.0,0.65,-0.11,-1.25,0.33
2016-10-20,000001,1160.5,1159.25,1161.75,1156.75,342845,310966016.0,0.43,-0.11,-1.25,0.23
2016-10-21,000001,1160.5,1166.75,1166.75,1158.0,683897,621549840.0,0.75,0.65,7.5,0.47
2016-10-24,000001,1166.75,1180.51,1188.01,1165.5,915677,844746080.0,1.93,1.18,13.76,0.63
2016-10-25,000001,1181.76,1176.75,1183.01,1173.0,500753,461542704.0,0.85,-0.32,-3.76,0.34
2016-10-26,000001,1178.0,1169.25,1178.0,1166.75,440452,403750816.0,0.96,-0.64,-7.5,0.3
2016-10-27,000001,1170.5,1170.5,1171.75,1165.5,324141,296216912.0,0.53,0.11,1.25,0.22
2016-10-28,000001,1170.5,1171.75,1179.25,1168.0,541998,497615056.0,0.96,0.11,1.25,0.37
2016-10-31,000001,1169.25,1169.25,1170.5,1161.75,493597,450148880.0,0.75,-0.21,-2.5,0.34
2016-11-01,000001,1168.0,1168.0,1170.5,1164.25,525416,480117536.0,0.53,-0.11,-1.25,0.36
2016-11-02,000001,1168.0,1159.25,1168.0,1156.75,633586,576083792.0,0.96,-0.75,-8.75,0.43
2016-11-03,000001,1158.0,1166.75,1168.0,1156.75,616871,561464944.0,0.97,0.65,7.5,0.42
2016-11-04,000001,1164.25,1164.25,1171.75,1163.0,508118,463831936.0,0.75,-0.21,-2.5,0.35
2016-11-07,000001,1163.0,1165.5,1165.5,1159.25,497240,452447936.0,0.54,0.11,1.25,0.34
2016-11-08,000001,1165.5,1169.25,1169.25,1163.0,806695,736747216.0,0.54,0.32,3.75,0.55
2016-11-09,000001,1168.0,1159.25,1168.0,1151.75,722617,656061968.0,1.39,-0.86,-10.0,0.49
2016-11-10,000001,1163.0,1168.0,1170.5,1163.0,631999,576898448.0,0.65,0.75,8.75,0.43
2016-11-11,000001,1168.0,1173.0,1173.0,1164.25,812270,742969904.0,0.75,0.43,5.0,0.56
2016-11-14,000001,1170.5,1178.0,1181.76,1170.5,975079,898058352.0,0.96,0.43,5.0,0.67
2016-11-15,000001,1175.5,1179.25,1180.51,1173.0,554343,510596176.0,0.64,0.11,1.25,0.38
2016-11-16,000001,1179.25,1179.25,1180.51,1175.5,415842,383425744.0,0.42,0.0,0.0,0.28
2016-11-17,000001,1178.0,1176.75,1178.0,1173.0,505324,464611136.0,0.42,-0.21,-2.5,0.35
2016-11-18,000001,1176.75,1173.0,1176.75,1170.5,517597,475289968.0,0.53,-0.32,-3.75,0.35
2016-11-21,000001,1173.0,1180.51,1185.51,1171.75,850243,785475680.0,1.17,0.64,7.51,0.58
2016-11-22,000001,1180.51,1195.51,1195.51,1179.25,1180257,1097408720.0,1.38,1.27,15.0,0.81
2016-11-23,000001,1193.01,1206.76,1220.51,1193.01,1752869,1660465712.0,2.3,0.94,11.25,1.2
2016-11-24,000001,1205.51,1209.26,1215.51,1203.01,779749,738580576.0,1.04,0.21,2.5,0.53
2016-11-25,000001,1210.51,1228.01,1228.01,1208.01,1013675,968127760.0,1.65,1.55,18.75,0.69
2016-11-28,000001,1236.76,1229.26,1248.02,1225.51,1279689,1240686240.0,1.83,0.1,1.25,0.87
2016-11-29,000001,1224.26,1228.01,1238.01,1219.26,887779,854308656.0,1.53,-0.1,-1.25,0.61
2016-11-30,000001,1231.76,1219.26,1240.52,1213.01,1025963,985758448.0,2.24,-0.71,-8.75,0.7
2016-12-01,000001,1221.76,1225.51,1229.26,1219.26,646004,619633744.0,0.82,0.51,6.25,0.44
2016-12-02,000001,1225.51,1219.26,1225.51,1205.51,829687,790044448.0,1.63,-0.51,-6.25,0.57
2016-12-05,000001,1213.01,1208.01,1218.01,1201.76,764366,723222048.0,1.33,-0.92,-11.25,0.52
2016-12-06,000001,1210.51,1211.76,1215.51,1206.76,602903,571585184.0,0.72,0.31,3.75,0.41
2016-12-07,000001,1210.51,1210.51,1211.76,1201.76,493405,466085504.0,0.83,-0.1,-1.25,0.34
2016-12-08,000001,1213.01,1215.51,1219.26,1204.26,671452,638058512.0,1.24,0.41,5.0,0.46
2016-12-09,000001,1213.01,1231.76,1244.27,1210.51,1514199,1460778336.0,2.78,1.34,16.25,1.03
2016-12-12,000001,1231.76,1213.01,1246.77,1205.51,1256874,1206662624.0,3.35,-1.52,-18.75,0.86
2016-12-13,000001,1210.51,1203.01,1213.01,1191.76,645772,607769968.0,1.75,-0.82,-10.0,0.44
2016-12-14,000001,1203.01,1200.51,1214.26,1200.51,597706,564787520.0,1.14,-0.21,-2.5,0.41
2016-12-15,000001,1196.76,1181.76,1201.76,1176.75,827613,767751840.0,2.08,-1.56,-18.75,0.57
2016-12-16,000001,1180.51,1181.76,1186.76,1176.75,396814,366925344.0,0.85,0.0,0.0,0.27
2016-12-19,000001,1178.0,1175.5,1179.25,1171.75,494011,453899744.0,0.63,-0.53,-6.26,0.34
2016-12-20,000001,1175.5,1164.25,1175.5,1160.5,636638,580118160.0,1.28,-0.96,-11.25,0.44
2016-12-21,000001,1165.5,1170.5,1170.5,1164.25,369921,338201440.0,0.54,0.54,6.25,0.25
2016-12-22,000001,1169.25,1168.0,1170.5,1164.25,341341,311546864.0,0.53,-0.21,-2.5,0.23
2016-12-23,000001,1168.0,1160.5,1168.0,1159.25,382912,348140448.0,0.75,-0.64,-7.5,0.26
2016-12-26,000001,1158.0,1165.5,1166.75,1153.0,302059,273934288.0,1.18,0.43,5.0,0.21
2016-12-27,000001,1165.5,1160.5,1166.75,1159.25,268841,244788273.0,0.64,-0.43,-5.0,0.18
2016-12-28,000001,1160.5,1158.0,1164.25,1155.5,336055,304898608.0,0.75,-0.22,-2.5,0.23
2016-12-29,000001,1159.25,1160.5,1161.75,1156.75,338759,307183504.0,0.43,0.22,2.5,0.23
2016-12-30,000001,1160.5,1163.0,1163.0,1158.0,302607,274882704.0,0.43,0.22,2.5,0.21
2017-01-03,000001,1164.25,1170.5,1173.0,1161.75,459840,420595184.0,0.97,0.64,7.5,0.31
2017-01-04,000001,1169.25,1170.5,1173.0,1168.0,449330,411503440.0,0.43,0.0,0.0,0.31
2017-01-05,000001,1171.75,1171.75,1173.0,1169.25,344373,315769696.0,0.32,0.11,1.25,0.24
2017-01-06,000001,1171.75,1166.75,1171.75,1164.25,358154,327176432.0,0.64,-0.43,-5.0,0.24
2017-01-09,000001,1166.75,1169.25,1171.75,1164.25,361082,329994608.0,0.64,0.21,2.5,0.21
2017-01-10,000001,1169.25,1169.25,1170.5,1168.0,241054,220575131.0,0.21,0.0,0.0,0.14
2017-01-11,000001,1168.0,1168.0,1171.75,1166.75,303431,277553200.0,0.43,-0.11,-1.25,0.18
2017-01-12,000001,1166.75,1169.25,1171.75,1166.75,428007,391869408.0,0.43,0.11,1.25,0.25
2017-01-13,000001,1168.0,1170.5,1174.25,1165.5,434301,397601904.0,0.75,0.11,1.25,0.26
2017-01-16,000001,1169.25,1168.0,1170.5,1159.25,683166,623025824.0,0.96,-0.21,-2.5,0.4
2017-01-17,000001,1165.5,1169.25,1170.5,1163.0,545552,498179696.0,0.64,0.11,1.25,0.32
2017-01-18,000001,1168.0,1171.75,1174.25,1166.75,574269,526426592.0,0.64,0.21,2.5,0.34
2017-01-19,000001,1169.25,1173.0,1180.51,1169.25,437713,402445632.0,0.96,0.11,1.25,0.26
2017-01-20,000001,1171.75,1178.0,1179.25,1171.75,393329,361865152.0,0.64,0.43,5.0,0.23
2017-01-23,000001,1178.0,1178.0,1183.01,1175.5,420299,388019072.0,0.64,0.0,0.0,0.25
2017-01-24,000001,1179.25,1184.26,1185.51,1175.5,470244,434787728.0,0.85,0.53,6.26,0.28
2017-01-25,000001,1184.26,1183.01,1185.51,1181.76,304402,281976288.0,0.32,-0.11,-1.25,0.18
2017-01-26,000001,1184.26,1191.76,1193.01,1183.01,420713,391844288.0,0.85,0.74,8.75,0.25
2017-02-03,000001,1193.01,1183.01,1195.51,1179.25,315472,292617936.0,1.36,-0.73,-8.75,0.19
2017-02-06,000001,1183.01,1189.26,1190.51,1183.01,516786,480441328.0,0.63,0.53,6.25,0.31
2017-02-07,000001,1189.26,1188.01,1190.51,1184.26,396885,368755280.0,0.53,-0.11,-1.25,0.23
2017-02-08,000001,1186.76,1188.01,1188.01,1180.51,360272,333975408.0,0.63,0.0,0.0,0.21
2017-02-09,000001,1188.01,1189.26,1191.76,1185.51,342855,319201024.0,0.53,0.11,1.25,0.2
2017-02-10,000001,1190.51,1191.76,1195.51,1189.26,482743,450701344.0,0.53,0.21,2.5,0.29
2017-02-13,000001,1193.01,1201.76,1205.51,1191.76,638365,599951024.0,1.15,0.84,10.0,0.38
2017-02-14,000001,1201.76,1200.51,1203.01,1196.76,362405,340318432.0,0.52,-0.1,-1.25,0.21
2017-02-15,000001,1200.51,1206.76,1218.01,1199.26,756613,716759648.0,1.56,0.52,6.25,0.45
2017-02-16,000001,1206.76,1208.01,1213.01,1203.01,411161,388636224.0,0.83,0.1,1.25,0.24
2017-02-17,000001,1208.01,1199.26,1211.76,1196.76,423775,400161792.0,1.24,-0.72,-8.75,0.25
2017-02-20,000001,1200.51,1220.51,1223.01,1200.51,898755,855710800.0,1.88,1.77,21.25,0.53
2017-02-21,000001,1219.26,1221.76,1228.01,1218.01,646584,618761072.0,0.82,0.1,1.25,0.38
2017-02-22,000001,1221.76,1221.76,1221.76,1213.01,462966,441528336.0,0.72,0.0,0.0,0.27
2017-02-23,000001,1219.26,1214.26,1221.76,1210.51,335328,319293840.0,0.92,-0.61,-7.5,0.2
2017-02-24,000001,1213.01,1213.01,1218.01,1210.51,332500,316020784.0,0.62,-0.1,-1.25,0.2
2017-02-27,000001,1213.01,1204.26,1213.01,1203.01,407341,384781008.0,0.82,-0.72,-8.75,0.24
2017-02-28,000001,1204.26,1210.51,1214.26,1203.01,369720,350366896.0,0.93,0.52,6.25,0.22
2017-03-01,000001,1211.76,1211.76,1219.26,1209.26,346994,330157968.0,0.83,0.1,1.25,0.21
2017-03-02,000001,1214.26,1204.26,1218.01,1203.01,403629,382395888.0,1.24,-0.62,-7.5,0.24
2017-03-03,000001,1201.76,1200.51,1204.26,1195.51,342655,321952544.0,0.73,-0.31,-3.75,0.2
2017-03-06,000001,1200.51,1206.76,1208.01,1199.26,404511,381212304.0,0.73,0.52,6.25,0.24
2017-03-07,000001,1205.51,1206.76,1208.01,1200.51,294673,277747408.0,0.62,0.0,0.0,0.17
2017-03-08,000001,1204.26,1203.01,1206.76,1200.51,244438,230425150.0,0.52,-0.31,-3.75,0.14
2017-03-09,000001,1201.76,1198.01,1204.26,1195.51,378170,354813680.0,0.73,-0.42,-5.0,0.22
2017-03-10,000001,1198.01,1200.51,1201.76,1195.51,390182,366140048.0,0.52,0.21,2.5,0.23
2017-03-13,000001,1199.26,1205.51,1206.76,1196.76,545304,513148480.0,0.83,0.42,5.0,0.32
2017-03-14,000001,1204.26,1205.51,1208.01,1201.76,404484,381594064.0,0.52,0.0,0.0,0.24
2017-03-15,000001,1203.01,1210.51,1210.51,1203.01,546561,515943744.0,0.62,0.41,5.0,0.32
2017-03-16,000001,1210.51,1215.51,1216.76,1206.76,635954,603450064.0,0.83,0.41,5.0,0.38
2017-03-17,000001,1206.76,1189.26,1208.01,1188.01,1583647,1482736992.0,1.65,-2.16,-26.25,0.94
2017-03-20,000001,1186.76,1181.76,1189.26,1178.0,715022,661887008.0,0.95,-0.63,-7.5,0.42
2017-03-21,000001,1181.76,1180.51,1183.01,1175.5,554649,511914336.0,0.64,-0.11,-1.25,0.33
2017-03-22,000001,1175.5,1170.5,1178.0,1168.0,566124,519331024.0,0.85,-0.85,-10.01,0.33
2017-03-23,000001,1170.5,1175.5,1180.51,1169.25,433588,398986560.0,0.96,0.43,5.0,0.26
2017-03-24,000001,1175.5,1174.25,1180.51,1170.5,710828,653533824.0,0.85,-0.11,-1.25,0.42
2017-03-27,000001,1165.5,1168.0,1174.25,1160.5,985012,900094464.0,1.17,-0.53,-6.25,0.58
2017-03-28,000001,1170.5,1165.5,1171.75,1163.0,481373,439405824.0,0.75,-0.21,-2.5,0.28
2017-03-29,000001,1166.75,1164.25,1169.25,1161.75,601141,548060688.0,0.64,-0.11,-1.25,0.36
2017-03-30,000001,1165.5,1160.5,1165.5,1158.0,687286,623995520.0,0.64,-0.32,-3.75,0.41
2017-03-31,000001,1160.5,1171.75,1173.0,1160.5,633121,578579040.0,1.08,0.97,11.25,0.37
2017-04-05,000001,1170.5,1176.75,1178.0,1169.25,499150,458567840.0,0.75,0.43,5.0,0.3
2017-04-06,000001,1175.5,1175.5,1178.0,1171.75,434391,399118976.0,0.53,-0.11,-1.25,0.26
2017-04-07,000001,1174.25,1175.5,1178.0,1171.75,514845,473366400.0,0.53,0.0,0.0,0.3
2017-04-10,000001,1175.5,1173.0,1176.75,1171.75,401344,368682032.0,0.43,-0.21,-2.5,0.24
2017-04-11,000001,1171.75,1169.25,1174.25,1161.75,612438,560304080.0,1.07,-0.32,-3.75,0.36
2017-04-12,000001,1170.5,1165.5,1171.75,1163.0,455337,416101248.0,0.75,-0.32,-3.75,0.27
2017-04-13,000001,1164.25,1165.5,1168.0,1163.0,357443,325949856.0,0.43,0.0,0.0,0.21
2017-04-14,000001,1164.25,1160.5,1165.5,1158.0,490501,445637456.0,0.64,-0.43,-5.0,0.29
2017-04-17,000001,1160.5,1163.0,1164.25,1156.75,531892,483130496.0,0.65,0.22,2.5,0.31
2017-04-18,000001,1161.75,1156.75,1163.0,1156.75,335377,304162864.0,0.54,-0.54,-6.25,0.2
2017-04-19,000001,1154.25,1139.25,1155.5,1138.0,799669,714963680.0,1.51,-1.51,-17.5,0.47
2017-04-20,000001,1138.0,1140.5,1143.0,1136.75,437630,390063536.0,0.55,0.11,1.25,0.26
2017-04-21,000001,1140.5,1146.75,1149.25,1138.0,325408,291126080.0,0.99,0.55,6.25,0.19
2017-04-24,000001,1146.75,1141.75,1148.0,1136.75,394995,352926400.0,0.98,-0.44,-5.0,0.23
2017-04-25,000001,1141.75,1150.5,1151.75,1141.75,377933,339230144.0,0.88,0.77,8.75,0.22
2017-04-26,000001,1150.5,1149.25,1151.75,1145.5,382147,343316096.0,0.54,-0.11,-1.25,0.23
2017-04-27,000001,1146.75,1146.75,1148.0,1139.25,387393,346186992.0,0.76,-0.22,-2.5,0.23
2017-04-28,000001,1145.5,1149.25,1149.25,1140.5,286446,256106698.0,0.76,0.22,2.5,0.17
2017-05-02,000001,1145.5,1143.0,1145.5,1138.0,311026,277665888.0,0.65,-0.54,-6.25,0.18
2017-05-03,000001,1140.5,1139.25,1141.75,1136.75,280311,249660877.0,0.44,-0.33,-3.75,0.17
2017-05-04,000001,1136.75,1117.99,1136.75,1115.49,696517,613783440.0,1.87,-1.87,-21.26,0.41
2017-05-05,000001,1117.99,1104.24,1120.5,1097.99,623701,539541744.0,2.01,-1.23,-13.75,0.37
2017-05-08,000001,1100.49,1096.74,1102.99,1092.99,460090,394424112.0,0.91,-0.68,-7.5,0.27
2017-05-09,000001,1095.49,1105.49,1105.49,1094.24,324194,279119680.0,1.03,0.8,8.75,0.19
2017-05-10,000001,1104.24,1109.24,1125.5,1102.99,573078,498675312.0,2.04,0.34,3.75,0.34
2017-05-11,000001,1106.74,1112.99,1115.49,1100.49,503644,436444288.0,1.35,0.34,3.75,0.3
2017-05-12,000001,1110.49,1138.0,1138.0,1105.49,917968,809131904.0,2.92,2.25,25.01,0.54
2017-05-15,000001,1136.75,1133.0,1144.25,1126.75,536578,476417664.0,1.54,-0.44,-5.0,0.32
2017-05-16,000001,1130.5,1130.5,1131.75,1116.74,524872,461069296.0,1.32,-0.22,-2.5,0.31
2017-05-17,000001,1126.75,1121.75,1126.75,1119.24,417338,365987536.0,0.66,-0.77,-8.75,0.25
2017-05-18,000001,1115.49,1116.74,1121.75,1114.24,227401,198765579.0,0.67,-0.45,-5.01,0.13
2017-05-19,000001,1117.99,1111.74,1120.5,1110.49,294271,256396867.0,0.9,-0.45,-5.0,0.17
2017-05-22,000001,1110.49,1110.49,1116.74,1101.74,679120,588546720.0,1.35,-0.11,-1.25,0.4
2017-05-23,000001,1109.24,1124.25,1130.5,1105.49,800040,702123776.0,2.25,1.24,13.76,0.47
2017-05-24,000001,1123.0,1126.75,1129.25,1110.49,532377,466560640.0,1.67,0.22,2.5,0.31
2017-05-25,000001,1124.25,1163.0,1168.0,1123.0,1621544,1462763024.0,3.99,3.22,36.25,0.96
2017-05-26,000001,1160.5,1163.0,1166.75,1155.5,895366,813387168.0,0.97,0.0,0.0,0.53
2017-05-31,000001,1163.0,1175.5,1179.25,1158.0,1033211,948741888.0,1.83,1.07,12.5,0.61
2017-06-01,000001,1175.5,1174.25,1179.25,1165.5,566183,519544672.0,1.17,-0.11,-1.25,0.33
2017-06-02,000001,1173.0,1171.75,1186.76,1168.0,770757,710119504.0,1.6,-0.21,-2.5,0.46
2017-06-05,000001,1166.75,1154.25,1171.75,1149.25,634133,573460400.0,1.92,-1.49,-17.5,0.37
2017-06-06,000001,1151.75,1155.5,1158.0,1149.25,355342,320520912.0,0.76,0.11,1.25,0.21
2017-06-07,000001,1153.0,1166.75,1169.25,1151.75,645723,587357664.0,1.51,0.97,11.25,0.38
2017-06-08,000001,1164.25,1166.75,1169.25,1160.5,383004,348860768.0,0.75,0.0,0.0,0.23
2017-06-09,000001,1169.25,1169.25,1178.0,1165.5,685468,628281696.0,1.07,0.21,2.5,0.41
2017-06-12,000001,1169.25,1164.25,1174.25,1163.0,504578,461493696.0,0.96,-0.43,-5.0,0.3
2017-06-13,000001,1164.25,1165.5,1168.0,1156.75,448435,407876688.0,0.97,0.11,1.25,0.27
2017-06-14,000001,1165.5,1160.5,1166.75,1155.5,375444,340596128.0,0.97,-0.43,-5.0,0.22
2017-06-15,000001,1160.5,1155.5,1160.5,1154.25,337798,305610496.0,0.54,-0.43,-5.0,0.2
2017-06-16,000001,1155.5,1153.0,1160.5,1151.75,285991,258559005.0,0.76,-0.22,-2.5,0.17
2017-06-19,000001,1154.25,1166.75,1169.25,1153.0,489705,446000768.0,1.41,1.19,13.75,0.29
2017-06-20,000001,1165.5,1165.5,1170.5,1161.75,313616,286053888.0,0.75,-0.11,-1.25,0.19
2017-06-21,000001,1171.75,1169.25,1173.0,1164.25,496932,454488896.0,0.75,0.32,3.75,0.29
2017-06-22,000001,1169.25,1181.76,1200.51,1168.0,1426958,1325210560.0,2.78,1.07,12.51,0.84
2017-06-23,000001,1179.25,1181.76,1184.26,1170.5,584004,538303568.0,1.16,0.0,0.0,0.35
2017-06-26,000001,1183.01,1188.01,1200.51,1183.01,710770,663762848.0,1.48,0.53,6.25,0.42
2017-06-27,000001,1188.01,1195.51,1199.26,1184.26,546016,509162016.0,1.26,0.63,7.5,0.32
2017-06-28,000001,1194.26,1204.26,1211.76,1191.76,1168796,1102438096.0,1.67,0.73,8.75,0.69
2017-06-29,000001,1204.26,1204.26,1206.76,1196.76,488805,459810416.0,0.83,0.0,0.0,0.29
2017-06-30,000001,1200.51,1199.26,1204.26,1189.26,499633,468003520.0,1.25,-0.42,-5.0,0.3
2017-07-03,000001,1200.51,1200.51,1204.26,1193.01,388349,364465840.0,0.94,0.1,1.25,0.23
2017-07-04,000001,1200.51,1193.01,1201.76,1188.01,488363,456577024.0,1.15,-0.62,-7.5,0.29
2017-07-05,000001,1186.76,1196.76,1198.01,1184.26,567720,529294112.0,1.15,0.31,3.75,0.34
2017-07-06,000001,1195.51,1200.51,1201.76,1189.26,738912,691387184.0,1.04,0.31,3.75,0.44
2017-07-07,000001,1196.76,1209.26,1210.51,1193.01,760370,717084352.0,1.46,0.73,8.75,0.45
2017-07-10,000001,1206.76,1224.26,1233.01,1205.51,1360816,1303090000.0,2.27,1.24,15.0,0.8
2017-07-11,000001,1226.76,1306.78,1333.03,1226.76,3812087,3842010176.0,8.68,6.74,82.52,2.25
2017-07-12,000001,1309.28,1318.03,1348.03,1300.53,2998844,3113681344.0,3.63,0.86,11.25,1.77
2017-07-13,000001,1313.03,1388.04,1388.04,1305.53,2994534,3180144560.0,6.26,5.31,70.01,1.77
2017-07-14,000001,1376.79,1388.04,1393.04,1358.04,1722570,1864449200.0,2.52,0.0,0.0,1.02
2017-07-17,000001,1394.29,1376.79,1441.8,1365.54,3273123,3608692272.0,5.49,-0.81,-11.25,1.93
2017-07-18,000001,1369.29,1406.79,1418.05,1353.03,2349432,2558433984.0,4.72,2.18,30.0,1.39
2017-07-19,000001,1399.29,1411.79,1424.3,1385.54,1933076,2131336288.0,2.76,0.36,5.0,1.14
2017-07-20,000001,1410.54,1396.79,1428.05,1389.29,1537339,1695060976.0,2.75,-1.06,-15.0,0.91
2017-07-21,000001,1399.04,1406.54,1414.04,1381.54,1501020,1625416432.0,2.33,0.7,9.75,0.89
2017-07-24,000001,1397.79,1414.04,1427.8,1386.54,1692664,1846886672.0,2.93,0.53,7.5,1.0
2017-07-25,000001,1417.8,1420.3,1454.05,1414.04,1954768,2172114592.0,2.83,0.44,6.26,1.16
2017-07-26,000001,1410.29,1387.79,1442.8,1377.79,1697412,1846282144.0,4.58,-2.29,-32.51,1.0
2017-07-27,000001,1385.29,1369.04,1391.54,1361.54,1194490,1273888880.0,2.16,-1.35,-18.75,0.71
2017-07-28,000001,1371.54,1387.79,1396.54,1367.79,819195,877769280.0,2.1,1.37,18.75,0.48
2017-07-31,000001,1395.29,1379.04,1397.79,1351.53,1575864,1671814032.0,3.33,-0.63,-8.75,0.93
2017-08-01,000001,1375.29,1425.3,1430.3,1370.29,2035710,2222887936.0,4.35,3.35,46.26,1.2
2017-08-02,000001,1426.55,1439.05,1462.8,1415.29,2062069,2307726688.0,3.33,0.96,13.75,1.22
2017-08-03,000001,1437.8,1421.55,1447.8,1416.55,984219,1090954128.0,2.17,-1.22,-17.5,0.58
2017-08-04,000001,1420.3,1441.55,1456.55,1411.54,1353952,1511389824.0,3.17,1.41,20.0,0.8
2017-08-07,000001,1427.8,1420.3,1441.55,1407.79,860644,946975696.0,2.34,-1.47,-21.25,0.51
2017-08-08,000001,1420.3,1426.55,1434.05,1409.04,689567,758872032.0,1.76,0.44,6.25,0.41
2017-08-09,000001,1415.29,1386.54,1422.8,1380.29,1042322,1126512112.0,2.98,-2.8,-40.01,0.62
2017-08-10,000001,1382.79,1372.79,1397.79,1362.79,959880,1026676000.0,2.52,-0.99,-13.75,0.57
2017-08-11,000001,1355.28,1297.78,1362.79,1294.02,2440643,2501779376.0,5.01,-5.46,-75.01,1.44
2017-08-14,000001,1311.53,1322.78,1326.53,1300.28,1157665,1175479136.0,2.02,1.93,25.0,0.68
2017-08-15,000001,1325.28,1334.03,1359.04,1321.53,1075162,1116750000.0,2.84,0.85,11.25,0.64
2017-08-16,000001,1331.53,1337.78,1341.53,1314.03,756806,778517616.0,2.06,0.28,3.75,0.45
2017-08-17,000001,1339.03,1347.78,1347.78,1331.53,553642,573093952.0,1.21,0.75,10.0,0.33
2017-08-18,000001,1340.28,1350.28,1370.29,1331.53,616520,643188720.0,2.88,0.19,2.5,0.36
2017-08-21,000001,1349.03,1352.78,1360.29,1344.03,399155,417653104.0,1.2,0.19,2.5,0.24
2017-08-22,000001,1355.28,1376.54,1377.79,1341.53,875682,922881872.0,2.68,1.76,23.76,0.52
2017-08-23,000001,1374.04,1407.79,1417.8,1369.04,1319152,1430051904.0,3.54,2.27,31.25,0.78
2017-08-24,000001,1406.54,1411.54,1434.05,1400.29,924249,1014933648.0,2.4,0.27,3.75,0.55
2017-08-25,000001,1412.79,1434.05,1441.55,1407.79,963940,1068994544.0,2.39,1.59,22.51,0.57
2017-08-28,000001,1432.8,1464.05,1487.81,1432.8,1603938,1828380080.0,3.84,2.09,30.0,0.95
2017-08-29,000001,1457.8,1504.06,1512.81,1455.3,1357984,1569230032.0,3.93,2.73,40.01,0.8
2017-08-30,000001,1505.31,1474.05,1507.81,1464.05,1096675,1264128144.0,2.91,-2.0,-30.01,0.65
2017-08-31,000001,1469.05,1455.3,1475.31,1439.05,1151786,1297730592.0,2.46,-1.27,-18.75,0.68
2017-09-01,000001,1455.3,1446.55,1469.05,1439.05,959977,1080996320.0,2.06,-0.6,-8.75,0.57
2017-09-04,000001,1442.8,1510.31,1510.31,1441.55,1352326,1551875040.0,4.75,4.41,63.76,0.8
2017-09-05,000001,1505.31,1500.31,1537.82,1495.31,1287519,1513759536.0,2.81,-0.66,-10.0,0.76
2017-09-06,000001,1494.06,1507.81,1530.31,1480.31,791622,925519040.0,3.33,0.5,7.5,0.47
2017-09-07,000001,1501.56,1475.31,1514.06,1469.05,614187,711036416.0,2.99,-2.16,-32.5,0.36
2017-09-08,000001,1477.81,1481.56,1500.31,1467.8,481276,553644528.0,2.2,0.42,6.25,0.28
2017-09-11,000001,1487.81,1467.8,1506.56,1457.8,699473,801825008.0,3.29,-0.93,-13.76,0.41
2017-09-12,000001,1467.8,1487.81,1487.81,1454.05,846183,962032176.0,2.3,1.36,20.01,0.5
2017-09-13,000001,1481.56,1474.05,1487.81,1462.8,668237,765028192.0,1.68,-0.92,-13.76,0.39
2017-09-14,000001,1474.05,1460.3,1494.06,1450.3,883088,1005775584.0,2.97,-0.93,-13.75,0.52
2017-09-15,000001,1456.55,1456.55,1460.3,1439.05,646095,726061104.0,1.46,-0.26,-3.75,0.38
2017-09-18,000001,1451.55,1451.55,1460.3,1445.3,607613,684223024.0,1.03,-0.34,-5.0,0.36
2017-09-19,000001,1451.55,1436.55,1462.8,1430.3,764213,853816000.0,2.24,-1.03,-15.0,0.45
2017-09-20,000001,1437.8,1456.55,1466.55,1426.55,787155,884640960.0,2.78,1.39,20.0,0.47
2017-09-21,000001,1452.8,1477.81,1484.06,1445.3,692408,788605296.0,2.66,1.46,21.26,0.41
2017-09-22,000001,1474.05,1475.31,1485.31,1459.05,593928,677622496.0,1.78,-0.17,-2.5,0.35
2017-09-25,000001,1475.31,1456.55,1476.56,1442.8,532391,602270304.0,2.29,-1.27,-18.76,0.31
2017-09-26,000001,1452.8,1426.55,1457.8,1415.29,967461,1074228192.0,2.92,-2.06,-30.0,0.57
2017-09-27,000001,1421.55,1411.54,1430.3,1407.79,727188,798377280.0,1.58,-1.05,-15.01,0.43
2017-09-28,000001,1417.8,1405.29,1417.8,1397.79,517220,563485120.0,1.42,-0.44,-6.25,0.31
2017-09-29,000001,1410.29,1434.05,1440.3,1402.79,682280,753852528.0,2.67,2.05,28.76,0.4
2017-10-09,000001,1491.56,1457.8,1500.31,1452.8,1325227,1520609504.0,3.31,1.66,23.75,0.78
2017-10-10,000001,1461.55,1479.06,1482.81,1461.55,747925,853665856.0,1.46,1.46,21.26,0.44
2017-10-11,000001,1480.31,1486.56,1492.81,1462.8,658078,756203408.0,2.03,0.51,7.5,0.39
2017-10-12,000001,1487.81,1489.06,1492.81,1479.06,578065,667148384.0,0.92,0.17,2.5,0.34
2017-10-13,000001,1490.31,1465.3,1490.31,1451.55,737376,839662736.0,2.6,-1.6,-23.76,0.44
2017-10-16,000001,1465.3,1494.06,1495.31,1456.55,1036251,1190724208.0,2.65,1.96,28.76,0.61
2017-10-17,000001,1497.81,1484.06,1501.56,1480.31,506372,585334000.0,1.42,-0.67,-10.0,0.3
2017-10-18,000001,1486.56,1506.56,1507.81,1484.06,871365,1011050928.0,1.6,1.52,22.5,0.52
2017-10-19,000001,1500.31,1499.06,1510.31,1491.56,722765,841546800.0,1.24,-0.5,-7.5,0.43
2017-10-20,000001,1494.06,1480.31,1494.06,1471.55,461808,529747056.0,1.5,-1.25,-18.75,0.27
2017-10-23,000001,1469.05,1444.05,1470.3,1439.05,1074465,1206888288.0,2.11,-2.45,-36.26,0.64
2017-10-24,000001,1445.3,1469.05,1472.8,1442.8,618872,700896864.0,2.08,1.73,25.0,0.37
2017-10-25,000001,1465.3,1454.05,1466.55,1451.55,418574,472708176.0,1.02,-1.02,-15.0,0.25
2017-10-26,000001,1451.55,1442.8,1460.3,1435.3,928996,1041707024.0,1.72,-0.77,-11.25,0.55
2017-10-27,000001,1444.05,1490.31,1490.31,1442.8,1360086,1548543728.0,3.29,3.29,47.51,0.8
2017-10-30,000001,1489.06,1490.31,1511.56,1476.56,1278247,1484495472.0,2.35,0.0,0.0,0.76
2017-10-31,000001,1489.06,1487.81,1492.81,1469.05,627491,721237472.0,1.59,-0.17,-2.5,0.37
2017-11-01,000001,1490.31,1470.3,1494.06,1460.3,692618,792881040.0,2.27,-1.18,-17.51,0.41
2017-11-02,000001,1465.3,1487.81,1492.81,1452.8,604308,689229872.0,2.72,1.19,17.51,0.36
2017-11-03,000001,1481.56,1469.05,1505.31,1464.05,743343,852032112.0,2.77,-1.26,-18.76,0.44
2017-11-06,000001,1472.8,1455.3,1472.8,1431.55,1029903,1157303984.0,2.81,-0.94,-13.75,0.61
2017-11-07,000001,1454.05,1535.32,1556.57,1451.55,2477163,2914269168.0,7.22,5.5,80.02,1.46
2017-11-08,000001,1545.32,1561.57,1619.08,1536.57,4262826,5199224320.0,5.37,1.71,26.25,2.52
2017-11-09,000001,1570.32,1586.57,1616.58,1564.07,2295289,2839861728.0,3.36,1.6,25.0,1.36
2017-11-10,000001,1591.57,1582.82,1614.08,1564.07,1757552,2167126592.0,3.15,-0.24,-3.75,1.04
2017-11-13,000001,1589.07,1657.84,1682.84,1589.07,2566906,3307955296.0,5.92,4.74,75.02,1.52
2017-11-14,000001,1664.09,1664.09,1702.84,1646.58,1780302,2318092528.0,3.39,0.38,6.25,1.05
2017-11-15,000001,1657.84,1657.84,1686.59,1641.58,1263052,1627912720.0,2.7,-0.38,-6.25,0.75
2017-11-16,000001,1657.84,1682.84,1685.34,1629.08,1200815,1550701792.0,3.39,1.51,25.0,0.71
2017-11-17,000001,1691.59,1692.84,1727.85,1674.09,2064150,2731215936.0,3.19,0.59,10.0,1.22
2017-11-20,000001,1686.59,1826.61,1826.61,1676.59,2843926,3860145472.0,8.86,7.9,133.77,1.68
2017-11-21,000001,1804.11,1851.62,1894.13,1796.61,2495328,3609849024.0,5.34,1.37,25.01,1.47
2017-11-22,000001,1855.37,1932.88,1950.39,1855.37,2570231,3839501152.0,5.13,4.39,81.26,1.52
2017-11-23,000001,1939.13,1839.12,1950.39,1804.11,2429142,3562843392.0,7.57,-4.85,-93.76,1.44
2017-11-24,000001,1831.62,1865.37,1869.12,1767.85,2630190,3732597280.0,5.51,1.43,26.25,1.55
2017-11-27,000001,1832.87,1786.61,1832.87,1764.1,2064085,2878491904.0,3.69,-4.22,-78.76,1.22
2017-11-28,000001,1776.61,1757.85,1776.61,1720.35,1766433,2396540128.0,3.15,-1.61,-28.76,1.04
2017-11-29,000001,1761.6,1772.86,1786.61,1729.1,1564095,2148312656.0,3.27,0.85,15.01,0.92
2017-11-30,000001,1757.85,1717.85,1761.6,1702.84,1379636,1866700880.0,3.31,-3.1,-55.01,0.82
2017-12-01,000001,1720.35,1670.34,1730.35,1665.34,1784933,2354299664.0,3.78,-2.77,-47.51,1.06
2017-12-04,000001,1676.59,1707.84,1716.6,1670.34,1454023,1923315712.0,2.77,2.25,37.5,0.86
2017-12-05,000001,1689.09,1707.84,1731.6,1682.84,1723681,2301867648.0,2.86,0.0,0.0,1.02
2017-12-06,000001,1702.84,1680.34,1704.09,1644.08,1619845,2104168544.0,3.51,-1.61,-27.5,0.96
2017-12-07,000001,1676.59,1649.08,1687.84,1639.08,1181958,1526953344.0,2.9,-1.86,-31.26,0.7
2017-12-08,000001,1656.59,1681.59,1681.59,1639.08,1351315,1751423120.0,2.58,1.97,32.51,0.8
2017-12-11,000001,1680.34,1732.85,1741.6,1655.34,2261953,2980735568.0,5.13,3.05,51.26,1.34
2017-12-12,000001,1720.35,1672.84,1730.35,1672.84,1743406,2302354896.0,3.32,-3.46,-60.01,1.03
2017-12-13,000001,1670.34,1686.59,1695.34,1655.34,1289248,1679022032.0,2.39,0.82,13.75,0.76
2017-12-14,000001,1689.09,1670.34,1709.09,1659.09,1001998,1311131920.0,2.96,-0.96,-16.25,0.59
2017-12-15,000001,1657.84,1635.33,1661.59,1629.08,1099953,1405372000.0,1.95,-2.1,-35.01,0.65
2017-12-18,000001,1636.58,1639.08,1659.09,1625.33,805465,1029422752.0,2.06,0.23,3.75,0.48
2017-12-19,000001,1644.08,1705.34,1710.34,1637.83,2397943,3138687568.0,4.42,4.04,66.26,1.42
2017-12-20,000001,1695.34,1702.84,1709.09,1686.59,1106245,1463802112.0,1.32,-0.15,-2.5,0.65
2017-12-21,000001,1692.84,1737.85,1755.35,1690.34,1485203,2005617680.0,3.82,2.06,35.01,0.88
2017-12-22,000001,1732.85,1735.35,1749.1,1726.6,742901,1004525776.0,1.29,-0.14,-2.5,0.44
2017-12-25,000001,1735.35,1701.59,1777.86,1690.34,1585567,2145040656.0,5.04,-1.95,-33.76,0.94
2017-12-26,000001,1702.84,1752.85,1756.6,1694.09,1123688,1510826272.0,3.67,3.01,51.26,0.66
2017-12-27,000001,1742.85,1706.59,1767.85,1694.09,1366567,1848165008.0,4.21,-2.64,-46.26,0.81
2017-12-28,000001,1705.34,1696.59,1727.85,1672.84,1553030,2052944544.0,3.22,-0.59,-10.0,0.92
2017-12-29,000001,1696.59,1707.84,1724.1,1682.84,982916,1303222048.0,2.43,0.66,11.25,0.58
2018-01-02,000001,1714.1,1757.85,1786.61,1710.34,2081593,2856543824.0,4.47,2.93,50.01,1.23
2018-01-03,000001,1761.6,1711.6,1777.86,1695.34,2962498,4006220768.0,4.69,-2.63,-46.25,1.75
2018-01-04,000001,1710.34,1701.59,1716.6,1686.59,1854509,2454543520.0,1.75,-0.58,-10.01,1.1
2018-01-05,000001,1696.59,1707.84,1714.1,1689.09,1210313,1603289520.0,1.47,0.37,6.25,0.72
2018-01-08,000001,1701.59,1665.34,1706.59,1652.84,2158621,2806099168.0,3.15,-2.49,-42.5,1.28
2018-01-09,000001,1665.34,1680.34,1695.34,1660.34,1344345,1754315792.0,2.1,0.9,15.0,0.79
2018-01-10,000001,1675.34,1729.1,1731.6,1660.34,2403277,3196055824.0,4.24,2.9,48.76,1.42
2018-01-11,000001,1721.6,1720.35,1744.1,1704.09,1443878,1937494288.0,2.31,-0.51,-8.75,0.85
2018-01-12,000001,1726.6,1739.1,1755.35,1721.6,1353991,1833435680.0,1.96,1.09,18.75,0.8
2018-01-15,000001,1734.1,1820.36,1836.62,1732.85,3122395,4376707072.0,5.97,4.67,81.26,1.85
2018-01-16,000001,1816.61,1820.36,1842.87,1797.86,2444549,3479177088.0,2.47,0.0,0.0,1.44
2018-01-17,000001,1836.62,1824.11,1895.38,1820.36,2656294,3849312880.0,4.12,0.21,3.75,1.57
2018-01-18,000001,1845.37,1885.37,1885.37,1830.37,2148027,3120455744.0,3.02,3.36,61.26,1.27
2018-01-19,000001,1895.38,1895.38,1936.63,1880.37,2571147,3832857440.0,2.98,0.53,10.01,1.52
2018-01-22,000001,1870.37,1850.37,1912.88,1849.12,2073867,3032799072.0,3.36,-2.37,-45.01,1.23
2018-01-23,000001,1840.37,1876.62,1907.88,1836.62,2388792,3492462000.0,3.85,1.42,26.25,1.41
2018-01-24,000001,1877.87,1875.37,1930.38,1857.87,2591292,3838734928.0,3.86,-0.07,-1.25,1.53
2018-01-25,000001,1851.62,1820.36,1854.12,1795.36,2369985,3360822352.0,3.13,-2.93,-55.01,1.4
2018-01-26,000001,1817.86,1801.61,1837.87,1797.86,2032989,2885104624.0,2.2,-1.03,-18.75,1.2
2018-01-29,000001,1801.61,1762.85,1826.61,1745.35,2090547,2911452096.0,4.51,-2.15,-38.76,1.24
2018-01-30,000001,1757.85,1751.6,1775.36,1739.1,1094740,1497708880.0,2.06,-0.64,-11.25,0.65
2018-01-31,000001,1745.35,1801.61,1801.61,1736.6,1747729,2423104768.0,3.71,2.86,50.01,1.03
2018-02-01,000001,1789.11,1799.11,1832.87,1775.36,2005615,2821583616.0,3.19,-0.14,-2.5,1.19
2018-02-02,000001,1784.11,1801.61,1807.86,1749.1,1176513,1637619616.0,3.27,0.14,2.5,0.7
2018-02-05,000001,1770.36,1864.12,1866.62,1761.6,2331998,3326355312.0,5.83,3.47,62.51,1.38
2018-02-06,000001,1824.11,1795.36,1836.62,1786.61,2582872,3641294704.0,2.68,-3.69,-68.76,1.53
2018-02-07,000001,1822.86,1660.34,1832.87,1640.33,3345717,4521586688.0,10.72,-7.52,-135.02,1.98
2018-02-08,000001,1649.08,1612.83,1660.34,1611.58,2137815,2711464880.0,2.94,-2.86,-47.51,1.26
2018-02-09,000001,1555.32,1506.56,1555.32,1467.8,2824950,3308553504.0,5.43,-6.59,-106.27,1.67
2018-02-12,000001,1517.81,1510.31,1525.31,1490.31,1228782,1439644320.0,2.32,0.25,3.75,0.73
2018-02-13,000001,1529.06,1537.82,1571.57,1525.31,1298179,1562420000.0,3.06,1.82,27.51,0.77
2018-02-14,000001,1540.32,1545.32,1549.07,1515.31,864190,1030474416.0,2.2,0.49,7.5,0.51
2018-02-22,000001,1576.57,1602.83,1611.58,1576.57,1268406,1573562576.0,2.27,3.72,57.51,0.75
2018-02-23,000001,1617.83,1621.58,1644.08,1601.58,1013663,1278185728.0,2.65,1.17,18.75,0.6
2018-02-26,000001,1641.58,1624.08,1651.58,1601.58,1045759,1318960464.0,3.08,0.15,2.5,0.62
2018-02-27,000001,1625.33,1580.32,1632.83,1569.07,1285869,1590018496.0,3.93,-2.69,-43.76,0.76
2018-02-28,000001,1557.82,1551.57,1569.07,1536.57,1214146,1463313696.0,2.06,-1.82,-28.75,0.72
2018-03-01,000001,1535.32,1550.32,1564.07,1532.81,886957,1069354496.0,2.01,-0.08,-1.25,0.52
2018-03-02,000001,1535.32,1539.07,1550.32,1526.56,663124,791736480.0,1.53,-0.73,-11.25,0.39
2018-03-05,000001,1536.57,1527.81,1555.32,1520.31,754183,897244272.0,2.27,-0.73,-11.26,0.45
2018-03-06,000001,1539.07,1557.82,1559.07,1516.56,1150162,1373438384.0,2.78,1.96,30.01,0.68
2018-03-07,000001,1564.07,1551.57,1587.82,1550.32,1427570,1744085264.0,2.41,-0.4,-6.25,0.84
2018-03-08,000001,1551.57,1559.07,1564.07,1539.07,689755,832153696.0,1.61,0.48,7.5,0.41
2018-03-09,000001,1564.07,1556.57,1570.32,1542.82,943877,1139043568.0,1.76,-0.16,-2.5,0.56
2018-03-12,000001,1564.07,1549.07,1566.57,1539.07,1268701,1526643472.0,1.77,-0.48,-7.5,0.75
2018-03-13,000001,1550.32,1547.82,1572.82,1545.32,1082267,1309543472.0,1.78,-0.08,-1.25,0.64
2018-03-14,000001,1542.82,1535.32,1545.32,1524.06,635594,757090752.0,1.37,-0.81,-12.5,0.38
2018-03-15,000001,1519.06,1509.06,1526.56,1502.81,1155695,1356878640.0,1.55,-1.71,-26.26,0.68
2018-03-16,000001,1510.31,1500.31,1526.56,1500.31,962983,1130784176.0,1.74,-0.58,-8.75,0.57
2018-03-19,000001,1502.81,1524.06,1525.31,1496.56,808539,947664752.0,1.92,1.58,23.75,0.48
2018-03-20,000001,1512.81,1522.81,1530.31,1510.31,776150,916858480.0,1.31,-0.08,-1.25,0.46
2018-03-21,000001,1539.07,1532.81,1560.32,1526.56,1445110,1736437408.0,2.22,0.66,10.0,0.85
2018-03-22,000001,1532.81,1502.81,1541.57,1497.81,984278,1155741056.0,2.85,-1.96,-30.0,0.58
2018-03-23,000001,1451.55,1462.8,1464.05,1410.29,1825691,2037734400.0,3.58,-2.66,-40.01,1.08
2018-03-26,000001,1439.05,1411.54,1445.3,1402.79,1383599,1519435008.0,2.91,-3.5,-51.26,0.82
2018-03-27,000001,1432.8,1412.79,1441.55,1402.79,1103934,1213989936.0,2.75,0.09,1.25,0.65
2018-03-28,000001,1401.54,1406.54,1437.8,1394.04,1099023,1201023440.0,3.1,-0.44,-6.25,0.65
2018-03-29,000001,1410.29,1426.55,1441.55,1364.04,1330602,1445281824.0,5.51,1.42,20.01,0.79
2018-03-30,000001,1425.3,1407.79,1426.55,1405.29,752174,823438176.0,1.49,-1.32,-18.76,0.44
2018-04-02,000001,1404.04,1384.04,1419.05,1382.79,1109316,1200911984.0,2.58,-1.69,-23.75,0.66
2018-04-03,000001,1370.29,1365.29,1379.04,1359.04,890746,942237808.0,1.45,-1.35,-18.75,0.53
2018-04-04,000001,1380.29,1404.04,1421.55,1370.29,1602489,1737258896.0,3.75,2.84,38.75,0.95
2018-04-09,000001,1395.29,1422.8,1432.8,1386.54,1074796,1180084368.0,3.29,1.34,18.76,0.64
2018-04-10,000001,1422.8,1472.8,1477.81,1416.55,1390951,1562265088.0,4.31,3.51,50.0,0.82
2018-04-11,000001,1469.05,1524.06,1535.32,1467.8,2095970,2458982160.0,4.58,3.48,51.26,1.24
2018-04-12,000001,1520.31,1485.31,1524.06,1472.8,1173128,1364675856.0,3.36,-2.54,-38.75,0.69
2018-04-13,000001,1500.31,1491.56,1519.06,1476.56,1300256,1516155520.0,2.86,0.42,6.25,0.77
2018-04-16,000001,1479.06,1432.8,1479.06,1424.05,1427073,1593706080.0,3.69,-3.94,-58.76,0.84
2018-04-17,000001,1435.3,1446.55,1476.56,1434.05,1301892,1468159344.0,2.97,0.96,13.75,0.77
2018-04-18,000001,1476.56,1482.81,1496.56,1455.3,1475845,1692722928.0,2.85,2.51,36.26,0.87
2018-04-19,000001,1485.31,1479.06,1506.56,1472.8,849132,979593568.0,2.28,-0.25,-3.75,0.5
2018-04-20,000001,1484.06,1464.05,1492.81,1445.3,958691,1090801312.0,3.21,-1.01,-15.01,0.57
2018-04-23,000001,1457.8,1491.56,1496.56,1452.8,1070289,1228544000.0,2.99,1.88,27.51,0.63
2018-04-24,000001,1499.06,1527.81,1537.82,1492.81,1461099,1725152192.0,3.02,2.43,36.25,0.86
2018-04-25,000001,1515.31,1505.31,1521.56,1499.06,730286,854713248.0,1.47,-1.47,-22.5,0.43
2018-04-26,000001,1502.81,1472.8,1506.56,1459.05,874236,1002483152.0,3.16,-2.16,-32.51,0.52
2018-04-27,000001,1481.56,1401.54,1484.06,1374.04,2709796,2958464272.0,7.47,-4.84,-71.26,1.6
2018-05-02,000001,1416.55,1405.29,1424.05,1395.29,1190523,1295804416.0,2.05,0.27,3.75,0.7
2018-05-03,000001,1402.79,1389.04,1405.29,1366.54,1281356,1372765840.0,2.76,-1.16,-16.25,0.76
2018-05-04,000001,1386.54,1380.29,1399.04,1377.79,710510,761302464.0,1.53,-0.63,-8.75,0.42
2018-05-07,000001,1382.79,1396.54,1399.04,1375.29,974310,1046743104.0,1.72,1.18,16.25,0.58
2018-05-08,000001,1399.04,1421.55,1439.05,1395.29,1373306,1511546688.0,3.13,1.79,25.01,0.81
2018-05-09,000001,1417.8,1416.55,1424.05,1405.29,627656,687036880.0,1.32,-0.35,-5.0,0.37
2018-05-10,000001,1424.05,1421.55,1431.55,1409.04,552736,607350000.0,1.59,0.35,5.0,0.33
2018-05-11,000001,1425.3,1421.55,1436.55,1415.29,772370,853271168.0,1.5,0.0,0.0,0.46
2018-05-14,000001,1431.55,1442.8,1449.05,1424.05,1039297,1158064208.0,1.76,1.49,21.25,0.61
2018-05-15,000001,1442.8,1435.3,1444.05,1422.8,669261,742590448.0,1.47,-0.52,-7.5,0.4
2018-05-16,000001,1429.05,1407.79,1429.05,1406.54,714362,782694672.0,1.57,-1.92,-27.51,0.42
2018-05-17,000001,1409.04,1397.79,1412.79,1392.79,586494,635675440.0,1.42,-0.71,-10.0,0.35
2018-05-18,000001,1396.54,1415.29,1416.55,1390.29,578385,628250192.0,1.88,1.25,17.5,0.34
2018-05-21,000001,1429.05,1414.04,1434.05,1411.54,763534,838750576.0,1.59,-0.09,-1.25,0.44
2018-05-22,000001,1414.04,1402.79,1417.8,1394.04,589872,639815248.0,1.68,-0.8,-11.25,0.34
2018-05-23,000001,1397.79,1376.54,1397.79,1372.79,991016,1058587808.0,1.78,-1.87,-26.25,0.58
2018-05-24,000001,1377.79,1371.54,1380.29,1367.79,688152,730678768.0,0.91,-0.36,-5.0,0.4
2018-05-25,000001,1371.54,1369.04,1379.04,1364.04,593336,629735456.0,1.09,-0.18,-2.5,0.35
2018-05-28,000001,1367.79,1369.04,1377.79,1359.04,569401,602590752.0,1.37,0.0,0.0,0.33
2018-05-29,000001,1367.79,1342.78,1374.04,1339.03,889495,930386960.0,2.56,-1.92,-26.26,0.52
2018-05-30,000001,1331.53,1305.28,1331.53,1301.53,1124447,1139918752.0,2.23,-2.79,-37.5,0.65
2018-05-31,000001,1309.03,1317.78,1319.03,1297.78,987360,999216336.0,1.63,0.96,12.5,0.58
2018-06-01,000001,1314.03,1319.03,1331.53,1304.03,597211,608398864.0,2.09,0.09,1.25,0.35
2018-06-04,000001,1324.03,1329.03,1334.03,1314.03,593038,608291984.0,1.52,0.76,10.0,0.35
2018-06-05,000001,1331.53,1327.78,1332.78,1309.03,656541,670740304.0,1.79,-0.09,-1.25,0.38
2018-06-06,000001,1326.53,1312.78,1327.78,1307.78,712743,724032800.0,1.51,-1.13,-15.0,0.42
2018-06-07,000001,1320.28,1341.53,1352.78,1317.78,1262638,1306425472.0,2.67,2.19,28.75,0.74
2018-06-08,000001,1336.53,1310.28,1336.53,1302.78,1099380,1114968864.0,2.52,-2.33,-31.25,0.64
2018-06-11,000001,1302.78,1300.28,1311.53,1295.27,721375,724688000.0,1.24,-0.76,-10.0,0.42
2018-06-12,000001,1299.03,1302.78,1305.28,1289.02,913301,914001696.0,1.25,0.19,2.5,0.53
2018-06-13,000001,1300.28,1289.02,1302.78,1289.02,530584,530483760.0,1.06,-1.06,-13.76,0.31
2018-06-14,000001,1289.02,1304.03,1314.03,1285.27,866392,872487568.0,2.23,1.16,15.01,0.5
2018-06-15,000001,1305.28,1316.53,1331.53,1302.78,1248708,1273412992.0,2.2,0.96,12.5,0.73
2018-06-19,000001,1301.53,1279.02,1314.03,1272.77,1565874,1565756560.0,3.13,-2.85,-37.51,0.91
2018-06-20,000001,1279.02,1284.02,1289.02,1265.27,763637,752950704.0,1.86,0.39,5.0,0.44
2018-06-21,000001,1286.52,1277.77,1300.28,1277.77,840071,836014832.0,1.75,-0.49,-6.25,0.49
2018-06-22,000001,1270.27,1276.52,1279.02,1266.52,657819,645752912.0,0.98,-0.1,-1.25,0.38
2018-06-25,000001,1284.02,1227.76,1285.27,1217.76,1195213,1154559088.0,5.29,-3.82,-48.76,0.7
2018-06-26,000001,1219.01,1215.26,1225.26,1181.51,1124157,1042528544.0,3.56,-1.02,-12.5,0.65
2018-06-27,000001,1209.01,1181.51,1220.26,1174.0,1045143,958871648.0,3.81,-2.78,-33.75,0.61
2018-06-28,000001,1164.0,1160.25,1180.26,1154.0,1110764,996801232.0,2.22,-1.8,-21.26,0.65
2018-06-29,000001,1171.5,1181.51,1186.51,1165.25,675300,611346096.0,1.83,1.83,21.26,0.39
2018-07-02,000001,1176.5,1121.5,1176.5,1113.99,1315520,1158545872.0,5.29,-5.08,-60.01,0.77
2018-07-03,000001,1131.5,1129.0,1132.75,1101.49,1274839,1096657040.0,2.79,0.67,7.5,0.74
2018-07-04,000001,1124.0,1121.5,1139.0,1121.5,711153,617278560.0,1.55,-0.66,-7.5,0.41
2018-07-05,000001,1122.75,1120.24,1136.5,1113.99,835769,722169584.0,2.01,-0.11,-1.26,0.49
2018-07-06,000001,1121.5,1127.75,1142.75,1101.49,988283,852071520.0,3.68,0.67,7.51,0.58
2018-07-09,000001,1131.5,1174.0,1174.0,1130.25,1409955,1255007616.0,3.88,4.1,46.25,0.82
2018-07-10,000001,1172.75,1167.75,1172.75,1156.5,896862,803038960.0,1.38,-0.53,-6.25,0.52
2018-07-11,000001,1140.25,1142.75,1149.0,1130.25,851297,744765824.0,1.61,-2.14,-25.0,0.5
2018-07-12,000001,1137.25,1172.25,1183.51,1134.75,1140492,1008658832.0,4.27,2.58,29.5,0.66
2018-07-13,000001,1177.25,1172.25,1179.76,1164.75,603378,535401168.0,1.28,0.0,0.0,0.35
2018-07-16,000001,1168.5,1153.5,1174.75,1148.5,689846,603427712.0,2.24,-1.6,-18.75,0.4
2018-07-17,000001,1154.75,1152.25,1156.0,1144.75,375356,326396992.0,0.98,-0.11,-1.25,0.22
2018-07-18,000001,1156.0,1149.75,1168.5,1148.5,525153,460697376.0,1.74,-0.22,-2.5,0.31
2018-07-19,000001,1156.0,1153.5,1163.5,1148.5,461372,403674304.0,1.3,0.33,3.75,0.27
2018-07-20,000001,1153.5,1201.01,1212.26,1138.5,1754277,1576843936.0,6.39,4.12,47.51,1.02
2018-07-23,000001,1192.26,1239.77,1243.52,1187.26,1781688,1646028016.0,4.68,3.23,38.76,1.04
2018-07-24,000001,1236.01,1237.26,1261.02,1228.51,1425894,1348746832.0,2.62,-0.2,-2.51,0.83
2018-07-25,000001,1242.27,1234.76,1246.02,1228.51,614123,575752176.0,1.42,-0.2,-2.5,0.36
2018-07-26,000001,1237.26,1218.51,1247.27,1213.51,833358,778429760.0,2.73,-1.32,-16.25,0.49
2018-07-27,000001,1224.76,1218.51,1232.26,1209.76,515126,477527424.0,1.85,0.0,0.0,0.3
2018-07-30,000001,1227.26,1236.01,1248.52,1219.76,706386,661767552.0,2.36,1.44,17.5,0.41
2018-07-31,000001,1233.51,1239.77,1248.52,1218.51,720151,674484656.0,2.43,0.3,3.76,0.42
2018-08-01,000001,1239.77,1206.01,1249.77,1201.01,814082,759282224.0,3.93,-2.72,-33.76,0.47
2018-08-02,000001,1203.51,1179.76,1206.01,1172.25,931401,839272256.0,2.8,-2.18,-26.25,0.54
2018-08-03,000001,1178.5,1176.0,1199.76,1176.0,476547,428641520.0,2.01,-0.32,-3.76,0.28
2018-08-06,000001,1179.76,1179.76,1201.01,1173.5,554010,497906688.0,2.34,0.32,3.76,0.32
2018-08-07,000001,1182.26,1208.51,1208.51,1172.25,690423,624359664.0,3.07,2.44,28.75,0.4
2018-08-08,000001,1207.26,1193.51,1207.26,1192.26,578953,527526992.0,1.24,-1.24,-15.0,0.34
2018-08-09,000001,1192.26,1223.51,1231.01,1189.76,806784,746469808.0,3.46,2.51,30.0,0.47
2018-08-10,000001,1224.76,1216.01,1227.26,1207.26,424168,391366336.0,1.63,-0.61,-7.5,0.25
2018-08-13,000001,1202.26,1193.51,1207.26,1174.75,818491,736947792.0,2.67,-1.85,-22.5,0.48
2018-08-14,000001,1191.01,1187.26,1192.26,1179.76,430240,386334624.0,1.05,-0.52,-6.25,0.25
2018-08-15,000001,1189.76,1161.0,1189.76,1156.0,670443,594759520.0,2.84,-2.21,-26.26,0.39
2018-08-16,000001,1153.5,1159.75,1173.5,1142.25,638273,559523120.0,2.69,-0.11,-1.25,0.37
2018-08-17,000001,1172.25,1163.5,1179.76,1159.75,649477,576683264.0,1.73,0.32,3.75,0.38
2018-08-20,000001,1174.75,1187.26,1189.76,1171.0,681322,609934720.0,1.61,2.04,23.76,0.4
2018-08-21,000001,1189.76,1216.01,1219.76,1188.51,1264474,1163292800.0,2.63,2.42,28.75,0.74
2018-08-22,000001,1217.26,1223.51,1229.76,1203.51,982434,909598736.0,2.16,0.62,7.5,0.57
2018-08-23,000001,1224.76,1232.26,1239.77,1216.01,729075,680941392.0,1.94,0.72,8.75,0.42
2018-08-24,000001,1226.01,1316.03,1347.28,1223.51,3040408,2995071984.0,10.04,6.8,83.77,1.77
2018-08-27,000001,1314.78,1366.04,1366.04,1308.53,2218424,2251527728.0,4.37,3.8,50.01,1.29
2018-08-28,000001,1354.78,1348.53,1366.04,1342.28,1289777,1331917856.0,1.74,-1.28,-17.51,0.75
2018-08-29,000001,1343.53,1346.03,1353.53,1331.03,901883,923581552.0,1.67,-0.19,-2.5,0.53
2018-08-30,000001,1346.03,1327.28,1356.03,1322.28,994918,1013877520.0,2.51,-1.39,-18.75,0.58
2018-08-31,000001,1328.53,1328.53,1352.28,1324.78,1310865,1337898864.0,2.07,0.09,1.25,0.76
2018-09-03,000001,1323.53,1336.03,1349.78,1323.53,711696,725303296.0,1.98,0.56,7.5,0.41
2018-09-04,000001,1337.28,1366.04,1381.04,1321.03,1296342,1339756560.0,4.49,2.25,30.01,0.75
2018-09-05,000001,1349.78,1318.53,1353.53,1318.53,1179453,1202345696.0,2.56,-3.48,-47.51,0.69
2018-09-06,000001,1318.53,1308.53,1329.78,1306.03,711778,713975744.0,1.8,-0.76,-10.0,0.41
2018-09-07,000001,1317.28,1313.53,1334.78,1303.53,809035,815151728.0,2.39,0.38,5.0,0.47
2018-09-10,000001,1313.53,1297.27,1321.03,1292.27,636989,631174176.0,2.19,-1.24,-16.26,0.37
2018-09-11,000001,1299.78,1301.03,1316.03,1288.52,712968,707337568.0,2.12,0.29,3.76,0.42
2018-09-12,000001,1296.02,1297.27,1308.53,1289.77,564829,558399568.0,1.44,-0.29,-3.76,0.33
2018-09-13,000001,1323.53,1307.28,1324.78,1292.27,999726,993389968.0,2.51,0.77,10.01,0.58
2018-09-14,000001,1309.78,1292.27,1309.78,1288.52,619750,611422480.0,1.63,-1.15,-15.01,0.36
2018-09-17,000001,1287.27,1273.52,1287.27,1272.27,517082,502609648.0,1.16,-1.45,-18.75,0.3
2018-09-18,000001,1278.52,1322.28,1327.28,1274.77,1126807,1120867536.0,4.12,3.83,48.76,0.66
2018-09-19,000001,1316.03,1342.28,1354.78,1316.03,1231549,1257191504.0,2.93,1.51,20.0,0.72
2018-09-20,000001,1346.03,1341.03,1357.29,1336.03,620348,636742816.0,1.58,-0.09,-1.25,0.36
2018-09-21,000001,1344.78,1396.04,1399.79,1334.78,1624518,1707850480.0,4.85,4.1,55.01,0.95
2018-09-25,000001,1377.29,1381.04,1397.29,1372.29,977015,1030715792.0,1.79,-1.07,-15.0,0.57
2018-09-26,000001,1388.54,1401.04,1427.3,1377.29,1490513,1600626208.0,3.62,1.45,20.0,0.87
2018-09-27,000001,1393.54,1404.79,1417.3,1383.54,880363,942200400.0,2.41,0.27,3.75,0.51
2018-09-28,000001,1409.79,1443.55,1471.05,1409.79,2110243,2331358288.0,4.36,2.76,38.76,1.23
2018-10-08,000001,1399.79,1368.54,1411.04,1368.54,1686359,1793455280.0,2.94,-5.2,-75.01,0.98
2018-10-09,000001,1369.79,1382.29,1399.79,1361.04,1064084,1117946544.0,2.83,1.0,13.75,0.62
2018-10-10,000001,1379.79,1368.54,1394.79,1359.79,995200,1045666176.0,2.53,-0.99,-13.75,0.58
2018-10-11,000001,1318.53,1294.77,1332.28,1274.77,1995144,1994186608.0,4.2,-5.39,-73.77,1.16
2018-10-12,000001,1308.53,1349.78,1354.78,1296.02,1516810,1532651408.0,4.54,4.25,55.01,0.88
2018-10-15,000001,1361.04,1326.03,1371.04,1323.53,1402685,1443043056.0,3.52,-1.76,-23.75,0.82
2018-10-16,000001,1329.78,1358.54,1379.79,1327.28,1396921,1450020368.0,3.96,2.45,32.51,0.81
2018-10-17,000001,1374.79,1353.53,1381.04,1329.78,1350890,1400306336.0,3.77,-0.37,-5.01,0.79
2018-10-18,000001,1348.53,1323.53,1348.53,1319.78,1001156,1015654816.0,2.12,-2.22,-30.0,0.58
2018-10-19,000001,1306.03,1407.29,1409.79,1302.28,2083667,2173571248.0,8.12,6.33,83.76,1.21
2018-10-22,000001,1413.54,1456.05,1494.81,1409.79,2645543,2932714464.0,6.04,3.46,48.76,1.54
2018-10-23,000001,1462.3,1417.3,1464.8,1403.54,1602546,1759265952.0,4.21,-2.66,-38.75,0.93
2018-10-24,000001,1424.8,1442.3,1478.56,1412.29,1829425,2026171904.0,4.68,1.76,25.0,1.07
2018-10-25,000001,1412.29,1473.55,1473.55,1401.04,1685011,1855823744.0,5.03,2.17,31.25,0.98
2018-10-26,000001,1473.55,1459.8,1476.06,1432.3,1299975,1448843520.0,2.97,-0.93,-13.75,0.76
2018-10-29,000001,1462.3,1406.04,1467.3,1389.79,1591629,1725932496.0,5.31,-3.68,-53.76,0.93
2018-10-30,000001,1409.79,1424.8,1447.3,1403.54,1501828,1641371792.0,3.11,1.33,18.76,0.87
2018-10-31,000001,1431.05,1426.05,1436.05,1406.04,1152684,1252156768.0,2.11,0.09,1.25,0.67
2018-11-01,000001,1436.05,1416.05,1443.55,1407.29,1542776,1679443456.0,2.54,-0.7,-10.0,0.9
2018-11-02,000001,1442.3,1448.55,1457.3,1416.05,2212923,2439179136.0,2.91,2.3,32.5,1.29
2018-11-05,000001,1431.05,1427.3,1442.3,1414.79,1291924,1409457168.0,1.9,-1.47,-21.25,0.75
2018-11-06,000001,1421.05,1417.3,1428.55,1403.54,735726,795322640.0,1.75,-0.7,-10.0,0.43
2018-11-07,000001,1416.05,1413.54,1431.05,1406.04,785597,851487056.0,1.76,-0.27,-3.76,0.46
2018-11-08,000001,1422.3,1423.55,1433.55,1414.79,793976,864744240.0,1.33,0.71,10.01,0.46
2018-11-09,000001,1401.04,1381.04,1403.54,1362.29,1629269,1716198384.0,2.9,-2.99,-42.51,0.95
2018-11-12,000001,1369.79,1382.29,1384.79,1359.79,920334,965756512.0,1.81,0.09,1.25,0.54
2018-11-13,000001,1363.54,1379.79,1393.54,1359.79,1072498,1126736144.0,2.44,-0.18,-2.5,0.62
2018-11-14,000001,1378.54,1367.29,1381.04,1364.79,774240,810357744.0,1.18,-0.91,-12.5,0.45
2018-11-15,000001,1367.29,1389.79,1392.29,1364.79,901462,949991808.0,2.01,1.65,22.5,0.53
2018-11-16,000001,1388.54,1383.54,1402.29,1373.54,1059593,1123173216.0,2.07,-0.45,-6.25,0.62
2018-11-19,000001,1383.54,1418.55,1422.3,1383.54,1360887,1466899424.0,2.8,2.53,35.01,0.79
2018-11-20,000001,1406.04,1383.54,1412.29,1377.29,1033878,1099654688.0,2.47,-2.47,-35.01,0.6
2018-11-21,000001,1374.79,1388.54,1396.04,1372.29,666157,705638352.0,1.72,0.36,5.0,0.39
2018-11-22,000001,1396.04,1381.04,1396.04,1372.29,500268,527103280.0,1.71,-0.54,-7.5,0.29
2018-11-23,000001,1378.54,1352.28,1384.79,1351.03,700358,730667664.0,2.44,-2.08,-28.76,0.41
2018-11-26,000001,1354.78,1354.78,1369.79,1349.78,516569,535963344.0,1.48,0.18,2.5,0.3
2018-11-27,000001,1356.03,1334.78,1361.04,1332.28,733448,752824128.0,2.12,-1.48,-20.0,0.43
2018-11-28,000001,1333.53,1347.28,1351.03,1332.28,537751,550820240.0,1.4,0.94,12.5,0.31
2018-11-29,000001,1356.03,1337.28,1361.04,1336.03,485284,499068832.0,1.86,-0.74,-10.0,0.28
2018-11-30,000001,1339.78,1357.29,1357.29,1333.53,594715,610571536.0,1.78,1.5,20.01,0.35
2018-12-03,000001,1386.04,1386.04,1394.79,1371.04,1064097,1126374832.0,1.75,2.12,28.75,0.62
2018-12-04,000001,1383.54,1386.04,1389.79,1378.54,534813,565743744.0,0.81,0.0,0.0,0.31
2018-12-05,000001,1373.54,1368.54,1376.04,1362.29,581545,608133296.0,0.99,-1.26,-17.5,0.34
2018-12-06,000001,1357.29,1343.53,1358.54,1341.03,578866,594649680.0,1.28,-1.83,-25.01,0.34
2018-12-07,000001,1349.78,1347.28,1361.04,1346.03,340216,351101376.0,1.12,0.28,3.75,0.2
2018-12-10,000001,1339.78,1333.53,1346.03,1328.53,494819,504040656.0,1.3,-1.02,-13.75,0.29
2018-12-11,000001,1338.53,1341.03,1344.78,1333.53,299090,305389216.0,0.84,0.56,7.5,0.17
2018-12-12,000001,1349.78,1342.28,1352.28,1337.28,366379,375402864.0,1.12,0.09,1.25,0.21
2018-12-13,000001,1343.53,1361.04,1372.29,1337.28,790845,819920688.0,2.61,1.4,18.76,0.46
2018-12-14,000001,1354.78,1333.53,1356.03,1332.28,526675,539263008.0,1.74,-2.02,-27.51,0.31
2018-12-17,000001,1332.28,1348.53,1353.53,1324.78,571275,584679520.0,2.16,1.12,15.0,0.33
2018-12-18,000001,1337.28,1327.28,1352.28,1324.78,537744,547157568.0,2.04,-1.58,-21.25,0.31
2018-12-19,000001,1329.78,1304.78,1334.78,1299.78,598007,600090176.0,2.64,-1.7,-22.5,0.35
2018-12-20,000001,1302.28,1276.02,1308.53,1266.02,990285,964202864.0,3.26,-2.2,-28.76,0.58
2018-12-21,000001,1272.27,1243.52,1274.77,1228.51,1000617,944460336.0,3.63,-2.55,-32.5,0.58
2018-12-24,000001,1237.26,1239.77,1243.52,1226.01,509118,477186912.0,1.41,-0.3,-3.75,0.3
2018-12-25,000001,1223.51,1229.76,1241.02,1213.51,586615,545235600.0,2.22,-0.81,-10.01,0.34
2018-12-26,000001,1231.01,1224.76,1239.77,1221.01,421141,393215136.0,1.53,-0.41,-5.0,0.25
2018-12-27,000001,1243.52,1222.26,1248.52,1222.26,624593,586343760.0,2.14,-0.2,-2.5,0.36
2018-12-28,000001,1226.01,1234.76,1244.77,1226.01,576604,541571008.0,1.53,1.02,12.5,0.34
2019-01-02,000001,1236.01,1211.01,1239.77,1207.26,539386,498695104.0,2.63,-1.92,-23.75,0.31
2019-01-03,000001,1209.76,1222.26,1228.51,1206.01,415538,384457712.0,1.86,0.93,11.25,0.24
2019-01-04,000001,1217.26,1281.02,1289.77,1214.76,1481159,1422149888.0,6.14,4.81,58.76,0.86
2019-01-07,000001,1292.27,1279.77,1293.52,1266.02,865688,841166432.0,2.15,-0.1,-1.25,0.5
2019-01-08,000001,1278.52,1269.77,1279.77,1264.77,402388,389247792.0,1.17,-0.78,-10.0,0.23
2019-01-09,000001,1279.77,1304.78,1322.28,1274.77,1233486,1229465120.0,3.74,2.76,35.01,0.72
2019-01-10,000001,1296.02,1324.78,1337.28,1294.77,1071818,1079711040.0,3.26,1.53,20.0,0.62
2019-01-11,000001,1326.03,1337.28,1339.78,1318.53,696365,708001808.0,1.6,0.94,12.5,0.41
2019-01-14,000001,1339.78,1326.03,1343.53,1321.03,500444,507862880.0,1.68,-0.84,-11.25,0.29
2019-01-15,000001,1326.03,1342.28,1347.28,1323.53,542161,553027312.0,1.79,1.23,16.25,0.32
2019-01-16,000001,1342.28,1372.29,1374.79,1341.03,977699,1017495120.0,2.52,2.24,30.01,0.57
2019-01-17,000001,1379.79,1343.53,1383.54,1333.53,882812,910212064.0,3.64,-2.1,-28.76,0.51
2019-01-18,000001,1354.78,1366.04,1373.54,1347.28,738793,769973632.0,1.95,1.68,22.51,0.43
2019-01-21,000001,1354.78,1354.78,1371.04,1352.28,659356,684465648.0,1.37,-0.82,-11.26,0.38
2019-01-22,000001,1354.78,1347.28,1367.29,1344.78,424414,438991456.0,1.66,-0.55,-7.5,0.25
2019-01-23,000001,1348.53,1356.03,1371.04,1348.53,537877,559384400.0,1.67,0.65,8.75,0.31
2019-01-24,000001,1362.29,1377.29,1381.04,1358.54,679241,711495712.0,1.66,1.57,21.26,0.4
2019-01-25,000001,1382.29,1437.3,1442.3,1381.04,2108362,2299718224.0,4.45,4.36,60.01,1.23
2019-01-28,000001,1442.3,1429.8,1454.8,1422.3,1035910,1141853840.0,2.26,-0.52,-7.5,0.6
2019-01-29,000001,1432.3,1437.3,1446.05,1408.54,826631,904847856.0,2.62,0.52,7.5,0.48
2019-01-30,000001,1431.05,1431.05,1459.8,1419.8,712001,785204576.0,2.78,-0.43,-6.25,0.41
2019-01-31,000001,1434.8,1449.8,1462.3,1429.8,831623,922602880.0,2.27,1.31,18.75,0.48
2019-02-01,000001,1462.3,1462.3,1468.55,1432.3,1014270,1127216192.0,2.5,0.86,12.5,0.59
2019-02-11,000001,1447.3,1463.55,1463.55,1433.55,801937,889951536.0,2.05,0.09,1.25,0.47
2019-02-12,000001,1462.3,1461.05,1476.06,1441.05,959937,1071873088.0,2.39,-0.17,-2.5,0.56
2019-02-13,000001,1461.05,1484.81,1488.56,1452.3,1137366,1280182096.0,2.48,1.63,23.76,0.66
2019-02-14,000001,1474.8,1468.55,1478.56,1461.05,869185,977818096.0,1.18,-1.1,-16.26,0.51
2019-02-15,000001,1466.05,1431.05,1466.05,1424.8,1100127,1213914432.0,2.81,-2.55,-37.5,0.64
2019-02-18,000001,1443.55,1482.31,1482.31,1442.3,1255522,1408279680.0,2.8,3.58,51.26,0.73
2019-02-19,000001,1482.31,1471.05,1514.81,1467.3,1270882,1445281376.0,3.21,-0.76,-11.26,0.74
2019-02-20,000001,1478.56,1488.56,1503.56,1468.55,832630,949430816.0,2.38,1.19,17.51,0.48
2019-02-21,000001,1484.81,1482.31,1506.06,1472.3,754246,860591072.0,2.27,-0.42,-6.25,0.44
2019-02-22,000001,1481.06,1504.81,1508.56,1456.05,1184048,1343020336.0,3.54,1.52,22.5,0.69
2019-02-25,000001,1524.81,1631.08,1642.33,1508.56,2824935,3415946864.0,8.89,8.39,126.27,1.65
2019-02-26,000001,1631.08,1587.32,1633.58,1581.07,2017545,2485673360.0,3.22,-2.68,-43.76,1.18
2019-02-27,000001,1592.32,1612.33,1644.83,1581.07,1979014,2454404416.0,4.02,1.58,25.01,1.15
2019-02-28,000001,1617.33,1607.33,1638.58,1596.08,1113100,1383110816.0,2.64,-0.31,-5.0,0.65
2019-03-01,000001,1622.33,1657.34,1659.84,1587.32,1712679,2137669552.0,4.51,3.11,50.01,1.0
2019-03-04,000001,1649.83,1686.09,1734.85,1639.83,2456830,3195011696.0,5.73,1.73,28.75,1.43
2019-03-05,000001,1676.09,1694.84,1723.6,1667.34,1408422,1838251664.0,3.34,0.52,8.75,0.82
2019-03-06,000001,1694.84,1697.34,1706.09,1667.34,1245760,1614670976.0,2.29,0.15,2.5,0.73
2019-03-07,000001,1694.84,1654.84,1694.84,1631.08,1782057,2274151008.0,3.76,-2.5,-42.5,1.04
2019-03-08,000001,1623.58,1599.83,1649.83,1593.58,1778162,2214572416.0,3.4,-3.32,-55.01,1.04
2019-03-11,000001,1599.83,1602.33,1623.58,1568.57,1157651,1416000384.0,3.44,0.16,2.5,0.67
2019-03-12,000001,1623.58,1607.33,1642.33,1592.32,1411795,1757797248.0,3.12,0.31,5.0,0.82
2019-03-13,000001,1604.83,1608.58,1631.08,1578.57,1269427,1568387536.0,3.27,0.08,1.25,0.74
2019-03-14,000001,1603.58,1616.08,1639.83,1596.08,1057468,1316372928.0,2.72,0.47,7.5,0.62
2019-03-15,000001,1604.83,1624.83,1647.33,1604.83,1045406,1311323008.0,2.63,0.54,8.75,0.61
2019-03-18,000001,1628.58,1676.09,1679.84,1602.33,1486455,1882483632.0,4.77,3.15,51.26,0.87
2019-03-19,000001,1677.34,1661.09,1679.84,1638.58,957196,1221118288.0,2.46,-0.89,-15.0,0.56
2019-03-20,000001,1647.33,1656.09,1672.34,1639.83,929996,1185477056.0,1.96,-0.3,-5.0,0.54
2019-03-21,000001,1658.59,1648.58,1662.34,1634.83,860141,1092506480.0,1.66,-0.45,-7.51,0.5
2019-03-22,000001,1648.58,1636.08,1654.84,1624.83,713502,898629424.0,1.82,-0.76,-12.5,0.42
2019-03-25,000001,1612.33,1576.07,1612.33,1574.82,1179883,1445560160.0,2.29,-3.67,-60.01,0.69
2019-03-26,000001,1591.07,1574.82,1598.58,1563.57,935393,1136721264.0,2.22,-0.08,-1.25,0.54
2019-03-27,000001,1592.32,1609.83,1621.08,1584.82,922827,1138302656.0,2.3,2.22,35.01,0.54
2019-03-28,000001,1601.08,1589.82,1601.08,1574.82,732467,892530624.0,1.63,-1.24,-20.01,0.43
2019-03-29,000001,1594.83,1664.84,1664.84,1588.57,1669506,2108295392.0,4.8,4.72,75.02,0.97
2019-04-01,000001,1666.09,1709.84,1756.1,1666.09,1951401,2588268672.0,5.41,2.7,45.0,1.14
2019-04-02,000001,1722.35,1732.35,1747.35,1716.1,1100384,1466040992.0,1.83,1.32,22.51,0.64
2019-04-03,000001,1713.6,1742.35,1743.6,1706.09,792916,1056166224.0,2.17,0.58,10.0,0.46
2019-04-04,000001,1741.1,1794.86,1812.36,1741.1,2034365,2796366352.0,4.09,3.01,52.51,1.18
2019-04-08,000001,1799.86,1807.36,1866.12,1777.36,1743176,2464536240.0,4.95,0.7,12.5,1.02
2019-04-09,000001,1796.11,1788.61,1809.86,1781.11,781332,1080549200.0,1.59,-1.04,-18.75,0.46
2019-04-10,000001,1781.11,1778.61,1797.36,1737.35,947135,1289475600.0,3.36,-0.56,-10.0,0.55
2019-04-11,000001,1778.61,1754.85,1807.36,1748.6,655357,897382240.0,3.3,-1.34,-23.76,0.38
2019-04-12,000001,1748.6,1739.85,1761.1,1713.6,774325,1035139680.0,2.71,-0.85,-15.0,0.45
2019-04-15,000001,1777.36,1773.61,1823.61,1769.85,1533891,2134708976.0,3.09,1.94,33.76,0.89
2019-04-16,000001,1771.11,1884.87,1884.87,1756.1,2379375,3379550304.0,7.26,6.27,111.26,1.39
2019-04-17,000001,1864.87,1856.12,1886.12,1841.12,1004110,1443493488.0,2.39,-1.53,-28.75,0.58
2019-04-18,000001,1849.87,1854.87,1858.62,1826.11,507045,721908800.0,1.75,-0.07,-1.25,0.3
2019-04-19,000001,1868.62,1903.63,1912.38,1849.87,1246036,1814875936.0,3.37,2.63,48.76,0.73
2019-04-22,000001,1887.37,1831.12,1917.38,1822.36,1322274,1899850000.0,4.99,-3.81,-72.51,0.77
2019-04-23,000001,1824.86,1821.11,1837.37,1808.61,940687,1326465632.0,1.57,-0.55,-10.01,0.55
2019-04-24,000001,1868.62,1867.37,1887.37,1832.37,1949724,2811131024.0,3.02,2.54,46.26,1.14
2019-04-25,000001,1859.87,1828.61,1892.38,1828.61,1111476,1597895216.0,3.41,-2.08,-38.76,0.65
2019-04-26,000001,1822.36,1786.11,1843.62,1774.86,1009421,1407987360.0,3.76,-2.32,-42.5,0.59
2019-04-29,000001,1799.86,1824.86,1853.62,1794.86,1030696,1450714128.0,3.29,2.17,38.75,0.6
2019-04-30,000001,1811.11,1793.61,1818.61,1761.1,1116570,1542958576.0,3.15,-1.71,-31.25,0.65
2019-05-06,000001,1699.84,1671.09,1731.1,1651.08,2108668,2742409408.0,4.46,-6.83,-122.52,1.23
2019-05-07,000001,1691.09,1681.09,1698.59,1652.34,1072658,1386247072.0,2.77,0.6,10.0,0.62
2019-05-08,000001,1652.34,1637.33,1676.09,1624.83,975451,1236655984.0,3.05,-2.6,-43.76,0.57
2019-05-09,000001,1627.33,1582.32,1634.83,1568.57,1557152,1904905488.0,4.05,-3.36,-55.01,0.91
2019-05-10,000001,1604.83,1647.33,1656.09,1574.82,1192399,1489975632.0,5.14,4.11,65.01,0.69
2019-05-13,000001,1603.58,1599.83,1629.83,1591.07,741918,916213712.0,2.35,-2.88,-47.5,0.43
2019-05-14,000001,1587.32,1623.58,1656.09,1582.32,1182598,1477008368.0,4.61,1.48,23.75,0.69
2019-05-15,000001,1634.83,1677.34,1701.09,1633.58,1103989,1417050112.0,4.16,3.31,53.76,0.64
2019-05-16,000001,1678.59,1668.59,1686.09,1659.84,634901,816740928.0,1.56,-0.52,-8.75,0.37
2019-05-17,000001,1677.34,1617.33,1678.59,1607.33,965001,1208569904.0,4.27,-3.07,-51.26,0.56
2019-05-20,000001,1606.08,1609.83,1629.83,1593.58,786435,971222480.0,2.24,-0.46,-7.5,0.46
2019-05-21,000001,1612.33,1632.33,1653.59,1607.33,731211,919191248.0,2.87,1.4,22.5,0.43
2019-05-22,000001,1633.58,1612.33,1633.58,1602.33,506231,628437472.0,1.91,-1.23,-20.0,0.29
2019-05-23,000001,1592.32,1598.58,1614.83,1579.82,666855,817850528.0,2.17,-0.85,-13.75,0.39
2019-05-24,000001,1606.08,1606.08,1618.58,1601.08,495526,613106256.0,1.09,0.47,7.5,0.29
2019-05-27,000001,1588.57,1608.58,1614.83,1553.57,1048426,1275632720.0,3.81,0.16,2.5,0.61
2019-05-28,000001,1601.08,1623.58,1631.08,1594.83,880703,1094063184.0,2.25,0.93,15.0,0.51
2019-05-29,000001,1607.33,1612.33,1636.08,1594.83,666412,827828656.0,2.54,-0.69,-11.25,0.39
2019-05-30,000001,1602.33,1589.82,1609.83,1576.07,646285,787801008.0,2.09,-1.4,-22.51,0.38
2019-05-31,000001,1582.32,1584.82,1612.33,1576.07,686794,839375712.0,2.28,-0.31,-5.0,0.4
2019-06-03,000001,1589.82,1549.82,1603.58,1539.82,1512719,1816591872.0,4.02,-2.21,-35.0,0.88
2019-06-04,000001,1548.57,1543.57,1554.82,1512.31,974655,1147709584.0,2.74,-0.4,-6.25,0.57
2019-06-05,000001,1558.57,1558.57,1579.82,1552.32,748892,899331712.0,1.78,0.97,15.0,0.44
2019-06-06,000001,1558.57,1552.32,1571.07,1548.57,433665,519425120.0,1.44,-0.4,-6.25,0.25
2019-06-10,000001,1563.57,1604.83,1621.08,1559.82,1144669,1404223616.0,3.95,3.38,52.51,0.67
2019-06-11,000001,1604.83,1643.58,1652.34,1599.83,1251088,1574105216.0,3.27,2.41,38.75,0.73
2019-06-12,000001,1641.08,1633.58,1644.83,1617.33,657310,825178000.0,1.67,-0.61,-10.0,0.38
2019-06-13,000001,1629.83,1636.08,1647.33,1616.08,530000,666277696.0,1.91,0.15,2.5,0.31
2019-06-14,000001,1636.08,1623.58,1648.58,1618.58,483192,606815216.0,1.83,-0.76,-12.5,0.28
2019-06-17,000001,1622.33,1646.08,1661.09,1622.33,619816,786223584.0,2.39,1.39,22.5,0.36
2019-06-18,000001,1646.08,1662.34,1668.59,1636.08,483555,616237568.0,1.97,0.99,16.26,0.28
2019-06-19,000001,1723.6,1696.09,1736.1,1688.59,1143226,1504997840.0,2.86,2.03,33.75,0.67
2019-06-20,000001,1708.59,1787.36,1806.11,1702.34,1529191,2083209232.0,6.12,5.38,91.27,0.89
2019-06-21,000001,1782.36,1767.35,1796.11,1759.85,1011129,1384099584.0,2.03,-1.12,-20.01,0.59
2019-06-24,000001,1773.61,1773.61,1791.11,1763.6,659573,904433344.0,1.56,0.35,6.26,0.38
2019-06-25,000001,1777.36,1741.1,1777.36,1696.09,1469227,1954855792.0,4.58,-1.83,-32.51,0.86
2019-06-26,000001,1739.22,1751.73,1767.98,1729.22,546505,731207280.0,2.23,0.61,10.63,0.32
2019-06-27,000001,1767.98,1794.23,1811.74,1761.73,925075,1270042464.0,2.85,2.43,42.5,0.54
2019-06-28,000001,1796.73,1802.99,1804.24,1777.98,498094,682679968.0,1.46,0.49,8.76,0.29
2019-07-01,000001,1831.74,1821.74,1852.99,1814.24,960636,1347792880.0,2.15,1.04,18.75,0.56
2019-07-02,000001,1815.49,1852.99,1860.5,1812.99,1052745,1481211360.0,2.61,1.72,31.25,0.61
2019-07-03,000001,1852.99,1831.74,1856.74,1814.24,769078,1076744400.0,2.29,-1.15,-21.25,0.45
2019-07-04,000001,1831.74,1829.24,1865.5,1815.49,621293,873624288.0,2.73,-0.14,-2.5,0.36
2019-07-05,000001,1824.24,1820.49,1827.99,1791.73,749196,1037357168.0,1.98,-0.48,-8.75,0.44
2019-07-08,000001,1807.99,1779.23,1815.49,1761.73,778414,1061095712.0,2.95,-2.27,-41.26,0.45
2019-07-09,000001,1784.23,1779.23,1794.23,1760.48,494296,670391728.0,1.9,0.0,0.0,0.29
2019-07-10,000001,1781.73,1775.48,1792.98,1766.73,358221,487071872.0,1.48,-0.21,-3.75,0.21
2019-07-11,000001,1790.48,1772.98,1802.99,1771.73,484183,660588304.0,1.76,-0.14,-2.5,0.28
2019-07-12,000001,1780.48,1845.49,1859.25,1777.98,1465367,2055749888.0,4.58,4.09,72.51,0.85
2019-07-15,000001,1834.24,1830.49,1845.49,1810.49,841283,1175798112.0,1.9,-0.81,-15.0,0.49
2019-07-16,000001,1826.74,1799.23,1829.24,1794.23,722781,998151584.0,1.91,-1.71,-31.26,0.42
2019-07-17,000001,1792.98,1791.73,1806.74,1781.73,410021,561944448.0,1.39,-0.42,-7.5,0.24
2019-07-18,000001,1786.73,1789.23,1806.74,1775.48,422826,578067488.0,1.74,-0.14,-2.5,0.25
2019-07-19,000001,1797.98,1829.24,1840.49,1790.48,866391,1207316528.0,2.8,2.24,40.01,0.5
2019-07-22,000001,1825.49,1811.74,1832.99,1800.49,582283,807249424.0,1.78,-0.96,-17.5,0.34
2019-07-23,000001,1812.99,1800.49,1814.24,1786.73,504004,692328448.0,1.52,-0.62,-11.25,0.29
2019-07-24,000001,1814.24,1815.49,1831.74,1804.24,570276,793387776.0,1.53,0.83,15.0,0.33
2019-07-25,000001,1820.49,1855.49,1864.25,1811.74,1087826,1534889648.0,2.89,2.2,40.0,0.63
2019-07-26,000001,1852.99,1859.25,1861.75,1840.49,635306,901074112.0,1.15,0.2,3.76,0.37
2019-07-29,000001,1861.75,1866.75,1886.75,1852.99,715576,1023261760.0,1.82,0.4,7.5,0.42
2019-07-30,000001,1869.25,1876.75,1899.25,1866.75,796634,1148582416.0,1.74,0.54,10.0,0.46
2019-07-31,000001,1868.0,1846.74,1870.5,1840.49,634723,899227872.0,1.6,-1.6,-30.01,0.37
2019-08-01,000001,1837.99,1842.99,1854.24,1822.99,527981,742308288.0,1.69,-0.2,-3.75,0.31
2019-08-02,000001,1801.74,1797.98,1815.49,1787.98,969926,1333400768.0,1.49,-2.44,-45.01,0.56
2019-08-05,000001,1780.48,1749.23,1785.48,1739.22,893082,1201885392.0,2.57,-2.71,-48.75,0.52
2019-08-06,000001,1717.97,1751.73,1762.98,1709.22,882499,1166971472.0,3.07,0.14,2.5,0.51
2019-08-07,000001,1766.73,1772.98,1785.48,1751.73,793039,1070736944.0,1.93,1.21,21.25,0.46
2019-08-08,000001,1817.99,1878.0,1893.0,1811.74,2330715,3313302096.0,4.58,5.92,105.02,1.36
2019-08-09,000001,1899.25,1895.5,1936.76,1884.25,2060575,3021884304.0,2.8,0.93,17.5,1.2
2019-08-12,000001,1906.75,1970.51,1970.51,1905.5,2733425,4084497904.0,3.43,3.96,75.01,1.59
2019-08-13,000001,1955.51,1941.76,1965.51,1923.01,1293736,1925835296.0,2.16,-1.46,-28.75,0.75
2019-08-14,000001,1973.01,1951.76,1983.02,1930.51,1360547,2038261152.0,2.7,0.51,10.0,0.79
2019-08-15,000001,1910.5,1948.01,1950.51,1905.5,897376,1333117728.0,2.31,-0.19,-3.75,0.52
2019-08-16,000001,1966.76,1943.01,1973.01,1928.01,986903,1474900256.0,2.31,-0.26,-5.0,0.57
2019-08-19,000001,1944.26,1945.51,1948.01,1895.5,2292956,3368207936.0,2.7,0.13,2.5,1.34
2019-08-20,000001,1945.51,1954.26,1980.52,1926.76,1921042,2872304208.0,2.76,0.45,8.75,1.12
2019-08-21,000001,1939.26,1886.75,1941.76,1878.0,1990132,2902251104.0,3.26,-3.45,-67.51,1.16
2019-08-22,000001,1880.5,1869.25,1886.75,1855.49,1353072,1935208496.0,1.66,-0.93,-17.5,0.79
2019-08-23,000001,1876.75,1911.75,1923.01,1874.25,1636868,2388239088.0,2.61,2.27,42.5,0.95
2019-08-26,000001,1883.0,1861.75,1893.0,1849.24,1415123,2018498032.0,2.29,-2.62,-50.0,0.82
2019-08-27,000001,1875.5,1869.25,1890.5,1860.5,1356713,1948127120.0,1.61,0.4,7.5,0.79
2019-08-28,000001,1863.0,1864.25,1865.5,1836.74,829658,1176329088.0,1.54,-0.27,-5.0,0.48
2019-08-29,000001,1857.99,1846.74,1860.5,1840.49,609034,861177488.0,1.07,-0.94,-17.51,0.35
2019-08-30,000001,1866.75,1850.49,1879.25,1842.99,798501,1136119664.0,1.96,0.2,3.75,0.47
2019-09-02,000001,1849.24,1886.75,1893.0,1844.24,1360201,1955673136.0,2.63,1.96,36.26,0.79
2019-09-03,000001,1890.5,1868.0,1894.25,1861.75,858654,1230606480.0,1.72,-0.99,-18.75,0.5
2019-09-04,000001,1870.5,1885.5,1893.0,1869.25,973965,1404037296.0,1.27,0.94,17.5,0.57
2019-09-05,000001,1900.5,1903.0,1936.76,1899.25,1768051,2599478256.0,1.99,0.93,17.5,1.03
2019-09-06,000001,1919.26,1931.76,1931.76,1908.0,986433,1451264912.0,1.25,1.51,28.76,0.57
2019-09-09,000001,1953.01,1916.75,1955.51,1905.5,1299839,1918042304.0,2.59,-0.78,-15.01,0.76
2019-09-10,000001,1905.5,1899.25,1910.5,1881.75,796871,1155180736.0,1.5,-0.91,-17.5,0.46
2019-09-11,000001,1905.5,1900.5,1919.26,1888.0,818614,1192674256.0,1.65,0.07,1.25,0.48
2019-09-12,000001,1913.0,1915.5,1928.01,1896.75,1150688,1682911856.0,1.64,0.79,15.0,0.61
2019-09-16,000001,1918.01,1886.75,1920.51,1880.5,929894,1349401488.0,2.09,-1.5,-28.75,0.49
2019-09-17,000001,1875.5,1860.5,1886.75,1852.99,882656,1261416560.0,1.79,-1.39,-26.25,0.47
2019-09-18,000001,1860.5,1881.75,1890.5,1860.5,820436,1179079984.0,1.61,1.14,21.25,0.42
2019-09-19,000001,1890.5,1935.51,1941.76,1890.5,1884021,2777383504.0,2.72,2.86,53.76,0.97
2019-09-20,000001,1949.26,1998.02,2005.52,1946.76,2644285,4020646528.0,3.04,3.23,62.51,1.36
2019-09-23,000001,1998.02,2003.02,2014.27,1978.02,1403282,2148740448.0,1.81,0.25,5.0,0.72
2019-09-24,000001,2014.27,1978.02,2023.02,1978.02,1129103,1726238272.0,2.25,-1.25,-25.0,0.58
2019-09-25,000001,1980.52,2049.28,2061.78,1979.27,1938893,3024598928.0,4.17,3.6,71.26,1.0
2019-09-26,000001,2063.03,2044.28,2085.53,2038.03,1686593,2673096944.0,2.32,-0.24,-5.0,0.87
2019-09-27,000001,2061.78,2068.03,2080.53,2043.03,1007706,1598567056.0,1.83,1.16,23.75,0.52
2019-09-30,000001,2049.28,2029.27,2066.78,2026.77,1046363,1645828528.0,1.93,-1.87,-38.76,0.54
2019-10-08,000001,2030.52,2105.54,2109.29,2030.52,1386676,2225024592.0,3.88,3.76,76.27,0.71
2019-10-09,000001,2093.03,2111.79,2145.54,2083.03,1316693,2145061760.0,2.97,0.3,6.25,0.68
2019-10-10,000001,2114.29,2110.54,2114.29,2079.28,879747,1418751872.0,1.66,-0.06,-1.25,0.45
2019-10-11,000001,2105.54,2181.8,2199.3,2105.54,1405423,2335030592.0,4.44,3.38,71.26,0.72
2019-10-14,000001,2201.8,2233.06,2280.57,2195.55,1557637,2688929552.0,3.9,2.35,51.26,0.8
2019-10-15,000001,2236.81,2228.06,2249.31,2183.05,881955,1503633376.0,2.97,-0.22,-5.0,0.45
2019-10-16,000001,2238.06,2179.3,2260.56,2159.3,1267671,2146150624.0,4.54,-2.19,-48.76,0.65
2019-10-17,000001,2193.05,2168.05,2205.55,2149.29,1126182,1887045616.0,2.58,-0.52,-11.25,0.58
2019-10-18,000001,2180.55,2144.29,2210.55,2134.29,1196799,1999012672.0,3.52,-1.1,-23.76,0.62
2019-10-21,000001,2134.29,2191.8,2201.8,2134.29,945952,1589276080.0,3.15,2.22,47.51,0.49
2019-10-22,000001,2194.3,2133.04,2196.8,2084.28,1883531,3072547168.0,5.13,-2.68,-58.76,0.97
2019-10-23,000001,2120.54,2136.79,2164.3,2109.29,967535,1590781968.0,2.58,0.18,3.75,0.5
2019-10-24,000001,2143.04,2189.3,2205.55,2135.54,1109215,1861032912.0,3.28,2.46,52.51,0.57
2019-10-25,000001,2178.05,2190.55,2200.55,2153.04,691436,1161100080.0,2.17,0.06,1.25,0.36
2019-10-28,000001,2203.05,2163.05,2210.55,2140.54,1070131,1780873360.0,3.2,-1.26,-27.5,0.55
2019-10-29,000001,2166.8,2194.3,2196.8,2150.54,788865,1322036352.0,2.14,1.44,31.25,0.41
2019-10-30,000001,2180.55,2134.29,2200.55,2133.04,854317,1420644944.0,3.08,-2.73,-60.01,0.44
2019-10-31,000001,2133.04,2113.04,2139.29,2110.54,862569,1407006432.0,1.35,-1.0,-21.25,0.44
2019-11-01,000001,2124.29,2188.05,2205.55,2115.54,1254655,2096068960.0,4.26,3.55,75.01,0.65
2019-11-04,000001,2203.05,2195.55,2236.81,2176.8,889824,1507910816.0,2.74,0.34,7.5,0.46
2019-11-05,000001,2180.55,2224.31,2260.56,2179.3,1172486,2010924192.0,3.7,1.31,28.76,0.6
2019-11-06,000001,2213.05,2200.55,2238.06,2190.55,863325,1470233504.0,2.14,-1.07,-23.76,0.44
2019-11-07,000001,2196.8,2191.8,2214.31,2174.3,711897,1200671648.0,1.82,-0.4,-8.75,0.37
2019-11-08,000001,2203.05,2161.8,2208.05,2160.55,849139,1421088320.0,2.17,-1.37,-30.0,0.44
2019-11-11,000001,2143.04,2115.54,2146.79,2105.54,953516,1556517248.0,1.91,-2.14,-46.26,0.49
2019-11-12,000001,2116.79,2121.79,2126.79,2100.54,516266,840769280.0,1.24,0.3,6.25,0.27
2019-11-13,000001,2116.79,2121.79,2138.04,2088.03,655121,1067975600.0,2.36,0.0,0.0,0.34
2019-11-14,000001,2134.29,2120.54,2140.54,2111.79,468900,767006336.0,1.35,-0.06,-1.25,0.24
2019-11-15,000001,2129.29,2123.04,2149.29,2110.54,569228,933539568.0,1.83,0.12,2.5,0.29
2019-11-18,000001,2124.29,2136.79,2149.29,2109.29,557918,915983936.0,1.88,0.65,13.75,0.29
2019-11-19,000001,2136.79,2131.79,2140.54,2119.29,562120,920998208.0,0.99,-0.23,-5.0,0.29
2019-11-20,000001,2118.04,2061.78,2118.04,2051.78,1724384,2747598384.0,3.11,-3.28,-70.01,0.89
2019-11-21,000001,2049.28,2063.03,2064.28,2034.27,772563,1218516400.0,1.46,0.06,1.25,0.4
2019-11-22,000001,2066.78,2029.27,2070.53,2024.27,773474,1216064544.0,2.24,-1.64,-33.76,0.4
2019-11-25,000001,2035.52,2055.53,2060.53,2023.02,783258,1233388880.0,1.85,1.29,26.26,0.4
2019-11-26,000001,2066.78,2033.02,2066.78,2016.77,815298,1271594656.0,2.43,-1.1,-22.51,0.42
2019-11-27,000001,2035.52,2014.27,2035.52,2004.27,476170,736584288.0,1.54,-0.92,-18.75,0.25
2019-11-28,000001,2014.27,2016.77,2023.02,2010.52,378017,585252048.0,0.62,0.12,2.5,0.19
2019-11-29,000001,2023.02,1991.77,2024.27,1978.02,653867,1001451104.0,2.29,-1.24,-25.0,0.34
2019-12-02,000001,1999.27,2000.52,2009.27,1984.27,553877,849784128.0,1.26,0.44,8.75,0.29
2019-12-03,000001,1993.02,2011.77,2013.02,1981.77,455418,700293552.0,1.56,0.56,11.25,0.23
2019-12-04,000001,1998.02,1994.27,2006.77,1981.77,524545,802110336.0,1.24,-0.87,-17.5,0.27
2019-12-05,000001,1999.27,2009.27,2015.52,1993.02,557084,857682576.0,1.13,0.75,15.0,0.29
2019-12-06,000001,2014.27,2030.52,2045.53,2013.02,712615,1109423056.0,1.62,1.06,21.25,0.37
2019-12-09,000001,2033.02,2006.77,2033.02,1999.27,605993,935135952.0,1.66,-1.17,-23.75,0.31
2019-12-10,000001,2000.52,1996.77,2003.02,1986.77,556384,851377536.0,0.81,-0.5,-10.0,0.29
2019-12-11,000001,2003.02,2038.03,2040.53,1993.02,871505,1351786528.0,2.38,2.07,41.26,0.45
2019-12-12,000001,2038.03,2030.52,2039.28,2021.77,478999,747519504.0,0.86,-0.37,-7.51,0.25
2019-12-13,000001,2061.78,2095.54,2095.54,2051.78,1053104,1680707280.0,2.16,3.2,65.02,0.54
2019-12-16,000001,2095.54,2096.79,2098.04,2064.28,787952,1262802464.0,1.61,0.06,1.25,0.41
2019-12-17,000001,2080.53,2143.04,2159.3,2078.03,1203105,1969891328.0,3.88,2.21,46.25,0.62
2019-12-18,000001,2134.29,2138.04,2163.05,2131.79,797091,1317608544.0,1.46,-0.23,-5.0,0.41
2019-12-19,000001,2149.29,2149.29,2173.05,2135.54,675537,1119925968.0,1.75,0.53,11.25,0.35
2019-12-20,000001,2149.29,2154.29,2165.55,2135.54,644478,1067869776.0,1.4,0.23,5.0,0.33
2019-12-23,000001,2165.55,2110.54,2165.55,2101.79,715793,1173372080.0,2.96,-2.03,-43.75,0.37
2019-12-24,000001,2109.29,2130.54,2143.04,2109.29,459128,752351616.0,1.6,0.95,20.0,0.24
2019-12-25,000001,2136.79,2118.04,2150.54,2110.54,414918,679664592.0,1.88,-0.59,-12.5,0.21
2019-12-26,000001,2123.04,2139.29,2140.54,2120.54,372034,610381760.0,0.94,1.0,21.25,0.19
2019-12-27,000001,2146.79,2159.3,2196.8,2134.29,1042575,1741473184.0,2.92,0.94,20.01,0.54
2019-12-30,000001,2138.04,2151.79,2159.3,2093.03,976970,1603152784.0,3.07,-0.35,-7.51,0.5
2019-12-31,000001,2151.79,2136.79,2159.3,2119.29,704442,1154704352.0,1.86,-0.7,-15.0,0.36
2020-01-02,000001,2161.8,2189.3,2199.3,2149.29,1530232,2571196480.0,2.34,2.46,52.51,0.79
2020-01-03,000001,2198.05,2228.06,2244.31,2195.55,1116195,1914495472.0,2.23,1.77,38.76,0.58
2020-01-06,000001,2206.8,2214.31,2248.06,2194.3,862084,1477930192.0,2.41,-0.62,-13.75,0.44
2020-01-07,000001,2221.81,2224.31,2240.56,2199.3,728608,1247047136.0,1.86,0.45,10.0,0.38
2020-01-08,000001,2205.55,2163.05,2211.8,2159.3,847824,1423608816.0,2.36,-2.75,-61.26,0.44
2020-01-09,000001,2181.8,2179.3,2196.8,2146.79,1031637,1725326800.0,2.31,0.75,16.25,0.53
2020-01-10,000001,2179.3,2166.8,2181.8,2145.54,585548,975154816.0,1.66,-0.57,-12.5,0.3
2020-01-13,000001,2174.3,2204.3,2209.3,2156.8,872133,1468271680.0,2.42,1.73,37.5,0.45
2020-01-14,000001,2204.3,2175.55,2239.31,2175.55,1304494,2217608848.0,2.89,-1.3,-28.75,0.67
2020-01-15,000001,2179.3,2145.54,2188.05,2136.79,859439,1424889232.0,2.36,-1.38,-30.01,0.44
2020-01-16,000001,2145.54,2121.79,2151.79,2105.54,1028105,1678888512.0,2.16,-1.11,-23.75,0.53
2020-01-17,000001,2128.04,2129.29,2149.29,2124.29,605437,995909008.0,1.18,0.35,7.5,0.31
2020-01-20,000001,2134.29,2136.79,2156.8,2124.29,746075,1226464656.0,1.53,0.35,7.5,0.38
2020-01-21,000001,2123.04,2080.53,2123.04,2071.78,896603,1442171424.0,2.4,-2.63,-56.26,0.46
2020-01-22,000001,2070.53,2091.78,2100.54,2044.28,719465,1150933392.0,2.7,0.54,11.25,0.37
2020-01-23,000001,2070.53,2023.02,2070.53,2004.27,1100592,1723394336.0,3.17,-3.29,-68.76,0.57
2020-02-03,000001,1829.24,1829.24,1918.01,1829.24,2259195,3201454160.0,4.39,-9.58,-193.78,1.16
2020-02-04,000001,1836.74,1905.5,1913.0,1832.99,1706172,2442932848.0,4.37,4.17,76.26,0.88
2020-02-05,000001,1904.25,1909.25,1941.76,1870.5,1491380,2177632048.0,3.74,0.2,3.75,0.77
2020-02-06,000001,1931.76,1926.76,1939.26,1894.25,1185816,1740107632.0,2.36,0.92,17.51,0.61
2020-02-07,000001,1905.5,1908.0,1916.75,1881.75,924853,1345053248.0,1.82,-0.97,-18.76,0.48
2020-02-10,000001,1894.25,1893.0,1896.75,1868.0,1339495,1931983488.0,1.51,-0.79,-15.0,0.69
2020-02-11,000001,1905.5,1929.26,1948.01,1900.5,1407507,2077194144.0,2.51,1.92,36.26,0.73
2020-02-12,000001,1929.26,1926.76,1933.01,1905.5,1070503,1573229040.0,1.43,-0.13,-2.5,0.55
2020-02-13,000001,1919.26,1911.75,1940.51,1906.75,1013205,1491327712.0,1.75,-0.78,-15.01,0.52
2020-02-14,000001,1924.26,1959.26,1973.01,1918.01,1512435,2253906448.0,2.88,2.49,47.51,0.78
2020-02-17,000001,1960.51,2001.77,2001.77,1946.76,1543696,2337993584.0,2.81,2.17,42.51,0.8
2020-02-18,000001,1996.77,1980.52,1996.77,1956.76,973612,1478274224.0,2.0,-1.06,-21.25,0.5
2020-02-19,000001,1968.01,1985.52,2001.77,1965.51,874107,1333730224.0,1.83,0.25,5.0,0.45
2020-02-20,000001,1989.27,2029.27,2033.02,1968.01,1235444,1897923024.0,3.27,2.2,43.75,0.64
2020-02-21,000001,2016.77,2028.02,2045.53,2011.77,995071,1546692928.0,1.66,-0.06,-1.25,0.51
2020-02-24,000001,2013.02,1984.27,2013.02,1974.26,1191795,1820183856.0,1.91,-2.16,-43.75,0.61
2020-02-25,000001,1955.51,1960.51,1971.76,1928.01,1144575,1710369792.0,2.2,-1.2,-23.76,0.59
2020-02-26,000001,1926.76,1954.26,1989.27,1918.01,1176599,1769612240.0,3.63,-0.32,-6.25,0.61
2020-02-27,000001,1950.51,1969.26,1974.26,1941.76,975271,1464605744.0,1.66,0.77,15.0,0.5
2020-02-28,000001,1936.76,1893.0,1960.51,1888.0,1300644,1906892416.0,3.68,-3.87,-76.26,0.67
2020-03-02,000001,1899.25,1929.26,1949.26,1888.0,1116581,1647432272.0,3.24,1.92,36.26,0.58
2020-03-03,000001,1950.51,1920.51,1954.26,1909.25,1153584,1705816272.0,2.33,-0.45,-8.75,0.59
2020-03-04,000001,1915.5,1916.75,1928.01,1894.25,862595,1261123056.0,1.76,-0.2,-3.76,0.44
2020-03-05,000001,1930.51,2004.27,2035.52,1921.76,2686602,4089493520.0,5.94,4.57,87.52,1.38
2020-03-06,000001,1978.02,1959.26,1989.27,1958.01,1228531,1858691264.0,1.56,-2.25,-45.01,0.63
2020-03-09,000001,1919.26,1886.75,1921.76,1883.0,1665794,2420392128.0,1.98,-3.7,-72.51,0.86
2020-03-10,000001,1878.0,1925.51,1936.76,1878.0,1167865,1709084560.0,3.11,2.05,38.76,0.6
2020-03-11,000001,1926.76,1916.75,1940.51,1908.0,814382,1201250688.0,1.69,-0.45,-8.76,0.42
2020-03-12,000001,1911.75,1915.5,1935.51,1896.75,986497,1447436640.0,2.02,-0.07,-1.25,0.51
2020-03-13,000001,1817.99,1895.5,1903.0,1817.99,1169766,1669009840.0,4.44,-1.04,-20.0,0.6
2020-03-16,000001,1886.75,1799.23,1888.0,1799.23,1406202,1975824192.0,4.68,-5.08,-96.27,0.72
2020-03-17,000001,1799.23,1756.73,1826.74,1721.72,1177849,1582506080.0,5.84,-2.36,-42.5,0.61
2020-03-18,000001,1756.73,1669.21,1774.23,1661.71,1384784,1816836896.0,6.41,-4.98,-87.52,0.71
2020-03-19,000001,1665.46,1609.2,1672.96,1569.2,1891457,2313863664.0,6.22,-3.6,-60.01,0.97
2020-03-20,000001,1630.46,1645.46,1665.46,1612.95,1578353,1967487824.0,3.26,2.25,36.26,0.81
2020-03-23,000001,1580.45,1599.2,1624.21,1571.7,1071114,1300469488.0,3.19,-2.81,-46.26,0.55
2020-03-24,000001,1630.46,1656.71,1665.46,1614.2,1180200,1472909392.0,3.21,3.6,57.51,0.61
2020-03-25,000001,1690.47,1689.22,1714.22,1667.96,1136958,1467534960.0,2.79,1.96,32.51,0.59
2020-03-26,000001,1677.96,1712.97,1747.98,1670.46,1075192,1408651056.0,4.59,1.41,23.75,0.55
2020-03-27,000001,1736.72,1724.22,1752.98,1715.47,653019,861618656.0,2.19,0.66,11.25,0.34
2020-03-30,000001,1686.72,1697.97,1710.47,1675.46,661739,852956240.0,2.03,-1.52,-26.25,0.34
2020-03-31,000001,1711.72,1680.46,1716.72,1677.96,513370,662915472.0,2.28,-1.03,-17.51,0.26
2020-04-01,000001,1687.97,1691.72,1721.72,1682.97,520836,676070112.0,2.31,0.67,11.26,0.27
2020-04-02,000001,1674.21,1701.72,1701.72,1662.96,518365,663197632.0,2.29,0.59,10.0,0.27
2020-04-03,000001,1682.97,1656.71,1691.72,1649.21,825348,1047282400.0,2.5,-2.64,-45.01,0.43
2020-04-07,000001,1691.72,1690.47,1697.97,1681.72,870314,1121200112.0,0.98,2.04,33.76,0.45
2020-04-08,000001,1690.47,1677.96,1695.47,1670.46,528716,676604880.0,1.48,-0.74,-12.51,0.27
2020-04-09,000001,1690.47,1672.96,1691.72,1670.46,408554,522027888.0,1.27,-0.3,-5.0,0.21
2020-04-10,000001,1675.46,1679.21,1702.97,1661.71,666675,853689952.0,2.47,0.37,6.25,0.34
2020-04-13,000001,1664.21,1654.21,1669.21,1639.21,446214,562008048.0,1.79,-1.49,-25.0,0.23
2020-04-14,000001,1661.71,1687.97,1687.97,1651.71,686087,874856560.0,2.19,2.04,33.76,0.35
2020-04-15,000001,1687.97,1689.22,1696.72,1677.96,656396,843649280.0,1.11,0.07,1.25,0.34
2020-04-16,000001,1679.21,1665.46,1679.21,1647.96,789155,997623824.0,1.85,-1.41,-23.76,0.41
2020-04-17,000001,1676.71,1691.72,1710.47,1661.71,1331165,1713215760.0,2.93,1.58,26.26,0.69
2020-04-20,000001,1687.97,1704.22,1711.72,1676.71,818456,1058524016.0,2.07,0.74,12.5,0.42
2020-04-21,000001,1742.98,1761.73,1792.98,1742.98,2122448,2861879088.0,2.93,3.37,57.51,1.09
2020-04-22,000001,1751.73,1734.22,1757.98,1725.47,1032803,1368222848.0,1.85,-1.56,-27.51,0.53
2020-04-23,000001,1734.22,1734.22,1744.23,1719.22,646990,855052112.0,1.44,0.0,0.0,0.33
2020-04-24,000001,1726.72,1735.47,1740.47,1719.22,566002,747473776.0,1.23,0.07,1.25,0.29
2020-04-27,000001,1742.98,1767.98,1785.48,1736.72,936830,1263809744.0,2.81,1.87,32.51,0.48
2020-04-28,000001,1761.73,1770.48,1775.48,1739.22,771564,1038718080.0,2.05,0.14,2.5,0.4
2020-04-29,000001,1765.48,1832.99,1842.99,1761.73,1108722,1541638208.0,4.59,3.53,62.51,0.57
2020-04-30,000001,1832.99,1821.74,1870.5,1815.49,819540,1155968240.0,3.0,-0.61,-11.25,0.42
2020-05-06,000001,1800.49,1801.74,1816.74,1781.73,1008998,1382727488.0,1.92,-1.1,-20.0,0.52
2020-05-07,000001,1800.49,1791.73,1800.49,1780.48,662749,904349536.0,1.11,-0.56,-10.01,0.34
2020-05-08,000001,1800.49,1824.24,1832.99,1790.48,934782,1297924592.0,2.37,1.81,32.51,0.48
2020-05-11,000001,1820.49,1830.49,1846.74,1817.99,612862,859156592.0,1.58,0.34,6.25,0.32
2020-05-12,000001,1824.24,1804.24,1836.74,1795.48,558511,772109504.0,2.25,-1.43,-26.25,0.29
2020-05-13,000001,1799.23,1784.23,1802.99,1771.73,640359,871062048.0,1.73,-1.11,-20.01,0.33
2020-05-14,000001,1774.23,1742.98,1779.23,1732.97,944672,1259440848.0,2.59,-2.31,-41.25,0.49
2020-05-15,000001,1754.23,1734.22,1759.23,1722.97,756794,1004313264.0,2.08,-0.5,-8.76,0.39
2020-05-18,000001,1730.47,1730.47,1747.98,1720.47,637209,843479664.0,1.59,-0.22,-3.75,0.33
2020-05-19,000001,1756.73,1750.48,1761.73,1739.22,600369,801755664.0,1.3,1.16,20.01,0.31
2020-05-20,000001,1752.98,1769.23,1782.98,1739.22,690851,929928880.0,2.5,1.07,18.75,0.36
2020-05-21,000001,1770.48,1755.48,1776.73,1750.48,552312,742797056.0,1.48,-0.78,-13.75,0.28
2020-05-22,000001,1746.73,1695.47,1747.98,1695.47,856237,1119433488.0,2.99,-3.42,-60.01,0.44
2020-05-25,000001,1701.72,1700.47,1702.97,1675.46,410171,528769360.0,1.62,0.29,5.0,0.21
2020-05-26,000001,1707.97,1710.47,1714.22,1697.97,396212,515451856.0,0.96,0.59,10.0,0.2
2020-05-27,000001,1711.72,1705.47,1729.22,1700.47,482963,630305872.0,1.68,-0.29,-5.0,0.25
2020-05-28,000001,1716.47,1741.48,1755.23,1708.97,960760,1255226992.0,2.71,2.11,36.01,0.5
2020-05-29,000001,1733.97,1732.72,1737.72,1722.72,457808,594502128.0,0.86,-0.5,-8.76,0.24
2020-06-01,000001,1745.23,1772.73,1781.48,1742.73,882961,1173619008.0,2.24,2.31,40.01,0.46
2020-06-02,000001,1768.98,1801.49,1811.49,1767.73,883459,1194375824.0,2.47,1.62,28.76,0.46
2020-06-03,000001,1812.74,1800.24,1842.74,1795.23,956803,1308782288.0,2.64,-0.07,-1.25,0.49
2020-06-04,000001,1798.98,1803.99,1812.74,1783.98,583066,788707632.0,1.6,0.21,3.75,0.3
2020-06-05,000001,1807.74,1806.49,1810.24,1786.48,383027,517232128.0,1.32,0.14,2.5,0.2
2020-06-08,000001,1817.74,1810.24,1838.99,1805.24,585972,802115792.0,1.87,0.21,3.75,0.3
2020-06-09,000001,1812.74,1816.49,1823.99,1798.98,474300,646895840.0,1.38,0.35,6.25,0.24
2020-06-10,000001,1821.49,1793.98,1821.49,1782.73,580476,781995744.0,2.13,-1.24,-22.51,0.3
2020-06-11,000001,1780.23,1742.73,1781.48,1732.72,1349040,1774199984.0,2.72,-2.86,-51.25,0.7
2020-06-12,000001,1720.22,1731.47,1735.22,1716.47,1030551,1331618736.0,1.08,-0.65,-11.26,0.53
2020-06-15,000001,1713.97,1710.22,1728.97,1707.72,660313,850767504.0,1.23,-1.23,-21.25,0.34
2020-06-16,000001,1720.22,1718.97,1731.47,1715.22,718059,927043680.0,0.95,0.51,8.75,0.37
2020-06-17,000001,1718.97,1713.97,1722.72,1702.72,716468,918251152.0,1.16,-0.29,-5.0,0.37
2020-06-18,000001,1702.72,1702.72,1707.72,1681.46,1119648,1419972016.0,1.53,-0.66,-11.25,0.58
2020-06-19,000001,1698.97,1707.72,1712.72,1683.97,1539522,1954584912.0,1.69,0.29,5.0,0.79
2020-06-22,000001,1700.22,1687.72,1702.72,1685.22,1319080,1671023280.0,1.02,-1.17,-20.0,0.68
2020-06-23,000001,1688.97,1682.72,1693.97,1672.71,990807,1248046640.0,1.26,-0.3,-5.0,0.51
2020-06-24,000001,1687.72,1707.72,1717.72,1682.72,1523220,1946329088.0,2.08,1.49,25.0,0.78
2020-06-29,000001,1722.72,1707.72,1728.97,1696.47,1038480,1330678288.0,1.9,0.0,0.0,0.54
2020-06-30,000001,1711.47,1707.72,1717.72,1697.72,937940,1199181600.0,1.17,0.0,0.0,0.48
2020-07-01,000001,1706.47,1747.73,1751.48,1700.22,1697390,2202800848.0,3.0,2.34,40.01,0.87
2020-07-02,000001,1742.73,1786.48,1793.98,1728.97,2590501,3433511088.0,3.72,2.22,38.75,1.33
2020-07-03,000001,1803.99,1889.0,1897.75,1802.74,3768334,5280918016.0,5.32,5.74,102.52,1.94
2020-07-06,000001,1932.76,2067.78,2067.78,1931.51,4711461,7168653312.0,7.21,9.46,178.78,2.43
2020-07-07,000001,2145.29,2042.78,2186.55,1986.52,3964428,6267919616.0,9.67,-1.21,-25.0,2.04
2020-07-08,000001,2011.52,2077.78,2107.79,2011.52,2631339,4095447760.0,4.71,1.71,35.0,1.36
2020-07-09,000001,2065.28,2049.03,2065.28,2021.52,2243994,3469517328.0,2.11,-1.38,-28.75,1.16
2020-07-10,000001,2026.52,1965.26,2042.78,1952.76,2158773,3254272384.0,4.39,-4.09,-83.77,1.11
2020-07-13,000001,1945.26,1969.01,1992.77,1920.26,1937160,2871414848.0,3.69,0.19,3.75,1.0
2020-07-14,000001,1970.26,1942.76,2006.52,1926.51,1953566,2891773824.0,4.06,-1.33,-26.25,1.01
2020-07-15,000001,1955.26,1891.5,1965.26,1886.5,2042563,2947173152.0,4.05,-2.64,-51.26,1.05
2020-07-16,000001,1895.25,1876.5,1926.51,1872.75,1930891,2771496384.0,2.84,-0.79,-15.0,1.0
2020-07-17,000001,1879.0,1875.25,1892.75,1851.49,1291347,1821043920.0,2.2,-0.07,-1.25,0.67
2020-07-20,000001,1886.5,1949.01,1954.01,1870.25,1979632,2872758064.0,4.47,3.93,73.76,1.02
2020-07-21,000001,1942.76,1919.01,1942.76,1907.75,1252866,1815570304.0,1.8,-1.54,-30.0,0.65
2020-07-22,000001,1919.01,1909.0,1939.01,1891.5,1312952,1895447232.0,2.48,-0.52,-10.01,0.68
2020-07-23,000001,1887.75,1859.0,1894.0,1833.99,2027526,2838535216.0,3.14,-2.62,-50.0,1.04
2020-07-24,000001,1853.99,1795.23,1856.49,1785.23,1830882,2504647104.0,3.83,-3.43,-63.77,0.94
2020-07-27,000001,1816.49,1762.73,1817.74,1745.23,1880653,2497551472.0,4.04,-1.81,-32.5,0.97
2020-07-28,000001,1775.23,1775.23,1786.48,1755.23,1217006,1618089552.0,1.77,0.71,12.5,0.63
2020-07-29,000001,1776.48,1800.24,1811.49,1758.98,1519580,2043847472.0,2.96,1.41,25.01,0.78
2020-07-30,000001,1795.23,1778.98,1796.48,1778.98,964068,1294444928.0,0.97,-1.18,-21.26,0.5
2020-07-31,000001,1767.73,1775.23,1798.98,1763.98,1165822,1559068288.0,1.97,-0.21,-3.75,0.6
2020-08-03,000001,1791.48,1806.49,1810.24,1786.48,1445096,1954607264.0,1.34,1.76,31.26,0.74
2020-08-04,000001,1815.24,1862.75,1876.5,1792.73,2445663,3388510064.0,4.64,3.11,56.26,1.26
2020-08-05,000001,1835.24,1827.74,1838.99,1810.24,1440203,1980352976.0,1.54,-1.88,-35.01,0.74
2020-08-06,000001,1835.24,1845.24,1852.74,1813.99,1352511,1868047344.0,2.12,0.96,17.5,0.7
2020-08-07,000001,1832.74,1820.24,1845.24,1810.24,988678,1356305776.0,1.9,-1.35,-25.0,0.51
2020-08-10,000001,1816.49,1851.49,1860.25,1810.24,1587710,2208568320.0,2.75,1.72,31.25,0.82
2020-08-11,000001,1853.99,1874.0,1940.26,1853.99,2603308,3748036832.0,4.66,1.22,22.51,1.34
2020-08-12,000001,1884.0,1905.25,1920.26,1876.5,1596812,2287731088.0,2.34,1.67,31.25,0.82
2020-08-13,000001,1907.75,1880.25,1915.25,1875.25,837262,1190139728.0,2.1,-1.31,-25.0,0.43
2020-08-14,000001,1870.25,1916.5,1921.51,1865.25,1103216,1578543600.0,2.99,1.93,36.25,0.57
2020-08-17,000001,1932.76,2006.52,2026.52,1926.51,3268028,4923669248.0,5.22,4.7,90.02,1.68
2020-08-18,000001,2007.77,2001.52,2020.27,1971.51,1350261,2033477712.0,2.43,-0.25,-5.0,0.7
2020-08-19,000001,1996.52,1995.27,2026.52,1977.77,1420928,2154215104.0,2.44,-0.31,-6.25,0.73
2020-08-20,000001,1984.02,1931.51,2000.27,1924.01,1333802,1962605008.0,3.82,-3.2,-63.76,0.69
2020-08-21,000001,1946.51,1914.0,1946.51,1897.75,1234517,1787278576.0,2.52,-0.91,-17.51,0.64
2020-08-24,000001,1920.26,1915.25,1946.51,1909.0,919449,1338031968.0,1.96,0.07,1.25,0.47
2020-08-25,000001,1927.76,1932.76,1944.01,1915.25,748320,1090756848.0,1.5,0.91,17.51,0.39
2020-08-26,000001,1932.76,1904.0,1934.01,1892.75,734118,1057274176.0,2.13,-1.49,-28.76,0.38
2020-08-27,000001,1907.75,1915.25,1915.25,1871.5,626667,895618656.0,2.3,0.59,11.25,0.32
2020-08-28,000001,1890.25,1999.02,2005.27,1890.25,2410400,3599035696.0,6.01,4.37,83.77,1.24
2020-08-31,000001,2020.27,1992.77,2067.78,1981.52,1797130,2760350320.0,4.32,-0.31,-6.25,0.93
2020-09-01,000001,1977.77,2000.27,2011.52,1967.76,813643,1228342736.0,2.2,0.38,7.5,0.42
2020-09-02,000001,1984.02,2022.77,2049.03,1984.02,1679383,2575966640.0,3.25,1.12,22.5,0.87
2020-09-03,000001,2022.77,1970.26,2024.02,1962.76,1279842,1919266720.0,3.03,-2.6,-52.51,0.66
2020-09-04,000001,1949.01,1977.77,1990.27,1932.76,909890,1353550816.0,2.92,0.38,7.51,0.47
2020-09-07,000001,1967.76,1975.26,2012.77,1961.51,1031377,1551971376.0,2.59,-0.13,-2.51,0.53
2020-09-08,000001,1982.77,2036.53,2036.53,1982.77,1407602,2154220784.0,2.72,3.1,61.27,0.73
2020-09-09,000001,2015.27,2009.02,2052.78,1999.02,1013572,1554005568.0,2.64,-1.35,-27.51,0.52
2020-09-10,000001,2022.77,2025.27,2042.78,2007.77,957092,1469402768.0,1.74,0.81,16.25,0.49
2020-09-11,000001,2005.27,1984.02,2020.27,1960.26,954236,1431844016.0,2.96,-2.04,-41.25,0.49
2020-09-14,000001,1984.02,2020.27,2020.27,1972.76,680251,1027508112.0,2.39,1.83,36.25,0.35
2020-09-15,000001,2007.77,2026.52,2042.78,2001.52,657133,1007999040.0,2.04,0.31,6.25,0.34
2020-09-16,000001,2022.77,2037.78,2050.28,2009.02,722415,1114667840.0,2.04,0.56,11.26,0.37
2020-09-17,000001,2050.28,2054.03,2072.78,2032.77,988216,1543414496.0,1.96,0.8,16.25,0.51
2020-09-18,000001,2060.28,2116.54,2119.04,2047.78,1373193,2186759088.0,3.47,3.04,62.51,0.71
2020-09-21,000001,2107.79,2090.28,2114.04,2071.53,896162,1418370976.0,2.01,-1.24,-26.26,0.46
2020-09-22,000001,2066.53,2054.03,2087.78,2031.52,867756,1354536272.0,2.69,-1.73,-36.25,0.45
2020-09-23,000001,2056.53,2061.53,2086.53,2046.53,599200,939763264.0,1.95,0.37,7.5,0.31
2020-09-24,000001,2056.53,1997.77,2059.03,1997.77,1061011,1623376208.0,2.97,-3.09,-63.76,0.55
2020-09-25,000001,2007.77,2006.52,2021.52,1996.52,614087,933035040.0,1.25,0.44,8.75,0.32
2020-09-28,000001,2006.52,2021.52,2029.02,1980.27,612711,932800768.0,2.43,0.75,15.0,0.32
2020-09-29,000001,2031.52,1957.76,2034.02,1952.76,1182374,1766848544.0,4.02,-3.15,-63.76,0.61
2020-09-30,000001,1957.76,2004.02,2016.52,1957.76,1217065,1838547600.0,3.0,2.36,46.26,0.63
2020-10-09,000001,2020.27,2005.27,2051.53,1999.02,900426,1376995904.0,2.62,0.06,1.25,0.46
2020-10-12,000001,2010.27,2095.29,2114.04,2009.02,1591347,2509002880.0,5.24,4.49,90.02,0.82
2020-10-13,000001,2095.29,2115.29,2121.54,2079.03,908819,1453986336.0,2.03,0.95,20.0,0.47
2020-10-14,000001,2112.79,2111.54,2122.79,2082.78,662562,1057937824.0,1.89,-0.18,-3.75,0.34
2020-10-15,000001,2132.79,2177.8,2222.81,2126.54,1600062,2654379584.0,4.56,3.14,66.26,0.82
2020-10-16,000001,2177.8,2245.31,2279.07,2175.3,2095614,3589229552.0,4.76,3.1,67.51,1.08
2020-10-19,000001,2270.31,2292.82,2370.33,2270.31,2016106,3571336000.0,4.45,2.12,47.51,1.04
2020-10-20,000001,2292.82,2300.32,2307.82,2264.06,960072,1673173360.0,1.91,0.33,7.5,0.49
2020-10-21,000001,2312.82,2346.58,2357.83,2274.07,1244560,2204040368.0,3.64,2.01,46.26,0.64
2020-10-22,000001,2350.33,2302.82,2420.34,2270.31,1890519,3342069008.0,6.39,-1.86,-43.76,0.97
2020-10-23,000001,2299.07,2374.08,2455.35,2299.07,1698502,3105623952.0,6.79,3.09,71.26,0.88
2020-10-26,000001,2382.83,2320.32,2394.09,2289.07,1175599,2085800592.0,4.42,-2.26,-53.76,0.61
2020-10-27,000001,2357.83,2327.82,2357.83,2295.32,1034865,1839243232.0,2.69,0.32,7.5,0.53
2020-10-28,000001,2327.82,2311.57,2345.33,2269.06,1205824,2125604544.0,3.28,-0.7,-16.25,0.62
2020-10-29,000001,2300.32,2329.07,2349.08,2276.57,846604,1498040944.0,3.14,0.76,17.5,0.44
2020-10-30,000001,2325.32,2326.57,2402.84,2307.82,1007804,1813064336.0,4.08,-0.11,-2.5,0.52
2020-11-02,000001,2314.07,2311.57,2364.08,2274.07,968453,1702741440.0,3.87,-0.64,-15.0,0.5
2020-11-03,000001,2321.57,2352.83,2400.34,2320.32,957869,1727488480.0,3.46,1.78,41.26,0.49
2020-11-04,000001,2401.59,2397.84,2417.84,2352.83,1247636,2275824960.0,2.76,1.91,45.01,0.64
2020-11-05,000001,2404.09,2320.32,2420.34,2300.32,1429469,2558562448.0,5.01,-3.23,-77.52,0.74
2020-11-06,000001,2321.57,2312.82,2326.57,2260.31,848782,1486492208.0,2.86,-0.32,-7.5,0.44
2020-11-09,000001,2316.57,2337.83,2357.83,2300.32,951424,1688807408.0,2.49,1.08,25.01,0.49
2020-11-10,000001,2357.83,2371.58,2420.34,2349.08,1021063,1854142816.0,3.05,1.44,33.75,0.53
2020-11-11,000001,2382.83,2334.08,2395.34,2307.82,940130,1677811472.0,3.69,-1.58,-37.5,0.48
2020-11-12,000001,2334.08,2315.32,2350.33,2289.07,677258,1197284176.0,2.62,-0.8,-18.76,0.35
2020-11-13,000001,2285.32,2255.31,2291.57,2194.05,1289189,2191492016.0,4.21,-2.59,-60.01,0.66
2020-11-16,000001,2242.81,2279.07,2286.57,2220.31,759857,1308190464.0,2.94,1.05,23.76,0.39
2020-11-17,000001,2280.32,2336.58,2349.08,2264.06,852931,1509511584.0,3.73,2.52,57.51,0.44
2020-11-18,000001,2330.32,2415.34,2420.34,2326.57,1373401,2508632640.0,4.01,3.37,78.76,0.71
2020-11-19,000001,2431.59,2464.1,2480.35,2395.34,1211741,2270476480.0,3.52,2.02,48.76,0.62
2020-11-20,000001,2461.6,2465.35,2481.6,2422.84,673919,1265262912.0,2.38,0.05,1.25,0.35
2020-11-23,000001,2464.1,2560.36,2560.36,2457.85,1165858,2252290576.0,4.16,3.85,95.01,0.6
2020-11-24,000001,2560.36,2527.86,2567.87,2504.1,678543,1313496144.0,2.49,-1.27,-32.5,0.35
2020-11-25,000001,2542.86,2490.35,2570.37,2489.1,552585,1068352016.0,3.21,-1.48,-37.51,0.28
2020-11-26,000001,2489.1,2545.36,2559.11,2486.6,639658,1240074384.0,2.91,2.21,55.01,0.33
2020-11-27,000001,2607.87,2570.37,2607.87,2530.36,753774,1479430640.0,3.05,0.98,25.01,0.39
2020-11-30,000001,2595.37,2575.37,2717.89,2556.61,1581441,3213680464.0,6.27,0.19,5.0,0.81
2020-12-01,000001,2570.37,2614.12,2671.63,2532.86,1263720,2516010784.0,5.39,1.5,38.75,0.65
2020-12-02,000001,2599.12,2561.61,2615.37,2547.86,889385,1758639184.0,2.58,-2.01,-52.51,0.46
2020-12-03,000001,2580.37,2550.36,2590.37,2504.1,714452,1393085024.0,3.37,-0.44,-11.25,0.37
2020-12-04,000001,2541.61,2520.36,2541.61,2479.1,891348,1707639072.0,2.45,-1.18,-30.0,0.46
2020-12-07,000001,2521.61,2471.6,2531.61,2442.84,873807,1655173472.0,3.52,-1.93,-48.76,0.45
2020-12-08,000001,2472.85,2446.59,2486.6,2424.09,719648,1345951728.0,2.53,-1.01,-25.01,0.37
2020-12-09,000001,2456.6,2446.59,2489.1,2442.84,677221,1277484448.0,1.89,0.0,0.0,0.35
2020-12-10,000001,2449.09,2439.09,2467.85,2414.09,607867,1130916256.0,2.2,-0.31,-7.5,0.31
2020-12-11,000001,2446.59,2422.84,2457.85,2385.33,887794,1642392320.0,2.97,-0.67,-16.25,0.46
2020-12-14,000001,2432.84,2467.85,2490.35,2420.34,835992,1575396016.0,2.89,1.86,45.01,0.43
2020-12-15,000001,2457.85,2450.35,2464.1,2376.58,788858,1458268624.0,3.55,-0.71,-17.5,0.41
2020-12-16,000001,2457.85,2484.1,2495.35,2430.34,689070,1302133808.0,2.65,1.38,33.75,0.36
2020-12-17,000001,2471.6,2476.6,2491.6,2432.84,686141,1294658304.0,2.37,-0.3,-7.5,0.35
2020-12-18,000001,2482.85,2402.84,2495.35,2386.58,1058756,1959764080.0,4.39,-2.98,-73.76,0.55
2020-12-21,000001,2395.34,2392.84,2437.84,2361.58,906878,1662649808.0,3.17,-0.42,-10.0,0.47
2020-12-22,000001,2402.84,2345.33,2439.09,2342.83,1028738,1873638736.0,4.02,-1.99,-47.51,0.53
2020-12-23,000001,2352.83,2357.83,2366.58,2331.58,750083,1345650736.0,1.49,0.53,12.5,0.39
2020-12-24,000001,2376.58,2390.33,2419.09,2364.08,632950,1155767280.0,2.33,1.38,32.5,0.33
2020-12-25,000001,2390.33,2362.83,2390.33,2332.83,577077,1038128192.0,2.41,-1.15,-27.5,0.3
2020-12-28,000001,2360.33,2464.1,2465.35,2352.83,1270337,2352947328.0,4.76,4.29,101.27,0.65
2020-12-29,000001,2466.6,2504.1,2520.36,2445.34,963092,1837947232.0,3.04,1.62,40.0,0.5
2020-12-30,000001,2482.85,2507.85,2507.85,2447.84,978498,1854082816.0,2.4,0.15,3.75,0.5
2020-12-31,000001,2509.11,2525.36,2555.36,2485.35,924503,1781736288.0,2.79,0.7,17.51,0.48
2021-01-04,000001,2495.35,2432.84,2495.35,2412.84,1554216,2891682320.0,3.27,-3.66,-92.52,0.8
2021-01-05,000001,2407.84,2379.08,2417.84,2332.83,1821352,3284606912.0,3.49,-2.21,-53.76,0.94
2021-01-06,000001,2367.83,2552.86,2552.86,2357.83,1934945,3648521904.0,8.2,7.3,173.78,1.0
2021-01-07,000001,2547.86,2595.37,2605.37,2511.61,1584185,3111274624.0,3.67,1.67,42.51,0.82
2021-01-08,000001,2595.37,2589.12,2620.37,2521.61,1195473,2348316368.0,3.81,-0.24,-6.25,0.62
2021-01-11,000001,2607.87,2655.38,2687.89,2607.87,1790457,3652546640.0,3.09,2.56,66.26,0.92
2021-01-12,000001,2656.63,2732.89,2732.89,2630.38,1288166,2657687440.0,3.86,2.92,77.51,0.66
2021-01-13,000001,2732.89,2695.39,2734.14,2657.88,1049120,2161849712.0,2.79,-1.37,-37.5,0.54
2021-01-14,000001,2692.89,2629.13,2719.14,2601.62,1130156,2306404544.0,4.36,-2.46,-66.26,0.58
2021-01-15,000001,2732.89,2732.89,2851.66,2710.39,2480689,5311218176.0,5.37,3.95,103.76,1.28
2021-01-18,000001,2757.9,2945.43,2955.43,2757.9,2157302,4792909568.0,7.23,7.78,212.54,1.11
2021-01-19,000001,2921.67,2900.42,2962.93,2864.17,1242088,2790056608.0,3.35,-1.53,-45.01,0.64
2021-01-20,000001,2876.67,2916.67,2979.18,2872.92,1280793,2889249856.0,3.66,0.56,16.25,0.66
2021-01-21,000001,2920.42,2886.67,2957.93,2876.67,944779,2114252736.0,2.79,-1.03,-30.0,0.49
2021-01-22,000001,2886.67,2861.66,2886.67,2796.65,924434,2025834768.0,3.12,-0.87,-25.01,0.48
2021-01-25,000001,2822.91,2919.17,2932.93,2786.65,1028365,2269032816.0,5.11,2.01,57.51,0.53
2021-01-26,000001,2895.42,2904.17,3022.94,2895.42,1126721,2558575504.0,4.37,-0.51,-15.0,0.58
2021-01-27,000001,2896.67,2992.94,3041.7,2896.67,1294153,2976800960.0,4.99,3.06,88.77,0.67
2021-01-28,000001,2955.43,2959.18,3005.44,2914.17,857477,1948881152.0,3.05,-1.13,-33.76,0.44
2021-01-29,000001,2959.18,2994.19,3050.45,2946.68,1240258,2864101424.0,3.51,1.18,35.01,0.64
2021-02-01,000001,2982.94,3176.72,3231.73,2945.43,1475239,3529556992.0,9.56,6.1,182.53,0.76
2021-02-02,000001,3030.44,3017.94,3120.46,2971.68,2416169,5679180032.0,4.68,-5.0,-158.78,1.25
2021-02-03,000001,3042.95,3226.73,3255.48,3030.44,1923272,4690176512.0,7.46,6.92,208.79,0.99
2021-02-04,000001,3130.46,3182.97,3262.98,3112.96,1255248,3084553744.0,4.65,-1.36,-43.76,0.65
2021-02-05,000001,3182.97,3224.23,3271.73,3141.71,1015576,2517804160.0,4.08,1.3,41.26,0.52
2021-02-08,000001,3220.48,3207.97,3220.48,3120.46,1084265,2650948256.0,3.1,-0.5,-16.26,0.56
2021-02-09,000001,3206.72,3180.47,3212.97,3129.21,942094,2302978160.0,2.61,-0.86,-27.5,0.49
2021-02-10,000001,3182.97,3085.45,3227.98,3030.44,1918867,4569742080.0,6.21,-2.99,-95.02,0.99
2021-02-18,000001,3107.96,3145.46,3176.72,3042.95,1505231,3619387648.0,4.34,1.94,60.01,0.78
2021-02-19,000001,3102.96,3089.2,3131.71,3054.2,922583,2197558288.0,2.46,-1.79,-56.26,0.48
2021-02-22,000001,3082.95,2905.42,3082.95,2890.42,1956842,4445818624.0,6.23,-5.95,-183.78,1.01
2021-02-23,000001,2905.42,2849.16,2942.93,2835.41,1870460,4160776608.0,3.7,-1.94,-56.26,0.96
2021-02-24,000001,2891.67,2877.92,2892.92,2802.9,1428500,3144209056.0,3.16,1.01,28.76,0.74
2021-02-25,000001,2907.92,2869.17,2927.93,2817.91,1593403,3524600800.0,3.82,-0.3,-8.75,0.82
2021-02-26,000001,2807.91,2780.4,2852.91,2759.15,1124977,2424653760.0,3.27,-3.09,-88.77,0.58
2021-03-01,000001,2800.4,2789.15,2817.91,2755.4,1125387,2408050912.0,2.25,0.31,8.75,0.58
2021-03-02,000001,2810.41,2814.16,2876.67,2765.4,1473425,3196536976.0,3.99,0.9,25.01,0.76
2021-03-03,000001,2805.41,2984.19,2992.94,2790.4,1919635,4320024320.0,7.2,6.04,170.03,0.99
2021-03-04,000001,2954.18,2972.93,3044.2,2939.18,1213579,2799747152.0,3.52,-0.38,-11.26,0.63
2021-03-05,000001,2945.43,2900.42,2980.43,2840.41,880171,1960439120.0,4.71,-2.44,-72.51,0.45
2021-03-08,000001,2912.92,2807.91,2944.18,2792.9,993774,2189190960.0,5.22,-3.19,-92.51,0.51
2021-03-09,000001,2817.91,2714.14,2847.91,2680.38,1361895,2882931920.0,5.97,-3.34,-93.77,0.7
2021-03-10,000001,2712.89,2657.88,2721.64,2642.88,1149417,2356185008.0,2.9,-2.07,-56.26,0.59
2021-03-11,000001,2680.38,2766.65,2780.4,2677.88,1048659,2213107792.0,3.86,4.09,108.77,0.54
2021-03-12,000001,2779.15,2792.9,2820.41,2757.9,697201,1494219072.0,2.26,0.95,26.25,0.36
2021-03-15,000001,2782.9,2807.91,2872.92,2746.65,958749,2077984896.0,4.52,0.54,15.01,0.49
2021-03-16,000001,2807.91,2815.41,2871.67,2766.65,939684,2038470656.0,3.74,0.27,7.5,0.48
2021-03-17,000001,2789.15,2757.9,2801.65,2720.39,821489,1738185856.0,2.89,-2.04,-57.51,0.42
2021-03-18,000001,2770.4,2824.16,2824.16,2732.89,691610,1483801552.0,3.31,2.4,66.26,0.36
2021-03-19,000001,2799.15,2666.63,2814.16,2654.13,1525622,3159181040.0,5.67,-5.58,-157.53,0.79
2021-03-22,000001,2676.63,2801.65,2801.65,2674.13,1451190,3087549488.0,4.78,5.06,135.02,0.75
2021-03-23,000001,2804.15,2761.65,2814.16,2727.89,682903,1448043616.0,3.08,-1.43,-40.0,0.35
2021-03-24,000001,2759.15,2674.13,2767.9,2664.13,850085,1757688576.0,3.76,-3.17,-87.52,0.44
2021-03-25,000001,2680.38,2701.64,2711.64,2657.88,492666,1017166048.0,2.01,1.03,27.51,0.25
2021-03-26,000001,2712.89,2750.4,2782.9,2702.89,822108,1733412576.0,2.96,1.8,48.76,0.42
2021-03-29,000001,2767.9,2794.15,2814.16,2757.9,785667,1684397872.0,2.05,1.59,43.75,0.4
2021-03-30,000001,2780.4,2849.16,2849.16,2759.15,738655,1601238496.0,3.22,1.97,55.01,0.38
2021-03-31,000001,2829.16,2859.16,2866.67,2807.91,777028,1699922176.0,2.06,0.35,10.0,0.4
2021-04-01,000001,2867.92,2830.41,2871.67,2795.4,544449,1183868016.0,2.67,-1.01,-28.75,0.28
2021-04-02,000001,2820.41,2795.4,2824.16,2777.9,581084,1249405392.0,1.63,-1.24,-35.01,0.3
2021-04-06,000001,2801.65,2817.91,2869.17,2796.65,401103,873387024.0,2.59,0.81,22.51,0.21
2021-04-07,000001,2842.91,2812.91,2849.16,2771.65,517605,1116774448.0,2.75,-0.18,-5.0,0.27
2021-04-08,000001,2790.4,2802.9,2824.16,2774.15,383030,825170848.0,1.78,-0.36,-10.01,0.2
2021-04-09,000001,2821.66,2770.4,2822.91,2742.89,398960,849870880.0,2.85,-1.16,-32.5,0.21
2021-04-12,000001,2796.65,2695.39,2796.65,2686.64,594743,1240067312.0,3.97,-2.71,-75.01,0.31
2021-04-13,000001,2697.89,2705.39,2717.89,2681.63,499904,1036992688.0,1.35,0.37,10.0,0.26
2021-04-14,000001,2706.64,2691.64,2725.39,2660.38,537438,1113001536.0,2.4,-0.51,-13.75,0.28
2021-04-15,000001,2702.89,2652.88,2704.14,2617.87,735865,1494016048.0,3.21,-1.44,-38.76,0.38
2021-04-16,000001,2652.88,2640.38,2661.63,2584.12,729998,1466509056.0,2.92,-0.47,-12.5,0.38
2021-04-19,000001,2611.62,2751.65,2762.9,2596.62,1112283,2304021472.0,6.3,4.21,111.27,0.57
2021-04-20,000001,2742.89,2819.16,2851.66,2722.89,834773,1798249024.0,4.68,2.45,67.51,0.43
2021-04-21,000001,2895.42,2984.19,3006.69,2894.17,1597100,3644577536.0,3.99,5.85,165.03,0.82
2021-04-22,000001,3006.69,2980.43,3011.69,2955.43,829694,1905208912.0,1.89,-0.13,-3.76,0.43
2021-04-23,000001,3022.94,3019.19,3064.2,2991.69,823230,1920413504.0,2.43,1.3,38.76,0.42
2021-04-26,000001,3091.7,2975.43,3136.71,2970.43,872418,2037109600.0,5.51,-1.45,-43.76,0.45
2021-04-27,000001,2976.68,2975.43,3006.69,2965.43,470431,1083043584.0,1.39,0.0,0.0,0.24
2021-04-28,000001,3019.19,3026.69,3039.19,2955.43,593838,1375141408.0,2.82,1.72,51.26,0.31
2021-04-29,000001,3025.44,3056.7,3071.7,2996.69,614837,1439823968.0,2.48,0.99,30.01,0.32
2021-04-30,000001,3026.69,3019.19,3044.2,2984.19,561981,1308177200.0,1.96,-1.23,-37.51,0.29
2021-05-06,000001,2995.44,3045.45,3070.45,2995.44,500295,1174181616.0,2.48,0.87,26.26,0.26
2021-05-07,000001,3066.7,3114.21,3145.46,3031.69,802214,1929112368.0,3.74,2.26,68.76,0.41
2021-05-10,000001,3107.96,3090.45,3112.96,2985.44,661439,1566860768.0,4.09,-0.76,-23.76,0.34
2021-05-11,000001,3060.45,3049.2,3076.7,2990.44,497223,1161846400.0,2.79,-1.33,-41.25,0.26
2021-05-12,000001,3019.19,3051.7,3062.95,2967.93,533265,1245517712.0,3.12,0.08,2.5,0.27
2021-05-13,000001,3047.95,2991.69,3056.7,2962.93,549653,1271946304.0,3.07,-1.97,-60.01,0.28
2021-05-14,000001,3022.94,3045.45,3059.2,2955.43,563785,1300250944.0,3.47,1.8,53.76,0.29
2021-05-17,000001,3024.19,3080.45,3107.96,2999.19,527565,1241605200.0,3.57,1.15,35.0,0.27
2021-05-18,000001,3111.71,3117.96,3144.21,3055.45,395415,939786736.0,2.88,1.22,37.51,0.2
2021-05-19,000001,3107.96,3080.45,3146.71,3070.45,429420,1022553744.0,2.45,-1.2,-37.51,0.22
2021-05-20,000001,3056.7,3107.96,3110.46,3039.19,405788,957478848.0,2.31,0.89,27.51,0.21
2021-05-21,000001,3115.46,3066.7,3141.71,3009.19,539336,1263058112.0,4.26,-1.33,-41.26,0.28
2021-05-24,000001,3065.45,3065.45,3080.45,3029.19,343936,806092208.0,1.67,-0.04,-1.25,0.18
2021-05-25,000001,3072.95,3205.47,3221.73,3061.7,972375,2363145904.0,5.22,4.57,140.02,0.5
2021-05-26,000001,3210.47,3256.73,3270.48,3192.97,919264,2286540256.0,2.42,1.6,51.26,0.47
2021-05-27,000001,3244.23,3229.23,3275.48,3195.47,504091,1246712048.0,2.46,-0.84,-27.5,0.26
2021-05-28,000001,3215.47,3192.97,3219.23,3150.46,492401,1200523312.0,2.13,-1.12,-36.26,0.25
2021-05-31,000001,3171.72,3155.46,3196.72,3119.21,515351,1244209040.0,2.43,-1.17,-37.51,0.27
2021-06-01,000001,3155.46,3120.46,3161.72,3067.95,625018,1490476624.0,2.97,-1.11,-35.0,0.32
2021-06-02,000001,3116.71,3116.71,3120.46,3052.95,497527,1176608128.0,2.16,-0.12,-3.75,0.26
2021-06-03,000001,3095.45,3101.71,3147.96,3090.45,400901,958876480.0,1.85,-0.48,-15.0,0.21
2021-06-04,000001,3129.21,3197.97,3250.48,3105.46,756739,1851425840.0,4.68,3.1,96.26,0.39
2021-06-07,000001,3190.47,3167.97,3190.47,3121.71,447914,1081738832.0,2.15,-0.94,-30.0,0.23
2021-06-08,000001,3149.21,3196.72,3201.72,3124.21,570078,1384120304.0,2.45,0.91,28.75,0.29
2021-06-09,000001,3184.22,3211.72,3240.48,3152.96,453832,1116771376.0,2.74,0.47,15.0,0.23
2021-06-10,000001,3212.97,3155.46,3262.98,3149.21,530215,1294972560.0,3.54,-1.75,-56.26,0.27
2021-06-11,000001,3169.22,3051.7,3174.22,3020.44,834665,1965393120.0,4.87,-3.29,-103.76,0.43
2021-06-15,000001,3049.2,3032.94,3059.2,2980.43,660623,1524503472.0,2.58,-0.61,-18.76,0.34
2021-06-16,000001,3032.94,3037.94,3055.45,3006.69,378208,878470832.0,1.61,0.16,5.0,0.19
2021-06-17,000001,3007.94,3017.94,3091.7,3007.94,453282,1059121808.0,2.76,-0.66,-20.0,0.23
2021-06-18,000001,3021.69,2961.68,3040.44,2929.18,694099,1574437728.0,3.69,-1.86,-56.26,0.36
2021-06-21,000001,2955.43,2900.42,2964.18,2881.67,718273,1600119856.0,2.79,-2.07,-61.26,0.37
2021-06-22,000001,2927.93,3001.69,3016.69,2911.67,757751,1720058048.0,3.62,3.49,101.27,0.39
2021-06-23,000001,2986.69,3022.94,3056.7,2970.43,447908,1035835696.0,2.87,0.71,21.25,0.23
2021-06-24,000001,3009.19,3015.44,3020.44,2965.43,390283,894502112.0,1.82,-0.25,-7.5,0.2
2021-06-25,000001,3015.44,3050.45,3080.45,3012.94,559973,1310287392.0,2.24,1.16,35.01,0.29
2021-06-28,000001,3050.45,2977.93,3054.2,2940.43,626257,1425702208.0,3.73,-2.38,-72.52,0.32
2021-06-29,000001,2952.93,2922.93,2979.18,2880.42,1049749,2341926368.0,3.32,-1.85,-55.0,0.54
2021-06-30,000001,2925.43,2957.93,2996.69,2924.18,403435,913285184.0,2.48,1.2,35.0,0.21
2021-07-01,000001,2981.69,3030.44,3067.95,2945.43,664833,1530548800.0,4.14,2.45,72.51,0.34
2021-07-02,000001,2970.43,2856.66,2972.93,2850.41,1070678,2360189792.0,4.04,-5.73,-173.78,0.55
2021-07-05,000001,2841.66,2887.92,2899.17,2766.65,859341,1859394320.0,4.64,1.09,31.26,0.44
2021-07-06,000001,2890.42,2977.93,3005.44,2861.66,791957,1784792784.0,4.98,3.12,90.01,0.41
2021-07-07,000001,2965.43,2949.18,3011.69,2942.93,468945,1063910096.0,2.31,-0.97,-28.75,0.24
2021-07-08,000001,2977.93,2819.16,2977.93,2780.4,1457059,3140657440.0,6.7,-4.41,-130.02,0.75
2021-07-09,000001,2792.9,2789.15,2834.16,2757.9,762365,1625461600.0,2.71,-1.06,-30.01,0.39
2021-07-12,000001,2817.91,2775.4,2817.91,2741.64,877901,1859059504.0,2.73,-0.49,-13.75,0.45
2021-07-13,000001,2774.15,2770.4,2797.9,2697.89,657614,1382029136.0,3.6,-0.18,-5.0,0.34
2021-07-14,000001,2755.4,2725.39,2755.4,2681.63,847951,1755810880.0,2.66,-1.62,-45.01,0.44
2021-07-15,000001,2720.39,2832.91,2845.41,2709.14,956003,2040266256.0,5.0,3.95,107.52,0.49
2021-07-16,000001,2806.66,2797.9,2857.91,2792.9,573003,1230180816.0,2.29,-1.24,-35.01,0.3
2021-07-19,000001,2800.4,2781.65,2809.16,2727.89,522136,1098434736.0,2.9,-0.58,-16.25,0.27
2021-07-20,000001,2767.9,2705.39,2780.4,2689.14,804034,1665315552.0,3.28,-2.74,-76.26,0.41
2021-07-21,000001,2702.89,2686.64,2730.39,2655.38,753077,1535327568.0,2.77,-0.69,-18.75,0.39
2021-07-22,000001,2686.64,2677.88,2712.89,2660.38,868648,1773999328.0,1.95,-0.33,-8.76,0.45
2021-07-23,000001,2677.88,2642.88,2677.88,2630.38,727404,1461467504.0,1.77,-1.31,-35.0,0.37
2021-07-26,000001,2625.37,2480.35,2629.13,2434.09,1451304,2770236704.0,7.38,-6.15,-162.53,0.75
2021-07-27,000001,2489.1,2350.33,2504.1,2330.32,1357551,2461708368.0,7.01,-5.24,-130.02,0.7
2021-07-28,000001,2361.58,2349.08,2389.08,2340.33,1062994,1898562592.0,2.07,-0.05,-1.25,0.55
2021-07-29,000001,2369.08,2375.33,2410.34,2352.83,872378,1566107824.0,2.45,1.12,26.25,0.45
2021-07-30,000001,2370.33,2341.58,2386.58,2285.32,950156,1679747312.0,4.26,-1.42,-33.75,0.49
2021-08-02,000001,2335.33,2381.58,2397.84,2277.82,1159923,2056014240.0,5.13,1.71,40.0,0.6
2021-08-03,000001,2379.08,2366.58,2399.09,2337.83,896949,1609422576.0,2.57,-0.63,-15.0,0.46
2021-08-04,000001,2385.33,2356.58,2389.08,2330.32,729620,1300164288.0,2.48,-0.42,-10.0,0.38
2021-08-05,000001,2342.83,2340.33,2386.58,2327.82,621574,1104903008.0,2.49,-0.69,-16.25,0.32
2021-08-06,000001,2324.07,2362.83,2367.83,2311.57,567454,1005870944.0,2.4,0.96,22.5,0.29
2021-08-09,000001,2369.08,2512.86,2536.61,2360.33,1752798,3313803232.0,7.46,6.35,150.03,0.9
2021-08-10,000001,2516.61,2596.62,2627.88,2492.85,1301988,2535427984.0,5.37,3.33,83.76,0.67
2021-08-11,000001,2629.13,2606.62,2702.89,2592.87,1048308,2104975152.0,4.24,0.39,10.0,0.54
2021-08-12,000001,2604.12,2616.62,2667.88,2584.12,666458,1330388048.0,3.21,0.38,10.0,0.34
2021-08-13,000001,2602.87,2616.62,2620.37,2567.86,562885,1110191392.0,2.01,0.0,0.0,0.29
2021-08-16,000001,2641.63,2624.12,2655.38,2576.62,627050,1247681168.0,3.01,0.29,7.5,0.32
2021-08-17,000001,2611.62,2589.12,2657.88,2581.62,476022,947385520.0,2.91,-1.33,-35.0,0.25
2021-08-18,000001,2589.12,2707.89,2780.4,2574.12,1332732,2732213552.0,7.97,4.59,118.77,0.69
2021-08-19,000001,2690.39,2672.88,2707.89,2632.88,649976,1315320352.0,2.77,-1.29,-35.01,0.33
2021-08-20,000001,2626.62,2557.86,2639.13,2467.85,1614628,3119152560.0,6.41,-4.3,-115.02,0.83
2021-08-23,000001,2567.86,2542.86,2636.63,2519.11,1191849,2315871648.0,4.59,-0.59,-15.0,0.61
2021-08-24,000001,2549.11,2550.36,2626.62,2531.61,868953,1690760832.0,3.74,0.29,7.5,0.45
2021-08-25,000001,2557.86,2525.36,2564.11,2499.1,698084,1341330416.0,2.55,-0.98,-25.0,0.36
2021-08-26,000001,2530.36,2437.84,2537.86,2431.59,951619,1783725040.0,4.21,-3.47,-87.52,0.49
2021-08-27,000001,2450.35,2429.09,2490.35,2419.09,728820,1354408976.0,2.92,-0.36,-8.75,0.38
2021-08-30,000001,2406.59,2345.33,2416.59,2324.07,1252211,2221855856.0,3.81,-3.45,-83.76,0.65
2021-08-31,000001,2345.33,2355.33,2371.58,2294.07,1174868,2072006848.0,3.3,0.43,10.0,0.61
2021-09-01,000001,2315.32,2365.33,2370.33,2256.56,2316894,4046284160.0,4.83,0.42,10.0,1.19
2021-09-02,000001,2380.33,2430.34,2477.85,2355.33,2422604,4454545408.0,5.18,2.75,65.01,1.25
2021-09-03,000001,2442.84,2385.33,2442.84,2342.83,1394819,2523273152.0,4.12,-1.85,-45.01,0.72
2021-09-06,000001,2371.58,2436.59,2455.35,2352.83,1515226,2780281088.0,4.3,2.15,51.26,0.78
2021-09-07,000001,2455.35,2535.36,2575.37,2424.09,1622344,3067365664.0,6.21,4.05,98.77,0.84
2021-09-08,000001,2535.36,2534.11,2574.12,2517.86,1026201,1979771472.0,2.22,-0.05,-1.25,0.53
2021-09-09,000001,2519.11,2505.35,2524.11,2480.35,739506,1399536016.0,1.73,-1.13,-28.76,0.38
2021-09-10,000001,2491.6,2701.64,2726.64,2485.35,2314945,4668361728.0,9.63,7.83,196.29,1.19
2021-09-13,000001,2675.38,2656.63,2694.14,2606.62,1297228,2606152384.0,3.24,-1.67,-45.01,0.67
2021-09-14,000001,2652.88,2551.61,2664.13,2539.11,1158173,2272080160.0,4.71,-3.95,-105.02,0.6
2021-09-15,000001,2544.11,2570.37,2754.15,2529.11,841618,1639298368.0,8.82,0.74,18.76,0.43
2021-09-16,000001,2542.86,2515.36,2567.86,2471.6,1176954,2234474944.0,3.74,-2.14,-55.01,0.61
2021-09-17,000001,2492.85,2446.59,2505.35,2431.59,1124880,2098715200.0,2.93,-2.73,-68.77,0.58
2021-09-22,000001,2364.08,2377.83,2386.58,2307.82,1473365,2616707248.0,3.22,-2.81,-68.76,0.76
2021-09-23,000001,2392.84,2340.33,2420.34,2336.58,1379838,2465683712.0,3.52,-1.58,-37.5,0.71
2021-09-24,000001,2330.32,2299.07,2340.33,2297.82,1265696,2209461936.0,1.82,-1.76,-41.26,0.65
2021-09-27,000001,2281.57,2326.57,2340.33,2262.81,1140668,1979196736.0,3.37,1.2,27.5,0.59
2021-09-28,000001,2314.07,2376.58,2401.59,2311.57,1293167,2311265536.0,3.87,2.15,50.01,0.67
2021-09-29,000001,2362.83,2399.09,2435.34,2344.08,1230122,2225416496.0,3.84,0.95,22.51,0.63
2021-09-30,000001,2391.59,2371.58,2405.34,2344.08,795611,1424675920.0,2.55,-1.15,-27.51,0.41
2021-10-08,000001,2401.59,2460.35,2491.6,2382.83,1159201,2146983888.0,4.59,3.74,88.77,0.6
2021-10-11,000001,2505.35,2555.36,2597.87,2505.35,1455338,2829310848.0,3.76,3.86,95.01,0.75
2021-10-12,000001,2542.86,2549.11,2594.12,2530.36,1031232,2004823968.0,2.5,-0.24,-6.25,0.53
2021-10-13,000001,2542.86,2577.87,2619.12,2526.61,807897,1577612464.0,3.63,1.13,28.76,0.42
2021-10-14,000001,2579.12,2531.61,2620.37,2491.6,842990,1623970432.0,5.0,-1.79,-46.26,0.43
2021-10-15,000001,2505.35,2587.87,2617.87,2505.35,993494,1948647232.0,4.44,2.22,56.26,0.51
2021-10-18,000001,2561.61,2541.61,2574.12,2517.86,729623,1408737776.0,2.17,-1.79,-46.26,0.38
2021-10-19,000001,2524.11,2576.62,2590.37,2524.11,682415,1330501296.0,2.61,1.38,35.01,0.35
2021-10-20,000001,2599.12,2535.36,2602.87,2529.11,662956,1283356224.0,2.86,-1.6,-41.26,0.34
2021-10-21,000001,2570.37,2630.38,2637.88,2536.61,1621661,3198266208.0,3.99,3.75,95.02,0.84
2021-10-22,000001,2650.38,2635.38,2704.14,2605.37,1134964,2287284928.0,3.75,0.19,5.0,0.58
2021-10-25,000001,2594.12,2645.38,2655.38,2567.86,730828,1458800096.0,3.32,0.38,10.0,0.38
2021-10-26,000001,2637.88,2636.63,2686.64,2612.87,652807,1313475888.0,2.79,-0.33,-8.75,0.34
2021-10-27,000001,2630.38,2620.37,2651.63,2579.12,687600,1365982832.0,2.75,-0.62,-16.26,0.35
2021-10-28,000001,2605.37,2595.37,2622.87,2551.61,619011,1211946112.0,2.72,-0.95,-25.0,0.32
2021-10-29,000001,2584.12,2567.86,2597.87,2545.36,539930,1052760272.0,2.02,-1.06,-27.51,0.28
2021-11-01,000001,2546.61,2554.11,2596.62,2506.6,841490,1626762032.0,3.51,-0.54,-13.75,0.43
2021-11-02,000001,2551.61,2402.84,2566.61,2379.08,1997691,3691356320.0,7.34,-5.92,-151.27,1.03
2021-11-03,000001,2392.84,2384.08,2410.34,2361.58,1114972,2009325072.0,2.03,-0.78,-18.76,0.57
2021-11-04,000001,2390.33,2364.08,2392.84,2355.33,983411,1760671904.0,1.57,-0.84,-20.0,0.51
2021-11-05,000001,2361.58,2335.33,2380.33,2326.57,1096040,1942415600.0,2.27,-1.22,-28.75,0.56
2021-11-08,000001,2332.83,2307.82,2356.58,2300.32,1376815,2406417776.0,2.41,-1.18,-27.51,0.71
2021-11-09,000001,2315.32,2321.57,2336.58,2287.82,1240573,2163193120.0,2.11,0.6,13.75,0.64
2021-11-10,000001,2312.82,2305.32,2314.07,2275.32,1220851,2109735152.0,1.67,-0.7,-16.25,0.63
2021-11-11,000001,2299.07,2424.09,2434.09,2295.32,2084729,3752413856.0,6.02,5.15,118.77,1.07
2021-11-12,000001,2419.09,2414.09,2459.1,2394.09,957546,1753072720.0,2.68,-0.41,-10.0,0.49
2021-11-15,000001,2424.09,2434.09,2459.1,2405.34,655090,1203764096.0,2.23,0.83,20.0,0.34
2021-11-16,000001,2425.34,2407.84,2447.84,2401.59,601110,1099113408.0,1.9,-1.08,-26.25,0.31
2021-11-17,000001,2399.09,2394.09,2417.84,2377.83,664640,1203859184.0,1.66,-0.57,-13.75,0.34
2021-11-18,000001,2391.59,2355.33,2395.34,2346.58,799844,1430058304.0,2.04,-1.62,-38.76,0.41
2021-11-19,000001,2355.33,2399.09,2410.34,2342.83,786372,1414506384.0,2.87,1.86,43.76,0.41
2021-11-22,000001,2384.08,2395.34,2411.59,2367.83,738618,1337768176.0,1.82,-0.16,-3.75,0.38
2021-11-23,000001,2394.09,2365.33,2424.09,2340.33,1235978,2213817584.0,3.5,-1.25,-30.01,0.64
2021-11-24,000001,2351.58,2364.08,2374.08,2337.83,741311,1316774400.0,1.53,-0.05,-1.25,0.38
2021-11-25,000001,2347.83,2340.33,2354.08,2334.08,603533,1068221312.0,0.85,-1.0,-23.75,0.31
2021-11-26,000001,2332.83,2327.82,2339.08,2320.32,694500,1219937312.0,0.8,-0.53,-12.51,0.36
2021-11-29,000001,2306.57,2319.07,2326.57,2300.32,512595,895105984.0,1.13,-0.38,-8.75,0.26
2021-11-30,000001,2322.82,2310.32,2340.33,2299.07,733616,1280384560.0,1.78,-0.38,-8.75,0.38
2021-12-01,000001,2309.07,2335.33,2351.58,2301.57,706925,1243666848.0,2.16,1.08,25.01,0.36
2021-12-02,000001,2332.83,2329.07,2356.58,2301.57,994798,1749164560.0,2.36,-0.27,-6.26,0.51
2021-12-03,000001,2335.33,2336.58,2342.83,2306.57,707600,1242375056.0,1.56,0.32,7.51,0.36
2021-12-06,000001,2361.58,2392.84,2450.35,2355.33,2145625,3896385168.0,4.07,2.41,56.26,1.11
2021-12-07,000001,2417.84,2437.84,2464.1,2399.09,1616444,2979968976.0,2.72,1.88,45.0,0.83
2021-12-08,000001,2436.59,2439.09,2449.09,2400.34,980281,1798691056.0,2.0,0.05,1.25,0.51
2021-12-09,000001,2441.59,2467.85,2512.86,2426.59,1455887,2726663440.0,3.54,1.18,28.76,0.75
2021-12-10,000001,2444.09,2427.84,2467.85,2414.09,989255,1824076528.0,2.18,-1.62,-40.01,0.51
2021-12-13,000001,2439.09,2414.09,2490.35,2402.84,1314490,2427803728.0,3.6,-0.57,-13.75,0.68
2021-12-14,000001,2400.34,2327.82,2401.59,2320.32,1937209,3434156320.0,3.37,-3.57,-86.27,1.0
2021-12-15,000001,2319.07,2324.07,2337.83,2305.32,1294627,2269821040.0,1.4,-0.16,-3.75,0.67
2021-12-16,000001,2324.07,2345.33,2346.58,2312.82,819480,1445483376.0,1.45,0.91,21.26,0.42
2021-12-17,000001,2342.83,2326.57,2349.08,2326.57,602370,1062875488.0,0.96,-0.8,-18.76,0.31
2021-12-20,000001,2325.32,2320.32,2336.58,2311.57,746435,1309029264.0,1.07,-0.27,-6.25,0.38
2021-12-21,000001,2316.57,2329.07,2344.08,2315.32,893734,1572895584.0,1.24,0.38,8.75,0.46
2021-12-22,000001,2332.83,2304.07,2335.33,2292.82,976928,1701772576.0,1.83,-1.07,-25.0,0.5
2021-12-23,000001,2305.32,2295.32,2309.07,2281.57,1059576,1831122720.0,1.19,-0.38,-8.75,0.55
2021-12-24,000001,2296.57,2294.07,2299.07,2281.57,488251,843109664.0,0.76,-0.05,-1.25,0.25
2021-12-27,000001,2296.57,2282.82,2299.07,2275.32,731119,1260455312.0,1.04,-0.49,-11.25,0.38
2021-12-28,000001,2282.82,2276.57,2296.57,2266.56,1126639,1934461072.0,1.31,-0.27,-6.25,0.58
2021-12-29,000001,2275.32,2224.06,2275.32,2217.81,1469374,2480534592.0,2.53,-2.31,-52.51,0.76
2021-12-30,000001,2225.31,2232.81,2249.06,2220.31,796664,1342374256.0,1.29,0.39,8.75,0.41
2021-12-31,000001,2237.81,2190.3,2242.81,2180.3,1750761,2899617152.0,2.8,-1.9,-42.51,0.9
2022-01-04,000001,2190.3,2212.8,2212.8,2152.79,1169259,1918887056.0,2.74,1.03,22.5,0.6
2022-01-05,000001,2202.8,2274.07,2282.82,2199.05,1961998,3344124592.0,3.79,2.77,61.27,1.01
2022-01-06,000001,2269.06,2270.31,2289.07,2255.31,1107885,1896535840.0,1.48,-0.17,-3.76,0.57
2022-01-07,000001,2267.81,2280.32,2290.32,2262.81,1126631,1937710960.0,1.21,0.44,10.01,0.58
2022-01-10,000001,2291.57,2279.07,2307.82,2259.06,909774,1563414576.0,2.14,-0.05,-1.25,0.47
2022-01-11,000001,2287.82,2306.57,2322.82,2272.82,1581999,2752485392.0,2.19,1.21,27.5,0.82
2022-01-12,000001,2306.57,2255.31,2311.57,2242.81,1502164,2561266416.0,2.98,-2.22,-51.26,0.77
2022-01-13,000001,2244.06,2252.81,2285.32,2232.81,909423,1550319152.0,2.33,-0.11,-2.5,0.47
2022-01-14,000001,2255.31,2171.55,2257.81,2167.8,2103095,3459950800.0,4.0,-3.61,-81.26,1.08
2022-01-17,000001,2174.05,2157.8,2190.3,2145.29,1143689,1855633792.0,2.07,-0.63,-13.75,0.59
2022-01-18,000001,2161.55,2195.3,2197.8,2150.29,1152974,1891094608.0,2.2,1.74,37.5,0.59
2022-01-19,000001,2197.8,2192.8,2216.56,2175.3,988392,1630973584.0,1.88,-0.11,-2.5,0.51
2022-01-20,000001,2189.05,2296.57,2312.82,2182.8,3031194,5195805440.0,5.93,4.73,103.77,1.56
2022-01-21,000001,2311.57,2299.07,2325.32,2281.57,1481683,2575115120.0,1.91,0.11,2.5,0.76
2022-01-24,000001,2297.82,2280.32,2302.82,2252.81,874771,1501390336.0,2.18,-0.82,-18.75,0.45
2022-01-25,000001,2265.31,2236.56,2265.31,2231.56,1093284,1851999024.0,1.48,-1.92,-43.76,0.56
2022-01-26,000001,2249.06,2211.55,2267.81,2197.8,984975,1646384992.0,3.13,-1.12,-25.01,0.51
2022-01-27,000001,2192.8,2167.8,2197.8,2161.55,1024643,1677261296.0,1.64,-1.98,-43.75,0.53
2022-01-28,000001,2179.05,2109.04,2186.55,2107.79,1675564,2695470336.0,3.63,-2.71,-58.76,0.86
2022-02-07,000001,2132.79,2179.05,2181.55,2116.54,1515476,2451798480.0,3.08,3.32,70.01,0.78
2022-02-08,000001,2167.8,2234.06,2251.56,2162.8,1754695,2950309008.0,4.07,2.52,55.01,0.9
2022-02-09,000001,2245.31,2237.81,2255.31,2219.06,1051162,1774253632.0,1.62,0.17,3.75,0.54
2022-02-10,000001,2226.56,2254.06,2259.06,2214.06,784557,1326848944.0,2.01,0.73,16.25,0.4
2022-02-11,000001,2259.06,2267.81,2297.82,2259.06,1078139,1852167488.0,1.72,0.61,13.75,0.56
2022-02-14,000001,2267.81,2202.8,2274.07,2194.05,1150659,1917613424.0,3.53,-2.87,-65.01,0.59
2022-02-15,000001,2192.8,2165.3,2214.06,2142.79,1208264,1968985376.0,3.24,-1.7,-37.5,0.62
2022-02-16,000001,2174.05,2181.55,2196.55,2156.55,782400,1282234144.0,1.85,0.75,16.25,0.4
2022-02-17,000001,2179.05,2182.8,2199.05,2170.3,794502,1306514352.0,1.32,0.06,1.25,0.41
2022-02-18,000001,2170.3,2226.56,2226.56,2169.05,802499,1330233360.0,2.63,2.0,43.76,0.41
2022-02-21,000001,2212.8,2194.05,2214.06,2170.3,800995,1316023712.0,1.97,-1.46,-32.51,0.41
2022-02-22,000001,2169.05,2159.05,2185.3,2150.29,894957,1454156224.0,1.6,-1.6,-35.0,0.46
2022-02-23,000001,2167.8,2154.04,2169.05,2135.29,886742,1431289856.0,1.56,-0.23,-5.01,0.46
2022-02-24,000001,2146.54,2119.04,2149.04,2105.29,1324087,2112842560.0,2.03,-1.62,-35.0,0.68
2022-02-25,000001,2129.04,2117.79,2140.29,2114.04,726397,1157890272.0,1.24,-0.06,-1.25,0.37
2022-02-28,000001,2117.79,2099.04,2120.29,2082.78,723990,1137154096.0,1.77,-0.89,-18.75,0.37
2022-03-01,000001,2104.04,2120.29,2124.04,2082.78,935040,1474693968.0,1.97,1.01,21.25,0.48
2022-03-02,000001,2104.04,2090.28,2114.04,2087.78,760761,1196321952.0,1.24,-1.42,-30.01,0.39
2022-03-03,000001,2096.54,2094.03,2106.54,2084.03,578285,908171584.0,1.08,0.18,3.75,0.3
2022-03-04,000001,2082.78,2046.53,2084.03,2040.28,990936,1523793664.0,2.09,-2.27,-47.5,0.51
2022-03-07,000001,2026.52,1970.26,2026.52,1962.76,1113159,1655959936.0,3.12,-3.73,-76.27,0.57
2022-03-08,000001,1957.76,1919.01,1987.77,1911.5,1003033,1463145936.0,3.87,-2.6,-51.25,0.52
2022-03-09,000001,1930.26,1860.25,1936.51,1782.73,1800760,2492042992.0,8.01,-3.06,-58.76,0.93
2022-03-10,000001,1902.75,1951.51,1974.01,1891.5,2249158,3269867792.0,4.44,4.91,91.26,1.16
2022-03-11,000001,1930.26,1992.77,2002.77,1899.0,1493647,2187480608.0,5.32,2.11,41.26,0.77
2022-03-14,000001,1959.01,1941.51,1996.52,1936.51,1118407,1637278464.0,3.01,-2.57,-51.26,0.58
2022-03-15,000001,1930.26,1840.24,1930.26,1830.24,1781409,2479769552.0,5.15,-5.22,-101.27,0.92
2022-03-16,000001,1862.75,1919.01,1930.26,1818.99,1531779,2141637072.0,6.05,4.28,78.77,0.79
2022-03-17,000001,1962.76,1936.51,1969.01,1910.25,1730061,2506504224.0,3.06,0.91,17.5,0.89
2022-03-18,000001,1925.26,1967.76,1986.52,1897.75,1528807,2222158768.0,4.58,1.61,31.25,0.79
2022-03-21,000001,1942.76,1954.01,1982.77,1929.01,1208868,1765673888.0,2.73,-0.7,-13.75,0.62
2022-03-22,000001,1954.01,2027.77,2032.77,1942.76,1628657,2443174048.0,4.61,3.77,73.76,0.84
2022-03-23,000001,2019.02,2005.27,2029.02,1992.77,1050102,1577561344.0,1.79,-1.11,-22.5,0.54
2022-03-24,000001,1995.27,2030.27,2044.03,1981.52,1002360,1518870080.0,3.12,1.25,25.0,0.52
2022-03-25,000001,2024.02,2002.77,2036.53,1982.77,742933,1116354592.0,2.65,-1.35,-27.5,0.38
2022-03-28,000001,1980.27,1986.52,2011.52,1959.01,727137,1078327296.0,2.62,-0.81,-16.25,0.37
2022-03-29,000001,1990.27,1965.26,1999.02,1955.26,615643,909169632.0,2.2,-1.07,-21.26,0.32
2022-03-30,000001,1987.77,2031.52,2039.03,1975.26,1236792,1859617040.0,3.24,3.37,66.26,0.64
2022-03-31,000001,2017.77,2052.78,2076.53,2012.77,1163747,1789209952.0,3.14,1.05,21.26,0.6
2022-04-01,000001,2051.53,2099.04,2104.04,2030.27,1484879,2319616864.0,3.59,2.25,46.26,0.77
2022-04-06,000001,2085.28,2179.05,2197.8,2084.03,2488540,4064051488.0,5.42,3.81,80.01,1.28
2022-04-07,000001,2177.8,2165.3,2212.8,2155.3,1659065,2724002912.0,2.64,-0.63,-13.75,0.85
2022-04-08,000001,2162.8,2180.3,2186.55,2146.54,1066779,1741072080.0,1.85,0.69,15.0,0.55
2022-04-11,000001,2174.05,2136.54,2180.3,2105.29,1416735,2277469056.0,3.44,-2.01,-43.76,0.73
2022-04-12,000001,2136.54,2120.29,2162.8,2087.78,1039261,1654820080.0,3.51,-0.76,-16.25,0.54
2022-04-13,000001,2116.54,2105.29,2140.29,2095.29,890628,1415496128.0,2.12,-0.71,-15.0,0.46
2022-04-14,000001,2130.29,2135.29,2161.55,2120.29,929615,1493343952.0,1.96,1.42,30.0,0.48
2022-04-15,000001,2117.79,2182.8,2196.55,2112.79,1231761,2014010096.0,3.92,2.22,47.51,0.63
2022-04-18,000001,2149.04,2117.79,2155.3,2106.54,1086888,1734236528.0,2.23,-2.98,-65.01,0.56
2022-04-19,000001,2117.79,2106.54,2126.54,2082.78,821772,1294226944.0,2.07,-0.53,-11.25,0.42
2022-04-20,000001,2106.54,2111.54,2136.54,2092.78,716555,1137697840.0,2.08,0.24,5.0,0.37
2022-04-21,000001,2101.54,2106.54,2127.79,2092.78,709891,1124663648.0,1.66,-0.24,-5.0,0.37
2022-04-22,000001,2085.28,2137.79,2154.04,2055.28,921274,1468452960.0,4.69,1.48,31.25,0.47
2022-04-25,000001,2089.03,1986.52,2119.04,1977.77,1664481,2527610224.0,6.61,-7.08,-151.27,0.86
2022-04-26,000001,1990.27,1971.51,2002.77,1936.51,988210,1456929632.0,3.34,-0.76,-15.01,0.51
2022-04-27,000001,2002.77,2086.53,2086.53,2000.27,1490295,2296798752.0,4.38,5.83,115.02,0.77
2022-04-28,000001,2076.53,2086.53,2121.54,2051.53,911772,1426381920.0,3.36,0.0,0.0,0.47
2022-04-29,000001,2091.53,2045.28,2097.79,2001.52,1645013,2503476832.0,4.61,-1.98,-41.25,0.85
2022-05-05,000001,2030.27,2045.28,2061.53,2024.02,790196,1208735136.0,1.83,0.0,0.0,0.41
2022-05-06,000001,2007.77,2000.27,2030.27,1994.02,832432,1250995600.0,1.77,-2.2,-45.01,0.43
2022-05-09,000001,1997.77,1949.01,1997.77,1937.76,818621,1197104240.0,3.0,-2.56,-51.26,0.42
2022-05-10,000001,1942.76,1954.01,1955.26,1894.0,992285,1425836928.0,3.14,0.26,5.0,0.51
2022-05-11,000001,1947.76,1959.01,1985.27,1935.26,848574,1240700432.0,2.56,0.26,5.0,0.44
2022-05-12,000001,1940.26,1927.76,1950.26,1921.51,685064,987061600.0,1.47,-1.6,-31.25,0.35
2022-05-13,000001,1942.76,1956.51,1962.76,1941.51,676312,985962928.0,1.1,1.49,28.75,0.35
2022-05-16,000001,1962.76,1931.51,1971.51,1924.01,668228,965652304.0,2.43,-1.28,-25.0,0.34
2022-05-17,000001,1944.01,1969.01,1970.26,1920.26,931406,1357428400.0,2.59,1.94,37.5,0.48
2022-05-18,000001,1986.52,1974.01,1991.52,1964.01,778578,1150500432.0,1.4,0.25,5.0,0.4
2022-05-19,000001,1949.01,1957.76,1967.76,1942.76,590922,863214128.0,1.27,-0.82,-16.25,0.3
2022-05-20,000001,1967.76,2007.77,2010.27,1964.01,948598,1415164704.0,2.36,2.55,50.01,0.49
2022-05-23,000001,2014.02,1984.02,2014.02,1975.26,647726,962683728.0,1.93,-1.18,-23.75,0.33
2022-05-24,000001,1989.02,1930.26,1989.02,1930.26,933557,1358693536.0,2.96,-2.71,-53.76,0.48
2022-05-25,000001,1934.01,1929.01,1941.51,1917.75,603228,866228928.0,1.23,-0.06,-1.25,0.31
2022-05-26,000001,1931.51,1904.0,1934.01,1889.0,1011318,1435689344.0,2.33,-1.3,-25.01,0.52
2022-05-27,000001,1916.5,1902.75,1924.01,1894.0,723067,1029702192.0,1.58,-0.07,-1.25,0.37
2022-05-30,000001,1912.75,1890.25,1915.25,1885.25,896901,1265573040.0,1.58,-0.66,-12.5,0.46
2022-05-31,000001,1889.0,1900.25,1902.75,1880.25,938869,1325012048.0,1.19,0.53,10.0,0.48
2022-06-01,000001,1897.75,1890.25,1897.75,1880.25,845299,1187423728.0,0.92,-0.53,-10.0,0.44
2022-06-02,000001,1882.75,1874.0,1884.0,1865.25,979268,1363740800.0,0.99,-0.86,-16.25,0.5
2022-06-06,000001,1869.0,1901.5,1901.5,1835.24,1710852,2370807616.0,3.54,1.47,27.5,0.88
2022-06-07,000001,1882.75,1900.25,1911.5,1879.0,1315113,1860366720.0,1.71,-0.07,-1.25,0.68
2022-06-08,000001,1900.25,1900.25,1901.5,1881.5,1145521,1613524960.0,1.05,0.0,0.0,0.59
2022-06-09,000001,1897.75,1924.01,1937.76,1892.75,1632901,2339986704.0,2.37,1.25,23.76,0.84
2022-06-10,000001,1912.75,1920.26,1921.51,1896.5,1346012,1914639696.0,1.3,-0.19,-3.75,0.69
2022-06-13,000001,1902.75,1869.0,1904.0,1865.25,1547753,2163340112.0,2.02,-2.67,-51.26,0.8
2022-06-14,000001,1843.99,1895.25,1896.5,1843.99,1151429,1602169904.0,2.81,1.4,26.25,0.59
2022-06-15,000001,1892.75,1972.76,2019.02,1887.75,3413544,5010292736.0,6.93,4.09,77.51,1.76
2022-06-16,000001,1972.76,1935.26,1984.02,1932.76,1332546,1939976256.0,2.6,-1.9,-37.5,0.69
2022-06-17,000001,1920.26,1936.51,1946.51,1905.25,1053788,1513925920.0,2.13,0.06,1.25,0.54
2022-06-20,000001,1935.26,1922.76,1935.26,1912.75,1032167,1479529792.0,1.16,-0.71,-13.75,0.53
2022-06-21,000001,1922.76,1926.51,1959.01,1909.0,1321794,1905346064.0,2.6,0.2,3.75,0.68
2022-06-22,000001,1925.26,1890.25,1925.26,1890.25,1056046,1498415776.0,1.82,-1.88,-36.26,0.54
2022-06-23,000001,1891.5,1905.25,1909.0,1887.75,806028,1140899088.0,1.12,0.79,15.0,0.42
2022-06-24,000001,1905.25,1909.0,1911.5,1894.0,866041,1227798688.0,0.92,0.2,3.75,0.45
2022-06-27,000001,1910.25,1941.51,1950.26,1907.75,1497278,2166380432.0,2.23,1.7,32.51,0.77
2022-06-28,000001,1939.01,1959.01,1964.01,1931.51,1125110,1638673248.0,1.67,0.9,17.5,0.58
2022-06-29,000001,1961.51,1960.26,1992.77,1949.01,1266547,1865064672.0,2.23,0.06,1.25,0.65
2022-06-30,000001,1959.01,2002.77,2007.77,1949.01,1548745,2304888688.0,3.0,2.17,42.51,0.8
2022-07-01,000001,2005.27,1995.27,2014.02,1985.27,779243,1164030784.0,1.44,-0.37,-7.5,0.4
2022-07-04,000001,1999.02,1997.77,2002.77,1974.01,834968,1241453408.0,1.44,0.13,2.5,0.43
2022-07-05,000001,2004.02,1994.02,2039.03,1982.77,1115172,1674719024.0,2.82,-0.19,-3.75,0.57
2022-07-06,000001,1984.02,1946.51,1996.52,1937.76,1043335,1520022512.0,2.95,-2.38,-47.51,0.54
2022-07-07,000001,1947.76,1932.76,1961.51,1927.76,730161,1057696544.0,1.73,-0.71,-13.75,0.38
2022-07-08,000001,1942.76,1947.76,1961.51,1926.51,639698,928850352.0,1.81,0.78,15.0,0.33
2022-07-11,000001,1942.76,1937.76,1951.51,1925.26,611692,883613760.0,1.35,-0.51,-10.0,0.32
2022-07-12,000001,1931.51,1932.76,1971.51,1927.76,742882,1078431989.61,2.26,-0.26,-5.0,0.38
2022-07-13,000001,1932.76,1876.5,1939.01,1866.5,2175996,3056913117.84,3.75,-2.91,-56.26,1.12
2022-07-14,000001,1842.74,1801.49,1843.99,1791.48,2632121,3534578702.13,2.8,-4.0,-75.01,1.36
2022-07-15,000001,1815.24,1785.23,1825.24,1782.73,1598637,2139915274.03,2.36,-0.9,-16.26,0.82
2022-07-18,000001,1786.48,1803.99,1810.24,1781.48,1153506,1536340973.2,1.61,1.05,18.76,0.59
2022-07-19,000001,1797.73,1807.74,1808.99,1790.23,755597,1008562417.24,1.04,0.21,3.75,0.39
2022-07-20,000001,1808.99,1803.99,1813.99,1798.98,801459,1073936299.76,0.83,-0.21,-3.75,0.41
2022-07-21,000001,1795.23,1756.48,1797.73,1753.98,1970388,2588696130.23,2.43,-2.63,-47.51,1.02
2022-07-22,000001,1763.73,1759.98,1774.98,1736.22,1376510,1755555714.49,2.21,0.2,3.5,0.71
2022-07-25,000001,1758.73,1761.23,1764.98,1742.48,763956,976071707.3,1.28,0.07,1.25,0.39
2022-07-26,000001,1752.48,1772.48,1772.48,1747.48,1024049,1314310442.31,1.42,0.64,11.25,0.53
2022-07-27,000001,1764.98,1757.48,1768.73,1749.98,923914,1182889760.74,1.06,-0.85,-15.0,0.48
2022-07-28,000001,1759.98,1768.73,1772.48,1756.23,750347,964903657.66,0.92,0.64,11.25,0.39
2022-07-29,000001,1768.73,1743.73,1771.23,1739.97,831497,1059518584.72,1.77,-1.41,-25.0,0.43
2022-08-01,000001,1741.23,1711.22,1741.23,1708.72,1025733,1277987010.0,1.86,-1.86,-32.51,0.53
2022-08-02,000001,1686.22,1691.22,1701.22,1651.21,1373009,1664397666.12,2.92,-1.17,-20.0,0.71
2022-08-03,000001,1682.47,1662.46,1692.47,1659.96,746137,905653324.71,1.92,-1.7,-28.76,0.38
2022-08-04,000001,1671.21,1678.71,1679.96,1661.21,602676,729351710.02,1.13,0.98,16.25,0.31
2022-08-05,000001,1674.96,1697.47,1699.97,1656.21,765298,930836354.1,2.61,1.12,18.76,0.39
2022-08-08,000001,1689.97,1683.72,1703.72,1678.71,552000,674950920.8,1.47,-0.81,-13.75,0.28
2022-08-09,000001,1684.97,1673.71,1686.22,1668.71,558448,677098632.55,1.04,-0.59,-10.01,0.29
2022-08-10,000001,1673.71,1666.21,1688.72,1661.21,683023,825806007.77,1.64,-0.45,-7.5,0.35
2022-08-11,000001,1668.71,1702.47,1707.47,1663.71,1399304,1710719478.11,2.63,2.18,36.26,0.72
2022-08-12,000001,1691.22,1706.22,1709.97,1683.72,820504,1010612433.4,1.54,0.22,3.75,0.42
2022-08-15,000001,1694.97,1672.46,1703.72,1669.96,1172010,1425087455.23,1.98,-1.98,-33.76,0.6
2022-08-16,000001,1672.46,1674.96,1683.72,1671.21,631224,765907218.72,0.75,0.15,2.5,0.33
2022-08-17,000001,1677.46,1708.72,1711.22,1667.46,1348507,1656961619.36,2.61,2.02,33.76,0.69
2022-08-18,000001,1718.72,1689.97,1726.22,1678.71,1269701,1560630567.7,2.78,-1.1,-18.75,0.65
2022-08-19,000001,1692.47,1729.97,1752.48,1687.47,2106417,2653471090.1,3.85,2.37,40.0,1.09
2022-08-22,000001,1731.22,1721.22,1743.73,1709.97,1138077,1423361878.69,1.95,-0.51,-8.75,0.59
2022-08-23,000001,1714.97,1701.22,1719.97,1693.72,921463,1137300431.45,1.53,-1.16,-20.0,0.47
2022-08-24,000001,1699.97,1708.72,1726.22,1699.97,1295375,1613309589.13,1.54,0.44,7.5,0.67
2022-08-25,000001,1708.72,1736.22,1741.23,1696.22,1064011,1329230362.32,2.63,1.61,27.5,0.55
2022-08-26,000001,1743.73,1734.97,1752.48,1716.22,927634,1168951099.46,2.09,-0.07,-1.25,0.48
2022-08-29,000001,1721.22,1711.22,1728.72,1697.47,924491,1145189174.15,1.8,-1.37,-23.75,0.48
2022-08-30,000001,1712.47,1718.72,1726.22,1693.72,799712,991447627.25,1.9,0.44,7.5,0.41
2022-08-31,000001,1706.22,1752.48,1756.23,1703.72,1653042,2091408314.78,3.06,1.96,33.76,0.85
2022-09-01,000001,1739.97,1734.97,1757.48,1731.22,861982,1092666276.97,1.5,-1.0,-17.51,0.44
2022-09-02,000001,1736.22,1722.47,1744.98,1712.47,786363,983433862.85,1.87,-0.72,-12.5,0.41
2022-09-05,000001,1716.22,1729.97,1733.72,1704.97,632040,788451088.8,1.67,0.44,7.5,0.33
2022-09-06,000001,1731.22,1721.22,1741.23,1712.47,731295,914692183.62,1.66,-0.51,-8.75,0.38
2022-09-07,000001,1711.22,1699.97,1711.22,1693.72,979813,1208329758.86,1.02,-1.23,-21.25,0.5
2022-09-08,000001,1698.72,1703.72,1713.72,1696.22,621117,768913483.55,1.03,0.22,3.75,0.32
2022-09-09,000001,1708.72,1748.73,1751.23,1703.72,1951297,2469131334.35,2.79,2.64,45.01,1.01
2022-09-13,000001,1768.73,1777.48,1786.23,1741.23,1722690,2223707380.14,2.57,1.64,28.75,0.89
2022-09-14,000001,1752.48,1749.98,1767.48,1746.23,858036,1095054828.69,1.2,-1.55,-27.5,0.44
2022-09-15,000001,1758.73,1783.73,1796.23,1754.98,1841018,2393239453.41,2.36,1.93,33.75,0.95
2022-09-16,000001,1773.73,1728.72,1777.48,1728.72,1357448,1719252822.13,2.73,-3.08,-55.01,0.7
2022-09-19,000001,1726.22,1729.97,1742.48,1718.72,632121,793491306.11,1.37,0.07,1.25,0.33
2022-09-20,000001,1734.97,1701.22,1737.47,1698.72,889989,1102212203.64,2.24,-1.66,-28.75,0.46
2022-09-21,000001,1697.47,1712.47,1718.72,1683.72,684197,845477181.51,2.06,0.66,11.25,0.35
2022-09-22,000001,1699.97,1694.97,1703.72,1689.97,586133,720058210.32,0.8,-1.02,-17.5,0.3
2022-09-23,000001,1688.72,1694.97,1712.47,1687.47,586441,722703127.68,1.47,0.0,0.0,0.3
2022-09-26,000001,1678.71,1658.71,1693.72,1657.46,903729,1094060839.05,2.14,-2.14,-36.26,0.47
2022-09-27,000001,1658.71,1677.46,1678.71,1634.96,789622,946732993.84,2.64,1.13,18.75,0.41
2022-09-28,000001,1669.96,1672.46,1689.97,1648.71,780926,946211766.9,2.46,-0.3,-5.0,0.4
2022-09-29,000001,1689.97,1641.21,1693.72,1636.21,917718,1100405198.17,3.44,-1.87,-31.25,0.47
2022-09-30,000001,1642.46,1638.71,1653.71,1637.46,537230,638906947.77,0.99,-0.15,-2.5,0.28
2022-10-10,000001,1621.2,1592.45,1629.96,1591.2,966080,1119089730.68,2.37,-2.82,-46.26,0.5
2022-10-11,000001,1601.2,1593.7,1606.2,1584.95,415253,476749226.5,1.33,0.08,1.25,0.21
2022-10-12,000001,1589.95,1608.7,1611.2,1577.45,559572,641776508.91,2.12,0.94,15.0,0.29
2022-10-13,000001,1597.45,1576.2,1601.2,1572.45,852616,970021739.4,1.79,-2.02,-32.5,0.44
2022-10-14,000001,1589.95,1599.95,1612.45,1583.7,1096062,1265486550.33,1.82,1.51,23.75,0.56
2022-10-17,000001,1586.2,1593.7,1598.7,1576.2,1024823,1171523550.16,1.41,-0.39,-6.25,0.53
2022-10-18,000001,1602.45,1593.7,1613.7,1591.2,946837,1091646643.72,1.41,0.0,0.0,0.49
2022-10-19,000001,1586.2,1569.95,1594.95,1568.7,923990,1049700767.19,1.65,-1.49,-23.75,0.48
2022-10-20,000001,1562.44,1558.69,1572.45,1553.69,781923,876967150.61,1.19,-0.72,-11.26,0.4
2022-10-21,000001,1559.94,1544.94,1564.95,1542.44,785574,876648490.61,1.44,-0.88,-13.75,0.4
2022-10-24,000001,1544.94,1486.18,1546.19,1484.93,1383391,1496043940.13,3.97,-3.8,-58.76,0.71
2022-10-25,000001,1496.18,1489.93,1509.94,1483.68,1316979,1406437766.06,1.77,0.25,3.75,0.68
2022-10-26,000001,1488.68,1491.18,1499.93,1484.93,1143830,1220733277.85,1.01,0.08,1.25,0.59
2022-10-27,000001,1496.18,1493.68,1504.94,1491.18,957383,1024868047.21,0.92,0.17,2.5,0.49
2022-10-28,000001,1487.43,1461.18,1496.18,1459.93,1057947,1114999302.11,2.43,-2.18,-32.5,0.55
2022-10-31,000001,1449.93,1451.18,1464.93,1436.17,983096,1016230012.22,1.97,-0.68,-10.0,0.51
2022-11-01,000001,1456.18,1492.43,1493.68,1453.68,1381234,1459758367.32,2.76,2.84,41.25,0.71
2022-11-02,000001,1484.93,1487.43,1493.68,1468.68,1302988,1377816220.13,1.68,-0.34,-5.0,0.67
2022-11-03,000001,1476.18,1463.68,1479.93,1456.18,983536,1028904286.04,1.6,-1.6,-23.75,0.51
2022-11-04,000001,1458.68,1511.19,1514.94,1457.43,1776112,1903720943.52,3.93,3.25,47.51,0.92
2022-11-07,000001,1509.94,1518.69,1522.44,1499.93,988082,1070554832.9,1.49,0.5,7.5,0.51
2022-11-08,000001,1519.94,1514.94,1523.69,1506.19,583222,632835804.82,1.15,-0.25,-3.75,0.3
2022-11-09,000001,1513.69,1519.94,1543.69,1511.19,832107,911153622.45,2.15,0.33,5.0,0.43
2022-11-10,000001,1507.44,1517.44,1521.19,1494.93,552021,596916589.27,1.73,-0.16,-2.5,0.28
2022-11-11,000001,1549.94,1587.45,1616.2,1534.94,2545071,2878557391.61,5.36,4.61,70.01,1.31
2022-11-14,000001,1621.2,1652.46,1693.72,1621.2,3872084,4637823413.97,4.57,4.1,65.01,2.0
2022-11-15,000001,1641.21,1659.96,1681.21,1637.46,1573901,1891249648.05,2.65,0.45,7.5,0.81
2022-11-16,000001,1654.96,1636.21,1664.96,1632.46,1278693,1519133931.85,1.96,-1.43,-23.75,0.66
2022-11-17,000001,1634.96,1619.95,1638.71,1606.2,1091047,1273790880.66,1.99,-0.99,-16.26,0.56
2022-11-18,000001,1626.21,1607.45,1631.21,1604.95,868093,1011078679.59,1.62,-0.77,-12.5,0.45
2022-11-21,000001,1593.7,1591.2,1596.2,1561.19,1047737,1189388618.26,2.18,-1.01,-16.25,0.54
2022-11-22,000001,1591.2,1636.21,1649.96,1588.7,1491324,1748727406.58,3.85,2.83,45.01,0.77
2022-11-23,000001,1631.21,1636.21,1664.96,1623.71,1247657,1483352651.73,2.52,0.0,0.0,0.64
2022-11-24,000001,1648.71,1629.96,1657.46,1619.95,796719,941002372.92,2.29,-0.38,-6.25,0.41
2022-11-25,000001,1632.46,1679.96,1687.47,1629.96,1760728,2130171604.64,3.53,3.07,50.0,0.91
2022-11-28,000001,1646.21,1634.96,1648.71,1619.95,1331563,1568351120.17,1.71,-2.68,-45.0,0.69
2022-11-29,000001,1678.71,1782.48,1782.48,1674.96,4749277,6026006641.97,6.58,9.02,147.52,2.45
2022-11-30,000001,1771.23,1787.48,1826.24,1761.23,3209628,4206404173.08,3.65,0.28,5.0,1.65
2022-12-01,000001,1831.24,1796.23,1866.25,1792.48,2002689,2658203027.2,4.13,0.49,8.75,1.03
2022-12-02,000001,1801.24,1771.23,1802.49,1744.98,1404203,1803658762.25,3.2,-1.39,-25.0,0.72
2022-12-05,000001,1794.98,1849.99,1854.99,1784.98,2287627,3057231972.57,3.95,4.45,78.76,1.18
2022-12-06,000001,1826.24,1837.49,1866.25,1814.99,1252579,1680593515.5,2.77,-0.68,-12.5,0.65
2022-12-07,000001,1824.99,1802.49,1829.99,1787.48,1377377,1815667663.45,2.31,-1.9,-35.0,0.71
2022-12-08,000001,1802.49,1828.74,1848.74,1798.73,1065723,1422047904.5,2.77,1.46,26.25,0.55
2022-12-09,000001,1833.74,1871.25,1877.5,1827.49,1615832,2197501648.81,2.73,2.32,42.51,0.83
2022-12-12,000001,1856.24,1797.48,1856.24,1791.23,1392584,1848277966.6,3.47,-3.94,-73.77,0.72
2022-12-13,000001,1802.49,1813.74,1828.74,1801.24,902285,1194285343.09,1.53,0.9,16.26,0.46
2022-12-14,000001,1812.49,1812.49,1833.74,1793.73,974061,1287867945.07,2.21,-0.07,-1.25,0.5
2022-12-15,000001,1801.24,1796.23,1818.74,1776.23,835349,1094434005.98,2.35,-0.9,-16.26,0.43
2022-12-16,000001,1786.23,1826.24,1833.74,1786.23,924252,1225269166.25,2.64,1.67,30.01,0.48
2022-12-19,000001,1824.99,1788.73,1842.49,1777.48,1030866,1355435567.16,3.56,-2.05,-37.51,0.53
2022-12-20,000001,1779.98,1753.73,1793.73,1742.48,896212,1150630681.38,2.87,-1.96,-35.0,0.46
2022-12-21,000001,1764.98,1769.98,1782.48,1751.23,614590,791782473.29,1.78,0.93,16.25,0.32
2022-12-22,000001,1783.73,1777.48,1802.49,1771.23,672394,876159828.48,1.77,0.42,7.5,0.35
2022-12-23,000001,1764.98,1781.23,1791.23,1758.73,564426,730705958.53,1.83,0.21,3.75,0.29
2022-12-26,000001,1782.48,1754.98,1788.73,1747.48,797120,1021903962.65,2.32,-1.47,-26.25,0.41
2022-12-27,000001,1767.48,1797.48,1811.24,1767.48,886004,1160090119.01,2.49,2.42,42.5,0.46
2022-12-28,000001,1803.74,1801.24,1831.24,1783.73,791192,1042402080.41,2.64,0.21,3.76,0.41
2022-12-29,000001,1792.48,1787.48,1799.99,1764.98,666890,865144967.1,1.94,-0.76,-13.76,0.34
2022-12-30,000001,1788.73,1803.74,1818.74,1778.73,818036,1074756753.75,2.24,0.91,16.26,0.42
2023-01-03,000001,1808.74,1880.0,1890.0,1789.98,2194128,2971546989.04,5.55,4.23,76.26,1.13
2023-01-04,000001,1872.5,1948.76,1961.26,1862.5,2189683,3110729449.03,5.25,3.66,68.76,1.13
2023-01-05,000001,1958.76,1968.76,2001.27,1955.01,1665425,2417272355.99,2.37,1.03,20.0,0.86
2023-01-06,000001,1971.26,1986.27,1998.77,1968.76,1195745,1747915169.26,1.52,0.89,17.51,0.62
2023-01-09,000001,2002.52,2008.77,2018.77,1973.76,1057659,1561368487.3,2.27,1.13,22.5,0.55
2023-01-10,000001,2003.77,1963.76,2020.02,1957.51,1269423,1851093716.76,3.11,-2.24,-45.01,0.65
2023-01-11,000001,1965.01,1992.52,2006.27,1957.51,830566,1217450811.64,2.48,1.46,28.76,0.43
2023-01-12,000001,2005.02,1992.52,2005.02,1975.01,625695,914367699.65,1.51,0.0,0.0,0.32
2023-01-13,000001,1992.52,2027.52,2027.52,1977.52,949086,1407181074.29,2.51,1.76,35.0,0.49
2023-01-16,000001,2027.52,2043.78,2068.78,2015.02,1560040,2356399992.83,2.65,0.8,16.26,0.8
2023-01-17,000001,2050.03,2030.02,2056.28,2005.02,935835,1396151514.52,2.51,-0.67,-13.76,0.48
2023-01-18,000001,2027.52,2047.53,2056.28,2022.52,718434,1083362997.53,1.66,0.86,17.51,0.37
2023-01-19,000001,2050.03,2045.03,2065.03,2017.52,641875,963744633.47,2.32,-0.12,-2.5,0.33
2023-01-20,000001,2053.78,2050.03,2063.78,2033.77,608590,920144805.73,1.47,0.24,5.0,0.31
2023-01-30,000001,2108.79,2052.53,2126.29,2020.02,1374318,2096867649.37,5.18,0.12,2.5,0.71
2023-01-31,000001,2063.78,2032.52,2097.54,2028.77,1030498,1568639326.21,3.35,-0.97,-20.01,0.53
2023-02-01,000001,2037.53,1996.27,2043.78,1972.51,1653421,2426471972.52,3.51,-1.78,-36.25,0.85
2023-02-02,000001,2001.27,1983.77,2006.27,1942.51,1577900,2280744883.13,3.19,-0.63,-12.5,0.81
2023-02-03,000001,1965.01,1948.76,1977.52,1928.76,1246383,1782105890.79,2.46,-1.76,-35.01,0.64
2023-02-06,000001,1921.26,1908.75,1925.01,1891.25,1317610,1838428709.03,1.73,-2.05,-40.01,0.68
2023-02-07,000001,1916.25,1935.01,1948.76,1912.5,869460,1235297762.54,1.9,1.38,26.26,0.45
2023-02-08,000001,1938.76,1913.75,1948.76,1912.5,657893,928708933.85,1.87,-1.1,-21.26,0.34
2023-02-09,000001,1910.0,1925.01,1946.26,1903.75,830350,1174361963.28,2.22,0.59,11.26,0.43
2023-02-10,000001,1921.26,1906.25,1923.76,1891.25,847284,1184283386.2,1.69,-0.97,-18.76,0.44
2023-02-13,000001,1901.25,1886.25,1901.25,1858.74,1800054,2473405202.92,2.23,-1.05,-20.0,0.93
2023-02-14,000001,1890.0,1903.75,1906.25,1883.75,909937,1263892077.72,1.19,0.93,17.5,0.47
2023-02-15,000001,1902.5,1867.5,1903.75,1861.25,1250244,1713566672.72,2.23,-1.9,-36.25,0.64
2023-02-16,000001,1868.75,1858.74,1897.5,1846.24,1279123,1757431083.85,2.74,-0.47,-8.76,0.66
2023-02-17,000001,1862.5,1837.49,1873.75,1837.49,918364,1246777397.11,1.95,-1.14,-21.25,0.47
2023-02-20,000001,1846.24,1927.51,1927.51,1844.99,2116191,2945969773.39,4.49,4.9,90.02,1.09
2023-02-21,000001,1916.25,1921.26,1933.76,1898.75,990495,1393153377.3,1.82,-0.32,-6.25,0.51
2023-02-22,000001,1908.75,1911.25,1923.76,1901.25,638922,895742534.31,1.17,-0.52,-10.01,0.33
2023-02-23,000001,1908.75,1915.0,1948.76,1906.25,824491,1165539851.19,2.22,0.2,3.75,0.42
2023-02-24,000001,1911.25,1891.25,1912.5,1883.75,729989,1012652971.88,1.5,-1.24,-23.75,0.38
2023-02-27,000001,1877.5,1870.0,1893.75,1868.75,621462,854854040.54,1.32,-1.12,-21.25,0.32
2023-02-28,000001,1877.5,1881.25,1890.0,1860.0,607936,833316018.45,1.6,0.6,11.25,0.31
2023-03-01,000001,1883.75,1930.01,1932.51,1876.25,1223452,1719710647.06,2.99,2.59,48.76,0.63
2023-03-02,000001,1925.01,1938.76,1963.76,1916.25,1015877,1447565979.98,2.46,0.45,8.75,0.52
2023-03-03,000001,1952.51,1945.01,1955.01,1926.26,690954,985552120.63,1.48,0.32,6.25,0.36
2023-03-06,000001,1946.26,1890.0,1946.26,1873.75,1455824,2023954547.2,3.73,-2.83,-55.01,0.75
2023-03-07,000001,1890.0,1870.0,1921.26,1865.0,1279266,1773654737.03,2.98,-1.06,-20.0,0.66
2023-03-08,000001,1862.5,1849.99,1863.75,1833.74,1096898,1479838980.07,1.6,-1.07,-20.01,0.57
2023-03-09,000001,1851.24,1808.74,1856.24,1799.99,1736065,2305765842.21,3.04,-2.23,-41.25,0.89
2023-03-10,000001,1783.73,1801.24,1817.49,1783.73,856996,1128558359.5,1.87,-0.41,-7.5,0.44
2023-03-13,000001,1798.73,1789.98,1819.99,1783.73,1000635,1309490079.38,2.01,-0.63,-11.26,0.52
2023-03-14,000001,1782.48,1767.48,1783.73,1749.98,1149076,1474124198.86,1.89,-1.26,-22.5,0.59
2023-03-15,000001,1789.98,1789.98,1806.24,1776.23,979364,1278262225.47,1.7,1.27,22.5,0.5
2023-03-16,000001,1769.98,1761.23,1787.48,1758.73,916792,1182054433.62,1.61,-1.61,-28.75,0.47
2023-03-17,000001,1782.48,1752.48,1788.73,1739.97,1556814,2000832407.83,2.77,-0.5,-8.75,0.8
2023-03-20,000001,1753.73,1729.97,1764.98,1727.47,1188816,1505893658.68,2.14,-1.28,-22.51,0.61
2023-03-21,000001,1739.97,1746.23,1756.23,1721.22,840743,1060914056.37,2.02,0.94,16.26,0.43
2023-03-22,000001,1752.48,1757.48,1768.73,1747.48,876691,1121080753.38,1.22,0.64,11.25,0.45
2023-03-23,000001,1746.23,1771.23,1771.23,1737.47,804306,1029380497.27,1.92,0.78,13.75,0.41
2023-03-24,000001,1764.98,1761.23,1766.23,1753.73,621519,796319541.97,0.71,-0.56,-10.0,0.32
2023-03-27,000001,1758.73,1733.72,1759.98,1716.22,1008422,1266945056.03,2.48,-1.56,-27.51,0.52
2023-03-28,000001,1741.23,1738.72,1749.98,1727.47,673868,851797868.56,1.3,0.29,5.0,0.35
2023-03-29,000001,1749.98,1724.97,1751.23,1721.22,596064,750687550.55,1.73,-0.79,-13.75,0.31
2023-03-30,000001,1727.47,1743.73,1747.48,1709.97,824546,1035422932.01,2.17,1.09,18.76,0.42
2023-03-31,000001,1744.98,1724.97,1754.98,1722.47,865492,1092263436.9,1.86,-1.08,-18.76,0.45
2023-04-03,000001,1727.47,1742.48,1744.98,1716.22,740429,934285179.24,1.67,1.02,17.51,0.38
2023-04-04,000001,1738.72,1739.97,1748.73,1732.47,647457,817726526.95,0.93,-0.14,-2.51,0.33
2023-04-06,000001,1733.72,1731.22,1734.97,1721.22,563321,706480659.58,0.79,-0.5,-8.75,0.29
2023-04-07,000001,1729.97,1736.22,1744.98,1721.22,607925,767354796.52,1.37,0.29,5.0,0.31
2023-04-10,000001,1738.72,1743.73,1746.23,1731.22,640182,809943147.62,0.86,0.43,7.51,0.33
2023-04-11,000001,1746.23,1726.22,1748.73,1723.72,777780,978302907.79,1.43,-1.0,-17.51,0.4
2023-04-12,000001,1731.22,1718.72,1732.47,1714.97,909957,1136997696.14,1.01,-0.43,-7.5,0.47
2023-04-13,000001,1709.97,1728.72,1742.48,1696.22,1131591,1413919037.13,2.69,0.58,10.0,0.58
2023-04-14,000001,1733.72,1744.98,1771.23,1731.22,1297995,1653539530.91,2.31,0.94,16.26,0.67
2023-04-17,000001,1741.23,1774.98,1776.23,1733.72,1304213,1669357649.18,2.44,1.72,30.0,0.67
2023-04-18,000001,1774.98,1783.73,1808.74,1769.98,1538936,2009934874.59,2.18,0.49,8.75,0.79
2023-04-19,000001,1786.23,1764.98,1792.48,1762.48,1014378,1309536001.8,1.68,-1.05,-18.75,0.52
2023-04-20,000001,1771.23,1752.48,1771.23,1736.22,811788,1033330703.78,1.98,-0.71,-12.5,0.42
2023-04-21,000001,1746.23,1721.22,1762.48,1718.72,918668,1160509766.03,2.5,-1.78,-31.26,0.47
2023-04-24,000001,1718.72,1671.21,1721.22,1662.46,1467672,1798133966.92,3.41,-2.91,-50.01,0.76
2023-04-25,000001,1676.21,1693.72,1704.97,1673.71,1301901,1595320169.74,1.87,1.35,22.51,0.67
2023-04-26,000001,1689.97,1673.71,1689.97,1657.46,991260,1197555724.16,1.92,-1.18,-20.01,0.51
2023-04-27,000001,1666.21,1691.22,1702.47,1658.71,1004093,1222755932.37,2.61,1.05,17.51,0.52
2023-04-28,000001,1691.22,1727.47,1756.23,1686.22,1445254,1816868032.98,4.14,2.14,36.25,0.74
2023-05-04,000001,1708.72,1749.98,1762.48,1682.47,1478264,1863146144.16,4.63,1.3,22.51,0.76
2023-05-05,000001,1756.23,1772.48,1797.48,1752.48,1762189,2283981032.07,2.57,1.29,22.5,0.91
2023-05-08,000001,1776.23,1823.74,1844.99,1763.73,2630719,3478891629.35,4.58,2.89,51.26,1.36
2023-05-09,000001,1833.74,1803.74,1858.74,1799.99,2422534,3238716470.97,3.22,-1.1,-20.0,1.25
2023-05-10,000001,1804.99,1763.73,1816.24,1758.73,1237053,1600189994.17,3.19,-2.22,-40.01,0.64
2023-05-11,000001,1777.48,1764.98,1798.73,1758.73,903758,1166479364.89,2.27,0.07,1.25,0.47
2023-05-12,000001,1761.23,1736.22,1767.48,1734.97,885604,1124579090.54,1.84,-1.63,-28.76,0.46
2023-05-15,000001,1743.73,1762.48,1764.98,1714.97,928326,1173804243.15,2.88,1.51,26.26,0.48
2023-05-16,000001,1758.73,1736.22,1773.73,1729.97,998302,1267712090.05,2.48,-1.49,-26.26,0.51
2023-05-17,000001,1731.22,1719.97,1738.72,1713.72,754621,945315193.07,1.44,-0.94,-16.25,0.39
2023-05-18,000001,1729.97,1719.97,1738.72,1712.47,687187,861347534.32,1.53,0.0,0.0,0.35
2023-05-19,000001,1712.47,1701.22,1713.72,1698.72,688414,851165593.52,0.87,-1.09,-18.75,0.35
2023-05-22,000001,1697.47,1706.22,1714.97,1697.47,549328,679754868.04,1.03,0.29,5.0,0.28
2023-05-23,000001,1706.22,1684.97,1709.97,1684.97,694364,852871175.23,1.47,-1.25,-21.25,0.36
2023-05-24,000001,1683.72,1659.96,1684.97,1659.96,824251,996600577.63,1.48,-1.48,-25.01,0.42
2023-05-25,000001,1657.46,1649.96,1658.71,1634.96,882744,1050002541.88,1.43,-0.6,-10.0,0.45
2023-05-26,000001,1649.96,1671.21,1674.96,1638.71,511429,613772897.17,2.2,1.29,21.25,0.26
2023-05-29,000001,1672.46,1656.21,1674.96,1652.46,566074,680275577.83,1.35,-0.9,-15.0,0.29
2023-05-30,000001,1656.21,1642.46,1657.46,1633.71,763997,906316373.61,1.43,-0.83,-13.75,0.39
2023-05-31,000001,1636.21,1608.7,1638.71,1606.2,1179587,1376758356.68,1.98,-2.06,-33.76,0.61
2023-06-01,000001,1608.7,1607.45,1618.7,1596.2,743023,861646489.19,1.4,-0.08,-1.25,0.38
2023-06-02,000001,1618.7,1649.96,1654.96,1613.7,1221843,1446502669.25,2.57,2.64,42.51,0.63
2023-06-05,000001,1643.71,1647.46,1658.71,1636.21,521846,620531416.42,1.36,-0.15,-2.5,0.27
2023-06-06,000001,1647.46,1638.71,1669.96,1636.21,833273,997039311.52,2.05,-0.53,-8.75,0.43
2023-06-07,000001,1644.96,1651.21,1667.46,1643.71,643698,770386878.47,1.45,0.76,12.5,0.33
2023-06-08,000001,1653.71,1673.71,1683.72,1641.21,869397,1048266235.89,2.57,1.36,22.5,0.45
2023-06-09,000001,1666.21,1643.71,1669.96,1639.96,1315285,1566929273.97,1.79,-1.79,-30.0,0.68
2023-06-12,000001,1636.21,1632.46,1646.21,1628.71,758747,896015708.76,1.06,-0.68,-11.25,0.39
2023-06-13,000001,1628.71,1629.96,1638.71,1619.95,849988,1000183566.92,1.15,-0.15,-2.5,0.44
2023-06-14,000001,1638.08,1628.08,1660.59,1626.83,1069200,1237376775.64,2.07,-0.12,-1.88,0.55
2023-06-15,000001,1630.58,1645.58,1648.08,1618.08,925301,1064567231.22,1.84,1.07,17.5,0.48
2023-06-16,000001,1645.58,1648.08,1653.09,1640.58,842034,978869317.29,0.76,0.15,2.5,0.43
2023-06-19,000001,1648.08,1625.58,1648.08,1620.58,953997,1096351096.71,1.67,-1.37,-22.5,0.49
2023-06-20,000001,1624.33,1614.33,1626.83,1613.08,544551,620374307.69,0.85,-0.69,-11.25,0.28
2023-06-21,000001,1614.33,1613.08,1629.33,1611.83,616583,703681563.97,1.08,-0.08,-1.25,0.32
2023-06-26,000001,1606.83,1591.82,1606.83,1588.07,676577,757975991.51,1.16,-1.32,-21.26,0.35
2023-06-27,000001,1594.33,1604.33,1609.33,1590.57,461702,519520687.33,1.18,0.79,12.51,0.24
2023-06-28,000001,1604.33,1606.83,1610.58,1596.83,365396,412039353.93,0.86,0.16,2.5,0.19
2023-06-29,000001,1605.58,1591.82,1605.58,1590.57,485906,544534825.51,0.93,-0.93,-15.01,0.25
2023-06-30,000001,1591.82,1598.08,1608.08,1588.07,519053,583494654.79,1.26,0.39,6.26,0.27
2023-07-03,000001,1599.33,1630.58,1635.58,1598.08,885091,1009887428.65,2.35,2.03,32.5,0.46
2023-07-04,000001,1626.83,1619.33,1630.58,1609.33,616301,701885269.78,1.3,-0.69,-11.25,0.32
2023-07-05,000001,1614.33,1611.83,1619.33,1606.83,423482,479726282.47,0.77,-0.46,-7.5,0.22
2023-07-06,000001,1606.83,1599.33,1611.83,1595.58,597096,672396816.4,1.01,-0.78,-12.5,0.31
2023-07-07,000001,1594.33,1594.33,1603.08,1591.82,484441,543212455.87,0.7,-0.31,-5.0,0.25
2023-07-10,000001,1600.58,1594.33,1604.33,1590.57,495882,556581581.65,0.86,0.0,0.0,0.26
2023-07-11,000001,1596.83,1595.58,1601.83,1593.08,570809,640131787.1,0.55,0.08,1.25,0.29
2023-07-12,000001,1598.08,1599.33,1614.33,1596.83,736084,830230820.88,1.1,0.24,3.75,0.38
2023-07-13,000001,1609.33,1623.08,1628.08,1603.08,1124230,1281848378.91,1.56,1.48,23.75,0.58
2023-07-14,000001,1623.08,1626.83,1638.08,1619.33,719147,825295738.24,1.16,0.23,3.75,0.37
2023-07-17,000001,1620.58,1608.08,1620.58,1601.83,608343,687262893.86,1.15,-1.15,-18.75,0.31
2023-07-18,000001,1605.58,1600.58,1609.33,1596.83,471966,531299772.68,0.78,-0.47,-7.5,0.24
2023-07-19,000001,1598.08,1608.08,1609.33,1598.08,382196,430771279.03,0.7,0.47,7.5,0.2
2023-07-20,000001,1610.58,1609.33,1624.33,1605.58,554070,629696111.29,1.17,0.08,1.25,0.29
2023-07-21,000001,1608.08,1611.83,1618.08,1604.33,377103,427375950.49,0.85,0.16,2.5,0.19
2023-07-24,000001,1610.58,1601.83,1610.58,1599.33,426852,480713395.7,0.7,-0.62,-10.0,0.22
2023-07-25,000001,1625.58,1659.34,1660.59,1624.33,2032958,2358815159.63,2.26,3.59,57.51,1.05
2023-07-26,000001,1650.58,1653.09,1661.84,1639.33,751663,875260135.14,1.36,-0.38,-6.25,0.39
2023-07-27,000001,1654.34,1663.09,1678.09,1650.58,1115196,1314228293.84,1.66,0.6,10.0,0.57
2023-07-28,000001,1655.59,1726.85,1731.85,1653.09,2347013,2839828236.62,4.74,3.83,63.76,1.21
2023-07-31,000001,1731.85,1734.35,1756.85,1723.1,1854952,2288940410.58,1.95,0.43,7.5,0.96
2023-08-01,000001,1726.85,1714.35,1740.6,1710.59,957735,1169570704.83,1.73,-1.15,-20.0,0.49
2023-08-02,000001,1701.84,1698.09,1724.35,1685.59,1115900,1343864165.36,2.26,-0.95,-16.26,0.58
2023-08-03,000001,1693.09,1735.6,1740.6,1688.09,1175848,1433255493.11,3.09,2.21,37.51,0.61
2023-08-04,000001,1746.85,1731.85,1760.6,1720.6,1303131,1611435431.36,2.3,-0.22,-3.75,0.67
2023-08-07,000001,1720.6,1714.35,1725.6,1709.34,646913,786506452.16,0.94,-1.01,-17.5,0.33
2023-08-08,000001,1709.34,1706.84,1720.6,1694.34,725705,877489187.97,1.53,-0.44,-7.51,0.37
2023-08-09,000001,1701.84,1715.6,1719.35,1700.59,577608,702060796.64,1.1,0.51,8.76,0.3
2023-08-10,000001,1713.1,1714.35,1720.6,1701.84,475595,577123919.68,1.09,-0.07,-1.25,0.25
2023-08-11,000001,1715.6,1680.59,1728.1,1680.59,943539,1132867239.31,2.77,-1.97,-33.76,0.49
2023-08-14,000001,1664.34,1653.09,1666.84,1643.08,975920,1139185249.46,1.41,-1.64,-27.5,0.5
2023-08-15,000001,1655.59,1660.59,1669.34,1644.33,712813,834163039.6,1.51,0.45,7.5,0.37
2023-08-16,000001,1653.09,1660.59,1675.59,1645.58,572904,671706045.36,1.81,0.0,0.0,0.3
2023-08-17,000001,1653.09,1640.58,1656.84,1626.83,965058,1116292661.67,1.81,-1.2,-20.01,0.5
2023-08-18,000001,1641.83,1639.33,1661.84,1635.58,659819,767047286.89,1.6,-0.08,-1.25,0.34
2023-08-21,000001,1639.33,1609.33,1641.83,1609.33,701498,799641423.76,1.98,-1.83,-30.0,0.36
2023-08-22,000001,1616.83,1615.58,1625.58,1608.08,606808,689991238.06,1.09,0.39,6.25,0.31
2023-08-23,000001,1613.08,1600.58,1621.83,1599.33,691810,783102827.23,1.39,-0.93,-15.0,0.36
2023-08-24,000001,1605.58,1585.57,1609.33,1575.57,1291271,1439197083.69,2.11,-0.94,-15.01,0.67
2023-08-25,000001,1581.82,1598.08,1610.58,1579.32,845350,946760250.6,1.97,0.79,12.51,0.44
2023-08-28,000001,1674.34,1634.33,1685.59,1630.58,1997610,2336205800.56,3.44,2.27,36.25,1.03
2023-08-29,000001,1628.08,1608.08,1630.58,1585.57,1964961,2217588610.12,2.75,-1.61,-26.25,1.01
2023-08-30,000001,1603.08,1585.57,1603.08,1585.57,1375638,1537573550.57,1.09,-1.4,-22.51,0.71
2023-08-31,000001,1586.82,1585.57,1596.83,1584.32,806474,900123574.83,0.79,0.0,0.0,0.42
2023-09-01,000001,1593.08,1609.33,1614.33,1593.08,1138705,1285169019.19,1.34,1.5,23.76,0.59
2023-09-04,000001,1613.08,1639.33,1643.08,1610.58,1410029,1621769196.4,2.02,1.86,30.0,0.73
2023-09-05,000001,1631.83,1618.08,1633.08,1614.33,804177,917888858.57,1.14,-1.3,-21.25,0.41
2023-09-06,000001,1610.58,1623.08,1626.83,1606.83,634841,721905681.98,1.24,0.31,5.0,0.33
2023-09-07,000001,1619.33,1610.58,1624.33,1609.33,540042,613812175.91,0.92,-0.77,-12.5,0.28
2023-09-08,000001,1604.33,1603.08,1609.33,1598.08,479030,539624962.82,0.7,-0.47,-7.5,0.25
2023-09-11,000001,1606.83,1611.83,1619.33,1603.08,654486,741764911.22,1.01,0.55,8.75,0.34
2023-09-12,000001,1613.08,1604.33,1613.08,1600.58,495485,559058535.52,0.78,-0.47,-7.5,0.26
2023-09-13,000001,1605.58,1600.58,1609.33,1595.58,490218,551747627.68,0.86,-0.23,-3.75,0.25
2023-09-14,000001,1604.33,1605.58,1610.58,1600.58,551650,622906052.62,0.62,0.31,5.0,0.28
2023-09-15,000001,1613.08,1596.83,1619.33,1594.33,890476,1005529160.77,1.56,-0.54,-8.75,0.46
2023-09-18,000001,1596.83,1598.08,1599.33,1586.82,501325,561449769.63,0.78,0.08,1.25,0.26
2023-09-19,000001,1596.83,1595.58,1598.08,1589.32,503664,564044044.21,0.55,-0.16,-2.5,0.26
2023-09-20,000001,1594.33,1588.07,1596.83,1588.07,558872,624785494.94,0.55,-0.47,-7.51,0.29
2023-09-21,000001,1586.82,1575.57,1586.82,1574.32,843930,934673193.87,0.79,-0.79,-12.5,0.43
2023-09-22,000001,1573.07,1599.33,1600.58,1573.07,911484,1017137921.82,1.75,1.51,23.76,0.47
2023-09-25,000001,1599.33,1596.83,1609.33,1593.08,761211,856022502.11,1.02,-0.16,-2.5,0.39
2023-09-26,000001,1596.83,1589.32,1601.83,1586.82,444980,497885810.84,0.94,-0.47,-7.51,0.23
2023-09-27,000001,1588.07,1590.57,1596.83,1588.07,490311,547905820.77,0.55,0.08,1.25,0.25
2023-09-28,000001,1593.08,1594.33,1599.33,1591.82,520697,583649730.04,0.47,0.24,3.76,0.27
2023-10-09,000001,1589.32,1583.07,1590.57,1576.82,695828,772959353.15,0.86,-0.71,-11.26,0.36
2023-10-10,000001,1593.08,1571.82,1594.33,1571.82,820749,910160341.9,1.42,-0.71,-11.25,0.42
2023-10-11,000001,1580.57,1566.82,1580.57,1564.32,724116,797663827.0,1.03,-0.32,-5.0,0.37
2023-10-12,000001,1583.07,1583.07,1589.32,1574.32,853058,947562324.75,0.96,1.04,16.25,0.44
2023-10-13,000001,1573.07,1569.32,1578.07,1563.07,684483,753110725.51,0.95,-0.87,-13.75,0.35
2023-10-16,000001,1569.32,1570.57,1573.07,1563.07,501624,550988719.63,0.64,0.08,1.25,0.26
2023-10-17,000001,1570.57,1571.82,1575.57,1564.32,493525,543170900.73,0.72,0.08,1.25,0.25
2023-10-18,000001,1568.07,1563.07,1571.82,1558.07,651825,713979896.11,0.87,-0.56,-8.75,0.34
2023-10-19,000001,1558.07,1519.31,1559.32,1518.06,1188961,1271914676.53,2.64,-2.8,-43.76,0.61
2023-10-20,000001,1513.06,1519.31,1528.06,1508.06,526139,557618632.37,1.32,0.0,0.0,0.27
2023-10-23,000001,1518.06,1506.81,1519.31,1498.06,530404,557032228.65,1.4,-0.82,-12.5,0.27
2023-10-24,000001,1511.81,1513.06,1520.56,1499.31,760653,801528403.67,1.41,0.41,6.25,0.39
2023-10-25,000001,1508.06,1491.81,1511.81,1489.31,1411450,1470971923.59,1.49,-1.4,-21.25,0.73
2023-10-26,000001,1483.06,1495.56,1496.81,1481.81,599991,621915276.9,1.01,0.25,3.75,0.31
2023-10-27,000001,1491.81,1500.56,1504.31,1485.56,919771,957587534.43,1.25,0.33,5.0,0.47
2023-10-30,000001,1494.31,1500.56,1503.06,1488.06,805690,837646002.04,1.0,0.0,0.0,0.42
2023-10-31,000001,1498.06,1501.81,1505.56,1495.56,652855,682212137.64,0.67,0.08,1.25,0.34
2023-11-01,000001,1513.06,1504.31,1514.31,1500.56,567300,595211885.0,0.92,0.17,2.5,0.29
2023-11-02,000001,1506.81,1504.31,1519.31,1503.06,619430,652316669.93,1.08,0.0,0.0,0.32
2023-11-03,000001,1505.56,1504.31,1509.31,1498.06,705463,738879704.3,0.75,0.0,0.0,0.36
2023-11-06,000001,1508.06,1530.56,1530.56,1508.06,1007062,1069206837.68,1.5,1.74,26.25,0.52
2023-11-07,000001,1526.81,1519.31,1526.81,1516.81,640866,679815569.19,0.65,-0.74,-11.25,0.33
2023-11-08,000001,1516.81,1506.81,1519.31,1500.56,877819,923622008.11,1.23,-0.82,-12.5,0.45
2023-11-09,000001,1501.81,1505.56,1509.31,1498.06,639136,669639052.44,0.75,-0.08,-1.25,0.33
2023-11-10,000001,1500.56,1481.81,1503.06,1480.56,1045044,1080649733.98,1.49,-1.58,-23.75,0.54
2023-11-13,000001,1483.06,1475.56,1485.56,1471.8,770043,789007117.83,0.93,-0.42,-6.25,0.4
2023-11-14,000001,1474.3,1478.06,1485.56,1473.05,596859,613377697.97,0.85,0.17,2.5,0.31
2023-11-15,000001,1490.56,1490.56,1500.56,1486.81,1109140,1152154780.34,0.93,0.85,12.5,0.57
2023-11-16,000001,1491.81,1474.3,1493.06,1473.05,922622,948395097.33,1.34,-1.09,-16.26,0.48
2023-11-17,000001,1471.8,1463.05,1475.56,1459.3,903362,917616681.28,1.1,-0.76,-11.25,0.47
2023-11-20,000001,1463.05,1468.05,1471.8,1456.8,639528,650077370.01,1.03,0.34,5.0,0.33
2023-11-21,000001,1473.05,1479.31,1488.06,1471.8,1041166,1072311504.28,1.11,0.77,11.26,0.54
2023-11-22,000001,1476.81,1464.3,1483.06,1461.8,737490,753064757.94,1.44,-1.01,-15.01,0.38
2023-11-23,000001,1463.05,1463.05,1464.3,1453.05,846656,855904311.98,0.77,-0.09,-1.25,0.44
2023-11-24,000001,1458.05,1456.8,1460.55,1454.3,684695,691423444.34,0.43,-0.43,-6.25,0.35
2023-11-27,000001,1455.55,1445.55,1455.55,1440.55,836188,836268368.75,1.03,-0.77,-11.25,0.43
2023-11-28,000001,1443.05,1438.05,1446.8,1438.05,786175,784405804.65,0.61,-0.52,-7.5,0.41
2023-11-29,000001,1438.05,1409.29,1440.55,1406.79,1467597,1438320264.11,2.35,-2.0,-28.76,0.76
2023-11-30,000001,1405.54,1404.29,1410.54,1396.79,901765,871481712.43,0.98,-0.35,-5.0,0.46
2023-12-01,000001,1400.54,1401.79,1404.29,1391.79,778057,749668363.85,0.89,-0.18,-2.5,0.4
2023-12-04,000001,1403.04,1398.04,1404.29,1395.54,605438,583664338.41,0.62,-0.27,-3.75,0.31
2023-12-05,000001,1395.54,1379.29,1396.79,1378.04,787378,750961219.91,1.34,-1.34,-18.75,0.41
2023-12-06,000001,1374.29,1381.79,1390.54,1369.29,753056,714029468.7,1.54,0.18,2.5,0.39
2023-12-07,000001,1380.54,1374.29,1380.54,1366.79,585380,552224831.17,1.0,-0.54,-7.5,0.3
2023-12-08,000001,1370.54,1356.79,1375.54,1356.79,1021152,957664580.59,1.36,-1.27,-17.5,0.53
2023-12-11,000001,1346.78,1363.04,1366.79,1335.53,1133663,1044765734.9,2.3,0.46,6.25,0.58
2023-12-12,000001,1358.04,1371.79,1381.79,1356.79,855016,805067628.46,1.83,0.64,8.75,0.44
2023-12-13,000001,1366.79,1339.28,1368.04,1338.03,1061302,981001231.48,2.19,-2.37,-32.51,0.55
2023-12-14,000001,1345.53,1338.03,1354.28,1338.03,742901,683211465.8,1.21,-0.09,-1.25,0.38
2023-12-15,000001,1344.28,1345.53,1363.04,1343.03,988939,915126127.17,1.5,0.56,7.5,0.51
2023-12-18,000001,1341.78,1335.53,1349.28,1330.53,654426,599379044.02,1.39,-0.74,-10.0,0.34
2023-12-19,000001,1334.28,1331.78,1340.53,1328.03,644071,586716664.28,0.94,-0.28,-3.75,0.33
2023-12-20,000001,1333.03,1323.03,1338.03,1323.03,715634,650511342.87,1.13,-0.66,-8.75,0.37
2023-12-21,000001,1320.53,1340.53,1343.03,1318.03,1017047,925407072.91,1.89,1.32,17.5,0.52
2023-12-22,000001,1343.03,1344.28,1354.28,1333.03,1005645,924998769.19,1.59,0.28,3.75,0.52
2023-12-25,000001,1341.78,1343.03,1344.28,1336.78,413971,379638233.73,0.56,-0.09,-1.25,0.21
2023-12-26,000001,1343.03,1331.78,1344.28,1328.03,541896,493746622.76,1.21,-0.84,-11.25,0.28
2023-12-27,000001,1331.78,1334.28,1335.53,1321.78,641534,582036660.68,1.03,0.19,2.5,0.33
2023-12-28,000001,1333.03,1375.54,1378.04,1329.28,1661592,1550256590.59,3.65,3.09,41.26,0.86
2023-12-29,000001,1371.79,1368.04,1379.29,1363.04,853853,803196743.82,1.18,-0.55,-7.5,0.44
2024-01-02,000001,1368.04,1345.53,1371.79,1345.53,1158366,1075742252.45,1.92,-1.65,-22.51,0.6
2024-01-03,000001,1343.03,1344.28,1346.78,1338.03,733610,673673613.54,0.65,-0.09,-1.25,0.38
2024-01-04,000001,1343.03,1333.03,1343.03,1329.28,864194,787470082.37,1.02,-0.84,-11.25,0.45
2024-01-05,000001,1331.78,1353.03,1374.29,1328.03,1991622,1852659692.14,3.47,1.5,20.0,1.03
2024-01-08,000001,1348.03,1338.03,1356.79,1333.03,1121156,1029006548.73,1.76,-1.11,-15.0,0.58
2024-01-09,000001,1339.28,1341.78,1343.03,1330.53,766194,700375720.2,0.93,0.28,3.75,0.39
2024-01-10,000001,1339.28,1330.53,1343.03,1330.53,858621,783771150.01,0.93,-0.84,-11.25,0.44
2024-01-11,000001,1329.28,1340.53,1346.78,1323.03,934686,853890237.29,1.79,0.75,10.0,0.48
2024-01-12,000001,1335.53,1343.03,1353.03,1333.03,772582,711018266.07,1.49,0.19,2.5,0.4
2024-01-15,000001,1339.28,1345.53,1355.53,1335.53,745133,685950951.45,1.49,0.19,2.5,0.38
2024-01-16,000001,1343.03,1361.79,1363.04,1339.28,1438313,1334465408.53,1.77,1.21,16.26,0.74
2024-01-17,000001,1360.54,1348.03,1368.04,1348.03,1482296,1380725065.03,1.47,-1.01,-13.76,0.76
2024-01-18,000001,1345.53,1344.28,1349.28,1319.28,1755132,1597853726.63,2.23,-0.28,-3.75,0.9
2024-01-19,000001,1339.28,1340.53,1344.28,1331.78,963981,881865023.89,0.93,-0.28,-3.75,0.5
2024-01-22,000001,1339.28,1331.78,1351.78,1324.28,1580320,1449858241.68,2.05,-0.65,-8.75,0.81
2024-01-23,000001,1325.53,1339.28,1341.78,1314.28,1135545,1030898421.04,2.06,0.56,7.5,0.59
2024-01-24,000001,1348.03,1360.54,1361.79,1328.03,1759123,1620099272.06,2.52,1.59,21.26,0.91
2024-01-25,000001,1360.54,1381.79,1386.79,1353.03,2162514,2037648413.07,2.48,1.56,21.25,1.11
2024-01-26,000001,1378.04,1396.79,1403.04,1374.29,2272287,2172799799.01,2.08,1.09,15.0,1.17
2024-01-29,000001,1405.54,1406.79,1429.3,1391.79,2376252,2312173346.33,2.69,0.72,10.0,1.22
2024-01-30,000001,1395.54,1381.79,1406.79,1380.54,1579122,1515156603.96,1.87,-1.78,-25.0,0.81
2024-01-31,000001,1376.79,1376.79,1389.29,1366.79,1357217,1286857396.81,1.63,-0.36,-5.0,0.7
2024-02-01,000001,1370.54,1370.54,1379.29,1361.79,1055260,993481907.01,1.27,-0.45,-6.25,0.54
2024-02-02,000001,1371.79,1353.03,1378.04,1328.03,1634214,1520605694.69,3.65,-1.28,-17.51,0.84
2024-02-05,000001,1343.03,1366.79,1373.04,1333.03,1803592,1674566499.46,2.96,1.02,13.76,0.93
2024-02-06,000001,1356.79,1404.29,1404.29,1355.53,1995410,1900324218.2,3.57,2.74,37.5,1.03
2024-02-07,000001,1396.79,1395.54,1403.04,1379.29,2062015,1975435102.12,1.69,-0.62,-8.75,1.06
2024-02-08,000001,1391.79,1403.04,1403.04,1384.29,1656814,1593505690.13,1.34,0.54,7.5,0.85
2024-02-19,000001,1414.29,1420.55,1420.55,1400.54,1605243,1564088444.93,1.43,1.25,17.51,0.83
2024-02-20,000001,1418.05,1421.8,1424.3,1410.54,1123564,1098987813.26,0.97,0.09,1.25,0.58
2024-02-21,000001,1416.8,1544.32,1544.32,1415.54,5055285,5295259396.81,9.06,8.62,122.52,2.61
2024-02-22,000001,1525.56,1556.82,1558.07,1521.81,4922325,5307736374.06,2.35,0.81,12.5,2.54
2024-02-23,000001,1554.32,1550.57,1599.33,1549.32,3567480,3917316281.52,3.21,-0.4,-6.25,1.84
2024-02-26,000001,1541.82,1510.56,1554.32,1506.81,2862609,3048205024.78,3.06,-2.58,-40.01,1.48
2024-02-27,000001,1505.56,1506.81,1519.31,1501.81,1981905,2083027074.06,1.16,-0.25,-3.75,1.02
2024-02-28,000001,1508.06,1505.56,1531.81,1494.31,3082693,3253340358.41,2.49,-0.08,-1.25,1.59
2024-02-29,000001,1496.81,1518.06,1518.06,1495.56,1845344,1936020982.56,1.49,0.83,12.5,0.95
2024-03-01,000001,1518.06,1505.56,1519.31,1498.06,1828103,1917689306.77,1.4,-0.82,-12.5,0.94
2024-03-04,000001,1500.56,1485.56,1506.81,1484.31,1655930,1719562862.03,1.49,-1.33,-20.0,0.85
2024-03-05,000001,1481.81,1498.06,1503.06,1476.81,1817319,1889144330.16,1.77,0.84,12.5,0.94
2024-03-06,000001,1494.31,1485.56,1500.56,1485.56,1345640,1396940060.42,1.0,-0.83,-12.5,0.69
2024-03-07,000001,1485.56,1491.81,1524.31,1485.56,2016166,2109589237.19,2.61,0.42,6.25,1.04
2024-03-08,000001,1488.06,1491.81,1499.31,1481.81,1113974,1154491251.23,1.17,0.0,0.0,0.57
2024-03-11,000001,1491.81,1503.06,1503.06,1486.81,1210673,1260212019.66,1.09,0.75,11.25,0.62
2024-03-12,000001,1504.31,1514.31,1518.06,1495.56,1641262,1721999708.11,1.5,0.75,11.25,0.85
2024-03-13,000001,1510.56,1485.56,1513.06,1481.81,1768039,1834654994.4,2.06,-1.9,-28.75,0.91
2024-03-14,000001,1481.81,1473.05,1491.81,1469.3,1409400,1448499697.91,1.52,-0.84,-12.51,0.73
2024-03-15,000001,1513.06,1519.31,1538.07,1506.81,3750208,3973799130.9,2.12,3.14,46.26,1.93
2024-03-18,000001,1514.31,1511.81,1520.56,1505.56,1671397,1761249149.98,0.99,-0.49,-7.5,0.86
2024-03-19,000001,1510.56,1494.31,1511.81,1493.06,1293216,1351069630.23,1.24,-1.16,-17.5,0.67
2024-03-20,000001,1491.81,1500.56,1503.06,1490.56,872663,910278572.98,0.84,0.42,6.25,0.45
2024-03-21,000001,1500.56,1503.06,1509.31,1496.81,864466,905422293.67,0.83,0.17,2.5,0.45
2024-03-22,000001,1500.56,1489.31,1500.56,1483.06,1028142,1065535606.11,1.16,-0.91,-13.75,0.53
2024-03-25,000001,1488.06,1494.31,1505.56,1484.31,953202,993304120.45,1.43,0.34,5.0,0.49
2024-03-26,000001,1500.56,1519.31,1526.81,1496.81,1740021,1835376190.72,2.01,1.67,25.0,0.9
2024-03-27,000001,1514.31,1510.56,1523.06,1508.06,1274136,1347397150.36,0.99,-0.58,-8.75,0.66
2024-03-28,000001,1508.06,1505.56,1515.56,1491.81,1302189,1362980388.48,1.57,-0.33,-5.0,0.67
2024-03-29,000001,1500.56,1509.31,1515.56,1498.06,872759,917332315.96,1.16,0.25,3.75,0.45
2024-04-01,000001,1509.31,1524.31,1525.56,1508.06,1191088,1261770380.39,1.16,0.99,15.0,0.61
2024-04-02,000001,1523.06,1513.06,1529.31,1510.56,1085458,1149700799.95,1.23,-0.74,-11.25,0.56
2024-04-03,000001,1510.56,1501.81,1513.06,1496.81,981846,1028648883.43,1.07,-0.74,-11.25,0.51
2024-04-08,000001,1496.81,1498.06,1505.56,1490.56,906361,945290441.32,1.0,-0.25,-3.75,0.47
2024-04-09,000001,1498.06,1494.31,1503.06,1489.31,857157,891468991.01,0.92,-0.25,-3.75,0.44
2024-04-10,000001,1491.81,1479.31,1495.56,1478.06,1246391,1288696196.29,1.17,-1.0,-15.0,0.64
2024-04-11,000001,1474.3,1475.56,1480.56,1459.3,1010213,1030820137.39,1.44,-0.25,-3.75,0.52
2024-04-12,000001,1471.8,1451.8,1478.06,1449.3,1305454,1322011753.93,1.95,-1.61,-23.76,0.67
2024-04-15,000001,1453.05,1480.56,1484.31,1451.8,1453203,1486326196.01,2.24,1.98,28.76,0.75
2024-04-16,000001,1479.31,1479.31,1493.06,1471.8,1478036,1523138499.07,1.44,-0.08,-1.25,0.76
2024-04-17,000001,1476.81,1521.81,1523.06,1470.55,2232641,2337576586.88,3.55,2.87,42.5,1.15
2024-04-18,000001,1516.81,1544.32,1573.07,1514.31,3165914,3427338981.81,3.86,1.48,22.51,1.63
2024-04-19,000001,1533.06,1530.56,1546.82,1526.81,1457675,1562376146.58,1.3,-0.89,-13.76,0.75
2024-04-22,000001,1524.31,1506.81,1545.57,1500.56,2009818,2125722741.41,2.94,-1.55,-23.75,1.04
2024-04-23,000001,1508.06,1511.81,1525.56,1501.81,1240027,1308866093.13,1.58,0.33,5.0,0.64
2024-04-24,000001,1509.31,1510.56,1515.56,1501.81,941568,989093538.21,0.91,-0.08,-1.25,0.49
2024-04-25,000001,1506.81,1520.56,1521.81,1504.31,1113812,1176304524.86,1.16,0.66,10.0,0.57
2024-04-26,000001,1518.06,1519.31,1528.06,1504.31,1607628,1698581436.96,1.56,-0.08,-1.25,0.83
2024-04-29,000001,1514.31,1545.57,1556.82,1509.31,2169177,2337350883.73,3.13,1.73,26.26,1.12
2024-04-30,000001,1544.32,1543.07,1554.32,1535.57,1324557,1431407709.37,1.21,-0.16,-2.5,0.68
2024-05-06,000001,1564.32,1555.57,1583.07,1549.32,1784101,1953817493.43,2.19,0.81,12.5,0.92
2024-05-07,000001,1553.07,1554.32,1555.57,1539.32,1087057,1176786412.82,1.04,-0.08,-1.25,0.56
2024-05-08,000001,1549.32,1535.57,1554.32,1533.06,1221791,1318611999.65,1.37,-1.21,-18.75,0.63
2024-05-09,000001,1533.06,1539.32,1546.82,1533.06,1069461,1150726857.51,0.9,0.24,3.75,0.55
2024-05-10,000001,1540.57,1561.82,1564.32,1539.32,1767836,1923452176.84,1.62,1.46,22.5,0.91
2024-05-13,000001,1556.82,1565.57,1570.57,1545.57,1402499,1530058919.54,1.6,0.24,3.75,0.72
2024-05-14,000001,1569.32,1558.07,1576.82,1554.32,1075784,1176577328.23,1.44,-0.48,-7.5,0.55
2024-05-15,000001,1556.82,1548.07,1559.32,1545.57,868297,942907950.5,0.88,-0.64,-10.0,0.45
2024-05-16,000001,1550.57,1590.57,1595.58,1548.07,3076292,3410151917.15,3.07,2.75,42.5,1.59
2024-05-17,000001,1591.82,1621.83,1621.83,1585.57,2841749,3200736554.36,2.28,1.97,31.26,1.46
2024-05-20,000001,1623.08,1616.83,1635.58,1608.08,2170210,2475290152.11,1.7,-0.31,-5.0,1.12
2024-05-21,000001,1609.33,1638.08,1646.83,1608.08,2030049,2336192874.97,2.4,1.31,21.25,1.05
2024-05-22,000001,1639.33,1639.33,1661.84,1626.83,2115531,2458448969.66,2.14,0.08,1.25,1.09
2024-05-23,000001,1635.58,1619.33,1643.08,1615.58,1841623,2110799281.76,1.68,-1.22,-20.0,0.95
2024-05-24,000001,1615.58,1608.08,1630.58,1606.83,1398276,1593330336.42,1.47,-0.69,-11.25,0.72
2024-05-27,000001,1608.08,1633.08,1635.58,1608.08,1454361,1663272117.57,1.71,1.55,25.0,0.75
2024-05-28,000001,1631.83,1619.33,1641.83,1614.33,1204323,1377107203.91,1.68,-0.84,-13.75,0.62
2024-05-29,000001,1616.83,1601.83,1625.58,1598.08,1444811,1635445613.13,1.7,-1.08,-17.5,0.74
2024-05-30,000001,1599.33,1584.32,1611.83,1576.82,1325496,1481608711.02,2.19,-1.09,-17.51,0.68
2024-05-31,000001,1586.82,1583.07,1593.08,1583.07,826707,921248145.59,0.63,-0.08,-1.25,0.43
2024-06-03,000001,1584.32,1566.82,1585.57,1558.07,1326697,1456086023.62,1.74,-1.03,-16.25,0.68
2024-06-04,000001,1563.07,1571.82,1575.57,1558.07,981005,1079356560.61,1.12,0.32,5.0,0.51
2024-06-05,000001,1574.32,1553.07,1578.07,1553.07,1018968,1114155998.81,1.59,-1.19,-18.75,0.53
2024-06-06,000001,1556.82,1556.82,1566.82,1554.32,1049332,1145989425.79,0.8,0.24,3.75,0.54
2024-06-07,000001,1559.32,1568.07,1570.57,1555.57,1170126,1281662985.8,0.96,0.72,11.25,0.6
2024-06-11,000001,1566.82,1553.07,1571.82,1543.07,1337629,1452841956.89,1.83,-0.96,-15.0,0.69
2024-06-12,000001,1550.57,1554.32,1558.07,1541.82,957426,1037927497.39,1.05,0.08,1.25,0.49
2024-06-13,000001,1555.57,1544.32,1560.57,1544.32,1203508,1304403407.05,1.05,-0.64,-10.0,0.62
2024-06-14,000001,1552.94,1556.69,1562.94,1532.94,1637990,1657433954.94,1.94,0.8,12.37,0.84
2024-06-17,000001,1550.44,1546.69,1554.19,1544.19,681217,688669914.12,0.64,-0.64,-10.0,0.35
2024-06-18,000001,1547.94,1544.19,1554.19,1539.19,700653,707829471.51,0.97,-0.16,-2.5,0.36
2024-06-19,000001,1546.69,1552.94,1560.44,1544.19,796184,807676192.22,1.05,0.57,8.75,0.41
2024-06-20,000001,1554.19,1540.44,1555.44,1540.44,629628,635070262.4,0.97,-0.8,-12.5,0.32
2024-06-21,000001,1540.44,1534.19,1545.44,1527.94,830545,831176895.42,1.14,-0.41,-6.25,0.43
2024-06-24,000001,1530.44,1531.69,1542.94,1519.19,947082,944907465.65,1.55,-0.16,-2.5,0.49
2024-06-25,000001,1532.94,1544.19,1550.44,1531.69,769993,775332071.89,1.22,0.82,12.5,0.4
2024-06-26,000001,1541.69,1544.19,1550.44,1536.69,628599,633763882.09,0.89,0.0,0.0,0.32
2024-06-27,000001,1541.69,1550.44,1560.44,1534.19,928882,938954397.5,1.7,0.4,6.25,0.48
2024-06-28,000001,1546.69,1552.94,1566.7,1545.44,918090,933947813.42,1.37,0.16,2.5,0.47
2024-07-01,000001,1545.44,1577.95,1577.95,1539.19,1343051,1372549619.58,2.5,1.61,25.01,0.69
2024-07-02,000001,1571.7,1584.2,1594.2,1569.2,1384386,1440864390.61,1.58,0.4,6.25,0.71
2024-07-03,000001,1584.2,1572.95,1587.95,1570.45,713067,737326421.16,1.1,-0.71,-11.25,0.37
2024-07-04,000001,1571.7,1566.7,1581.7,1565.45,735044,757464386.79,1.03,-0.4,-6.25,0.38
2024-07-05,000001,1566.7,1530.44,1570.45,1524.19,1713354,1721256576.49,2.95,-2.31,-36.26,0.88
2024-07-08,000001,1526.69,1525.44,1536.69,1515.44,868660,864791776.33,1.39,-0.33,-5.0,0.45
2024-07-09,000001,1526.69,1542.94,1546.69,1522.94,1032485,1034316510.76,1.56,1.15,17.5,0.53
2024-07-10,000001,1542.94,1551.69,1559.19,1540.44,873865,886626727.3,1.22,0.57,8.75,0.45
2024-07-11,000001,1560.44,1550.44,1562.94,1542.94,721392,731789332.33,1.29,-0.08,-1.25,0.37
2024-07-12,000001,1549.19,1572.95,1572.95,1549.19,1214164,1246877665.6,1.53,1.45,22.51,0.63
2024-07-15,000001,1572.95,1575.45,1577.95,1566.7,869412,896975833.16,0.72,0.16,2.5,0.45
2024-07-16,000001,1575.45,1571.7,1580.45,1564.2,943008,971564894.83,1.03,-0.24,-3.75,0.49
2024-07-17,000001,1571.7,1584.2,1586.7,1569.2,1220168,1266412580.0,1.11,0.8,12.5,0.63
2024-07-18,000001,1581.7,1585.45,1587.95,1571.7,1087061,1127365070.67,1.03,0.08,1.25,0.56
2024-07-19,000001,1581.7,1580.45,1586.7,1570.45,898723,929722661.62,1.02,-0.32,-5.0,0.46
2024-07-22,000001,1579.2,1562.94,1581.7,1557.94,994481,1018663805.8,1.5,-1.11,-17.51,0.51
2024-07-23,000001,1565.45,1556.69,1575.45,1554.19,1020154,1046994471.4,1.36,-0.4,-6.25,0.53
2024-07-24,000001,1556.69,1550.44,1564.2,1549.19,724518,736332832.11,0.96,-0.4,-6.25,0.37
2024-07-25,000001,1549.19,1545.44,1552.94,1534.19,856404,861750365.54,1.21,-0.32,-5.0,0.44
2024-07-26,000001,1546.69,1537.94,1549.19,1530.44,929552,931879546.46,1.21,-0.49,-7.5,0.48
2024-07-29,000001,1536.69,1547.94,1551.69,1530.44,781552,788019058.61,1.38,0.65,10.0,0.4
2024-07-30,000001,1546.69,1544.19,1550.44,1537.94,613268,618056610.32,0.81,-0.24,-3.75,0.32
2024-07-31,000001,1544.19,1567.95,1569.2,1542.94,1096906,1117768674.7,1.7,1.54,23.76,0.57
2024-08-01,000001,1565.45,1567.95,1574.2,1555.44,733884,752688220.0,1.2,0.0,0.0,0.38
2024-08-02,000001,1561.69,1551.69,1565.45,1550.44,590229,601173370.84,0.96,-1.04,-16.26,0.3
2024-08-05,000001,1547.94,1540.44,1561.69,1540.44,758979,768980624.53,1.37,-0.73,-11.25,0.39
2024-08-06,000001,1542.94,1525.44,1549.19,1520.44,1265537,1261997756.88,1.87,-0.97,-15.0,0.65
2024-08-07,000001,1527.94,1525.44,1531.69,1522.94,517608,514848813.1,0.57,0.0,0.0,0.27
2024-08-08,000001,1524.19,1526.69,1531.69,1521.69,500411,497548149.01,0.66,0.08,1.25,0.26
2024-08-09,000001,1529.19,1539.19,1546.69,1526.69,730274,732886455.92,1.31,0.82,12.5,0.38
2024-08-12,000001,1536.69,1535.44,1540.44,1531.69,353013,353251351.4,0.57,-0.24,-3.75,0.18
2024-08-13,000001,1536.69,1527.94,1537.94,1524.19,622077,620061491.92,0.9,-0.49,-7.5,0.32
2024-08-14,000001,1526.69,1524.19,1531.69,1522.94,436380,433380446.81,0.57,-0.25,-3.75,0.22
2024-08-15,000001,1524.19,1537.94,1541.69,1517.94,776247,775851460.98,1.56,0.9,13.75,0.4
2024-08-16,000001,1544.19,1550.44,1560.44,1540.44,1260368,1277042000.97,1.3,0.81,12.5,0.65
2024-08-19,000001,1550.44,1570.45,1571.7,1549.19,1482985,1520594687.55,1.45,1.29,20.01,0.76
2024-08-20,000001,1574.2,1576.7,1587.95,1569.2,1569187,1623147686.36,1.19,0.4,6.25,0.81
2024-08-21,000001,1571.7,1577.95,1581.7,1560.44,1034888,1068207868.15,1.35,0.08,1.25,0.53
2024-08-22,000001,1576.7,1581.7,1590.45,1574.2,1109030,1153871815.8,1.03,0.24,3.75,0.57
2024-08-23,000001,1582.95,1592.95,1596.7,1574.2,1071906,1117475768.18,1.42,0.71,11.25,0.55
2024-08-26,000001,1596.7,1595.45,1602.95,1586.7,740675,775921848.78,1.02,0.16,2.5,0.38
2024-08-27,000001,1592.95,1587.95,1599.2,1580.45,723137,755583764.04,1.18,-0.47,-7.5,0.37
2024-08-28,000001,1585.45,1575.45,1587.95,1569.2,942548,973872155.01,1.18,-0.79,-12.5,0.49
2024-08-29,000001,1572.95,1550.44,1581.7,1547.94,1197676,1221351092.13,2.14,-1.59,-25.01,0.62
2024-08-30,000001,1547.94,1554.19,1566.7,1547.94,1294059,1318858687.52,1.21,0.24,3.75,0.67
2024-09-02,000001,1549.19,1547.94,1560.44,1545.44,968836,983898750.95,0.97,-0.4,-6.25,0.5
2024-09-03,000001,1547.94,1544.19,1550.44,1534.19,916581,920884663.15,1.05,-0.24,-3.75,0.47
2024-09-04,000001,1540.44,1536.69,1552.94,1534.19,847992,852224669.89,1.21,-0.49,-7.5,0.44
2024-09-05,000001,1537.94,1542.94,1544.19,1531.69,594209,595845842.53,0.81,0.41,6.25,0.31
2024-09-06,000001,1541.69,1544.19,1560.44,1540.44,878865,891507833.61,1.3,0.08,1.25,0.45
2024-09-09,000001,1540.44,1515.44,1542.94,1514.19,1639175,1624857668.46,1.86,-1.86,-28.75,0.84
2024-09-10,000001,1516.69,1521.69,1524.19,1506.69,767901,756124763.92,1.15,0.41,6.25,0.4
2024-09-11,000001,1519.19,1490.43,1519.19,1487.93,1108727,1078602467.68,2.05,-2.05,-31.26,0.57
2024-09-12,000001,1490.43,1501.68,1505.44,1485.43,581834,564923215.58,1.34,0.75,11.25,0.3
2024-09-13,000001,1500.43,1496.68,1511.69,1496.68,566462,553269703.6,1.0,-0.33,-5.0,0.29
2024-09-18,000001,1499.18,1505.44,1506.69,1491.68,443611,431665627.32,1.0,0.59,8.76,0.23
2024-09-19,000001,1507.94,1510.44,1514.19,1494.18,684293,669341181.7,1.33,0.33,5.0,0.35
2024-09-20,000001,1510.44,1521.69,1521.69,1506.69,797297,785121198.91,0.99,0.74,11.25,0.41
2024-09-23,000001,1520.44,1539.19,1545.44,1517.94,896908,897428029.52,1.81,1.15,17.5,0.46
2024-09-24,000001,1547.94,1580.45,1580.45,1544.19,1638213,1678174481.91,2.36,2.68,41.26,0.84
2024-09-25,000001,1599.2,1596.7,1621.7,1590.45,2160694,2285995369.39,1.98,1.03,16.25,1.11
2024-09-26,000001,1596.7,1677.96,1677.96,1596.7,3086457,3341759455.52,5.09,5.09,81.26,1.59
2024-09-27,000001,1702.97,1711.72,1729.22,1662.96,3840016,4337985142.5,3.95,2.01,33.76,1.98
2024-09-30,000001,1736.72,1810.49,1821.74,1729.22,5430284,6467438837.7,5.41,5.77,98.77,2.8
2024-10-08,000001,1963.01,1894.25,1963.01,1826.74,5888978,7602664023.92,7.53,4.63,83.76,3.03
2024-10-09,000001,1863.0,1744.23,1863.0,1741.73,4269345,5172049702.23,6.4,-7.92,-150.02,2.2
2024-10-10,000001,1767.48,1812.49,1847.49,1764.98,3426422,4095573500.64,4.73,3.91,68.26,1.77
2024-10-11,000001,1814.99,1779.98,1836.24,1762.48,2070891,2455848197.41,4.07,-1.79,-32.51,1.07
2024-10-14,000001,1812.49,1817.49,1837.49,1788.73,2400595,2881934271.85,2.74,2.11,37.51,1.24
2024-10-15,000001,1807.49,1802.49,1843.74,1799.99,2072841,2500974426.85,2.41,-0.83,-15.0,1.07
2024-10-16,000001,1789.98,1822.49,1837.49,1786.23,1914494,2301340929.27,2.84,1.11,20.0,0.99
2024-10-17,000001,1823.74,1808.74,1843.74,1806.24,1653708,1993261646.25,2.06,-0.75,-13.75,0.85
2024-10-18,000001,1803.74,1819.99,1837.49,1774.98,2604654,3105820972.95,3.46,0.62,11.25,1.34
2024-10-21,000001,1807.49,1791.23,1807.49,1768.73,2806655,3302020181.42,2.13,-1.58,-28.76,1.45
2024-10-22,000001,1784.98,1788.73,1806.24,1779.98,1617787,1908438724.93,1.47,-0.14,-2.5,0.83
2024-10-23,000001,1792.48,1797.48,1801.24,1783.73,1511866,1787236762.42,0.98,0.49,8.75,0.78
2024-10-24,000001,1791.23,1783.73,1797.48,1779.98,885299,1042818619.09,0.97,-0.76,-13.75,0.46
2024-10-25,000001,1786.23,1778.73,1787.48,1776.23,1105755,1296844369.04,0.63,-0.28,-5.0,0.57
2024-10-28,000001,1774.98,1769.98,1774.98,1756.23,1169487,1356008963.4,1.05,-0.49,-8.75,0.6
2024-10-29,000001,1767.48,1757.48,1782.48,1756.23,1198025,1391150258.93,1.48,-0.71,-12.5,0.62
2024-10-30,000001,1752.48,1729.97,1762.48,1723.72,1482403,1686501657.86,2.21,-1.57,-27.51,0.76
2024-10-31,000001,1731.22,1737.47,1744.98,1719.97,1250205,1419624319.27,1.45,0.43,7.5,0.64
2024-11-01,000001,1737.47,1743.73,1758.73,1732.47,1589811,1821423447.06,1.51,0.36,6.26,0.82
2024-11-04,000001,1743.73,1747.48,1747.48,1722.47,1131516,1285874126.16,1.43,0.22,3.75,0.58
2024-11-05,000001,1742.48,1771.23,1772.48,1738.72,1665418,1925260700.35,1.93,1.36,23.75,0.86
2024-11-06,000001,1767.48,1758.73,1769.98,1748.73,1462286,1689977500.77,1.2,-0.71,-12.5,0.75
2024-11-07,000001,1752.48,1803.74,1806.24,1749.98,2242844,2627007560.71,3.2,2.56,45.01,1.16
2024-11-08,000001,1807.49,1779.98,1816.24,1777.48,1895104,2239060533.97,2.15,-1.32,-23.76,0.98
2024-11-11,000001,1768.73,1764.98,1774.98,1748.73,1486952,1717961561.94,1.47,-0.84,-15.0,0.77
2024-11-12,000001,1762.48,1757.48,1794.98,1753.73,1717663,2005791407.67,2.34,-0.42,-7.5,0.89
2024-11-13,000001,1752.48,1766.23,1777.48,1749.98,1086263,1260161857.32,1.56,0.5,8.75,0.56
2024-11-14,000001,1763.73,1757.48,1777.48,1756.23,1159783,1348378228.97,1.2,-0.5,-8.75,0.6
2024-11-15,000001,1752.48,1744.98,1766.23,1742.48,1215784,1399308729.48,1.35,-0.71,-12.5,0.63
2024-11-18,000001,1768.73,1783.73,1819.99,1767.48,3797324,4493249093.24,3.01,2.22,38.75,1.96
2024-11-19,000001,1783.73,1774.98,1809.99,1758.73,2430037,2849661696.39,2.87,-0.49,-8.75,1.25
2024-11-20,000001,1773.73,1769.98,1783.73,1766.23,1286572,1498818033.91,0.99,-0.28,-5.0,0.66
2024-11-21,000001,1767.48,1763.73,1771.23,1759.98,883408,1023998431.68,0.64,-0.35,-6.25,0.46
2024-11-22,000001,1763.73,1724.97,1766.23,1724.97,1625317,1858071592.39,2.34,-2.2,-38.76,0.84
2024-11-25,000001,1724.97,1712.47,1732.47,1707.47,1166020,1310130629.11,1.45,-0.72,-12.5,0.6
2024-11-26,000001,1712.47,1723.72,1728.72,1707.47,831078,933733854.73,1.24,0.66,11.25,0.43
2024-11-27,000001,1719.97,1738.72,1738.72,1708.72,895178,1010001963.81,1.74,0.87,15.0,0.46
2024-11-28,000001,1738.72,1732.47,1742.48,1729.97,733169,833121339.08,0.72,-0.36,-6.25,0.38
2024-11-29,000001,1736.22,1737.47,1747.48,1732.47,1028488,1173316153.6,0.87,0.29,5.0,0.53
2024-12-02,000001,1738.72,1738.72,1739.97,1728.72,975434,1108785597.4,0.65,0.07,1.25,0.5
2024-12-03,000001,1736.22,1751.23,1752.48,1733.72,1082559,1236992678.1,1.08,0.72,12.51,0.56
2024-12-04,000001,1744.98,1747.48,1756.23,1736.22,1007471,1154623369.68,1.14,-0.21,-3.75,0.52
2024-12-05,000001,1744.98,1744.98,1752.48,1741.23,687109,786137963.74,0.64,-0.14,-2.5,0.35
2024-12-06,000001,1744.98,1772.48,1777.48,1743.73,1726269,2004270465.79,1.93,1.58,27.5,0.89
2024-12-09,000001,1768.73,1773.73,1779.98,1763.73,964063,1123441854.9,0.92,0.07,1.25,0.5
2024-12-10,000001,1802.49,1788.73,1808.74,1783.73,2167807,2564600676.79,1.41,0.85,15.0,1.12
2024-12-11,000001,1788.73,1781.23,1793.73,1779.98,967691,1138374174.98,0.77,-0.42,-7.5,0.5
2024-12-12,000001,1781.23,1796.23,1798.73,1778.73,986235,1164062448.23,1.12,0.84,15.0,0.51
2024-12-13,000001,1788.73,1759.98,1789.98,1759.98,1343793,1565589089.36,1.67,-2.02,-36.25,0.69
2024-12-16,000001,1759.98,1761.23,1772.48,1756.23,805718,934226189.29,0.92,0.07,1.25,0.42
2024-12-17,000001,1761.23,1756.23,1771.23,1754.98,802120,929225455.3,0.92,-0.28,-5.0,0.41
2024-12-18,000001,1762.48,1771.23,1782.48,1761.23,1016590,1186285805.48,1.21,0.85,15.0,0.52
2024-12-19,000001,1763.73,1763.73,1769.98,1757.48,697379,808465663.92,0.71,-0.42,-7.5,0.36
2024-12-20,000001,1763.73,1767.48,1777.48,1762.48,714646,831437460.3,0.85,0.21,3.75,0.37
2024-12-23,000001,1769.98,1781.23,1794.98,1769.98,1659405,1953519499.07,1.41,0.78,13.75,0.86
2024-12-24,000001,1779.98,1797.48,1798.73,1779.98,1350837,1595698790.02,1.05,0.91,16.25,0.7
2024-12-25,000001,1797.48,1804.99,1817.49,1794.98,1475283,1759956630.34,1.25,0.42,7.51,0.76
2024-12-26,000001,1804.99,1797.48,1806.24,1787.48,1000075,1183745518.53,1.04,-0.42,-7.51,0.52
2024-12-27,000001,1798.73,1793.73,1802.49,1772.48,1290012,1518383345.11,1.67,-0.21,-3.75,0.66
2024-12-30,000001,1787.48,1808.74,1811.24,1787.48,1351846,1610892096.25,1.32,0.84,15.01,0.7
2024-12-31,000001,1806.24,1777.48,1813.74,1777.48,1475367,1747242074.23,2.0,-1.73,-31.26,0.76
2025-01-02,000001,1781.23,1743.73,1786.23,1738.72,1819597,2102923078.11,2.67,-1.9,-33.75,0.94
2025-01-03,000001,1744.98,1737.47,1757.48,1734.97,1154680,1320520977.59,1.29,-0.36,-6.26,0.6
2025-01-06,000001,1737.47,1744.98,1749.98,1717.47,1085536,1234305778.04,1.87,0.43,7.51,0.56
2025-01-07,000001,1742.48,1753.73,1756.23,1736.22,747863,858329048.54,1.15,0.5,8.75,0.39
2025-01-08,000001,1752.48,1752.48,1768.73,1739.97,1062386,1223598996.56,1.64,-0.07,-1.25,0.55
2025-01-09,000001,1752.48,1739.97,1752.48,1733.72,751483,857836086.08,1.07,-0.71,-12.51,0.39
2025-01-10,000001,1739.97,1727.47,1747.48,1724.97,798134,905005040.97,1.29,-0.72,-12.5,0.41
2025-01-13,000001,1721.22,1714.97,1722.47,1699.97,934966,1044904415.84,1.3,-0.72,-12.5,0.48
2025-01-14,000001,1714.97,1737.47,1739.97,1713.72,824629,934467766.39,1.53,1.31,22.5,0.42
2025-01-15,000001,1737.47,1749.98,1762.48,1734.97,1031631,1185403653.43,1.58,0.72,12.51,0.53
2025-01-16,000001,1758.73,1761.23,1763.73,1748.73,872964,1007689273.66,0.86,0.64,11.25,0.45
2025-01-17,000001,1756.23,1746.23,1758.73,1742.48,689765,791230418.64,0.92,-0.85,-15.0,0.36
2025-01-20,000001,1752.48,1742.48,1754.98,1739.97,832029,953092179.17,0.86,-0.21,-3.75,0.43
2025-01-21,000001,1746.23,1731.22,1746.23,1729.97,902069,1024879174.22,0.93,-0.65,-11.26,0.46
2025-01-22,000001,1729.97,1701.22,1731.22,1699.97,1347129,1504818607.18,1.81,-1.73,-30.0,0.69
2025-01-23,000001,1711.22,1729.97,1739.97,1711.22,1514920,1715172472.47,1.69,1.69,28.75,0.78
2025-01-24,000001,1729.97,1732.47,1738.72,1717.47,944944,1069899088.28,1.23,0.14,2.5,0.49
2025-01-27,000001,1737.47,1748.73,1758.73,1737.47,1151935,1324270606.55,1.23,0.94,16.26,0.59
2025-02-05,000001,1752.48,1736.22,1754.98,1731.22,843434,961193578.9,1.36,-0.72,-12.51,0.43
2025-02-06,000001,1733.72,1734.97,1746.23,1727.47,955603,1084793176.26,1.08,-0.07,-1.25,0.49
2025-02-07,000001,1734.97,1737.47,1746.23,1728.72,1407493,1601621979.76,1.01,0.14,2.5,0.73
2025-02-10,000001,1737.47,1743.73,1752.48,1734.97,1026591,1174044624.14,1.01,0.36,6.26,0.53
2025-02-11,000001,1739.97,1742.48,1748.73,1736.22,844520,963865614.95,0.72,-0.07,-1.25,0.44
2025-02-12,000001,1741.23,1742.48,1743.73,1732.47,988807,1125323632.69,0.65,0.0,0.0,0.51
2025-02-13,000001,1742.48,1752.48,1758.73,1739.97,1358639,1560709510.83,1.08,0.57,10.0,0.7
2025-02-14,000001,1751.23,1758.73,1758.73,1743.73,973058,1118355996.56,0.86,0.36,6.25,0.5
2025-02-17,000001,1764.98,1787.48,1789.98,1758.73,2061965,2413146066.57,1.78,1.63,28.75,1.06
2025-02-18,000001,1784.98,1791.23,1809.99,1784.98,1996610,2371071466.89,1.4,0.21,3.75,1.03
2025-02-19,000001,1789.98,1778.73,1791.23,1774.98,1177749,1382467174.27,0.91,-0.7,-12.5,0.61
2025-02-20,000001,1778.73,1772.48,1784.98,1771.23,784396,917231443.37,0.77,-0.35,-6.25,0.4
2025-02-21,000001,1776.23,1769.98,1778.73,1758.73,973969,1131033823.93,1.13,-0.14,-2.5,0.5
2025-02-24,000001,1768.73,1763.73,1776.23,1759.98,949956,1103548964.32,0.92,-0.35,-6.25,0.49
2025-02-25,000001,1759.98,1748.73,1762.48,1747.48,917156,1055685157.06,0.85,-0.85,-15.0,0.47
2025-02-26,000001,1748.73,1754.98,1764.98,1748.73,841646,970641211.48,0.93,0.36,6.25,0.43
2025-02-27,000001,1756.23,1767.48,1768.73,1747.48,977310,1130386662.02,1.21,0.71,12.5,0.5
2025-02-28,000001,1762.48,1756.23,1774.98,1752.48,949088,1100335054.08,1.27,-0.64,-11.25,0.49
2025-03-03,000001,1754.98,1753.73,1759.98,1746.23,830457,955266366.31,0.78,-0.14,-2.5,0.43
2025-03-04,000001,1748.73,1753.73,1758.73,1744.98,683179,785447989.45,0.78,0.0,0.0,0.35
2025-03-05,000001,1754.98,1772.48,1773.73,1749.98,1080645,1254892073.93,1.35,1.07,18.75,0.56
2025-03-06,000001,1776.23,1768.73,1777.48,1764.98,877408,1021780609.28,0.71,-0.21,-3.75,0.45
2025-03-07,000001,1768.73,1773.73,1776.23,1764.98,835537,973236689.8,0.64,0.28,5.0,0.43
2025-03-10,000001,1772.48,1763.73,1773.73,1758.73,663834,769261385.33,0.85,-0.56,-10.0,0.34
2025-03-11,000001,1757.48,1766.23,1766.23,1754.98,608975,704240463.95,0.64,0.14,2.5,0.31
2025-03-12,000001,1764.98,1796.23,1798.73,1759.98,1877318,2210904482.32,2.19,1.7,30.0,0.97
2025-03-13,000001,1791.23,1794.98,1803.74,1787.48,1312371,1555123173.93,0.91,-0.07,-1.25,0.68
2025-03-14,000001,1792.48,1811.24,1814.99,1792.48,1722418,2057970454.4,1.25,0.91,16.26,0.89
2025-03-17,000001,1768.73,1752.48,1773.73,1747.48,4603612,5315522816.99,1.45,-3.24,-58.76,2.37
2025-03-18,000001,1754.98,1751.23,1757.48,1749.98,1605290,1846500421.28,0.43,-0.07,-1.25,0.83
2025-03-19,000001,1749.98,1754.98,1756.23,1747.48,1362455,1566452160.69,0.5,0.21,3.75,0.7
2025-03-20,000001,1753.73,1751.23,1766.23,1751.23,1101157,1268849139.57,0.85,-0.21,-3.75,0.57
2025-03-21,000001,1751.23,1742.48,1754.98,1738.72,1376389,1576151833.21,0.93,-0.5,-8.75,0.71
2025-03-24,000001,1741.23,1737.47,1744.98,1732.47,1164577,1325564001.84,0.72,-0.29,-5.01,0.6
2025-03-25,000001,1737.47,1743.73,1743.73,1734.97,735609,839142044.46,0.5,0.36,6.26,0.38
2025-03-26,000001,1742.48,1737.47,1743.73,1736.22,740863,843536936.19,0.43,-0.36,-6.26,0.38
2025-03-27,000001,1736.22,1738.72,1741.23,1733.72,553349,629863382.77,0.43,0.07,1.25,0.29
2025-03-28,000001,1738.72,1733.72,1739.97,1732.47,644946,732420873.55,0.43,-0.29,-5.0,0.33
2025-03-31,000001,1734.97,1722.47,1737.47,1722.47,1116126,1262598263.31,0.87,-0.65,-11.25,0.58
2025-04-01,000001,1723.72,1723.72,1727.47,1717.47,681470,767424131.4,0.58,0.07,1.25,0.35
2025-04-02,000001,1721.22,1736.22,1741.23,1721.22,932642,1058747240.7,1.16,0.73,12.5,0.48
2025-04-03,000001,1728.72,1732.47,1738.72,1727.47,643914,730375807.93,0.65,-0.22,-3.75,0.33
2025-04-07,000001,1689.97,1652.46,1696.22,1624.96,2545560,2751055412.06,4.11,-4.62,-80.01,1.31
2025-04-08,000001,1649.96,1667.46,1671.21,1647.46,1463988,1576590039.86,1.44,0.91,15.0,0.75
2025-04-09,000001,1656.21,1664.96,1668.71,1647.46,1064394,1145238957.67,1.27,-0.15,-2.5,0.55
2025-04-10,000001,1672.46,1677.46,1681.21,1667.46,866548,943352301.94,0.83,0.75,12.5,0.45
2025-04-11,000001,1673.71,1676.21,1677.46,1668.71,583879,634311779.86,0.52,-0.07,-1.25,0.3
2025-04-14,000001,1683.72,1681.21,1694.97,1679.96,785993,862557143.66,0.9,0.3,5.0,0.41
2025-04-15,000001,1679.96,1683.72,1686.22,1677.46,722754,790139077.1,0.52,0.15,2.51,0.37
2025-04-16,000001,1681.21,1689.97,1691.22,1678.71,842822,923316062.54,0.74,0.37,6.25,0.43
2025-04-17,000001,1683.72,1697.47,1699.97,1681.21,823919,907597513.1,1.11,0.44,7.5,0.42
2025-04-18,000001,1694.97,1712.47,1713.72,1693.72,727098,810031605.1,1.18,0.88,15.0,0.37
2025-04-21,000001,1689.97,1692.47,1706.22,1686.22,1114184,1230804536.03,1.17,-1.17,-20.0,0.57
2025-04-22,000001,1692.47,1694.97,1697.47,1687.47,831129,915967678.28,0.59,0.15,2.5,0.43
2025-04-23,000001,1694.97,1691.22,1696.22,1686.22,586383,645842400.13,0.59,-0.22,-3.75,0.3
2025-04-24,000001,1689.97,1693.72,1697.47,1688.72,689256,760348555.36,0.52,0.15,2.5,0.36
2025-04-25,000001,1694.97,1691.22,1696.22,1688.72,637547,702315255.47,0.44,-0.15,-2.5,0.33
2025-04-28,000001,1689.97,1689.97,1694.97,1684.97,642018,706520175.92,0.59,-0.07,-1.25,0.33
2025-04-29,000001,1689.97,1687.47,1692.47,1683.72,649045,712792543.41,0.52,-0.15,-2.5,0.33
2025-04-30,000001,1684.97,1678.71,1686.22,1676.21,869835,949911030.4,0.59,-0.52,-8.76,0.45
2025-05-06,000001,1679.96,1684.97,1689.97,1676.21,854671,935212114.49,0.82,0.37,6.26,0.44
2025-05-07,000001,1691.22,1693.72,1694.97,1686.22,1126270,1240098147.39,0.52,0.52,8.75,0.58
2025-05-08,000001,1689.97,1699.97,1699.97,1688.72,1056614,1167913497.88,0.66,0.37,6.25,0.54
2025-05-09,000001,1698.72,1708.72,1711.22,1697.47,999897,1113688152.8,0.81,0.51,8.75,0.52
2025-05-12,000001,1709.97,1709.97,1717.47,1706.22,895605,1000478411.18,0.66,0.07,1.25,0.46
2025-05-13,000001,1713.72,1726.22,1731.22,1708.72,1261031,1420501315.06,1.32,0.95,16.25,0.65
2025-05-14,000001,1726.22,1743.73,1748.73,1721.22,1683514,1912995432.64,1.59,1.01,17.51,0.87
2025-05-15,000001,1743.73,1738.72,1752.48,1737.47,1035460,1183732832.12,0.86,-0.29,-5.01,0.53
2025-05-16,000001,1736.22,1737.47,1743.73,1728.72,914744,1039223622.85,0.86,-0.07,-1.25,0.47
2025-05-19,000001,1739.97,1736.22,1748.73,1734.97,831391,949883545.33,0.79,-0.07,-1.25,0.43
2025-05-20,000001,1739.97,1738.72,1748.73,1736.22,643635,734455265.82,0.72,0.14,2.5,0.33
2025-05-21,000001,1739.97,1749.98,1763.73,1738.72,1328278,1528350367.92,1.44,0.65,11.26,0.68
2025-05-22,000001,1746.23,1758.73,1759.98,1744.98,1002968,1155265063.51,0.86,0.5,8.75,0.52
2025-05-23,000001,1758.73,1747.48,1764.98,1743.73,962643,1108636100.57,1.21,-0.64,-11.25,0.5
2025-05-26,000001,1744.98,1742.48,1752.48,1739.97,699159,800495684.57,0.72,-0.29,-5.0,0.36
2025-05-27,000001,1746.23,1751.23,1757.48,1742.48,801915,921912281.33,0.86,0.5,8.75,0.41
2025-05-28,000001,1752.48,1756.23,1758.73,1744.98,658179,757571318.99,0.79,0.29,5.0,0.34
2025-05-29,000001,1754.98,1747.48,1758.73,1746.23,919807,1056726384.22,0.71,-0.5,-8.75,0.47
2025-05-30,000001,1748.73,1759.98,1762.48,1744.98,1130849,1303433716.38,1.0,0.72,12.5,0.58
2025-06-03,000001,1757.48,1791.23,1803.74,1756.23,2192480,2580962600.64,2.7,1.78,31.25,1.13
2025-06-04,000001,1792.48,1794.98,1799.99,1787.48,1167960,1383019682.25,0.7,0.21,3.75,0.6
2025-06-05,000001,1799.99,1773.73,1803.74,1772.48,1166803,1369212336.43,1.74,-1.18,-21.25,0.6
2025-06-06,000001,1777.48,1777.48,1788.73,1774.98,682353,799900023.53,0.78,0.21,3.75,0.35
2025-06-09,000001,1781.23,1778.73,1783.73,1771.23,773255,905092604.93,0.7,0.07,1.25,0.4
2025-06-10,000001,1779.98,1791.23,1801.24,1778.73,1428132,1689018780.13,1.27,0.7,12.5,0.74
2025-06-11,000001,1792.48,1796.23,1806.24,1788.73,1094667,1298656315.35,0.98,0.28,5.0,0.56
2025-06-12,000001,1805.24,1820.24,1822.74,1800.24,1290220,1500287176.22,1.25,1.34,24.01,0.66
2025-06-13,000001,1820.24,1807.74,1827.74,1805.24,1095494,1272773100.57,1.24,-0.69,-12.5,0.56
2025-06-16,000001,1806.49,1833.99,1833.99,1801.49,1174438,1371041708.41,1.8,1.45,26.25,0.61
2025-06-17,000001,1833.99,1830.24,1845.24,1823.99,890027,1048960748.8,1.16,-0.2,-3.75,0.46
2025-06-18,000001,1832.74,1831.49,1836.49,1817.74,683521,802908097.73,1.02,0.07,1.25,0.35
2025-06-19,000001,1830.24,1822.74,1832.74,1816.49,832247,974127330.84,0.89,-0.48,-8.75,0.43
2025-06-20,000001,1822.74,1840.24,1842.74,1818.99,1309198,1544541881.0,1.3,0.96,17.5,0.67
2025-06-23,000001,1836.49,1851.49,1856.49,1818.99,1389170,1646476917.07,2.04,0.61,11.25,0.72
2025-06-24,000001,1847.74,1851.49,1861.5,1840.24,1308525,1560621893.02,1.15,0.0,0.0,0.67
2025-06-25,000001,1851.49,1867.75,1870.25,1838.99,1675116,2007989726.91,1.69,0.88,16.26,0.86
2025-06-26,000001,1866.5,1911.5,1920.26,1861.5,2174578,2672207528.88,3.15,2.34,43.75,1.12
